z_id,coupling_type,times,lats,lons,winds,winds_kt
EQ-20030920125500352181403007058__TC-TY0315,Simultaneous,2003-09-18 00:00:00,21.40000,128.50000,20.58,40.0
EQ-20030920125500352181403007058__TC-TY0315,Simultaneous,2003-09-18 06:00:00,21.80000,128.30000,23.15,45.0
EQ-20030920125500352181403007058__TC-TY0315,Simultaneous,2003-09-18 12:00:00,22.80000,127.70000,23.15,45.0
EQ-20030920125500352181403007058__TC-TY0315,Simultaneous,2003-09-18 15:00:00,23.20000,127.50000,23.15,45.0
EQ-20030920125500352181403007058__TC-TY0315,Simultaneous,2003-09-18 18:00:00,23.60000,127.30000,23.15,45.0
EQ-20030920125500352181403007058__TC-TY0315,Simultaneous,2003-09-18 21:00:00,24.10000,127.30000,23.15,45.0
EQ-20030920125500352181403007058__TC-TY0315,Simultaneous,2003-09-19 00:00:00,24.90000,127.40000,25.72,50.0
EQ-20030920125500352181403007058__TC-TY0315,Simultaneous,2003-09-19 03:00:00,25.40000,127.70000,25.72,50.0
EQ-20030920125500352181403007058__TC-TY0315,Simultaneous,2003-09-19 06:00:00,26.00000,127.90000,25.72,50.0
EQ-20030920125500352181403007058__TC-TY0315,Simultaneous,2003-09-19 08:00:00,26.50000,128.20000,25.72,50.0
EQ-20030920125500352181403007058__TC-TY0315,Simultaneous,2003-09-19 09:00:00,26.70000,128.10000,30.87,60.0
EQ-20030920125500352181403007058__TC-TY0315,Simultaneous,2003-09-19 12:00:00,27.00000,128.20000,30.87,60.0
EQ-20030920125500352181403007058__TC-TY0315,Simultaneous,2003-09-19 15:00:00,27.40000,128.30000,30.87,60.0
EQ-20030920125500352181403007058__TC-TY0315,Simultaneous,2003-09-19 18:00:00,27.70000,128.70000,30.87,60.0
EQ-20030920125500352181403007058__TC-TY0315,Simultaneous,2003-09-19 21:00:00,28.00000,129.00000,30.87,60.0
EQ-20030920125500352181403007058__TC-TY0315,Simultaneous,2003-09-19 22:00:00,28.10000,129.20000,30.87,60.0
EQ-20030920125500352181403007058__TC-TY0315,Simultaneous,2003-09-20 00:00:00,28.40000,129.40000,30.87,60.0
EQ-20030920125500352181403007058__TC-TY0315,Simultaneous,2003-09-20 03:00:00,28.60000,130.10000,30.87,60.0
EQ-20030920125500352181403007058__TC-TY0315,Simultaneous,2003-09-20 06:00:00,28.70000,130.50000,30.87,60.0
EQ-20030920125500352181403007058__TC-TY0315,Simultaneous,2003-09-20 09:00:00,28.80000,131.20000,30.87,60.0
EQ-20030920125500352181403007058__TC-TY0315,Simultaneous,2003-09-20 12:00:00,28.90000,132.00000,30.87,60.0
EQ-20030920125500352181403007058__TC-TY0315,Simultaneous,2003-09-20 15:00:00,29.20000,132.80000,33.44,65.0
EQ-20030920125500352181403007058__TC-TY0315,Simultaneous,2003-09-20 18:00:00,29.50000,133.70000,33.44,65.0
EQ-20030920125500352181403007058__TC-TY0315,Simultaneous,2003-09-20 21:00:00,29.80000,134.70000,36.01,70.0
EQ-20030920125500352181403007058__TC-TY0315,Simultaneous,2003-09-21 00:00:00,29.90000,136.00000,36.01,70.0
EQ-20030920125500352181403007058__TC-TY0315,Simultaneous,2003-09-21 03:00:00,30.50000,136.30000,36.01,70.0
EQ-20030920125500352181403007058__TC-TY0315,Simultaneous,2003-09-21 06:00:00,31.00000,137.00000,36.01,70.0
EQ-20030920125500352181403007058__TC-TY0315,Simultaneous,2003-09-21 09:00:00,31.60000,138.00000,36.01,70.0
EQ-20030920125500352181403007058__TC-TY0315,Simultaneous,2003-09-21 12:00:00,32.20000,139.00000,36.01,70.0
EQ-20030920125500352181403007058__TC-TY0315,Simultaneous,2003-09-21 15:00:00,32.70000,140.00000,36.01,70.0
EQ-20030920125500352181403007058__TC-TY0315,Simultaneous,2003-09-21 18:00:00,33.20000,140.70000,36.01,70.0
EQ-20030920125500352181403007058__TC-TY0315,Simultaneous,2003-09-21 21:00:00,33.80000,142.10000,36.01,70.0
EQ-20030920125500352181403007058__TC-TY0315,Simultaneous,2003-09-22 00:00:00,34.40000,142.80000,36.01,70.0
EQ-20030920125500352181403007058__TC-TY0315,Simultaneous,2003-09-22 03:00:00,35.10000,143.80000,36.01,70.0
EQ-20030920125500352181403007058__TC-TY0315,Simultaneous,2003-09-22 06:00:00,35.90000,145.00000,33.44,65.0
EQ-20030920125500352181403007058__TC-TY0315,Simultaneous,2003-09-22 12:00:00,37.70000,147.60000,28.29,55.0
EQ-20030920125500352181403007058__TC-TY0315,Simultaneous,2003-09-22 18:00:00,39.50000,151.20000,25.72,50.0
EQ-20040910132200423561431015151__TC-TY0418,Simultaneous,2004-08-28 00:00:00,11.30000,165.00000,18.01,35.0
EQ-20040910132200423561431015151__TC-TY0418,Simultaneous,2004-08-28 06:00:00,11.90000,164.20000,20.58,40.0
EQ-20040910132200423561431015151__TC-TY0418,Simultaneous,2004-08-28 12:00:00,12.40000,163.10000,25.72,50.0
EQ-20040910132200423561431015151__TC-TY0418,Simultaneous,2004-08-28 18:00:00,13.00000,161.90000,28.29,55.0
EQ-20040910132200423561431015151__TC-TY0418,Simultaneous,2004-08-29 00:00:00,13.30000,160.40000,28.29,55.0
EQ-20040910132200423561431015151__TC-TY0418,Simultaneous,2004-08-29 06:00:00,13.70000,158.80000,28.29,55.0
EQ-20040910132200423561431015151__TC-TY0418,Simultaneous,2004-08-29 12:00:00,14.00000,157.40000,28.29,55.0
EQ-20040910132200423561431015151__TC-TY0418,Simultaneous,2004-08-29 18:00:00,14.50000,156.00000,28.29,55.0
EQ-20040910132200423561431015151__TC-TY0418,Simultaneous,2004-08-30 00:00:00,14.90000,154.40000,30.87,60.0
EQ-20040910132200423561431015151__TC-TY0418,Simultaneous,2004-08-30 06:00:00,15.30000,152.80000,30.87,60.0
EQ-20040910132200423561431015151__TC-TY0418,Simultaneous,2004-08-30 12:00:00,15.50000,151.50000,33.44,65.0
EQ-20040910132200423561431015151__TC-TY0418,Simultaneous,2004-08-30 18:00:00,16.00000,150.50000,38.58,75.0
EQ-20040910132200423561431015151__TC-TY0418,Simultaneous,2004-08-31 00:00:00,16.40000,149.50000,43.73,85.0
EQ-20040910132200423561431015151__TC-TY0418,Simultaneous,2004-08-31 06:00:00,16.70000,148.50000,46.30,90.0
EQ-20040910132200423561431015151__TC-TY0418,Simultaneous,2004-08-31 12:00:00,17.30000,147.70000,46.30,90.0
EQ-20040910132200423561431015151__TC-TY0418,Simultaneous,2004-08-31 18:00:00,17.80000,146.70000,46.30,90.0
EQ-20040910132200423561431015151__TC-TY0418,Simultaneous,2004-09-01 00:00:00,18.40000,146.30000,46.30,90.0
EQ-20040910132200423561431015151__TC-TY0418,Simultaneous,2004-09-01 06:00:00,19.50000,145.30000,46.30,90.0
EQ-20040910132200423561431015151__TC-TY0418,Simultaneous,2004-09-01 12:00:00,20.20000,143.70000,46.30,90.0
EQ-20040910132200423561431015151__TC-TY0418,Simultaneous,2004-09-01 18:00:00,20.60000,142.30000,46.30,90.0
EQ-20040910132200423561431015151__TC-TY0418,Simultaneous,2004-09-02 00:00:00,21.10000,141.00000,46.30,90.0
EQ-20040910132200423561431015151__TC-TY0418,Simultaneous,2004-09-02 06:00:00,21.60000,139.80000,46.30,90.0
EQ-20040910132200423561431015151__TC-TY0418,Simultaneous,2004-09-02 12:00:00,21.80000,138.50000,43.73,85.0
EQ-20040910132200423561431015151__TC-TY0418,Simultaneous,2004-09-02 18:00:00,22.00000,137.40000,43.73,85.0
EQ-20040910132200423561431015151__TC-TY0418,Simultaneous,2004-09-03 00:00:00,22.10000,136.30000,43.73,85.0
EQ-20040910132200423561431015151__TC-TY0418,Simultaneous,2004-09-03 06:00:00,22.30000,135.20000,43.73,85.0
EQ-20040910132200423561431015151__TC-TY0418,Simultaneous,2004-09-03 12:00:00,22.50000,134.00000,43.73,85.0
EQ-20040910132200423561431015151__TC-TY0418,Simultaneous,2004-09-03 18:00:00,22.80000,133.20000,43.73,85.0
EQ-20040910132200423561431015151__TC-TY0418,Simultaneous,2004-09-04 00:00:00,23.30000,132.10000,43.73,85.0
EQ-20040910132200423561431015151__TC-TY0418,Simultaneous,2004-09-04 06:00:00,24.00000,131.20000,48.87,95.0
EQ-20040910132200423561431015151__TC-TY0418,Simultaneous,2004-09-04 12:00:00,24.40000,130.50000,48.87,95.0
EQ-20040910132200423561431015151__TC-TY0418,Simultaneous,2004-09-04 18:00:00,25.10000,129.70000,48.87,95.0
EQ-20040910132200423561431015151__TC-TY0418,Simultaneous,2004-09-04 21:00:00,25.40000,129.40000,48.87,95.0
EQ-20040910132200423561431015151__TC-TY0418,Simultaneous,2004-09-05 00:00:00,25.80000,129.00000,48.87,95.0
EQ-20040910132200423561431015151__TC-TY0418,Simultaneous,2004-09-05 03:00:00,26.10000,128.50000,48.87,95.0
EQ-20040910132200423561431015151__TC-TY0418,Simultaneous,2004-09-05 06:00:00,26.30000,128.30000,48.87,95.0
EQ-20040910132200423561431015151__TC-TY0418,Simultaneous,2004-09-05 08:00:00,26.40000,128.10000,48.87,95.0
EQ-20040910132200423561431015151__TC-TY0418,Simultaneous,2004-09-05 09:00:00,26.70000,128.10000,48.87,95.0
EQ-20040910132200423561431015151__TC-TY0418,Simultaneous,2004-09-05 12:00:00,26.90000,127.90000,46.30,90.0
EQ-20040910132200423561431015151__TC-TY0418,Simultaneous,2004-09-05 15:00:00,27.40000,127.50000,46.30,90.0
EQ-20040910132200423561431015151__TC-TY0418,Simultaneous,2004-09-05 18:00:00,27.80000,127.30000,46.30,90.0
EQ-20040910132200423561431015151__TC-TY0418,Simultaneous,2004-09-05 21:00:00,28.00000,127.20000,43.73,85.0
EQ-20040910132200423561431015151__TC-TY0418,Simultaneous,2004-09-06 00:00:00,28.40000,127.10000,43.73,85.0
EQ-20040910132200423561431015151__TC-TY0418,Simultaneous,2004-09-06 03:00:00,28.90000,127.00000,43.73,85.0
EQ-20040910132200423561431015151__TC-TY0418,Simultaneous,2004-09-06 06:00:00,29.30000,127.00000,41.16,80.0
EQ-20040910132200423561431015151__TC-TY0418,Simultaneous,2004-09-06 09:00:00,29.50000,127.10000,41.16,80.0
EQ-20040910132200423561431015151__TC-TY0418,Simultaneous,2004-09-06 12:00:00,29.90000,127.30000,41.16,80.0
EQ-20040910132200423561431015151__TC-TY0418,Simultaneous,2004-09-06 15:00:00,30.30000,127.50000,41.16,80.0
EQ-20040910132200423561431015151__TC-TY0418,Simultaneous,2004-09-06 18:00:00,31.10000,128.00000,38.58,75.0
EQ-20040910132200423561431015151__TC-TY0418,Simultaneous,2004-09-06 21:00:00,31.80000,128.70000,38.58,75.0
EQ-20040910132200423561431015151__TC-TY0418,Simultaneous,2004-09-07 00:00:00,32.70000,129.60000,38.58,75.0
EQ-20040910132200423561431015151__TC-TY0418,Simultaneous,2004-09-07 03:00:00,33.90000,130.70000,38.58,75.0
EQ-20040910132200423561431015151__TC-TY0418,Simultaneous,2004-09-07 06:00:00,35.40000,132.20000,38.58,75.0
EQ-20040910132200423561431015151__TC-TY0418,Simultaneous,2004-09-07 09:00:00,36.80000,133.80000,36.01,70.0
EQ-20040910132200423561431015151__TC-TY0418,Simultaneous,2004-09-07 12:00:00,38.70000,135.90000,33.44,65.0
EQ-20040910132200423561431015151__TC-TY0418,Simultaneous,2004-09-07 15:00:00,40.20000,138.00000,30.87,60.0
EQ-20040910132200423561431015151__TC-TY0418,Simultaneous,2004-09-07 18:00:00,41.70000,139.20000,28.29,55.0
EQ-20040910132200423561431015151__TC-TY0418,Simultaneous,2004-09-07 21:00:00,42.80000,139.80000,28.29,55.0
EQ-20041006234000359881400896657__TC-TY0422,Simultaneous,2004-10-04 06:00:00,16.60000,134.40000,20.58,40.0
EQ-20041006234000359881400896657__TC-TY0422,Simultaneous,2004-10-04 12:00:00,16.80000,134.40000,20.58,40.0
EQ-20041006234000359881400896657__TC-TY0422,Simultaneous,2004-10-04 18:00:00,17.00000,134.50000,20.58,40.0
EQ-20041006234000359881400896657__TC-TY0422,Simultaneous,2004-10-05 00:00:00,18.00000,134.50000,20.58,40.0
EQ-20041006234000359881400896657__TC-TY0422,Simultaneous,2004-10-05 06:00:00,18.90000,134.60000,23.15,45.0
EQ-20041006234000359881400896657__TC-TY0422,Simultaneous,2004-10-05 12:00:00,19.90000,134.90000,23.15,45.0
EQ-20041006234000359881400896657__TC-TY0422,Simultaneous,2004-10-05 18:00:00,20.30000,134.30000,23.15,45.0
EQ-20041006234000359881400896657__TC-TY0422,Simultaneous,2004-10-06 00:00:00,20.50000,133.50000,25.72,50.0
EQ-20041006234000359881400896657__TC-TY0422,Simultaneous,2004-10-06 06:00:00,20.70000,132.80000,28.29,55.0
EQ-20041006234000359881400896657__TC-TY0422,Simultaneous,2004-10-06 12:00:00,21.00000,132.20000,30.87,60.0
EQ-20041006234000359881400896657__TC-TY0422,Simultaneous,2004-10-06 18:00:00,21.40000,131.60000,36.01,70.0
EQ-20041006234000359881400896657__TC-TY0422,Simultaneous,2004-10-07 00:00:00,21.90000,130.90000,38.58,75.0
EQ-20041006234000359881400896657__TC-TY0422,Simultaneous,2004-10-07 06:00:00,22.20000,130.60000,46.30,90.0
EQ-20041006234000359881400896657__TC-TY0422,Simultaneous,2004-10-07 12:00:00,22.70000,130.70000,48.87,95.0
EQ-20041006234000359881400896657__TC-TY0422,Simultaneous,2004-10-07 15:00:00,23.00000,130.80000,48.87,95.0
EQ-20041006234000359881400896657__TC-TY0422,Simultaneous,2004-10-07 18:00:00,23.30000,130.90000,51.44,100.0
EQ-20041006234000359881400896657__TC-TY0422,Simultaneous,2004-10-07 21:00:00,23.50000,131.10000,51.44,100.0
EQ-20041006234000359881400896657__TC-TY0422,Simultaneous,2004-10-08 00:00:00,23.90000,131.40000,51.44,100.0
EQ-20041006234000359881400896657__TC-TY0422,Simultaneous,2004-10-08 03:00:00,24.60000,131.80000,51.44,100.0
EQ-20041006234000359881400896657__TC-TY0422,Simultaneous,2004-10-08 06:00:00,25.10000,132.20000,51.44,100.0
EQ-20041006234000359881400896657__TC-TY0422,Simultaneous,2004-10-08 09:00:00,26.10000,132.80000,51.44,100.0
EQ-20041006234000359881400896657__TC-TY0422,Simultaneous,2004-10-08 12:00:00,27.00000,133.30000,51.44,100.0
EQ-20041006234000359881400896657__TC-TY0422,Simultaneous,2004-10-08 15:00:00,27.90000,133.80000,51.44,100.0
EQ-20041006234000359881400896657__TC-TY0422,Simultaneous,2004-10-08 18:00:00,28.90000,134.50000,48.87,95.0
EQ-20041006234000359881400896657__TC-TY0422,Simultaneous,2004-10-08 21:00:00,30.20000,135.20000,46.30,90.0
EQ-20041006234000359881400896657__TC-TY0422,Simultaneous,2004-10-09 00:00:00,31.60000,136.10000,43.73,85.0
EQ-20041006234000359881400896657__TC-TY0422,Simultaneous,2004-10-09 03:00:00,33.10000,137.10000,41.16,80.0
EQ-20041006234000359881400896657__TC-TY0422,Simultaneous,2004-10-09 06:00:00,34.30000,138.30000,41.16,80.0
EQ-20041006234000359881400896657__TC-TY0422,Simultaneous,2004-10-09 07:00:00,34.80000,138.80000,41.16,80.0
EQ-20041006234000359881400896657__TC-TY0422,Simultaneous,2004-10-09 08:00:00,35.20000,139.50000,36.01,70.0
EQ-20041006234000359881400896657__TC-TY0422,Simultaneous,2004-10-09 09:00:00,35.60000,140.00000,30.87,60.0
EQ-20041006234000359881400896657__TC-TY0422,Simultaneous,2004-10-09 12:00:00,36.70000,141.60000,28.29,55.0
EQ-20041006234000359881400896657__TC-TY0422,Simultaneous,2004-10-09 15:00:00,37.50000,143.20000,28.29,55.0
EQ-20041006234000359881400896657__TC-TY0422,Simultaneous,2004-10-09 18:00:00,38.10000,145.10000,25.72,50.0
EQ-20041006234000359881400896657__TC-TY0422,Simultaneous,2004-10-09 21:00:00,38.70000,147.10000,23.15,45.0
EQ-20050723163500355821401387360__TC-TY0507,Simultaneous,2005-07-21 18:00:00,15.10000,137.30000,18.01,35.0
EQ-20050723163500355821401387360__TC-TY0507,Simultaneous,2005-07-22 00:00:00,16.00000,137.40000,18.01,35.0
EQ-20050723163500355821401387360__TC-TY0507,Simultaneous,2005-07-22 06:00:00,16.90000,137.50000,20.58,40.0
EQ-20050723163500355821401387360__TC-TY0507,Simultaneous,2005-07-22 12:00:00,17.60000,137.40000,20.58,40.0
EQ-20050723163500355821401387360__TC-TY0507,Simultaneous,2005-07-22 18:00:00,18.20000,137.30000,20.58,40.0
EQ-20050723163500355821401387360__TC-TY0507,Simultaneous,2005-07-23 00:00:00,18.90000,137.30000,23.15,45.0
EQ-20050723163500355821401387360__TC-TY0507,Simultaneous,2005-07-23 06:00:00,19.50000,137.30000,23.15,45.0
EQ-20050723163500355821401387360__TC-TY0507,Simultaneous,2005-07-23 12:00:00,20.10000,137.40000,25.72,50.0
EQ-20050723163500355821401387360__TC-TY0507,Simultaneous,2005-07-23 18:00:00,21.20000,137.50000,28.29,55.0
EQ-20050723163500355821401387360__TC-TY0507,Simultaneous,2005-07-24 00:00:00,22.10000,137.50000,28.29,55.0
EQ-20050723163500355821401387360__TC-TY0507,Simultaneous,2005-07-24 06:00:00,23.50000,137.40000,28.29,55.0
EQ-20050723163500355821401387360__TC-TY0507,Simultaneous,2005-07-24 12:00:00,24.40000,137.30000,28.29,55.0
EQ-20050723163500355821401387360__TC-TY0507,Simultaneous,2005-07-24 18:00:00,25.60000,137.20000,28.29,55.0
EQ-20050723163500355821401387360__TC-TY0507,Simultaneous,2005-07-25 00:00:00,26.80000,137.00000,28.29,55.0
EQ-20050723163500355821401387360__TC-TY0507,Simultaneous,2005-07-25 06:00:00,28.50000,136.90000,25.72,50.0
EQ-20050723163500355821401387360__TC-TY0507,Simultaneous,2005-07-25 12:00:00,30.10000,136.70000,25.72,50.0
EQ-20050723163500355821401387360__TC-TY0507,Simultaneous,2005-07-25 15:00:00,30.50000,136.80000,25.72,50.0
EQ-20050723163500355821401387360__TC-TY0507,Simultaneous,2005-07-25 18:00:00,31.00000,136.90000,23.15,45.0
EQ-20050723163500355821401387360__TC-TY0507,Simultaneous,2005-07-25 21:00:00,31.60000,137.10000,23.15,45.0
EQ-20050723163500355821401387360__TC-TY0507,Simultaneous,2005-07-26 00:00:00,32.30000,137.60000,23.15,45.0
EQ-20050723163500355821401387360__TC-TY0507,Simultaneous,2005-07-26 03:00:00,32.70000,138.00000,23.15,45.0
EQ-20050723163500355821401387360__TC-TY0507,Simultaneous,2005-07-26 06:00:00,33.40000,138.90000,23.15,45.0
EQ-20050723163500355821401387360__TC-TY0507,Simultaneous,2005-07-26 09:00:00,34.20000,139.60000,23.15,45.0
EQ-20050723163500355821401387360__TC-TY0507,Simultaneous,2005-07-26 11:00:00,35.10000,140.20000,23.15,45.0
EQ-20050723163500355821401387360__TC-TY0507,Simultaneous,2005-07-26 12:00:00,35.40000,140.40000,23.15,45.0
EQ-20050723163500355821401387360__TC-TY0507,Simultaneous,2005-07-26 15:00:00,36.20000,141.40000,23.15,45.0
EQ-20050723163500355821401387360__TC-TY0507,Simultaneous,2005-07-26 18:00:00,37.00000,142.20000,23.15,45.0
EQ-20050723163500355821401387360__TC-TY0507,Simultaneous,2005-07-26 21:00:00,38.10000,143.50000,23.15,45.0
EQ-20050723163500355821401387360__TC-TY0507,Simultaneous,2005-07-27 00:00:00,39.00000,144.80000,23.15,45.0
EQ-20050723163500355821401387360__TC-TY0507,Simultaneous,2005-07-27 03:00:00,40.20000,145.70000,23.15,45.0
EQ-20050723163500355821401387360__TC-TY0507,Simultaneous,2005-07-27 06:00:00,41.00000,146.60000,23.15,45.0
EQ-20050723163500355821401387360__TC-TY0507,Simultaneous,2005-07-27 12:00:00,43.00000,148.30000,20.58,40.0
EQ-20050723163500355821401387360__TC-TY0507,Simultaneous,2005-07-27 18:00:00,44.70000,149.10000,18.01,35.0
EQ-200908091956003312713840333368__TC-TY0909,Simultaneous,2009-08-09 06:00:00,27.00000,135.20000,18.01,35.0
EQ-200908091956003312713840333368__TC-TY0909,Simultaneous,2009-08-09 12:00:00,27.90000,134.80000,18.01,35.0
EQ-200908091956003312713840333368__TC-TY0909,Simultaneous,2009-08-09 18:00:00,28.90000,134.30000,18.01,35.0
EQ-200908091956003312713840333368__TC-TY0909,Simultaneous,2009-08-09 21:00:00,29.40000,134.30000,18.01,35.0
EQ-200908091956003312713840333368__TC-TY0909,Simultaneous,2009-08-10 00:00:00,30.00000,134.40000,20.58,40.0
EQ-200908091956003312713840333368__TC-TY0909,Simultaneous,2009-08-10 03:00:00,30.60000,134.60000,20.58,40.0
EQ-200908091956003312713840333368__TC-TY0909,Simultaneous,2009-08-10 06:00:00,31.10000,135.20000,20.58,40.0
EQ-200908091956003312713840333368__TC-TY0909,Simultaneous,2009-08-10 09:00:00,31.60000,135.60000,20.58,40.0
EQ-200908091956003312713840333368__TC-TY0909,Simultaneous,2009-08-10 12:00:00,32.00000,135.90000,20.58,40.0
EQ-200908091956003312713840333368__TC-TY0909,Simultaneous,2009-08-10 15:00:00,32.30000,136.40000,20.58,40.0
EQ-200908091956003312713840333368__TC-TY0909,Simultaneous,2009-08-10 18:00:00,32.70000,136.90000,20.58,40.0
EQ-200908091956003312713840333368__TC-TY0909,Simultaneous,2009-08-10 21:00:00,32.90000,137.90000,20.58,40.0
EQ-200908091956003312713840333368__TC-TY0909,Simultaneous,2009-08-11 00:00:00,33.20000,138.60000,20.58,40.0
EQ-200908091956003312713840333368__TC-TY0909,Simultaneous,2009-08-11 03:00:00,33.30000,139.70000,20.58,40.0
EQ-200908091956003312713840333368__TC-TY0909,Simultaneous,2009-08-11 06:00:00,33.40000,140.80000,20.58,40.0
EQ-200908091956003312713840333368__TC-TY0909,Simultaneous,2009-08-11 09:00:00,33.20000,141.80000,20.58,40.0
EQ-200908091956003312713840333368__TC-TY0909,Simultaneous,2009-08-11 12:00:00,33.10000,143.00000,20.58,40.0
EQ-200908091956003312713840333368__TC-TY0909,Simultaneous,2009-08-11 18:00:00,32.70000,145.20000,20.58,40.0
EQ-200908091956003312713840333368__TC-TY0909,Simultaneous,2009-08-12 00:00:00,32.50000,148.30000,20.58,40.0
EQ-200908091956003312713840333368__TC-TY0909,Simultaneous,2009-08-12 06:00:00,32.30000,150.60000,20.58,40.0
EQ-200908091956003312713840333368__TC-TY0909,Simultaneous,2009-08-12 12:00:00,33.20000,151.80000,18.01,35.0
EQ-200908091956003312713840333368__TC-TY0909,Simultaneous,2009-08-12 18:00:00,33.50000,151.80000,18.01,35.0
EQ-20091010174300417201422259251__TC-TY0918,Simultaneous,2009-09-30 00:00:00,11.50000,156.20000,18.01,35.0
EQ-20091010174300417201422259251__TC-TY0918,Simultaneous,2009-09-30 06:00:00,12.60000,154.80000,20.58,40.0
EQ-20091010174300417201422259251__TC-TY0918,Simultaneous,2009-09-30 12:00:00,12.90000,154.00000,23.15,45.0
EQ-20091010174300417201422259251__TC-TY0918,Simultaneous,2009-09-30 18:00:00,13.00000,153.50000,28.29,55.0
EQ-20091010174300417201422259251__TC-TY0918,Simultaneous,2009-10-01 00:00:00,13.60000,153.20000,33.44,65.0
EQ-20091010174300417201422259251__TC-TY0918,Simultaneous,2009-10-01 06:00:00,13.90000,152.50000,38.58,75.0
EQ-20091010174300417201422259251__TC-TY0918,Simultaneous,2009-10-01 12:00:00,14.10000,152.00000,41.16,80.0
EQ-20091010174300417201422259251__TC-TY0918,Simultaneous,2009-10-01 18:00:00,14.00000,151.40000,46.30,90.0
EQ-20091010174300417201422259251__TC-TY0918,Simultaneous,2009-10-02 00:00:00,14.20000,151.10000,48.87,95.0
EQ-20091010174300417201422259251__TC-TY0918,Simultaneous,2009-10-02 06:00:00,14.50000,150.60000,48.87,95.0
EQ-20091010174300417201422259251__TC-TY0918,Simultaneous,2009-10-02 12:00:00,15.00000,149.90000,48.87,95.0
EQ-20091010174300417201422259251__TC-TY0918,Simultaneous,2009-10-02 18:00:00,15.40000,148.80000,48.87,95.0
EQ-20091010174300417201422259251__TC-TY0918,Simultaneous,2009-10-03 00:00:00,15.60000,147.90000,48.87,95.0
EQ-20091010174300417201422259251__TC-TY0918,Simultaneous,2009-10-03 06:00:00,16.20000,146.80000,46.30,90.0
EQ-20091010174300417201422259251__TC-TY0918,Simultaneous,2009-10-03 12:00:00,16.50000,145.30000,48.87,95.0
EQ-20091010174300417201422259251__TC-TY0918,Simultaneous,2009-10-03 18:00:00,16.50000,143.70000,51.44,100.0
EQ-20091010174300417201422259251__TC-TY0918,Simultaneous,2009-10-04 00:00:00,16.60000,142.30000,54.02,105.0
EQ-20091010174300417201422259251__TC-TY0918,Simultaneous,2009-10-04 06:00:00,17.00000,140.90000,56.59,110.0
EQ-20091010174300417201422259251__TC-TY0918,Simultaneous,2009-10-04 12:00:00,17.50000,139.40000,56.59,110.0
EQ-20091010174300417201422259251__TC-TY0918,Simultaneous,2009-10-04 18:00:00,17.90000,137.70000,56.59,110.0
EQ-20091010174300417201422259251__TC-TY0918,Simultaneous,2009-10-05 00:00:00,18.50000,136.30000,54.02,105.0
EQ-20091010174300417201422259251__TC-TY0918,Simultaneous,2009-10-05 06:00:00,19.20000,134.80000,54.02,105.0
EQ-20091010174300417201422259251__TC-TY0918,Simultaneous,2009-10-05 12:00:00,20.00000,133.60000,48.87,95.0
EQ-20091010174300417201422259251__TC-TY0918,Simultaneous,2009-10-05 18:00:00,21.20000,132.50000,46.30,90.0
EQ-20091010174300417201422259251__TC-TY0918,Simultaneous,2009-10-06 00:00:00,22.50000,131.70000,46.30,90.0
EQ-20091010174300417201422259251__TC-TY0918,Simultaneous,2009-10-06 06:00:00,23.90000,130.90000,43.73,85.0
EQ-20091010174300417201422259251__TC-TY0918,Simultaneous,2009-10-06 09:00:00,24.50000,130.80000,43.73,85.0
EQ-20091010174300417201422259251__TC-TY0918,Simultaneous,2009-10-06 12:00:00,25.10000,130.70000,43.73,85.0
EQ-20091010174300417201422259251__TC-TY0918,Simultaneous,2009-10-06 15:00:00,25.70000,130.50000,43.73,85.0
EQ-20091010174300417201422259251__TC-TY0918,Simultaneous,2009-10-06 18:00:00,26.50000,130.80000,43.73,85.0
EQ-20091010174300417201422259251__TC-TY0918,Simultaneous,2009-10-06 21:00:00,27.30000,131.00000,43.73,85.0
EQ-20091010174300417201422259251__TC-TY0918,Simultaneous,2009-10-07 00:00:00,28.20000,131.50000,43.73,85.0
EQ-20091010174300417201422259251__TC-TY0918,Simultaneous,2009-10-07 03:00:00,29.00000,131.80000,41.16,80.0
EQ-20091010174300417201422259251__TC-TY0918,Simultaneous,2009-10-07 06:00:00,29.90000,132.50000,41.16,80.0
EQ-20091010174300417201422259251__TC-TY0918,Simultaneous,2009-10-07 09:00:00,30.80000,133.20000,41.16,80.0
EQ-20091010174300417201422259251__TC-TY0918,Simultaneous,2009-10-07 12:00:00,31.60000,134.30000,41.16,80.0
EQ-20091010174300417201422259251__TC-TY0918,Simultaneous,2009-10-07 15:00:00,32.90000,135.60000,38.58,75.0
EQ-20091010174300417201422259251__TC-TY0918,Simultaneous,2009-10-07 18:00:00,34.00000,136.60000,38.58,75.0
EQ-20091010174300417201422259251__TC-TY0918,Simultaneous,2009-10-07 19:00:00,34.20000,136.90000,38.58,75.0
EQ-20091010174300417201422259251__TC-TY0918,Simultaneous,2009-10-07 20:00:00,34.60000,136.90000,38.58,75.0
EQ-20091010174300417201422259251__TC-TY0918,Simultaneous,2009-10-07 21:00:00,35.10000,137.20000,33.44,65.0
EQ-20091010174300417201422259251__TC-TY0918,Simultaneous,2009-10-08 00:00:00,36.10000,138.80000,30.87,60.0
EQ-20091010174300417201422259251__TC-TY0918,Simultaneous,2009-10-08 03:00:00,37.10000,139.70000,30.87,60.0
EQ-20091010174300417201422259251__TC-TY0918,Simultaneous,2009-10-08 06:00:00,38.40000,141.20000,28.29,55.0
EQ-20091010174300417201422259251__TC-TY0918,Simultaneous,2009-10-08 09:00:00,39.00000,142.30000,28.29,55.0
EQ-20100810145000393481434933063__TC-TY1004,Simultaneous,2010-08-08 12:00:00,23.60000,124.90000,18.01,35.0
EQ-20100810145000393481434933063__TC-TY1004,Simultaneous,2010-08-08 15:00:00,23.90000,125.00000,20.58,40.0
EQ-20100810145000393481434933063__TC-TY1004,Simultaneous,2010-08-08 18:00:00,24.30000,125.20000,23.15,45.0
EQ-20100810145000393481434933063__TC-TY1004,Simultaneous,2010-08-08 21:00:00,24.80000,125.60000,23.15,45.0
EQ-20100810145000393481434933063__TC-TY1004,Simultaneous,2010-08-09 00:00:00,25.60000,125.70000,23.15,45.0
EQ-20100810145000393481434933063__TC-TY1004,Simultaneous,2010-08-09 03:00:00,26.40000,125.60000,25.72,50.0
EQ-20100810145000393481434933063__TC-TY1004,Simultaneous,2010-08-09 06:00:00,27.10000,125.60000,25.72,50.0
EQ-20100810145000393481434933063__TC-TY1004,Simultaneous,2010-08-09 09:00:00,28.00000,125.50000,25.72,50.0
EQ-20100810145000393481434933063__TC-TY1004,Simultaneous,2010-08-09 12:00:00,28.80000,125.20000,25.72,50.0
EQ-20100810145000393481434933063__TC-TY1004,Simultaneous,2010-08-09 18:00:00,29.70000,125.10000,25.72,50.0
EQ-20100810145000393481434933063__TC-TY1004,Simultaneous,2010-08-10 00:00:00,31.00000,125.10000,25.72,50.0
EQ-20100810145000393481434933063__TC-TY1004,Simultaneous,2010-08-10 06:00:00,32.10000,125.20000,25.72,50.0
EQ-20100810145000393481434933063__TC-TY1004,Simultaneous,2010-08-10 12:00:00,33.00000,125.60000,25.72,50.0
EQ-20100810145000393481434933063__TC-TY1004,Simultaneous,2010-08-10 15:00:00,33.70000,126.20000,25.72,50.0
EQ-20100810145000393481434933063__TC-TY1004,Simultaneous,2010-08-10 18:00:00,34.00000,126.60000,25.72,50.0
EQ-20100810145000393481434933063__TC-TY1004,Simultaneous,2010-08-10 21:00:00,34.40000,127.20000,23.15,45.0
EQ-20100810145000393481434933063__TC-TY1004,Simultaneous,2010-08-11 00:00:00,34.80000,128.20000,23.15,45.0
EQ-20100810145000393481434933063__TC-TY1004,Simultaneous,2010-08-11 03:00:00,35.20000,129.10000,23.15,45.0
EQ-20100810145000393481434933063__TC-TY1004,Simultaneous,2010-08-11 06:00:00,35.70000,130.00000,23.15,45.0
EQ-20100810145000393481434933063__TC-TY1004,Simultaneous,2010-08-11 09:00:00,36.10000,130.80000,23.15,45.0
EQ-20100810145000393481434933063__TC-TY1004,Simultaneous,2010-08-11 12:00:00,36.40000,131.70000,23.15,45.0
EQ-20100810145000393481434933063__TC-TY1004,Simultaneous,2010-08-11 15:00:00,36.70000,132.70000,23.15,45.0
EQ-20100810145000393481434933063__TC-TY1004,Simultaneous,2010-08-11 18:00:00,37.10000,133.70000,20.58,40.0
EQ-20100810145000393481434933063__TC-TY1004,Simultaneous,2010-08-11 21:00:00,37.60000,134.80000,20.58,40.0
EQ-20100810145000393481434933063__TC-TY1004,Simultaneous,2010-08-12 00:00:00,38.20000,136.00000,20.58,40.0
EQ-20100810145000393481434933063__TC-TY1004,Simultaneous,2010-08-12 03:00:00,38.70000,137.30000,20.58,40.0
EQ-20100810145000393481434933063__TC-TY1004,Simultaneous,2010-08-12 06:00:00,39.20000,139.00000,20.58,40.0
EQ-20100810145000393481434933063__TC-TY1004,Simultaneous,2010-08-12 08:00:00,39.50000,140.10000,20.58,40.0
EQ-20100810145000393481434933063__TC-TY1004,Simultaneous,2010-08-12 09:00:00,39.50000,140.70000,20.58,40.0
EQ-20100810145000393481434933063__TC-TY1004,Simultaneous,2010-08-12 12:00:00,39.60000,142.70000,18.01,35.0
EQ-20100810145000393481434933063__TC-TY1004,Simultaneous,2010-08-12 15:00:00,40.10000,144.70000,18.01,35.0
EQ-20110918160400399281432231958__TC-TY1115,Simultaneous,2011-09-13 06:00:00,23.00000,138.20000,18.01,35.0
EQ-20110918160400399281432231958__TC-TY1115,Simultaneous,2011-09-13 12:00:00,23.40000,138.10000,18.01,35.0
EQ-20110918160400399281432231958__TC-TY1115,Simultaneous,2011-09-13 18:00:00,23.80000,137.80000,18.01,35.0
EQ-20110918160400399281432231958__TC-TY1115,Simultaneous,2011-09-14 00:00:00,24.30000,137.60000,18.01,35.0
EQ-20110918160400399281432231958__TC-TY1115,Simultaneous,2011-09-14 06:00:00,24.60000,136.90000,18.01,35.0
EQ-20110918160400399281432231958__TC-TY1115,Simultaneous,2011-09-14 12:00:00,25.10000,135.30000,18.01,35.0
EQ-20110918160400399281432231958__TC-TY1115,Simultaneous,2011-09-14 18:00:00,25.30000,133.50000,18.01,35.0
EQ-20110918160400399281432231958__TC-TY1115,Simultaneous,2011-09-15 00:00:00,25.40000,132.50000,18.01,35.0
EQ-20110918160400399281432231958__TC-TY1115,Simultaneous,2011-09-15 06:00:00,25.70000,131.50000,20.58,40.0
EQ-20110918160400399281432231958__TC-TY1115,Simultaneous,2011-09-15 12:00:00,25.80000,131.00000,20.58,40.0
EQ-20110918160400399281432231958__TC-TY1115,Simultaneous,2011-09-15 18:00:00,26.00000,130.40000,20.58,40.0
EQ-20110918160400399281432231958__TC-TY1115,Simultaneous,2011-09-16 00:00:00,26.30000,130.10000,20.58,40.0
EQ-20110918160400399281432231958__TC-TY1115,Simultaneous,2011-09-16 06:00:00,26.40000,129.90000,23.15,45.0
EQ-20110918160400399281432231958__TC-TY1115,Simultaneous,2011-09-16 12:00:00,26.10000,129.60000,23.15,45.0
EQ-20110918160400399281432231958__TC-TY1115,Simultaneous,2011-09-16 18:00:00,25.60000,129.70000,23.15,45.0
EQ-20110918160400399281432231958__TC-TY1115,Simultaneous,2011-09-17 00:00:00,25.20000,129.70000,23.15,45.0
EQ-20110918160400399281432231958__TC-TY1115,Simultaneous,2011-09-17 06:00:00,25.00000,129.80000,25.72,50.0
EQ-20110918160400399281432231958__TC-TY1115,Simultaneous,2011-09-17 12:00:00,24.80000,130.30000,28.29,55.0
EQ-20110918160400399281432231958__TC-TY1115,Simultaneous,2011-09-17 18:00:00,24.80000,130.50000,30.87,60.0
EQ-20110918160400399281432231958__TC-TY1115,Simultaneous,2011-09-18 00:00:00,25.30000,131.10000,30.87,60.0
EQ-20110918160400399281432231958__TC-TY1115,Simultaneous,2011-09-18 03:00:00,25.60000,131.00000,30.87,60.0
EQ-20110918160400399281432231958__TC-TY1115,Simultaneous,2011-09-18 06:00:00,25.90000,130.80000,30.87,60.0
EQ-20110918160400399281432231958__TC-TY1115,Simultaneous,2011-09-18 09:00:00,26.10000,130.70000,30.87,60.0
EQ-20110918160400399281432231958__TC-TY1115,Simultaneous,2011-09-18 12:00:00,26.20000,130.50000,30.87,60.0
EQ-20110918160400399281432231958__TC-TY1115,Simultaneous,2011-09-18 15:00:00,26.30000,130.50000,30.87,60.0
EQ-20110918160400399281432231958__TC-TY1115,Simultaneous,2011-09-18 18:00:00,26.40000,130.40000,30.87,60.0
EQ-20110918160400399281432231958__TC-TY1115,Simultaneous,2011-09-18 21:00:00,26.50000,130.50000,30.87,60.0
EQ-20110918160400399281432231958__TC-TY1115,Simultaneous,2011-09-19 00:00:00,26.70000,130.50000,30.87,60.0
EQ-20110918160400399281432231958__TC-TY1115,Simultaneous,2011-09-19 03:00:00,27.20000,130.60000,30.87,60.0
EQ-20110918160400399281432231958__TC-TY1115,Simultaneous,2011-09-19 06:00:00,27.70000,130.40000,30.87,60.0
EQ-20110918160400399281432231958__TC-TY1115,Simultaneous,2011-09-19 09:00:00,28.00000,130.30000,30.87,60.0
EQ-20110918160400399281432231958__TC-TY1115,Simultaneous,2011-09-19 12:00:00,28.20000,130.20000,33.44,65.0
EQ-20110918160400399281432231958__TC-TY1115,Simultaneous,2011-09-19 15:00:00,28.20000,130.40000,33.44,65.0
EQ-20110918160400399281432231958__TC-TY1115,Simultaneous,2011-09-19 18:00:00,28.20000,130.60000,36.01,70.0
EQ-20110918160400399281432231958__TC-TY1115,Simultaneous,2011-09-19 21:00:00,28.40000,131.20000,36.01,70.0
EQ-20110918160400399281432231958__TC-TY1115,Simultaneous,2011-09-20 00:00:00,28.90000,131.60000,38.58,75.0
EQ-20110918160400399281432231958__TC-TY1115,Simultaneous,2011-09-20 03:00:00,29.20000,131.80000,38.58,75.0
EQ-20110918160400399281432231958__TC-TY1115,Simultaneous,2011-09-20 06:00:00,29.30000,132.30000,41.16,80.0
EQ-20110918160400399281432231958__TC-TY1115,Simultaneous,2011-09-20 09:00:00,29.70000,133.00000,41.16,80.0
EQ-20110918160400399281432231958__TC-TY1115,Simultaneous,2011-09-20 12:00:00,30.30000,133.60000,43.73,85.0
EQ-20110918160400399281432231958__TC-TY1115,Simultaneous,2011-09-20 15:00:00,30.90000,134.10000,43.73,85.0
EQ-20110918160400399281432231958__TC-TY1115,Simultaneous,2011-09-20 18:00:00,31.70000,134.70000,43.73,85.0
EQ-20110918160400399281432231958__TC-TY1115,Simultaneous,2011-09-20 21:00:00,32.40000,135.30000,43.73,85.0
EQ-20110918160400399281432231958__TC-TY1115,Simultaneous,2011-09-21 00:00:00,33.00000,135.90000,41.16,80.0
EQ-20110918160400399281432231958__TC-TY1115,Simultaneous,2011-09-21 03:00:00,33.90000,136.90000,41.16,80.0
EQ-20110918160400399281432231958__TC-TY1115,Simultaneous,2011-09-21 05:00:00,34.70000,137.60000,41.16,80.0
EQ-20110918160400399281432231958__TC-TY1115,Simultaneous,2011-09-21 06:00:00,34.90000,137.80000,38.58,75.0
EQ-20110918160400399281432231958__TC-TY1115,Simultaneous,2011-09-21 09:00:00,35.90000,139.20000,36.01,70.0
EQ-20110918160400399281432231958__TC-TY1115,Simultaneous,2011-09-21 12:00:00,37.10000,140.70000,33.44,65.0
EQ-20110918160400399281432231958__TC-TY1115,Simultaneous,2011-09-21 15:00:00,38.70000,142.40000,33.44,65.0
EQ-20110918160400399281432231958__TC-TY1115,Simultaneous,2011-09-21 18:00:00,40.50000,143.60000,33.44,65.0
EQ-20110918160400399281432231958__TC-TY1115,Simultaneous,2011-09-21 21:00:00,41.80000,145.00000,33.44,65.0
EQ-20110918160400399281432231958__TC-TY1115,Simultaneous,2011-09-22 00:00:00,42.70000,146.60000,30.87,60.0
EQ-20110918160400399281432231958__TC-TY1115,Simultaneous,2011-09-22 03:00:00,43.60000,147.80000,30.87,60.0
EQ-20120618053200388731420904762__TC-TY1204,Simultaneous,2012-06-13 12:00:00,10.70000,138.00000,18.01,35.0
EQ-20120618053200388731420904762__TC-TY1204,Simultaneous,2012-06-13 18:00:00,10.80000,136.60000,23.15,45.0
EQ-20120618053200388731420904762__TC-TY1204,Simultaneous,2012-06-14 00:00:00,10.90000,135.20000,25.72,50.0
EQ-20120618053200388731420904762__TC-TY1204,Simultaneous,2012-06-14 06:00:00,10.70000,134.10000,25.72,50.0
EQ-20120618053200388731420904762__TC-TY1204,Simultaneous,2012-06-14 12:00:00,10.70000,132.80000,25.72,50.0
EQ-20120618053200388731420904762__TC-TY1204,Simultaneous,2012-06-14 18:00:00,10.40000,132.20000,28.29,55.0
EQ-20120618053200388731420904762__TC-TY1204,Simultaneous,2012-06-15 00:00:00,10.30000,131.40000,30.87,60.0
EQ-20120618053200388731420904762__TC-TY1204,Simultaneous,2012-06-15 06:00:00,10.40000,131.20000,30.87,60.0
EQ-20120618053200388731420904762__TC-TY1204,Simultaneous,2012-06-15 12:00:00,11.20000,130.90000,30.87,60.0
EQ-20120618053200388731420904762__TC-TY1204,Simultaneous,2012-06-15 18:00:00,11.90000,130.50000,30.87,60.0
EQ-20120618053200388731420904762__TC-TY1204,Simultaneous,2012-06-16 00:00:00,12.90000,130.20000,36.01,70.0
EQ-20120618053200388731420904762__TC-TY1204,Simultaneous,2012-06-16 06:00:00,14.00000,129.60000,43.73,85.0
EQ-20120618053200388731420904762__TC-TY1204,Simultaneous,2012-06-16 12:00:00,14.90000,128.80000,51.44,100.0
EQ-20120618053200388731420904762__TC-TY1204,Simultaneous,2012-06-16 18:00:00,16.20000,128.40000,51.44,100.0
EQ-20120618053200388731420904762__TC-TY1204,Simultaneous,2012-06-17 00:00:00,17.20000,127.60000,51.44,100.0
EQ-20120618053200388731420904762__TC-TY1204,Simultaneous,2012-06-17 06:00:00,18.30000,127.30000,51.44,100.0
EQ-20120618053200388731420904762__TC-TY1204,Simultaneous,2012-06-17 12:00:00,19.60000,127.00000,46.30,90.0
EQ-20120618053200388731420904762__TC-TY1204,Simultaneous,2012-06-17 18:00:00,20.80000,127.00000,43.73,85.0
EQ-20120618053200388731420904762__TC-TY1204,Simultaneous,2012-06-18 00:00:00,22.20000,127.40000,43.73,85.0
EQ-20120618053200388731420904762__TC-TY1204,Simultaneous,2012-06-18 03:00:00,23.00000,127.60000,43.73,85.0
EQ-20120618053200388731420904762__TC-TY1204,Simultaneous,2012-06-18 06:00:00,23.80000,127.90000,41.16,80.0
EQ-20120618053200388731420904762__TC-TY1204,Simultaneous,2012-06-18 09:00:00,24.60000,128.20000,41.16,80.0
EQ-20120618053200388731420904762__TC-TY1204,Simultaneous,2012-06-18 12:00:00,25.30000,128.70000,41.16,80.0
EQ-20120618053200388731420904762__TC-TY1204,Simultaneous,2012-06-18 15:00:00,26.20000,129.40000,41.16,80.0
EQ-20120618053200388731420904762__TC-TY1204,Simultaneous,2012-06-18 18:00:00,27.30000,130.00000,38.58,75.0
EQ-20120618053200388731420904762__TC-TY1204,Simultaneous,2012-06-18 21:00:00,28.60000,130.90000,38.58,75.0
EQ-20120618053200388731420904762__TC-TY1204,Simultaneous,2012-06-19 00:00:00,29.90000,131.80000,36.01,70.0
EQ-20120618053200388731420904762__TC-TY1204,Simultaneous,2012-06-19 03:00:00,30.80000,133.10000,36.01,70.0
EQ-20120618053200388731420904762__TC-TY1204,Simultaneous,2012-06-19 06:00:00,32.40000,134.70000,36.01,70.0
EQ-20120618053200388731420904762__TC-TY1204,Simultaneous,2012-06-19 08:00:00,33.40000,135.50000,36.01,70.0
EQ-20120618053200388731420904762__TC-TY1204,Simultaneous,2012-06-19 09:00:00,33.80000,135.90000,36.01,70.0
EQ-20120618053200388731420904762__TC-TY1204,Simultaneous,2012-06-19 11:00:00,34.70000,137.00000,33.44,65.0
EQ-20120618053200388731420904762__TC-TY1204,Simultaneous,2012-06-19 12:00:00,35.10000,137.60000,30.87,60.0
EQ-20120618053200388731420904762__TC-TY1204,Simultaneous,2012-06-19 15:00:00,36.20000,139.00000,28.29,55.0
EQ-20120618053200388731420904762__TC-TY1204,Simultaneous,2012-06-19 18:00:00,37.30000,140.70000,25.72,50.0
EQ-20120618053200388731420904762__TC-TY1204,Simultaneous,2012-06-19 21:00:00,37.90000,142.00000,25.72,50.0
EQ-20121002072200398321435202263__TC-TY1217,Simultaneous,2012-09-20 18:00:00,13.30000,131.50000,18.01,35.0
EQ-20121002072200398321435202263__TC-TY1217,Simultaneous,2012-09-21 00:00:00,13.10000,130.90000,23.15,45.0
EQ-20121002072200398321435202263__TC-TY1217,Simultaneous,2012-09-21 06:00:00,12.50000,130.40000,23.15,45.0
EQ-20121002072200398321435202263__TC-TY1217,Simultaneous,2012-09-21 12:00:00,12.30000,130.30000,23.15,45.0
EQ-20121002072200398321435202263__TC-TY1217,Simultaneous,2012-09-21 18:00:00,11.90000,130.10000,23.15,45.0
EQ-20121002072200398321435202263__TC-TY1217,Simultaneous,2012-09-22 00:00:00,11.70000,130.00000,25.72,50.0
EQ-20121002072200398321435202263__TC-TY1217,Simultaneous,2012-09-22 06:00:00,11.70000,129.80000,25.72,50.0
EQ-20121002072200398321435202263__TC-TY1217,Simultaneous,2012-09-22 12:00:00,11.70000,129.60000,28.29,55.0
EQ-20121002072200398321435202263__TC-TY1217,Simultaneous,2012-09-22 18:00:00,11.70000,129.30000,30.87,60.0
EQ-20121002072200398321435202263__TC-TY1217,Simultaneous,2012-09-23 00:00:00,11.80000,128.90000,36.01,70.0
EQ-20121002072200398321435202263__TC-TY1217,Simultaneous,2012-09-23 06:00:00,12.10000,128.90000,43.73,85.0
EQ-20121002072200398321435202263__TC-TY1217,Simultaneous,2012-09-23 12:00:00,12.70000,128.70000,51.44,100.0
EQ-20121002072200398321435202263__TC-TY1217,Simultaneous,2012-09-23 18:00:00,13.00000,128.60000,51.44,100.0
EQ-20121002072200398321435202263__TC-TY1217,Simultaneous,2012-09-24 00:00:00,13.60000,128.50000,51.44,100.0
EQ-20121002072200398321435202263__TC-TY1217,Simultaneous,2012-09-24 06:00:00,14.20000,128.20000,51.44,100.0
EQ-20121002072200398321435202263__TC-TY1217,Simultaneous,2012-09-24 12:00:00,14.60000,128.10000,54.02,105.0
EQ-20121002072200398321435202263__TC-TY1217,Simultaneous,2012-09-24 18:00:00,15.20000,127.90000,56.59,110.0
EQ-20121002072200398321435202263__TC-TY1217,Simultaneous,2012-09-25 00:00:00,15.70000,127.80000,56.59,110.0
EQ-20121002072200398321435202263__TC-TY1217,Simultaneous,2012-09-25 06:00:00,16.40000,127.50000,56.59,110.0
EQ-20121002072200398321435202263__TC-TY1217,Simultaneous,2012-09-25 12:00:00,16.80000,127.10000,56.59,110.0
EQ-20121002072200398321435202263__TC-TY1217,Simultaneous,2012-09-25 18:00:00,17.10000,126.80000,56.59,110.0
EQ-20121002072200398321435202263__TC-TY1217,Simultaneous,2012-09-26 00:00:00,17.40000,126.50000,56.59,110.0
EQ-20121002072200398321435202263__TC-TY1217,Simultaneous,2012-09-26 06:00:00,18.00000,126.10000,56.59,110.0
EQ-20121002072200398321435202263__TC-TY1217,Simultaneous,2012-09-26 12:00:00,18.40000,125.90000,56.59,110.0
EQ-20121002072200398321435202263__TC-TY1217,Simultaneous,2012-09-26 18:00:00,19.10000,125.40000,54.02,105.0
EQ-20121002072200398321435202263__TC-TY1217,Simultaneous,2012-09-27 00:00:00,19.60000,124.80000,51.44,100.0
EQ-20121002072200398321435202263__TC-TY1217,Simultaneous,2012-09-27 06:00:00,20.20000,124.40000,51.44,100.0
EQ-20121002072200398321435202263__TC-TY1217,Simultaneous,2012-09-27 12:00:00,20.90000,124.10000,51.44,100.0
EQ-20121002072200398321435202263__TC-TY1217,Simultaneous,2012-09-27 18:00:00,21.60000,123.90000,51.44,100.0
EQ-20121002072200398321435202263__TC-TY1217,Simultaneous,2012-09-27 21:00:00,22.00000,124.00000,51.44,100.0
EQ-20121002072200398321435202263__TC-TY1217,Simultaneous,2012-09-28 00:00:00,22.40000,124.10000,51.44,100.0
EQ-20121002072200398321435202263__TC-TY1217,Simultaneous,2012-09-28 03:00:00,22.90000,124.20000,51.44,100.0
EQ-20121002072200398321435202263__TC-TY1217,Simultaneous,2012-09-28 06:00:00,23.40000,124.40000,48.87,95.0
EQ-20121002072200398321435202263__TC-TY1217,Simultaneous,2012-09-28 09:00:00,23.90000,124.80000,48.87,95.0
EQ-20121002072200398321435202263__TC-TY1217,Simultaneous,2012-09-28 12:00:00,24.20000,125.10000,46.30,90.0
EQ-20121002072200398321435202263__TC-TY1217,Simultaneous,2012-09-28 15:00:00,24.60000,125.60000,46.30,90.0
EQ-20121002072200398321435202263__TC-TY1217,Simultaneous,2012-09-28 18:00:00,25.00000,126.00000,46.30,90.0
EQ-20121002072200398321435202263__TC-TY1217,Simultaneous,2012-09-28 21:00:00,25.50000,126.60000,46.30,90.0
EQ-20121002072200398321435202263__TC-TY1217,Simultaneous,2012-09-29 00:00:00,26.00000,127.20000,46.30,90.0
EQ-20121002072200398321435202263__TC-TY1217,Simultaneous,2012-09-29 03:00:00,26.60000,127.70000,46.30,90.0
EQ-20121002072200398321435202263__TC-TY1217,Simultaneous,2012-09-29 06:00:00,26.90000,128.50000,46.30,90.0
EQ-20121002072200398321435202263__TC-TY1217,Simultaneous,2012-09-29 09:00:00,27.50000,129.40000,46.30,90.0
EQ-20121002072200398321435202263__TC-TY1217,Simultaneous,2012-09-29 12:00:00,27.90000,130.30000,46.30,90.0
EQ-20121002072200398321435202263__TC-TY1217,Simultaneous,2012-09-29 15:00:00,28.60000,131.20000,43.73,85.0
EQ-20121002072200398321435202263__TC-TY1217,Simultaneous,2012-09-29 18:00:00,29.30000,132.40000,43.73,85.0
EQ-20121002072200398321435202263__TC-TY1217,Simultaneous,2012-09-29 21:00:00,30.20000,133.50000,43.73,85.0
EQ-20121002072200398321435202263__TC-TY1217,Simultaneous,2012-09-30 00:00:00,31.50000,134.20000,41.16,80.0
EQ-20121002072200398321435202263__TC-TY1217,Simultaneous,2012-09-30 03:00:00,32.50000,134.70000,41.16,80.0
EQ-20121002072200398321435202263__TC-TY1217,Simultaneous,2012-09-30 06:00:00,33.50000,135.70000,36.01,70.0
EQ-20121002072200398321435202263__TC-TY1217,Simultaneous,2012-09-30 08:00:00,34.10000,136.60000,36.01,70.0
EQ-20121002072200398321435202263__TC-TY1217,Simultaneous,2012-09-30 09:00:00,34.40000,137.00000,36.01,70.0
EQ-20121002072200398321435202263__TC-TY1217,Simultaneous,2012-09-30 10:00:00,34.80000,137.40000,36.01,70.0
EQ-20121002072200398321435202263__TC-TY1217,Simultaneous,2012-09-30 12:00:00,35.70000,138.30000,33.44,65.0
EQ-20121002072200398321435202263__TC-TY1217,Simultaneous,2012-09-30 15:00:00,37.00000,139.50000,33.44,65.0
EQ-20121002072200398321435202263__TC-TY1217,Simultaneous,2012-09-30 18:00:00,39.10000,141.00000,28.29,55.0
EQ-20121002072200398321435202263__TC-TY1217,Simultaneous,2012-09-30 21:00:00,40.60000,143.10000,28.29,55.0
EQ-20121002072200398321435202263__TC-TY1217,Simultaneous,2012-10-01 00:00:00,41.90000,144.40000,25.72,50.0
EQ-20121002072200398321435202263__TC-TY1217,Simultaneous,2012-10-01 03:00:00,42.70000,147.10000,25.72,50.0
EQ-20121002072200398321435202263__TC-TY1217,Simultaneous,2012-10-01 06:00:00,44.00000,149.00000,23.15,45.0
EQ-20140712042200370501423203370__TC-TY1408,Simultaneous,2014-07-03 18:00:00,11.40000,143.30000,18.01,35.0
EQ-20140712042200370501423203370__TC-TY1408,Simultaneous,2014-07-04 00:00:00,12.00000,142.60000,20.58,40.0
EQ-20140712042200370501423203370__TC-TY1408,Simultaneous,2014-07-04 06:00:00,13.00000,141.30000,23.15,45.0
EQ-20140712042200370501423203370__TC-TY1408,Simultaneous,2014-07-04 12:00:00,14.00000,140.50000,33.44,65.0
EQ-20140712042200370501423203370__TC-TY1408,Simultaneous,2014-07-04 18:00:00,14.50000,139.10000,36.01,70.0
EQ-20140712042200370501423203370__TC-TY1408,Simultaneous,2014-07-05 00:00:00,15.20000,138.30000,38.58,75.0
EQ-20140712042200370501423203370__TC-TY1408,Simultaneous,2014-07-05 06:00:00,16.00000,137.00000,41.16,80.0
EQ-20140712042200370501423203370__TC-TY1408,Simultaneous,2014-07-05 12:00:00,16.70000,136.00000,43.73,85.0
EQ-20140712042200370501423203370__TC-TY1408,Simultaneous,2014-07-05 18:00:00,17.40000,134.50000,43.73,85.0
EQ-20140712042200370501423203370__TC-TY1408,Simultaneous,2014-07-06 00:00:00,18.00000,133.00000,48.87,95.0
EQ-20140712042200370501423203370__TC-TY1408,Simultaneous,2014-07-06 06:00:00,18.40000,131.50000,48.87,95.0
EQ-20140712042200370501423203370__TC-TY1408,Simultaneous,2014-07-06 12:00:00,18.90000,130.30000,48.87,95.0
EQ-20140712042200370501423203370__TC-TY1408,Simultaneous,2014-07-06 18:00:00,19.70000,129.10000,51.44,100.0
EQ-20140712042200370501423203370__TC-TY1408,Simultaneous,2014-07-07 00:00:00,20.40000,128.30000,51.44,100.0
EQ-20140712042200370501423203370__TC-TY1408,Simultaneous,2014-07-07 06:00:00,21.60000,127.30000,48.87,95.0
EQ-20140712042200370501423203370__TC-TY1408,Simultaneous,2014-07-07 09:00:00,21.90000,127.00000,46.30,90.0
EQ-20140712042200370501423203370__TC-TY1408,Simultaneous,2014-07-07 12:00:00,22.30000,126.80000,46.30,90.0
EQ-20140712042200370501423203370__TC-TY1408,Simultaneous,2014-07-07 15:00:00,23.10000,126.70000,46.30,90.0
EQ-20140712042200370501423203370__TC-TY1408,Simultaneous,2014-07-07 18:00:00,23.70000,126.20000,46.30,90.0
EQ-20140712042200370501423203370__TC-TY1408,Simultaneous,2014-07-07 21:00:00,24.30000,126.10000,46.30,90.0
EQ-20140712042200370501423203370__TC-TY1408,Simultaneous,2014-07-08 00:00:00,25.00000,126.10000,46.30,90.0
EQ-20140712042200370501423203370__TC-TY1408,Simultaneous,2014-07-08 03:00:00,25.80000,125.90000,46.30,90.0
EQ-20140712042200370501423203370__TC-TY1408,Simultaneous,2014-07-08 06:00:00,26.50000,125.70000,43.73,85.0
EQ-20140712042200370501423203370__TC-TY1408,Simultaneous,2014-07-08 09:00:00,27.10000,125.60000,43.73,85.0
EQ-20140712042200370501423203370__TC-TY1408,Simultaneous,2014-07-08 12:00:00,27.70000,125.70000,43.73,85.0
EQ-20140712042200370501423203370__TC-TY1408,Simultaneous,2014-07-08 15:00:00,28.40000,125.70000,41.16,80.0
EQ-20140712042200370501423203370__TC-TY1408,Simultaneous,2014-07-08 18:00:00,28.90000,125.80000,38.58,75.0
EQ-20140712042200370501423203370__TC-TY1408,Simultaneous,2014-07-08 21:00:00,29.70000,126.10000,36.01,70.0
EQ-20140712042200370501423203370__TC-TY1408,Simultaneous,2014-07-09 00:00:00,30.40000,126.20000,36.01,70.0
EQ-20140712042200370501423203370__TC-TY1408,Simultaneous,2014-07-09 03:00:00,30.80000,126.40000,33.44,65.0
EQ-20140712042200370501423203370__TC-TY1408,Simultaneous,2014-07-09 06:00:00,31.40000,126.90000,30.87,60.0
EQ-20140712042200370501423203370__TC-TY1408,Simultaneous,2014-07-09 09:00:00,31.60000,127.10000,28.29,55.0
EQ-20140712042200370501423203370__TC-TY1408,Simultaneous,2014-07-09 12:00:00,31.70000,127.60000,28.29,55.0
EQ-20140712042200370501423203370__TC-TY1408,Simultaneous,2014-07-09 15:00:00,31.80000,128.50000,25.72,50.0
EQ-20140712042200370501423203370__TC-TY1408,Simultaneous,2014-07-09 18:00:00,32.10000,129.20000,25.72,50.0
EQ-20140712042200370501423203370__TC-TY1408,Simultaneous,2014-07-09 21:00:00,32.10000,130.00000,25.72,50.0
EQ-20140712042200370501423203370__TC-TY1408,Simultaneous,2014-07-10 00:00:00,32.10000,131.50000,25.72,50.0
EQ-20140712042200370501423203370__TC-TY1408,Simultaneous,2014-07-10 03:00:00,32.40000,132.90000,25.72,50.0
EQ-20140712042200370501423203370__TC-TY1408,Simultaneous,2014-07-10 06:00:00,33.00000,134.30000,25.72,50.0
EQ-20140712042200370501423203370__TC-TY1408,Simultaneous,2014-07-10 09:00:00,33.50000,135.30000,25.72,50.0
EQ-20140712042200370501423203370__TC-TY1408,Simultaneous,2014-07-10 12:00:00,33.80000,136.80000,25.72,50.0
EQ-20140712042200370501423203370__TC-TY1408,Simultaneous,2014-07-10 15:00:00,34.10000,137.70000,23.15,45.0
EQ-20140712042200370501423203370__TC-TY1408,Simultaneous,2014-07-10 17:00:00,34.60000,138.50000,23.15,45.0
EQ-20140712042200370501423203370__TC-TY1408,Simultaneous,2014-07-10 18:00:00,34.70000,139.10000,23.15,45.0
EQ-20140712042200370501423203370__TC-TY1408,Simultaneous,2014-07-10 19:00:00,34.90000,139.50000,23.15,45.0
EQ-20140712042200370501423203370__TC-TY1408,Simultaneous,2014-07-10 21:00:00,35.30000,140.40000,23.15,45.0
EQ-20141003095700401651426272857__TC-TY1418,Simultaneous,2014-09-29 06:00:00,13.00000,151.00000,18.01,35.0
EQ-20141003095700401651426272857__TC-TY1418,Simultaneous,2014-09-29 12:00:00,13.40000,150.30000,20.58,40.0
EQ-20141003095700401651426272857__TC-TY1418,Simultaneous,2014-09-29 18:00:00,13.90000,149.50000,23.15,45.0
EQ-20141003095700401651426272857__TC-TY1418,Simultaneous,2014-09-30 00:00:00,15.20000,148.10000,23.15,45.0
EQ-20141003095700401651426272857__TC-TY1418,Simultaneous,2014-09-30 06:00:00,16.40000,146.90000,23.15,45.0
EQ-20141003095700401651426272857__TC-TY1418,Simultaneous,2014-09-30 12:00:00,16.40000,145.80000,25.72,50.0
EQ-20141003095700401651426272857__TC-TY1418,Simultaneous,2014-09-30 18:00:00,16.60000,144.70000,28.29,55.0
EQ-20141003095700401651426272857__TC-TY1418,Simultaneous,2014-10-01 00:00:00,16.90000,143.80000,30.87,60.0
EQ-20141003095700401651426272857__TC-TY1418,Simultaneous,2014-10-01 06:00:00,18.10000,142.60000,33.44,65.0
EQ-20141003095700401651426272857__TC-TY1418,Simultaneous,2014-10-01 12:00:00,18.40000,141.20000,38.58,75.0
EQ-20141003095700401651426272857__TC-TY1418,Simultaneous,2014-10-01 18:00:00,18.90000,140.20000,41.16,80.0
EQ-20141003095700401651426272857__TC-TY1418,Simultaneous,2014-10-02 00:00:00,19.50000,139.00000,46.30,90.0
EQ-20141003095700401651426272857__TC-TY1418,Simultaneous,2014-10-02 06:00:00,19.70000,138.20000,48.87,95.0
EQ-20141003095700401651426272857__TC-TY1418,Simultaneous,2014-10-02 12:00:00,20.60000,137.50000,48.87,95.0
EQ-20141003095700401651426272857__TC-TY1418,Simultaneous,2014-10-02 18:00:00,21.50000,136.50000,48.87,95.0
EQ-20141003095700401651426272857__TC-TY1418,Simultaneous,2014-10-03 00:00:00,22.30000,135.50000,48.87,95.0
EQ-20141003095700401651426272857__TC-TY1418,Simultaneous,2014-10-03 06:00:00,23.20000,134.60000,48.87,95.0
EQ-20141003095700401651426272857__TC-TY1418,Simultaneous,2014-10-03 12:00:00,24.00000,134.00000,48.87,95.0
EQ-20141003095700401651426272857__TC-TY1418,Simultaneous,2014-10-03 18:00:00,24.70000,133.40000,48.87,95.0
EQ-20141003095700401651426272857__TC-TY1418,Simultaneous,2014-10-03 21:00:00,25.10000,133.10000,48.87,95.0
EQ-20141003095700401651426272857__TC-TY1418,Simultaneous,2014-10-04 00:00:00,25.40000,132.90000,48.87,95.0
EQ-20141003095700401651426272857__TC-TY1418,Simultaneous,2014-10-04 03:00:00,25.90000,132.50000,48.87,95.0
EQ-20141003095700401651426272857__TC-TY1418,Simultaneous,2014-10-04 06:00:00,26.30000,132.30000,48.87,95.0
EQ-20141003095700401651426272857__TC-TY1418,Simultaneous,2014-10-04 09:00:00,26.70000,132.10000,48.87,95.0
EQ-20141003095700401651426272857__TC-TY1418,Simultaneous,2014-10-04 12:00:00,27.10000,131.80000,48.87,95.0
EQ-20141003095700401651426272857__TC-TY1418,Simultaneous,2014-10-04 15:00:00,27.50000,131.50000,48.87,95.0
EQ-20141003095700401651426272857__TC-TY1418,Simultaneous,2014-10-04 18:00:00,27.90000,131.30000,46.30,90.0
EQ-20141003095700401651426272857__TC-TY1418,Simultaneous,2014-10-04 21:00:00,28.40000,131.20000,46.30,90.0
EQ-20141003095700401651426272857__TC-TY1418,Simultaneous,2014-10-05 00:00:00,28.90000,131.30000,43.73,85.0
EQ-20141003095700401651426272857__TC-TY1418,Simultaneous,2014-10-05 03:00:00,29.50000,131.40000,43.73,85.0
EQ-20141003095700401651426272857__TC-TY1418,Simultaneous,2014-10-05 06:00:00,30.10000,131.90000,43.73,85.0
EQ-20141003095700401651426272857__TC-TY1418,Simultaneous,2014-10-05 09:00:00,30.70000,132.50000,43.73,85.0
EQ-20141003095700401651426272857__TC-TY1418,Simultaneous,2014-10-05 12:00:00,31.40000,133.20000,41.16,80.0
EQ-20141003095700401651426272857__TC-TY1418,Simultaneous,2014-10-05 15:00:00,32.20000,134.30000,41.16,80.0
EQ-20141003095700401651426272857__TC-TY1418,Simultaneous,2014-10-05 18:00:00,33.00000,135.40000,38.58,75.0
EQ-20141003095700401651426272857__TC-TY1418,Simultaneous,2014-10-05 21:00:00,34.00000,136.90000,36.01,70.0
EQ-20141003095700401651426272857__TC-TY1418,Simultaneous,2014-10-05 23:00:00,34.70000,137.70000,33.44,65.0
EQ-20141003095700401651426272857__TC-TY1418,Simultaneous,2014-10-06 00:00:00,34.90000,138.50000,33.44,65.0
EQ-20141003095700401651426272857__TC-TY1418,Simultaneous,2014-10-06 03:00:00,36.10000,140.70000,33.44,65.0
EQ-20141003095700401651426272857__TC-TY1418,Simultaneous,2014-10-06 06:00:00,37.70000,143.50000,30.87,60.0
EQ-20141011113600409521432433661__TC-TY1419,Simultaneous,2014-10-03 18:00:00,9.00000,156.20000,18.01,35.0
EQ-20141011113600409521432433661__TC-TY1419,Simultaneous,2014-10-04 00:00:00,9.60000,155.10000,20.58,40.0
EQ-20141011113600409521432433661__TC-TY1419,Simultaneous,2014-10-04 06:00:00,10.40000,154.00000,23.15,45.0
EQ-20141011113600409521432433661__TC-TY1419,Simultaneous,2014-10-04 12:00:00,11.10000,152.90000,25.72,50.0
EQ-20141011113600409521432433661__TC-TY1419,Simultaneous,2014-10-04 18:00:00,12.00000,151.50000,28.29,55.0
EQ-20141011113600409521432433661__TC-TY1419,Simultaneous,2014-10-05 00:00:00,12.50000,150.00000,30.87,60.0
EQ-20141011113600409521432433661__TC-TY1419,Simultaneous,2014-10-05 06:00:00,13.30000,148.50000,30.87,60.0
EQ-20141011113600409521432433661__TC-TY1419,Simultaneous,2014-10-05 12:00:00,13.80000,146.90000,30.87,60.0
EQ-20141011113600409521432433661__TC-TY1419,Simultaneous,2014-10-05 18:00:00,14.50000,145.10000,30.87,60.0
EQ-20141011113600409521432433661__TC-TY1419,Simultaneous,2014-10-06 00:00:00,15.10000,143.30000,30.87,60.0
EQ-20141011113600409521432433661__TC-TY1419,Simultaneous,2014-10-06 06:00:00,15.80000,141.30000,30.87,60.0
EQ-20141011113600409521432433661__TC-TY1419,Simultaneous,2014-10-06 12:00:00,16.50000,139.70000,30.87,60.0
EQ-20141011113600409521432433661__TC-TY1419,Simultaneous,2014-10-06 18:00:00,16.80000,138.10000,36.01,70.0
EQ-20141011113600409521432433661__TC-TY1419,Simultaneous,2014-10-07 00:00:00,16.90000,136.50000,41.16,80.0
EQ-20141011113600409521432433661__TC-TY1419,Simultaneous,2014-10-07 06:00:00,17.30000,135.40000,46.30,90.0
EQ-20141011113600409521432433661__TC-TY1419,Simultaneous,2014-10-07 12:00:00,17.40000,134.20000,54.02,105.0
EQ-20141011113600409521432433661__TC-TY1419,Simultaneous,2014-10-07 18:00:00,17.70000,133.20000,59.16,115.0
EQ-20141011113600409521432433661__TC-TY1419,Simultaneous,2014-10-08 00:00:00,17.90000,132.20000,59.16,115.0
EQ-20141011113600409521432433661__TC-TY1419,Simultaneous,2014-10-08 06:00:00,18.20000,131.50000,59.16,115.0
EQ-20141011113600409521432433661__TC-TY1419,Simultaneous,2014-10-08 12:00:00,18.40000,131.00000,59.16,115.0
EQ-20141011113600409521432433661__TC-TY1419,Simultaneous,2014-10-08 18:00:00,18.80000,130.50000,56.59,110.0
EQ-20141011113600409521432433661__TC-TY1419,Simultaneous,2014-10-09 00:00:00,19.20000,130.00000,56.59,110.0
EQ-20141011113600409521432433661__TC-TY1419,Simultaneous,2014-10-09 06:00:00,19.70000,129.90000,54.02,105.0
EQ-20141011113600409521432433661__TC-TY1419,Simultaneous,2014-10-09 12:00:00,20.20000,129.60000,51.44,100.0
EQ-20141011113600409521432433661__TC-TY1419,Simultaneous,2014-10-09 18:00:00,20.80000,129.40000,51.44,100.0
EQ-20141011113600409521432433661__TC-TY1419,Simultaneous,2014-10-10 00:00:00,21.40000,129.40000,51.44,100.0
EQ-20141011113600409521432433661__TC-TY1419,Simultaneous,2014-10-10 06:00:00,22.20000,129.30000,51.44,100.0
EQ-20141011113600409521432433661__TC-TY1419,Simultaneous,2014-10-10 12:00:00,23.10000,129.20000,48.87,95.0
EQ-20141011113600409521432433661__TC-TY1419,Simultaneous,2014-10-10 18:00:00,23.80000,129.00000,46.30,90.0
EQ-20141011113600409521432433661__TC-TY1419,Simultaneous,2014-10-10 21:00:00,24.10000,128.90000,46.30,90.0
EQ-20141011113600409521432433661__TC-TY1419,Simultaneous,2014-10-11 00:00:00,24.40000,128.80000,46.30,90.0
EQ-20141011113600409521432433661__TC-TY1419,Simultaneous,2014-10-11 03:00:00,24.90000,128.70000,43.73,85.0
EQ-20141011113600409521432433661__TC-TY1419,Simultaneous,2014-10-11 06:00:00,25.30000,128.60000,43.73,85.0
EQ-20141011113600409521432433661__TC-TY1419,Simultaneous,2014-10-11 09:00:00,25.60000,128.40000,43.73,85.0
EQ-20141011113600409521432433661__TC-TY1419,Simultaneous,2014-10-11 12:00:00,26.10000,128.10000,43.73,85.0
EQ-20141011113600409521432433661__TC-TY1419,Simultaneous,2014-10-11 15:00:00,26.40000,128.00000,41.16,80.0
EQ-20141011113600409521432433661__TC-TY1419,Simultaneous,2014-10-11 18:00:00,26.90000,127.70000,41.16,80.0
EQ-20141011113600409521432433661__TC-TY1419,Simultaneous,2014-10-11 21:00:00,27.40000,127.50000,41.16,80.0
EQ-20141011113600409521432433661__TC-TY1419,Simultaneous,2014-10-12 00:00:00,27.70000,127.40000,36.01,70.0
EQ-20141011113600409521432433661__TC-TY1419,Simultaneous,2014-10-12 03:00:00,28.10000,127.10000,36.01,70.0
EQ-20141011113600409521432433661__TC-TY1419,Simultaneous,2014-10-12 06:00:00,28.80000,127.10000,33.44,65.0
EQ-20141011113600409521432433661__TC-TY1419,Simultaneous,2014-10-12 09:00:00,29.30000,127.30000,33.44,65.0
EQ-20141011113600409521432433661__TC-TY1419,Simultaneous,2014-10-12 12:00:00,29.70000,127.60000,33.44,65.0
EQ-20141011113600409521432433661__TC-TY1419,Simultaneous,2014-10-12 15:00:00,30.20000,128.20000,33.44,65.0
EQ-20141011113600409521432433661__TC-TY1419,Simultaneous,2014-10-12 18:00:00,30.60000,129.00000,33.44,65.0
EQ-20141011113600409521432433661__TC-TY1419,Simultaneous,2014-10-12 21:00:00,30.90000,129.60000,33.44,65.0
EQ-20141011113600409521432433661__TC-TY1419,Simultaneous,2014-10-12 23:00:00,31.10000,130.00000,33.44,65.0
EQ-20141011113600409521432433661__TC-TY1419,Simultaneous,2014-10-13 00:00:00,31.30000,130.30000,30.87,60.0
EQ-20141011113600409521432433661__TC-TY1419,Simultaneous,2014-10-13 03:00:00,32.20000,131.60000,30.87,60.0
EQ-20141011113600409521432433661__TC-TY1419,Simultaneous,2014-10-13 05:00:00,32.90000,132.40000,30.87,60.0
EQ-20141011113600409521432433661__TC-TY1419,Simultaneous,2014-10-13 06:00:00,33.10000,133.00000,30.87,60.0
EQ-20141011113600409521432433661__TC-TY1419,Simultaneous,2014-10-13 09:00:00,33.90000,134.20000,28.29,55.0
EQ-20141011113600409521432433661__TC-TY1419,Simultaneous,2014-10-13 10:00:00,34.20000,134.60000,28.29,55.0
EQ-20141011113600409521432433661__TC-TY1419,Simultaneous,2014-10-13 11:00:00,34.40000,135.10000,25.72,50.0
EQ-20141011113600409521432433661__TC-TY1419,Simultaneous,2014-10-13 12:00:00,34.50000,136.00000,25.72,50.0
EQ-20141011113600409521432433661__TC-TY1419,Simultaneous,2014-10-13 15:00:00,35.60000,136.90000,25.72,50.0
EQ-20141011113600409521432433661__TC-TY1419,Simultaneous,2014-10-13 18:00:00,36.50000,139.70000,25.72,50.0
EQ-20141011113600409521432433661__TC-TY1419,Simultaneous,2014-10-13 21:00:00,38.00000,141.50000,28.29,55.0
EQ-20150713025200329921318555857__TC-TY1511,Simultaneous,2015-07-03 18:00:00,9.80000,170.80000,18.01,35.0
EQ-20150713025200329921318555857__TC-TY1511,Simultaneous,2015-07-04 00:00:00,10.30000,170.30000,18.01,35.0
EQ-20150713025200329921318555857__TC-TY1511,Simultaneous,2015-07-04 06:00:00,10.90000,168.80000,20.58,40.0
EQ-20150713025200329921318555857__TC-TY1511,Simultaneous,2015-07-04 12:00:00,11.20000,167.10000,20.58,40.0
EQ-20150713025200329921318555857__TC-TY1511,Simultaneous,2015-07-04 18:00:00,11.10000,165.90000,23.15,45.0
EQ-20150713025200329921318555857__TC-TY1511,Simultaneous,2015-07-05 00:00:00,11.30000,164.70000,23.15,45.0
EQ-20150713025200329921318555857__TC-TY1511,Simultaneous,2015-07-05 06:00:00,11.20000,163.80000,23.15,45.0
EQ-20150713025200329921318555857__TC-TY1511,Simultaneous,2015-07-05 12:00:00,11.00000,162.50000,25.72,50.0
EQ-20150713025200329921318555857__TC-TY1511,Simultaneous,2015-07-05 18:00:00,11.50000,161.00000,28.29,55.0
EQ-20150713025200329921318555857__TC-TY1511,Simultaneous,2015-07-06 00:00:00,11.70000,159.90000,30.87,60.0
EQ-20150713025200329921318555857__TC-TY1511,Simultaneous,2015-07-06 06:00:00,11.70000,158.60000,30.87,60.0
EQ-20150713025200329921318555857__TC-TY1511,Simultaneous,2015-07-06 12:00:00,12.20000,157.80000,33.44,65.0
EQ-20150713025200329921318555857__TC-TY1511,Simultaneous,2015-07-06 18:00:00,12.60000,156.80000,38.58,75.0
EQ-20150713025200329921318555857__TC-TY1511,Simultaneous,2015-07-07 00:00:00,13.10000,155.60000,43.73,85.0
EQ-20150713025200329921318555857__TC-TY1511,Simultaneous,2015-07-07 06:00:00,13.70000,154.50000,46.30,90.0
EQ-20150713025200329921318555857__TC-TY1511,Simultaneous,2015-07-07 12:00:00,14.30000,153.50000,51.44,100.0
EQ-20150713025200329921318555857__TC-TY1511,Simultaneous,2015-07-07 18:00:00,15.00000,152.20000,51.44,100.0
EQ-20150713025200329921318555857__TC-TY1511,Simultaneous,2015-07-08 00:00:00,15.40000,150.70000,48.87,95.0
EQ-20150713025200329921318555857__TC-TY1511,Simultaneous,2015-07-08 06:00:00,15.40000,149.90000,46.30,90.0
EQ-20150713025200329921318555857__TC-TY1511,Simultaneous,2015-07-08 12:00:00,16.00000,149.00000,46.30,90.0
EQ-20150713025200329921318555857__TC-TY1511,Simultaneous,2015-07-08 18:00:00,16.60000,147.80000,48.87,95.0
EQ-20150713025200329921318555857__TC-TY1511,Simultaneous,2015-07-09 00:00:00,17.00000,146.80000,48.87,95.0
EQ-20150713025200329921318555857__TC-TY1511,Simultaneous,2015-07-09 06:00:00,17.60000,145.90000,51.44,100.0
EQ-20150713025200329921318555857__TC-TY1511,Simultaneous,2015-07-09 12:00:00,18.00000,144.50000,51.44,100.0
EQ-20150713025200329921318555857__TC-TY1511,Simultaneous,2015-07-09 18:00:00,18.20000,143.60000,51.44,100.0
EQ-20150713025200329921318555857__TC-TY1511,Simultaneous,2015-07-10 00:00:00,18.20000,142.70000,51.44,100.0
EQ-20150713025200329921318555857__TC-TY1511,Simultaneous,2015-07-10 06:00:00,18.40000,142.00000,48.87,95.0
EQ-20150713025200329921318555857__TC-TY1511,Simultaneous,2015-07-10 12:00:00,18.20000,141.30000,46.30,90.0
EQ-20150713025200329921318555857__TC-TY1511,Simultaneous,2015-07-10 18:00:00,18.30000,140.70000,43.73,85.0
EQ-20150713025200329921318555857__TC-TY1511,Simultaneous,2015-07-11 00:00:00,18.30000,140.00000,43.73,85.0
EQ-20150713025200329921318555857__TC-TY1511,Simultaneous,2015-07-11 06:00:00,18.30000,139.50000,43.73,85.0
EQ-20150713025200329921318555857__TC-TY1511,Simultaneous,2015-07-11 12:00:00,18.40000,139.00000,41.16,80.0
EQ-20150713025200329921318555857__TC-TY1511,Simultaneous,2015-07-11 18:00:00,18.40000,138.40000,41.16,80.0
EQ-20150713025200329921318555857__TC-TY1511,Simultaneous,2015-07-12 00:00:00,18.40000,137.80000,38.58,75.0
EQ-20150713025200329921318555857__TC-TY1511,Simultaneous,2015-07-12 06:00:00,18.60000,137.60000,38.58,75.0
EQ-20150713025200329921318555857__TC-TY1511,Simultaneous,2015-07-12 12:00:00,18.70000,137.50000,36.01,70.0
EQ-20150713025200329921318555857__TC-TY1511,Simultaneous,2015-07-12 18:00:00,19.00000,137.20000,36.01,70.0
EQ-20150713025200329921318555857__TC-TY1511,Simultaneous,2015-07-13 00:00:00,19.60000,137.20000,36.01,70.0
EQ-20150713025200329921318555857__TC-TY1511,Simultaneous,2015-07-13 06:00:00,20.50000,137.10000,38.58,75.0
EQ-20150713025200329921318555857__TC-TY1511,Simultaneous,2015-07-13 12:00:00,21.30000,136.90000,41.16,80.0
EQ-20150713025200329921318555857__TC-TY1511,Simultaneous,2015-07-13 18:00:00,22.20000,136.60000,41.16,80.0
EQ-20150713025200329921318555857__TC-TY1511,Simultaneous,2015-07-14 00:00:00,22.70000,136.50000,41.16,80.0
EQ-20150713025200329921318555857__TC-TY1511,Simultaneous,2015-07-14 06:00:00,23.70000,136.60000,41.16,80.0
EQ-20150713025200329921318555857__TC-TY1511,Simultaneous,2015-07-14 12:00:00,24.40000,136.60000,41.16,80.0
EQ-20150713025200329921318555857__TC-TY1511,Simultaneous,2015-07-14 18:00:00,25.50000,136.50000,43.73,85.0
EQ-20150713025200329921318555857__TC-TY1511,Simultaneous,2015-07-15 00:00:00,26.50000,136.30000,43.73,85.0
EQ-20150713025200329921318555857__TC-TY1511,Simultaneous,2015-07-15 06:00:00,27.60000,136.00000,43.73,85.0
EQ-20150713025200329921318555857__TC-TY1511,Simultaneous,2015-07-15 12:00:00,29.00000,135.60000,43.73,85.0
EQ-20150713025200329921318555857__TC-TY1511,Simultaneous,2015-07-15 18:00:00,30.00000,135.30000,41.16,80.0
EQ-20150713025200329921318555857__TC-TY1511,Simultaneous,2015-07-16 00:00:00,31.00000,134.70000,38.58,75.0
EQ-20150713025200329921318555857__TC-TY1511,Simultaneous,2015-07-16 03:00:00,31.40000,134.60000,38.58,75.0
EQ-20150713025200329921318555857__TC-TY1511,Simultaneous,2015-07-16 06:00:00,32.00000,134.60000,36.01,70.0
EQ-20150713025200329921318555857__TC-TY1511,Simultaneous,2015-07-16 09:00:00,32.50000,134.50000,36.01,70.0
EQ-20150713025200329921318555857__TC-TY1511,Simultaneous,2015-07-16 12:00:00,33.00000,134.30000,36.01,70.0
EQ-20150713025200329921318555857__TC-TY1511,Simultaneous,2015-07-16 14:00:00,33.40000,134.10000,33.44,65.0
EQ-20150713025200329921318555857__TC-TY1511,Simultaneous,2015-07-16 15:00:00,33.60000,134.00000,33.44,65.0
EQ-20150713025200329921318555857__TC-TY1511,Simultaneous,2015-07-16 18:00:00,34.10000,133.70000,30.87,60.0
EQ-20150713025200329921318555857__TC-TY1511,Simultaneous,2015-07-16 21:00:00,34.50000,133.60000,28.29,55.0
EQ-20150713025200329921318555857__TC-TY1511,Simultaneous,2015-07-17 00:00:00,35.00000,133.40000,25.72,50.0
EQ-20150713025200329921318555857__TC-TY1511,Simultaneous,2015-07-17 03:00:00,35.30000,133.40000,23.15,45.0
EQ-20150713025200329921318555857__TC-TY1511,Simultaneous,2015-07-17 06:00:00,35.70000,133.60000,18.01,35.0
EQ-20150826075100321071318633452__TC-TY1515,Simultaneous,2015-08-14 18:00:00,13.00000,148.20000,18.01,35.0
EQ-20150826075100321071318633452__TC-TY1515,Simultaneous,2015-08-15 00:00:00,13.50000,147.00000,23.15,45.0
EQ-20150826075100321071318633452__TC-TY1515,Simultaneous,2015-08-15 06:00:00,13.80000,146.40000,23.15,45.0
EQ-20150826075100321071318633452__TC-TY1515,Simultaneous,2015-08-15 12:00:00,14.20000,146.00000,25.72,50.0
EQ-20150826075100321071318633452__TC-TY1515,Simultaneous,2015-08-15 18:00:00,14.40000,145.40000,28.29,55.0
EQ-20150826075100321071318633452__TC-TY1515,Simultaneous,2015-08-16 00:00:00,14.70000,144.80000,30.87,60.0
EQ-20150826075100321071318633452__TC-TY1515,Simultaneous,2015-08-16 06:00:00,15.00000,144.20000,30.87,60.0
EQ-20150826075100321071318633452__TC-TY1515,Simultaneous,2015-08-16 12:00:00,15.50000,143.60000,33.44,65.0
EQ-20150826075100321071318633452__TC-TY1515,Simultaneous,2015-08-16 18:00:00,16.00000,142.70000,38.58,75.0
EQ-20150826075100321071318633452__TC-TY1515,Simultaneous,2015-08-17 00:00:00,16.50000,141.70000,43.73,85.0
EQ-20150826075100321071318633452__TC-TY1515,Simultaneous,2015-08-17 06:00:00,17.00000,140.50000,48.87,95.0
EQ-20150826075100321071318633452__TC-TY1515,Simultaneous,2015-08-17 12:00:00,17.30000,139.20000,48.87,95.0
EQ-20150826075100321071318633452__TC-TY1515,Simultaneous,2015-08-17 18:00:00,17.70000,137.80000,48.87,95.0
EQ-20150826075100321071318633452__TC-TY1515,Simultaneous,2015-08-18 00:00:00,18.20000,136.00000,48.87,95.0
EQ-20150826075100321071318633452__TC-TY1515,Simultaneous,2015-08-18 06:00:00,18.60000,134.60000,48.87,95.0
EQ-20150826075100321071318633452__TC-TY1515,Simultaneous,2015-08-18 12:00:00,18.70000,132.90000,48.87,95.0
EQ-20150826075100321071318633452__TC-TY1515,Simultaneous,2015-08-18 18:00:00,18.80000,131.20000,43.73,85.0
EQ-20150826075100321071318633452__TC-TY1515,Simultaneous,2015-08-19 00:00:00,18.90000,129.90000,43.73,85.0
EQ-20150826075100321071318633452__TC-TY1515,Simultaneous,2015-08-19 06:00:00,19.00000,128.40000,43.73,85.0
EQ-20150826075100321071318633452__TC-TY1515,Simultaneous,2015-08-19 12:00:00,18.90000,127.30000,46.30,90.0
EQ-20150826075100321071318633452__TC-TY1515,Simultaneous,2015-08-19 18:00:00,18.90000,126.10000,46.30,90.0
EQ-20150826075100321071318633452__TC-TY1515,Simultaneous,2015-08-20 00:00:00,18.80000,125.30000,46.30,90.0
EQ-20150826075100321071318633452__TC-TY1515,Simultaneous,2015-08-20 06:00:00,18.90000,124.70000,43.73,85.0
EQ-20150826075100321071318633452__TC-TY1515,Simultaneous,2015-08-20 12:00:00,19.00000,124.00000,43.73,85.0
EQ-20150826075100321071318633452__TC-TY1515,Simultaneous,2015-08-20 18:00:00,19.10000,123.20000,43.73,85.0
EQ-20150826075100321071318633452__TC-TY1515,Simultaneous,2015-08-21 00:00:00,19.20000,122.90000,43.73,85.0
EQ-20150826075100321071318633452__TC-TY1515,Simultaneous,2015-08-21 06:00:00,19.30000,122.40000,43.73,85.0
EQ-20150826075100321071318633452__TC-TY1515,Simultaneous,2015-08-21 12:00:00,19.30000,122.30000,41.16,80.0
EQ-20150826075100321071318633452__TC-TY1515,Simultaneous,2015-08-21 18:00:00,19.60000,122.50000,41.16,80.0
EQ-20150826075100321071318633452__TC-TY1515,Simultaneous,2015-08-22 00:00:00,20.10000,122.60000,41.16,80.0
EQ-20150826075100321071318633452__TC-TY1515,Simultaneous,2015-08-22 06:00:00,20.70000,122.70000,41.16,80.0
EQ-20150826075100321071318633452__TC-TY1515,Simultaneous,2015-08-22 12:00:00,21.30000,123.10000,41.16,80.0
EQ-20150826075100321071318633452__TC-TY1515,Simultaneous,2015-08-22 15:00:00,21.90000,123.20000,41.16,80.0
EQ-20150826075100321071318633452__TC-TY1515,Simultaneous,2015-08-22 18:00:00,22.40000,123.20000,41.16,80.0
EQ-20150826075100321071318633452__TC-TY1515,Simultaneous,2015-08-22 21:00:00,22.80000,123.30000,41.16,80.0
EQ-20150826075100321071318633452__TC-TY1515,Simultaneous,2015-08-23 00:00:00,23.10000,123.30000,41.16,80.0
EQ-20150826075100321071318633452__TC-TY1515,Simultaneous,2015-08-23 03:00:00,23.50000,123.40000,41.16,80.0
EQ-20150826075100321071318633452__TC-TY1515,Simultaneous,2015-08-23 06:00:00,23.80000,123.50000,43.73,85.0
EQ-20150826075100321071318633452__TC-TY1515,Simultaneous,2015-08-23 09:00:00,24.20000,123.80000,46.30,90.0
EQ-20150826075100321071318633452__TC-TY1515,Simultaneous,2015-08-23 10:00:00,24.30000,123.90000,46.30,90.0
EQ-20150826075100321071318633452__TC-TY1515,Simultaneous,2015-08-23 12:00:00,24.50000,124.00000,48.87,95.0
EQ-20150826075100321071318633452__TC-TY1515,Simultaneous,2015-08-23 15:00:00,24.80000,124.20000,48.87,95.0
EQ-20150826075100321071318633452__TC-TY1515,Simultaneous,2015-08-23 18:00:00,25.20000,124.60000,51.44,100.0
EQ-20150826075100321071318633452__TC-TY1515,Simultaneous,2015-08-23 21:00:00,25.70000,125.30000,51.44,100.0
EQ-20150826075100321071318633452__TC-TY1515,Simultaneous,2015-08-24 00:00:00,26.20000,125.90000,51.44,100.0
EQ-20150826075100321071318633452__TC-TY1515,Simultaneous,2015-08-24 03:00:00,27.10000,126.70000,51.44,100.0
EQ-20150826075100321071318633452__TC-TY1515,Simultaneous,2015-08-24 06:00:00,27.90000,127.40000,51.44,100.0
EQ-20150826075100321071318633452__TC-TY1515,Simultaneous,2015-08-24 09:00:00,28.80000,128.10000,51.44,100.0
EQ-20150826075100321071318633452__TC-TY1515,Simultaneous,2015-08-24 12:00:00,29.60000,128.80000,46.30,90.0
EQ-20150826075100321071318633452__TC-TY1515,Simultaneous,2015-08-24 15:00:00,30.50000,129.50000,46.30,90.0
EQ-20150826075100321071318633452__TC-TY1515,Simultaneous,2015-08-24 18:00:00,31.70000,129.90000,46.30,90.0
EQ-20150826075100321071318633452__TC-TY1515,Simultaneous,2015-08-24 19:00:00,32.00000,130.10000,43.73,85.0
EQ-20150826075100321071318633452__TC-TY1515,Simultaneous,2015-08-24 20:00:00,32.40000,130.50000,43.73,85.0
EQ-20150826075100321071318633452__TC-TY1515,Simultaneous,2015-08-24 21:00:00,32.80000,130.50000,41.16,80.0
EQ-20150826075100321071318633452__TC-TY1515,Simultaneous,2015-08-25 00:00:00,33.80000,130.40000,36.01,70.0
EQ-20150826075100321071318633452__TC-TY1515,Simultaneous,2015-08-25 03:00:00,34.60000,130.60000,36.01,70.0
EQ-20150826075100321071318633452__TC-TY1515,Simultaneous,2015-08-25 06:00:00,35.30000,131.00000,36.01,70.0
EQ-20150826075100321071318633452__TC-TY1515,Simultaneous,2015-08-25 09:00:00,36.00000,131.80000,30.87,60.0
EQ-20160815160400373781417484756__TC-TY1607,Simultaneous,2016-08-13 18:00:00,20.90000,142.90000,18.01,35.0
EQ-20160815160400373781417484756__TC-TY1607,Simultaneous,2016-08-14 00:00:00,22.00000,143.60000,18.01,35.0
EQ-20160815160400373781417484756__TC-TY1607,Simultaneous,2016-08-14 06:00:00,23.40000,144.20000,20.58,40.0
EQ-20160815160400373781417484756__TC-TY1607,Simultaneous,2016-08-14 12:00:00,24.60000,144.50000,23.15,45.0
EQ-20160815160400373781417484756__TC-TY1607,Simultaneous,2016-08-14 18:00:00,25.70000,144.80000,25.72,50.0
EQ-20160815160400373781417484756__TC-TY1607,Simultaneous,2016-08-15 00:00:00,27.10000,145.00000,25.72,50.0
EQ-20160815160400373781417484756__TC-TY1607,Simultaneous,2016-08-15 06:00:00,28.10000,144.50000,25.72,50.0
EQ-20160815160400373781417484756__TC-TY1607,Simultaneous,2016-08-15 12:00:00,29.40000,143.80000,23.15,45.0
EQ-20160815160400373781417484756__TC-TY1607,Simultaneous,2016-08-15 18:00:00,30.50000,143.00000,23.15,45.0
EQ-20160815160400373781417484756__TC-TY1607,Simultaneous,2016-08-16 00:00:00,31.60000,142.50000,25.72,50.0
EQ-20160815160400373781417484756__TC-TY1607,Simultaneous,2016-08-16 06:00:00,33.40000,141.40000,25.72,50.0
EQ-20160815160400373781417484756__TC-TY1607,Simultaneous,2016-08-16 12:00:00,34.40000,141.00000,25.72,50.0
EQ-20160815160400373781417484756__TC-TY1607,Simultaneous,2016-08-16 18:00:00,35.80000,141.20000,25.72,50.0
EQ-20160815160400373781417484756__TC-TY1607,Simultaneous,2016-08-17 00:00:00,37.80000,141.70000,28.29,55.0
EQ-20160815160400373781417484756__TC-TY1607,Simultaneous,2016-08-17 03:00:00,39.00000,142.20000,28.29,55.0
EQ-20160815160400373781417484756__TC-TY1607,Simultaneous,2016-08-17 06:00:00,40.80000,142.70000,28.29,55.0
EQ-20160815160400373781417484756__TC-TY1607,Simultaneous,2016-08-17 08:00:00,41.80000,143.00000,28.29,55.0
EQ-20160815160400373781417484756__TC-TY1607,Simultaneous,2016-08-17 09:00:00,42.30000,143.10000,28.29,55.0
EQ-20160815160400373781417484756__TC-TY1607,Simultaneous,2016-08-17 12:00:00,44.30000,143.10000,28.29,55.0
EQ-20160819210700365601411324854__TC-TY1609,Simultaneous,2016-08-19 06:00:00,17.80000,141.80000,18.01,35.0
EQ-20160819210700365601411324854__TC-TY1609,Simultaneous,2016-08-19 12:00:00,18.70000,140.90000,18.01,35.0
EQ-20160819210700365601411324854__TC-TY1609,Simultaneous,2016-08-19 18:00:00,19.40000,140.60000,20.58,40.0
EQ-20160819210700365601411324854__TC-TY1609,Simultaneous,2016-08-20 00:00:00,20.40000,140.80000,20.58,40.0
EQ-20160819210700365601411324854__TC-TY1609,Simultaneous,2016-08-20 06:00:00,22.10000,141.00000,23.15,45.0
EQ-20160819210700365601411324854__TC-TY1609,Simultaneous,2016-08-20 12:00:00,24.40000,141.10000,25.72,50.0
EQ-20160819210700365601411324854__TC-TY1609,Simultaneous,2016-08-20 18:00:00,26.20000,140.80000,25.72,50.0
EQ-20160819210700365601411324854__TC-TY1609,Simultaneous,2016-08-21 00:00:00,28.00000,140.60000,25.72,50.0
EQ-20160819210700365601411324854__TC-TY1609,Simultaneous,2016-08-21 06:00:00,29.80000,139.90000,25.72,50.0
EQ-20160819210700365601411324854__TC-TY1609,Simultaneous,2016-08-21 12:00:00,31.50000,139.50000,28.29,55.0
EQ-20160819210700365601411324854__TC-TY1609,Simultaneous,2016-08-21 15:00:00,32.30000,139.20000,28.29,55.0
EQ-20160819210700365601411324854__TC-TY1609,Simultaneous,2016-08-21 18:00:00,33.10000,139.40000,33.44,65.0
EQ-20160819210700365601411324854__TC-TY1609,Simultaneous,2016-08-21 21:00:00,33.80000,139.30000,33.44,65.0
EQ-20160819210700365601411324854__TC-TY1609,Simultaneous,2016-08-22 00:00:00,34.20000,139.50000,33.44,65.0
EQ-20160819210700365601411324854__TC-TY1609,Simultaneous,2016-08-22 03:00:00,34.80000,139.80000,33.44,65.0
EQ-20160819210700365601411324854__TC-TY1609,Simultaneous,2016-08-22 06:00:00,35.90000,140.00000,30.87,60.0
EQ-20160819210700365601411324854__TC-TY1609,Simultaneous,2016-08-22 09:00:00,36.60000,140.30000,28.29,55.0
EQ-20160819210700365601411324854__TC-TY1609,Simultaneous,2016-08-22 12:00:00,37.80000,140.80000,28.29,55.0
EQ-20160819210700365601411324854__TC-TY1609,Simultaneous,2016-08-22 15:00:00,38.90000,141.10000,28.29,55.0
EQ-20160819210700365601411324854__TC-TY1609,Simultaneous,2016-08-22 18:00:00,40.40000,141.90000,25.72,50.0
EQ-20160819210700365601411324854__TC-TY1609,Simultaneous,2016-08-22 20:00:00,41.80000,142.30000,25.72,50.0
EQ-20160819210700365601411324854__TC-TY1609,Simultaneous,2016-08-22 21:00:00,42.40000,142.60000,25.72,50.0
EQ-20160819210700365601411324854__TC-TY1609,Simultaneous,2016-08-23 00:00:00,43.60000,143.80000,25.72,50.0
EQ-20160820180100403671437781164__TC-TY1611,Simultaneous,2016-08-20 00:00:00,32.90000,147.30000,18.01,35.0
EQ-20160820180100403671437781164__TC-TY1611,Simultaneous,2016-08-20 06:00:00,34.30000,145.70000,18.01,35.0
EQ-20160820180100403671437781164__TC-TY1611,Simultaneous,2016-08-20 12:00:00,36.30000,143.70000,18.01,35.0
EQ-20160820180100403671437781164__TC-TY1611,Simultaneous,2016-08-20 18:00:00,37.80000,142.80000,18.01,35.0
EQ-20160820180100403671437781164__TC-TY1611,Simultaneous,2016-08-21 00:00:00,38.80000,142.90000,18.01,35.0
EQ-20160820180100403671437781164__TC-TY1611,Simultaneous,2016-08-21 06:00:00,40.60000,142.90000,18.01,35.0
EQ-20160820180100403671437781164__TC-TY1611,Simultaneous,2016-08-21 12:00:00,42.50000,143.90000,18.01,35.0
EQ-20160820180100403671437781164__TC-TY1611,Simultaneous,2016-08-21 14:00:00,42.90000,144.10000,18.01,35.0
EQ-20180808001300379151439385056__TC-TY1813,Simultaneous,2018-08-03 00:00:00,17.70000,150.90000,18.01,35.0
EQ-20180808001300379151439385056__TC-TY1813,Simultaneous,2018-08-03 06:00:00,18.00000,150.60000,20.58,40.0
EQ-20180808001300379151439385056__TC-TY1813,Simultaneous,2018-08-03 12:00:00,18.20000,150.30000,25.72,50.0
EQ-20180808001300379151439385056__TC-TY1813,Simultaneous,2018-08-03 18:00:00,18.90000,150.00000,25.72,50.0
EQ-20180808001300379151439385056__TC-TY1813,Simultaneous,2018-08-04 00:00:00,20.10000,149.30000,28.29,55.0
EQ-20180808001300379151439385056__TC-TY1813,Simultaneous,2018-08-04 06:00:00,20.90000,148.70000,33.44,65.0
EQ-20180808001300379151439385056__TC-TY1813,Simultaneous,2018-08-04 12:00:00,21.60000,148.40000,33.44,65.0
EQ-20180808001300379151439385056__TC-TY1813,Simultaneous,2018-08-04 18:00:00,22.50000,147.70000,36.01,70.0
EQ-20180808001300379151439385056__TC-TY1813,Simultaneous,2018-08-05 00:00:00,22.90000,147.40000,36.01,70.0
EQ-20180808001300379151439385056__TC-TY1813,Simultaneous,2018-08-05 06:00:00,23.80000,147.50000,36.01,70.0
EQ-20180808001300379151439385056__TC-TY1813,Simultaneous,2018-08-05 12:00:00,24.60000,147.30000,36.01,70.0
EQ-20180808001300379151439385056__TC-TY1813,Simultaneous,2018-08-05 18:00:00,25.60000,146.70000,36.01,70.0
EQ-20180808001300379151439385056__TC-TY1813,Simultaneous,2018-08-06 00:00:00,26.50000,146.20000,36.01,70.0
EQ-20180808001300379151439385056__TC-TY1813,Simultaneous,2018-08-06 06:00:00,27.50000,146.00000,36.01,70.0
EQ-20180808001300379151439385056__TC-TY1813,Simultaneous,2018-08-06 12:00:00,28.50000,145.70000,36.01,70.0
EQ-20180808001300379151439385056__TC-TY1813,Simultaneous,2018-08-06 18:00:00,29.70000,145.00000,36.01,70.0
EQ-20180808001300379151439385056__TC-TY1813,Simultaneous,2018-08-07 00:00:00,30.50000,144.30000,36.01,70.0
EQ-20180808001300379151439385056__TC-TY1813,Simultaneous,2018-08-07 06:00:00,31.30000,143.90000,36.01,70.0
EQ-20180808001300379151439385056__TC-TY1813,Simultaneous,2018-08-07 12:00:00,32.00000,143.10000,36.01,70.0
EQ-20180808001300379151439385056__TC-TY1813,Simultaneous,2018-08-07 18:00:00,32.50000,142.20000,36.01,70.0
EQ-20180808001300379151439385056__TC-TY1813,Simultaneous,2018-08-08 00:00:00,33.30000,141.90000,36.01,70.0
EQ-20180808001300379151439385056__TC-TY1813,Simultaneous,2018-08-08 03:00:00,33.50000,141.50000,33.44,65.0
EQ-20180808001300379151439385056__TC-TY1813,Simultaneous,2018-08-08 06:00:00,33.80000,141.20000,33.44,65.0
EQ-20180808001300379151439385056__TC-TY1813,Simultaneous,2018-08-08 09:00:00,34.10000,141.30000,33.44,65.0
EQ-20180808001300379151439385056__TC-TY1813,Simultaneous,2018-08-08 12:00:00,34.50000,141.30000,33.44,65.0
EQ-20180808001300379151439385056__TC-TY1813,Simultaneous,2018-08-08 15:00:00,34.80000,141.20000,33.44,65.0
EQ-20180808001300379151439385056__TC-TY1813,Simultaneous,2018-08-08 18:00:00,35.30000,141.00000,33.44,65.0
EQ-20180808001300379151439385056__TC-TY1813,Simultaneous,2018-08-08 21:00:00,35.80000,141.00000,33.44,65.0
EQ-20180808001300379151439385056__TC-TY1813,Simultaneous,2018-08-09 00:00:00,36.20000,141.10000,30.87,60.0
EQ-20180808001300379151439385056__TC-TY1813,Simultaneous,2018-08-09 03:00:00,36.80000,141.20000,30.87,60.0
EQ-20180808001300379151439385056__TC-TY1813,Simultaneous,2018-08-09 06:00:00,37.30000,141.40000,30.87,60.0
EQ-20180808001300379151439385056__TC-TY1813,Simultaneous,2018-08-09 09:00:00,37.60000,141.90000,28.29,55.0
EQ-20180808001300379151439385056__TC-TY1813,Simultaneous,2018-08-09 12:00:00,37.90000,142.50000,25.72,50.0
EQ-20180808001300379151439385056__TC-TY1813,Simultaneous,2018-08-09 18:00:00,39.10000,144.10000,23.15,45.0
EQ-20180808001300379151439385056__TC-TY1813,Simultaneous,2018-08-10 00:00:00,40.00000,147.20000,23.15,45.0
EQ-20180906030800426901420073767__TC-TY1821,Simultaneous,2018-08-27 18:00:00,14.50000,157.90000,18.01,35.0
EQ-20180906030800426901420073767__TC-TY1821,Simultaneous,2018-08-28 00:00:00,15.40000,157.00000,20.58,40.0
EQ-20180906030800426901420073767__TC-TY1821,Simultaneous,2018-08-28 06:00:00,16.20000,156.30000,20.58,40.0
EQ-20180906030800426901420073767__TC-TY1821,Simultaneous,2018-08-28 12:00:00,16.60000,155.60000,23.15,45.0
EQ-20180906030800426901420073767__TC-TY1821,Simultaneous,2018-08-28 18:00:00,16.70000,154.40000,25.72,50.0
EQ-20180906030800426901420073767__TC-TY1821,Simultaneous,2018-08-29 00:00:00,17.00000,153.50000,30.87,60.0
EQ-20180906030800426901420073767__TC-TY1821,Simultaneous,2018-08-29 06:00:00,17.30000,152.30000,33.44,65.0
EQ-20180906030800426901420073767__TC-TY1821,Simultaneous,2018-08-29 12:00:00,17.30000,151.40000,36.01,70.0
EQ-20180906030800426901420073767__TC-TY1821,Simultaneous,2018-08-29 18:00:00,17.40000,150.50000,41.16,80.0
EQ-20180906030800426901420073767__TC-TY1821,Simultaneous,2018-08-30 00:00:00,17.60000,149.10000,43.73,85.0
EQ-20180906030800426901420073767__TC-TY1821,Simultaneous,2018-08-30 06:00:00,17.70000,148.10000,46.30,90.0
EQ-20180906030800426901420073767__TC-TY1821,Simultaneous,2018-08-30 12:00:00,17.80000,146.90000,48.87,95.0
EQ-20180906030800426901420073767__TC-TY1821,Simultaneous,2018-08-30 18:00:00,17.80000,145.40000,51.44,100.0
EQ-20180906030800426901420073767__TC-TY1821,Simultaneous,2018-08-31 00:00:00,17.90000,144.20000,54.02,105.0
EQ-20180906030800426901420073767__TC-TY1821,Simultaneous,2018-08-31 06:00:00,18.30000,142.70000,54.02,105.0
EQ-20180906030800426901420073767__TC-TY1821,Simultaneous,2018-08-31 12:00:00,18.50000,141.50000,54.02,105.0
EQ-20180906030800426901420073767__TC-TY1821,Simultaneous,2018-08-31 18:00:00,19.10000,140.20000,54.02,105.0
EQ-20180906030800426901420073767__TC-TY1821,Simultaneous,2018-09-01 00:00:00,19.60000,139.20000,54.02,105.0
EQ-20180906030800426901420073767__TC-TY1821,Simultaneous,2018-09-01 06:00:00,20.40000,138.30000,54.02,105.0
EQ-20180906030800426901420073767__TC-TY1821,Simultaneous,2018-09-01 12:00:00,21.00000,137.30000,51.44,100.0
EQ-20180906030800426901420073767__TC-TY1821,Simultaneous,2018-09-01 18:00:00,21.80000,136.50000,48.87,95.0
EQ-20180906030800426901420073767__TC-TY1821,Simultaneous,2018-09-02 00:00:00,22.70000,135.80000,48.87,95.0
EQ-20180906030800426901420073767__TC-TY1821,Simultaneous,2018-09-02 06:00:00,23.70000,135.00000,48.87,95.0
EQ-20180906030800426901420073767__TC-TY1821,Simultaneous,2018-09-02 12:00:00,24.50000,134.40000,48.87,95.0
EQ-20180906030800426901420073767__TC-TY1821,Simultaneous,2018-09-02 18:00:00,25.50000,133.80000,48.87,95.0
EQ-20180906030800426901420073767__TC-TY1821,Simultaneous,2018-09-03 00:00:00,26.60000,133.20000,46.30,90.0
EQ-20180906030800426901420073767__TC-TY1821,Simultaneous,2018-09-03 06:00:00,27.50000,132.60000,46.30,90.0
EQ-20180906030800426901420073767__TC-TY1821,Simultaneous,2018-09-03 12:00:00,28.60000,132.60000,46.30,90.0
EQ-20180906030800426901420073767__TC-TY1821,Simultaneous,2018-09-03 15:00:00,29.40000,132.60000,43.73,85.0
EQ-20180906030800426901420073767__TC-TY1821,Simultaneous,2018-09-03 18:00:00,30.30000,132.80000,43.73,85.0
EQ-20180906030800426901420073767__TC-TY1821,Simultaneous,2018-09-03 21:00:00,31.30000,133.20000,43.73,85.0
EQ-20180906030800426901420073767__TC-TY1821,Simultaneous,2018-09-04 00:00:00,32.40000,133.70000,43.73,85.0
EQ-20180906030800426901420073767__TC-TY1821,Simultaneous,2018-09-04 02:00:00,33.30000,134.20000,43.73,85.0
EQ-20180906030800426901420073767__TC-TY1821,Simultaneous,2018-09-04 03:00:00,33.80000,134.50000,43.73,85.0
EQ-20180906030800426901420073767__TC-TY1821,Simultaneous,2018-09-04 04:00:00,34.30000,134.80000,43.73,85.0
EQ-20180906030800426901420073767__TC-TY1821,Simultaneous,2018-09-04 06:00:00,35.60000,135.70000,38.58,75.0
EQ-20180906030800426901420073767__TC-TY1821,Simultaneous,2018-09-04 09:00:00,37.10000,136.40000,36.01,70.0
EQ-20180906030800426901420073767__TC-TY1821,Simultaneous,2018-09-04 12:00:00,39.20000,137.70000,33.44,65.0
EQ-20180906030800426901420073767__TC-TY1821,Simultaneous,2018-09-04 15:00:00,41.30000,139.20000,25.72,50.0
EQ-20180906030800426901420073767__TC-TY1821,Simultaneous,2018-09-04 18:00:00,43.20000,139.90000,25.72,50.0
EQ-20180906030800426901420073767__TC-TY1821,Simultaneous,2018-09-04 21:00:00,45.00000,140.20000,25.72,50.0
EQ-201907280331003316013739739366__TC-TY1906,Simultaneous,2019-07-25 18:00:00,28.50000,137.30000,18.01,35.0
EQ-201907280331003316013739739366__TC-TY1906,Simultaneous,2019-07-26 00:00:00,29.70000,137.10000,18.01,35.0
EQ-201907280331003316013739739366__TC-TY1906,Simultaneous,2019-07-26 06:00:00,30.90000,136.20000,18.01,35.0
EQ-201907280331003316013739739366__TC-TY1906,Simultaneous,2019-07-26 12:00:00,32.00000,135.80000,18.01,35.0
EQ-201907280331003316013739739366__TC-TY1906,Simultaneous,2019-07-26 18:00:00,33.40000,135.90000,18.01,35.0
EQ-201907280331003316013739739366__TC-TY1906,Simultaneous,2019-07-26 22:00:00,34.10000,136.30000,18.01,35.0
EQ-201907280331003316013739739366__TC-TY1906,Simultaneous,2019-07-27 00:00:00,34.70000,136.40000,18.01,35.0
EQ-20191012182200346731406487554__TC-TY1919,Simultaneous,2019-10-05 18:00:00,15.10000,157.40000,18.01,35.0
EQ-20191012182200346731406487554__TC-TY1919,Simultaneous,2019-10-06 00:00:00,14.40000,155.60000,23.15,45.0
EQ-20191012182200346731406487554__TC-TY1919,Simultaneous,2019-10-06 06:00:00,14.30000,154.10000,28.29,55.0
EQ-20191012182200346731406487554__TC-TY1919,Simultaneous,2019-10-06 12:00:00,14.60000,153.00000,36.01,70.0
EQ-20191012182200346731406487554__TC-TY1919,Simultaneous,2019-10-06 18:00:00,14.90000,151.20000,41.16,80.0
EQ-20191012182200346731406487554__TC-TY1919,Simultaneous,2019-10-07 00:00:00,15.10000,149.60000,46.30,90.0
EQ-20191012182200346731406487554__TC-TY1919,Simultaneous,2019-10-07 06:00:00,15.50000,148.20000,51.44,100.0
EQ-20191012182200346731406487554__TC-TY1919,Simultaneous,2019-10-07 12:00:00,16.10000,146.60000,54.02,105.0
EQ-20191012182200346731406487554__TC-TY1919,Simultaneous,2019-10-07 18:00:00,16.50000,144.90000,54.02,105.0
EQ-20191012182200346731406487554__TC-TY1919,Simultaneous,2019-10-08 00:00:00,16.90000,143.80000,54.02,105.0
EQ-20191012182200346731406487554__TC-TY1919,Simultaneous,2019-10-08 06:00:00,17.70000,142.70000,54.02,105.0
EQ-20191012182200346731406487554__TC-TY1919,Simultaneous,2019-10-08 12:00:00,18.40000,141.80000,54.02,105.0
EQ-20191012182200346731406487554__TC-TY1919,Simultaneous,2019-10-08 18:00:00,19.30000,140.90000,54.02,105.0
EQ-20191012182200346731406487554__TC-TY1919,Simultaneous,2019-10-09 00:00:00,19.80000,140.40000,54.02,105.0
EQ-20191012182200346731406487554__TC-TY1919,Simultaneous,2019-10-09 06:00:00,20.60000,140.00000,54.02,105.0
EQ-20191012182200346731406487554__TC-TY1919,Simultaneous,2019-10-09 12:00:00,21.20000,139.60000,54.02,105.0
EQ-20191012182200346731406487554__TC-TY1919,Simultaneous,2019-10-09 18:00:00,22.00000,139.70000,54.02,105.0
EQ-20191012182200346731406487554__TC-TY1919,Simultaneous,2019-10-10 00:00:00,23.20000,139.90000,54.02,105.0
EQ-20191012182200346731406487554__TC-TY1919,Simultaneous,2019-10-10 06:00:00,24.40000,139.50000,54.02,105.0
EQ-20191012182200346731406487554__TC-TY1919,Simultaneous,2019-10-10 12:00:00,25.30000,139.00000,51.44,100.0
EQ-20191012182200346731406487554__TC-TY1919,Simultaneous,2019-10-10 18:00:00,26.30000,138.60000,48.87,95.0
EQ-20191012182200346731406487554__TC-TY1919,Simultaneous,2019-10-11 00:00:00,27.50000,138.10000,46.30,90.0
EQ-20191012182200346731406487554__TC-TY1919,Simultaneous,2019-10-11 06:00:00,28.80000,137.50000,46.30,90.0
EQ-20191012182200346731406487554__TC-TY1919,Simultaneous,2019-10-11 12:00:00,29.90000,137.10000,43.73,85.0
EQ-20191012182200346731406487554__TC-TY1919,Simultaneous,2019-10-11 15:00:00,30.30000,137.00000,43.73,85.0
EQ-20191012182200346731406487554__TC-TY1919,Simultaneous,2019-10-11 18:00:00,30.80000,137.10000,43.73,85.0
EQ-20191012182200346731406487554__TC-TY1919,Simultaneous,2019-10-11 21:00:00,31.40000,137.10000,43.73,85.0
EQ-20191012182200346731406487554__TC-TY1919,Simultaneous,2019-10-12 00:00:00,32.00000,137.40000,41.16,80.0
EQ-20191012182200346731406487554__TC-TY1919,Simultaneous,2019-10-12 03:00:00,32.80000,137.60000,41.16,80.0
EQ-20191012182200346731406487554__TC-TY1919,Simultaneous,2019-10-12 06:00:00,33.70000,138.20000,41.16,80.0
EQ-20191012182200346731406487554__TC-TY1919,Simultaneous,2019-10-12 09:00:00,34.60000,138.70000,41.16,80.0
EQ-20191012182200346731406487554__TC-TY1919,Simultaneous,2019-10-12 12:00:00,35.60000,139.60000,36.01,70.0
EQ-20191012182200346731406487554__TC-TY1919,Simultaneous,2019-10-12 15:00:00,36.90000,140.60000,33.44,65.0
EQ-20191012182200346731406487554__TC-TY1919,Simultaneous,2019-10-12 18:00:00,38.20000,141.80000,30.87,60.0
EQ-20191012182200346731406487554__TC-TY1919,Simultaneous,2019-10-12 21:00:00,39.50000,143.50000,30.87,60.0
EQ-20191012182200346731406487554__TC-TY1919,Simultaneous,2019-10-13 00:00:00,40.10000,145.10000,30.87,60.0
EQ-20230807031200307671314784354__TC-TY2306,Simultaneous,2023-07-28 00:00:00,12.80000,136.30000,18.01,35.0
EQ-20230807031200307671314784354__TC-TY2306,Simultaneous,2023-07-28 06:00:00,13.50000,135.90000,18.01,35.0
EQ-20230807031200307671314784354__TC-TY2306,Simultaneous,2023-07-28 12:00:00,14.10000,135.50000,18.01,35.0
EQ-20230807031200307671314784354__TC-TY2306,Simultaneous,2023-07-28 18:00:00,14.90000,134.70000,20.58,40.0
EQ-20230807031200307671314784354__TC-TY2306,Simultaneous,2023-07-29 00:00:00,15.60000,134.10000,20.58,40.0
EQ-20230807031200307671314784354__TC-TY2306,Simultaneous,2023-07-29 06:00:00,16.10000,133.80000,23.15,45.0
EQ-20230807031200307671314784354__TC-TY2306,Simultaneous,2023-07-29 12:00:00,16.80000,133.60000,25.72,50.0
EQ-20230807031200307671314784354__TC-TY2306,Simultaneous,2023-07-29 18:00:00,17.60000,133.10000,28.29,55.0
EQ-20230807031200307671314784354__TC-TY2306,Simultaneous,2023-07-30 00:00:00,18.40000,132.90000,33.44,65.0
EQ-20230807031200307671314784354__TC-TY2306,Simultaneous,2023-07-30 06:00:00,19.60000,132.70000,36.01,70.0
EQ-20230807031200307671314784354__TC-TY2306,Simultaneous,2023-07-30 12:00:00,20.30000,132.40000,38.58,75.0
EQ-20230807031200307671314784354__TC-TY2306,Simultaneous,2023-07-30 18:00:00,21.10000,132.10000,41.16,80.0
EQ-20230807031200307671314784354__TC-TY2306,Simultaneous,2023-07-30 21:00:00,21.50000,132.10000,41.16,80.0
EQ-20230807031200307671314784354__TC-TY2306,Simultaneous,2023-07-31 00:00:00,22.00000,132.00000,43.73,85.0
EQ-20230807031200307671314784354__TC-TY2306,Simultaneous,2023-07-31 03:00:00,22.40000,131.80000,43.73,85.0
EQ-20230807031200307671314784354__TC-TY2306,Simultaneous,2023-07-31 06:00:00,22.80000,131.60000,43.73,85.0
EQ-20230807031200307671314784354__TC-TY2306,Simultaneous,2023-07-31 09:00:00,23.10000,131.30000,43.73,85.0
EQ-20230807031200307671314784354__TC-TY2306,Simultaneous,2023-07-31 12:00:00,23.40000,131.10000,46.30,90.0
EQ-20230807031200307671314784354__TC-TY2306,Simultaneous,2023-07-31 15:00:00,23.80000,130.70000,46.30,90.0
EQ-20230807031200307671314784354__TC-TY2306,Simultaneous,2023-07-31 18:00:00,24.10000,130.30000,46.30,90.0
EQ-20230807031200307671314784354__TC-TY2306,Simultaneous,2023-07-31 21:00:00,24.40000,129.80000,46.30,90.0
EQ-20230807031200307671314784354__TC-TY2306,Simultaneous,2023-08-01 00:00:00,24.60000,129.40000,48.87,95.0
EQ-20230807031200307671314784354__TC-TY2306,Simultaneous,2023-08-01 03:00:00,24.80000,129.00000,48.87,95.0
EQ-20230807031200307671314784354__TC-TY2306,Simultaneous,2023-08-01 06:00:00,25.00000,128.70000,48.87,95.0
EQ-20230807031200307671314784354__TC-TY2306,Simultaneous,2023-08-01 09:00:00,25.20000,128.40000,48.87,95.0
EQ-20230807031200307671314784354__TC-TY2306,Simultaneous,2023-08-01 12:00:00,25.30000,128.00000,48.87,95.0
EQ-20230807031200307671314784354__TC-TY2306,Simultaneous,2023-08-01 15:00:00,25.30000,127.60000,48.87,95.0
EQ-20230807031200307671314784354__TC-TY2306,Simultaneous,2023-08-01 18:00:00,25.50000,127.40000,46.30,90.0
EQ-20230807031200307671314784354__TC-TY2306,Simultaneous,2023-08-01 21:00:00,25.70000,127.00000,46.30,90.0
EQ-20230807031200307671314784354__TC-TY2306,Simultaneous,2023-08-02 00:00:00,25.70000,126.90000,46.30,90.0
EQ-20230807031200307671314784354__TC-TY2306,Simultaneous,2023-08-02 03:00:00,26.10000,126.50000,46.30,90.0
EQ-20230807031200307671314784354__TC-TY2306,Simultaneous,2023-08-02 06:00:00,26.10000,126.10000,46.30,90.0
EQ-20230807031200307671314784354__TC-TY2306,Simultaneous,2023-08-02 09:00:00,26.10000,125.80000,46.30,90.0
EQ-20230807031200307671314784354__TC-TY2306,Simultaneous,2023-08-02 12:00:00,26.20000,125.60000,46.30,90.0
EQ-20230807031200307671314784354__TC-TY2306,Simultaneous,2023-08-02 15:00:00,26.20000,125.30000,46.30,90.0
EQ-20230807031200307671314784354__TC-TY2306,Simultaneous,2023-08-02 18:00:00,26.50000,125.00000,46.30,90.0
EQ-20230807031200307671314784354__TC-TY2306,Simultaneous,2023-08-02 21:00:00,26.50000,124.80000,46.30,90.0
EQ-20230807031200307671314784354__TC-TY2306,Simultaneous,2023-08-03 00:00:00,26.60000,124.70000,43.73,85.0
EQ-20230807031200307671314784354__TC-TY2306,Simultaneous,2023-08-03 03:00:00,26.70000,124.50000,43.73,85.0
EQ-20230807031200307671314784354__TC-TY2306,Simultaneous,2023-08-03 06:00:00,26.60000,124.20000,41.16,80.0
EQ-20230807031200307671314784354__TC-TY2306,Simultaneous,2023-08-03 09:00:00,26.60000,124.20000,41.16,80.0
EQ-20230807031200307671314784354__TC-TY2306,Simultaneous,2023-08-03 12:00:00,26.60000,124.20000,36.01,70.0
EQ-20230807031200307671314784354__TC-TY2306,Simultaneous,2023-08-03 15:00:00,26.70000,124.30000,36.01,70.0
EQ-20230807031200307671314784354__TC-TY2306,Simultaneous,2023-08-03 18:00:00,26.80000,124.30000,33.44,65.0
EQ-20230807031200307671314784354__TC-TY2306,Simultaneous,2023-08-03 21:00:00,26.90000,124.40000,33.44,65.0
EQ-20230807031200307671314784354__TC-TY2306,Simultaneous,2023-08-04 00:00:00,27.00000,124.50000,30.87,60.0
EQ-20230807031200307671314784354__TC-TY2306,Simultaneous,2023-08-04 03:00:00,27.00000,124.80000,30.87,60.0
EQ-20230807031200307671314784354__TC-TY2306,Simultaneous,2023-08-04 06:00:00,27.20000,125.10000,30.87,60.0
EQ-20230807031200307671314784354__TC-TY2306,Simultaneous,2023-08-04 09:00:00,27.30000,125.50000,30.87,60.0
EQ-20230807031200307671314784354__TC-TY2306,Simultaneous,2023-08-04 12:00:00,27.50000,125.70000,30.87,60.0
EQ-20230807031200307671314784354__TC-TY2306,Simultaneous,2023-08-04 15:00:00,27.50000,126.00000,30.87,60.0
EQ-20230807031200307671314784354__TC-TY2306,Simultaneous,2023-08-04 18:00:00,27.70000,126.40000,28.29,55.0
EQ-20230807031200307671314784354__TC-TY2306,Simultaneous,2023-08-04 21:00:00,27.80000,126.60000,28.29,55.0
EQ-20230807031200307671314784354__TC-TY2306,Simultaneous,2023-08-05 00:00:00,27.70000,126.80000,28.29,55.0
EQ-20230807031200307671314784354__TC-TY2306,Simultaneous,2023-08-05 03:00:00,27.70000,127.20000,28.29,55.0
EQ-20230807031200307671314784354__TC-TY2306,Simultaneous,2023-08-05 06:00:00,27.80000,127.60000,25.72,50.0
EQ-20230807031200307671314784354__TC-TY2306,Simultaneous,2023-08-05 09:00:00,27.80000,128.10000,25.72,50.0
EQ-20230807031200307671314784354__TC-TY2306,Simultaneous,2023-08-05 12:00:00,27.80000,128.40000,25.72,50.0
EQ-20230807031200307671314784354__TC-TY2306,Simultaneous,2023-08-05 15:00:00,27.90000,128.70000,25.72,50.0
EQ-20230807031200307671314784354__TC-TY2306,Simultaneous,2023-08-05 18:00:00,28.00000,128.90000,25.72,50.0
EQ-20230807031200307671314784354__TC-TY2306,Simultaneous,2023-08-05 21:00:00,27.90000,129.00000,25.72,50.0
EQ-20230807031200307671314784354__TC-TY2306,Simultaneous,2023-08-06 00:00:00,27.80000,129.50000,25.72,50.0
EQ-20230807031200307671314784354__TC-TY2306,Simultaneous,2023-08-06 03:00:00,27.80000,129.70000,25.72,50.0
EQ-20230807031200307671314784354__TC-TY2306,Simultaneous,2023-08-06 06:00:00,27.80000,129.90000,25.72,50.0
EQ-20230807031200307671314784354__TC-TY2306,Simultaneous,2023-08-06 09:00:00,27.80000,130.30000,25.72,50.0
EQ-20230807031200307671314784354__TC-TY2306,Simultaneous,2023-08-06 12:00:00,27.40000,130.40000,25.72,50.0
EQ-20230807031200307671314784354__TC-TY2306,Simultaneous,2023-08-06 15:00:00,27.40000,130.70000,25.72,50.0
EQ-20230807031200307671314784354__TC-TY2306,Simultaneous,2023-08-06 18:00:00,27.50000,130.90000,25.72,50.0
EQ-20230807031200307671314784354__TC-TY2306,Simultaneous,2023-08-06 21:00:00,27.60000,131.00000,25.72,50.0
EQ-20230807031200307671314784354__TC-TY2306,Simultaneous,2023-08-07 00:00:00,27.80000,131.20000,25.72,50.0
EQ-20230807031200307671314784354__TC-TY2306,Simultaneous,2023-08-07 03:00:00,27.90000,131.20000,25.72,50.0
EQ-20230807031200307671314784354__TC-TY2306,Simultaneous,2023-08-07 06:00:00,27.90000,131.10000,25.72,50.0
EQ-20230807031200307671314784354__TC-TY2306,Simultaneous,2023-08-07 09:00:00,28.00000,131.10000,25.72,50.0
EQ-20230807031200307671314784354__TC-TY2306,Simultaneous,2023-08-07 12:00:00,28.20000,131.10000,23.15,45.0
EQ-20230807031200307671314784354__TC-TY2306,Simultaneous,2023-08-07 15:00:00,28.30000,131.10000,23.15,45.0
EQ-20230807031200307671314784354__TC-TY2306,Simultaneous,2023-08-07 18:00:00,28.40000,131.10000,23.15,45.0
EQ-20230807031200307671314784354__TC-TY2306,Simultaneous,2023-08-07 21:00:00,28.60000,131.10000,23.15,45.0
EQ-20230807031200307671314784354__TC-TY2306,Simultaneous,2023-08-08 00:00:00,28.90000,131.00000,23.15,45.0
EQ-20230807031200307671314784354__TC-TY2306,Simultaneous,2023-08-08 03:00:00,29.10000,130.90000,23.15,45.0
EQ-20230807031200307671314784354__TC-TY2306,Simultaneous,2023-08-08 06:00:00,29.40000,130.70000,25.72,50.0
EQ-20230807031200307671314784354__TC-TY2306,Simultaneous,2023-08-08 09:00:00,29.70000,130.60000,25.72,50.0
EQ-20230807031200307671314784354__TC-TY2306,Simultaneous,2023-08-08 12:00:00,29.90000,130.40000,25.72,50.0
EQ-20230807031200307671314784354__TC-TY2306,Simultaneous,2023-08-08 15:00:00,30.20000,130.10000,25.72,50.0
EQ-20230807031200307671314784354__TC-TY2306,Simultaneous,2023-08-08 18:00:00,30.40000,129.70000,25.72,50.0
EQ-20230807031200307671314784354__TC-TY2306,Simultaneous,2023-08-08 21:00:00,30.60000,129.50000,25.72,50.0
EQ-20230807031200307671314784354__TC-TY2306,Simultaneous,2023-08-09 00:00:00,30.90000,129.30000,25.72,50.0
EQ-20230807031200307671314784354__TC-TY2306,Simultaneous,2023-08-09 03:00:00,31.30000,129.00000,25.72,50.0
EQ-20230807031200307671314784354__TC-TY2306,Simultaneous,2023-08-09 06:00:00,31.60000,128.90000,25.72,50.0
EQ-20230807031200307671314784354__TC-TY2306,Simultaneous,2023-08-09 09:00:00,31.90000,128.80000,25.72,50.0
EQ-20230807031200307671314784354__TC-TY2306,Simultaneous,2023-08-09 12:00:00,32.40000,128.80000,25.72,50.0
EQ-20230807031200307671314784354__TC-TY2306,Simultaneous,2023-08-09 15:00:00,32.70000,128.60000,25.72,50.0
EQ-20230807031200307671314784354__TC-TY2306,Simultaneous,2023-08-09 18:00:00,33.40000,128.60000,25.72,50.0
EQ-20230807031200307671314784354__TC-TY2306,Simultaneous,2023-08-09 21:00:00,34.10000,128.60000,25.72,50.0
EQ-20230807031200307671314784354__TC-TY2306,Simultaneous,2023-08-10 00:00:00,34.80000,128.70000,23.15,45.0
EQ-20230825074800394871433381560__TC-TY2310,Simultaneous,2023-08-24 18:00:00,18.00000,153.80000,18.01,35.0
EQ-20230825074800394871433381560__TC-TY2310,Simultaneous,2023-08-25 00:00:00,18.70000,154.70000,18.01,35.0
EQ-20230825074800394871433381560__TC-TY2310,Simultaneous,2023-08-25 06:00:00,20.00000,155.50000,20.58,40.0
EQ-20230825074800394871433381560__TC-TY2310,Simultaneous,2023-08-25 12:00:00,21.50000,155.30000,20.58,40.0
EQ-20230825074800394871433381560__TC-TY2310,Simultaneous,2023-08-25 18:00:00,23.00000,154.70000,20.58,40.0
EQ-20230825074800394871433381560__TC-TY2310,Simultaneous,2023-08-26 00:00:00,24.20000,154.00000,23.15,45.0
EQ-20230825074800394871433381560__TC-TY2310,Simultaneous,2023-08-26 06:00:00,26.10000,152.90000,25.72,50.0
EQ-20230825074800394871433381560__TC-TY2310,Simultaneous,2023-08-26 12:00:00,27.80000,151.10000,25.72,50.0
EQ-20230825074800394871433381560__TC-TY2310,Simultaneous,2023-08-26 18:00:00,29.60000,149.30000,25.72,50.0
EQ-20230825074800394871433381560__TC-TY2310,Simultaneous,2023-08-27 00:00:00,31.70000,147.30000,25.72,50.0
EQ-20230825074800394871433381560__TC-TY2310,Simultaneous,2023-08-27 06:00:00,33.90000,145.70000,25.72,50.0
EQ-20230825074800394871433381560__TC-TY2310,Simultaneous,2023-08-27 12:00:00,35.60000,144.60000,25.72,50.0
EQ-20230825074800394871433381560__TC-TY2310,Simultaneous,2023-08-27 18:00:00,37.10000,144.20000,23.15,45.0
EQ-20230825074800394871433381560__TC-TY2310,Simultaneous,2023-08-28 00:00:00,38.50000,144.60000,23.15,45.0
EQ-20230825074800394871433381560__TC-TY2310,Simultaneous,2023-08-28 06:00:00,39.60000,145.40000,23.15,45.0
EQ-20230825074800394871433381560__TC-TY2310,Simultaneous,2023-08-28 12:00:00,40.60000,147.20000,25.72,50.0
EQ-20230825074800394871433381560__TC-TY2310,Simultaneous,2023-08-28 18:00:00,41.00000,149.50000,25.72,50.0
EQ-20230825074800394871433381560__TC-TY2310,Simultaneous,2023-08-29 00:00:00,41.20000,152.30000,23.15,45.0
