{"type": "FeatureCollection", "features": [{"type": "Feature", "properties": {"id": "えりも町", "name": "えりも町"}, "geometry": {"type": "Polygon", "coordinates": [[[143.141666666665, 42.0083333333335], [143.141666666665, 42.0166666666668], [143.133333333332, 42.0166666666668], [143.133333333332, 42.0250000000001], [143.116666666665, 42.0250000000001], [143.116666666665, 42.0333333333335], [143.099999999999, 42.0333333333335], [143.099999999999, 42.0416666666668], [143.091666666665, 42.0416666666668], [143.091666666665, 42.0500000000001], [143.066666666665, 42.0500000000001], [143.066666666665, 42.0666666666668], [143.083333333332, 42.0666666666668], [143.083333333332, 42.0750000000001], [143.166666666665, 42.0750000000001], [143.166666666665, 42.0833333333335], [143.174999999999, 42.0833333333335], [143.174999999999, 42.0916666666668], [143.183333333332, 42.0916666666668], [143.183333333332, 42.1000000000001], [143.199999999999, 42.1000000000001], [143.199999999999, 42.1083333333335], [143.183333333332, 42.1083333333335], [143.183333333332, 42.1166666666668], [143.174999999999, 42.1166666666668], [143.174999999999, 42.1250000000001], [143.183333333332, 42.1250000000001], [143.183333333332, 42.1333333333335], [143.191666666665, 42.1333333333335], [143.191666666665, 42.1416666666668], [143.183333333332, 42.1416666666668], [143.183333333332, 42.1583333333335], [143.174999999999, 42.1583333333335], [143.174999999999, 42.1833333333335], [143.191666666665, 42.1833333333335], [143.191666666665, 42.1916666666668], [143.208333333332, 42.1916666666668], [143.208333333332, 42.1833333333335], [143.241666666665, 42.1833333333335], [143.241666666665, 42.1750000000001], [143.258333333332, 42.1750000000001], [143.258333333332, 42.1666666666668], [143.308333333332, 42.1666666666668], [143.308333333332, 42.1583333333335], [143.324999999998, 42.1583333333335], [143.324999999998, 42.1083333333335], [143.316666666665, 42.1083333333335], [143.316666666665, 42.0833333333335], [143.308333333332, 42.0833333333335], [143.308333333332, 42.0583333333335], [143.316666666665, 42.0583333333335], [143.316666666665, 42.0500000000001], [143.308333333332, 42.0500000000001], [143.308333333332, 42.0416666666668], [143.299999999998, 42.0416666666668], [143.299999999998, 42.0333333333335], [143.291666666665, 42.0333333333335], [143.291666666665, 42.0166666666668], [143.266666666665, 42.0166666666668], [143.266666666665, 42.0083333333335], [143.258333333332, 42.0083333333335], [143.258333333332, 41.9833333333335], [143.249999999998, 41.9833333333335], [143.249999999998, 41.9250000000001], [143.233333333332, 41.9250000000001], [143.233333333332, 41.9333333333335], [143.224999999999, 41.9333333333335], [143.224999999999, 41.9416666666668], [143.216666666665, 41.9416666666668], [143.216666666665, 41.9500000000001], [143.191666666665, 41.9500000000001], [143.191666666665, 41.9583333333335], [143.183333333332, 41.9583333333335], [143.183333333332, 41.9666666666668], [143.174999999999, 41.9666666666668], [143.174999999999, 41.9750000000001], [143.158333333332, 41.9750000000001], [143.158333333332, 42.0000000000001], [143.149999999999, 42.0000000000001], [143.149999999999, 42.0083333333335], [143.141666666665, 42.0083333333335]]]}}, {"type": "Feature", "properties": {"id": "せたな町", "name": "せたな町"}, "geometry": {"type": "Polygon", "coordinates": [[[139.791666666656, 42.2250000000001], [139.791666666656, 42.2333333333335], [139.783333333323, 42.2333333333335], [139.783333333323, 42.2500000000001], [139.774999999989, 42.2500000000001], [139.774999999989, 42.3000000000001], [139.766666666656, 42.3000000000001], [139.766666666656, 42.3166666666668], [139.774999999989, 42.3166666666668], [139.774999999989, 42.3583333333335], [139.799999999989, 42.3583333333335], [139.799999999989, 42.3750000000001], [139.808333333323, 42.3750000000001], [139.808333333323, 42.3833333333335], [139.816666666656, 42.3833333333335], [139.816666666656, 42.3916666666668], [139.833333333323, 42.3916666666668], [139.833333333323, 42.4083333333335], [139.841666666656, 42.4083333333335], [139.841666666656, 42.4583333333334], [139.849999999989, 42.4583333333334], [139.849999999989, 42.4666666666668], [139.841666666656, 42.4666666666668], [139.841666666656, 42.5333333333334], [139.833333333323, 42.5333333333334], [139.833333333323, 42.5750000000001], [139.824999999989, 42.5750000000001], [139.824999999989, 42.6166666666668], [139.841666666656, 42.6166666666668], [139.841666666656, 42.6083333333334], [139.874999999989, 42.6083333333334], [139.874999999989, 42.6166666666668], [139.941666666656, 42.6166666666668], [139.941666666656, 42.6000000000001], [139.933333333323, 42.6000000000001], [139.933333333323, 42.5916666666668], [139.966666666656, 42.5916666666668], [139.966666666656, 42.5833333333334], [139.983333333323, 42.5833333333334], [139.983333333323, 42.5750000000001], [139.991666666656, 42.5750000000001], [139.991666666656, 42.5833333333334], [140.008333333323, 42.5833333333334], [140.008333333323, 42.5750000000001], [140.016666666656, 42.5750000000001], [140.016666666656, 42.5666666666668], [140.024999999989, 42.5666666666668], [140.024999999989, 42.5583333333334], [140.033333333323, 42.5583333333334], [140.033333333323, 42.5500000000001], [140.024999999989, 42.5500000000001], [140.024999999989, 42.5416666666668], [140.016666666656, 42.5416666666668], [140.016666666656, 42.5333333333334], [139.999999999989, 42.5333333333334], [139.999999999989, 42.5250000000001], [139.983333333323, 42.5250000000001], [139.983333333323, 42.5166666666668], [139.974999999989, 42.5166666666668], [139.974999999989, 42.5083333333334], [139.966666666656, 42.5083333333334], [139.966666666656, 42.5000000000001], [139.974999999989, 42.5000000000001], [139.974999999989, 42.4916666666668], [139.983333333323, 42.4916666666668], [139.983333333323, 42.4833333333334], [139.991666666656, 42.4833333333334], [139.991666666656, 42.4750000000001], [139.983333333323, 42.4750000000001], [139.983333333323, 42.4583333333334], [139.974999999989, 42.4583333333334], [139.974999999989, 42.4500000000001], [139.966666666656, 42.4500000000001], [139.966666666656, 42.4416666666668], [139.958333333323, 42.4416666666668], [139.958333333323, 42.4166666666668], [139.941666666656, 42.4166666666668], [139.941666666656, 42.4083333333334], [139.933333333323, 42.4083333333334], [139.933333333323, 42.4000000000001], [139.949999999989, 42.4000000000001], [139.949999999989, 42.3916666666668], [139.958333333323, 42.3916666666668], [139.958333333323, 42.3833333333334], [139.949999999989, 42.3833333333334], [139.949999999989, 42.3666666666668], [139.958333333323, 42.3666666666668], [139.958333333323, 42.3500000000001], [139.966666666656, 42.3500000000001], [139.966666666656, 42.3166666666668], [139.974999999989, 42.3166666666668], [139.974999999989, 42.3083333333335], [139.983333333323, 42.3083333333335], [139.983333333323, 42.2916666666668], [139.991666666656, 42.2916666666668], [139.991666666656, 42.2750000000001], [140.016666666656, 42.2750000000001], [140.016666666656, 42.2666666666668], [140.024999999989, 42.2666666666668], [140.024999999989, 42.2500000000001], [140.033333333323, 42.2500000000001], [140.033333333323, 42.2250000000001], [140.016666666656, 42.2250000000001], [140.016666666656, 42.2166666666668], [140.008333333323, 42.2166666666668], [140.008333333323, 42.2083333333335], [139.999999999989, 42.2083333333335], [139.999999999989, 42.2000000000001], [139.958333333323, 42.2000000000001], [139.958333333323, 42.1916666666668], [139.941666666656, 42.1916666666668], [139.941666666656, 42.1833333333335], [139.933333333323, 42.1833333333335], [139.933333333323, 42.1500000000001], [139.924999999989, 42.1500000000001], [139.924999999989, 42.1333333333335], [139.916666666656, 42.1333333333335], [139.916666666656, 42.1416666666668], [139.908333333323, 42.1416666666668], [139.908333333323, 42.1666666666668], [139.899999999989, 42.1666666666668], [139.899999999989, 42.1750000000001], [139.891666666656, 42.1750000000001], [139.891666666656, 42.1833333333335], [139.883333333323, 42.1833333333335], [139.883333333323, 42.1916666666668], [139.874999999989, 42.1916666666668], [139.874999999989, 42.2083333333335], [139.866666666656, 42.2083333333335], [139.866666666656, 42.2166666666668], [139.808333333323, 42.2166666666668], [139.808333333323, 42.2250000000001], [139.791666666656, 42.2250000000001]], [[139.924999999989, 42.4083333333335], [139.933333333323, 42.4083333333335], [139.933333333323, 42.4166666666668], [139.924999999989, 42.4166666666668], [139.924999999989, 42.4083333333335]]]}}, {"type": "Feature", "properties": {"id": "むかわ町", "name": "むかわ町"}, "geometry": {"type": "Polygon", "coordinates": [[[141.924999999987, 42.5583333333334], [141.908333333321, 42.5583333333334], [141.908333333321, 42.5750000000001], [141.891666666654, 42.5750000000001], [141.891666666654, 42.5833333333334], [141.874999999988, 42.5833333333334], [141.874999999988, 42.5916666666668], [141.883333333321, 42.5916666666668], [141.883333333321, 42.6000000000001], [141.891666666654, 42.6000000000001], [141.891666666654, 42.6083333333334], [141.908333333321, 42.6083333333334], [141.908333333321, 42.6166666666668], [141.924999999987, 42.6166666666668], [141.924999999987, 42.6333333333334], [141.933333333321, 42.6333333333334], [141.933333333321, 42.6416666666668], [141.999999999987, 42.6416666666668], [141.999999999987, 42.6750000000001], [141.991666666654, 42.6750000000001], [141.991666666654, 42.6916666666668], [141.999999999987, 42.6916666666668], [141.999999999987, 42.7000000000001], [142.008333333321, 42.7000000000001], [142.008333333321, 42.7083333333334], [142.016666666654, 42.7083333333334], [142.016666666654, 42.7166666666668], [142.033333333321, 42.7166666666668], [142.033333333321, 42.7250000000001], [142.041666666654, 42.7250000000001], [142.041666666654, 42.7333333333334], [142.049999999987, 42.7333333333334], [142.049999999987, 42.7416666666668], [142.058333333321, 42.7416666666668], [142.058333333321, 42.7500000000001], [142.066666666654, 42.7500000000001], [142.066666666654, 42.7583333333334], [142.074999999987, 42.7583333333334], [142.074999999987, 42.7666666666668], [142.083333333321, 42.7666666666668], [142.083333333321, 42.7750000000001], [142.091666666654, 42.7750000000001], [142.091666666654, 42.8000000000001], [142.099999999987, 42.8000000000001], [142.099999999987, 42.8083333333334], [142.108333333321, 42.8083333333334], [142.108333333321, 42.8333333333334], [142.099999999987, 42.8333333333334], [142.099999999987, 42.8500000000001], [142.091666666654, 42.8500000000001], [142.091666666654, 42.8666666666668], [142.083333333321, 42.8666666666668], [142.083333333321, 42.8750000000001], [142.091666666654, 42.8750000000001], [142.091666666654, 42.8833333333334], [142.099999999987, 42.8833333333334], [142.099999999987, 42.8916666666668], [142.108333333321, 42.8916666666668], [142.108333333321, 42.9166666666668], [142.124999999987, 42.9166666666668], [142.124999999987, 42.9250000000001], [142.141666666654, 42.9250000000001], [142.141666666654, 42.9500000000001], [142.166666666654, 42.9500000000001], [142.166666666654, 42.9583333333334], [142.183333333321, 42.9583333333334], [142.183333333321, 42.9500000000001], [142.199999999987, 42.9500000000001], [142.199999999987, 42.9583333333334], [142.216666666654, 42.9583333333334], [142.216666666654, 42.9666666666668], [142.224999999987, 42.9666666666668], [142.224999999987, 42.9750000000001], [142.241666666654, 42.9750000000001], [142.241666666654, 42.9666666666668], [142.258333333321, 42.9666666666668], [142.258333333321, 42.9833333333334], [142.28333333332, 42.9833333333334], [142.28333333332, 42.9583333333334], [142.274999999987, 42.9583333333334], [142.274999999987, 42.9416666666668], [142.299999999987, 42.9416666666668], [142.299999999987, 42.9333333333334], [142.30833333332, 42.9333333333334], [142.30833333332, 42.9166666666668], [142.324999999987, 42.9166666666668], [142.324999999987, 42.9083333333334], [142.33333333332, 42.9083333333334], [142.33333333332, 42.8916666666668], [142.316666666654, 42.8916666666668], [142.316666666654, 42.8583333333334], [142.30833333332, 42.8583333333334], [142.30833333332, 42.7916666666668], [142.299999999987, 42.7916666666668], [142.299999999987, 42.7750000000001], [142.291666666654, 42.7750000000001], [142.291666666654, 42.7666666666668], [142.274999999987, 42.7666666666668], [142.274999999987, 42.7583333333334], [142.258333333321, 42.7583333333334], [142.258333333321, 42.7500000000001], [142.249999999987, 42.7500000000001], [142.249999999987, 42.7416666666668], [142.216666666654, 42.7416666666668], [142.216666666654, 42.7333333333334], [142.208333333321, 42.7333333333334], [142.208333333321, 42.7250000000001], [142.191666666654, 42.7250000000001], [142.191666666654, 42.7166666666668], [142.183333333321, 42.7166666666668], [142.183333333321, 42.7000000000001], [142.174999999987, 42.7000000000001], [142.174999999987, 42.6916666666668], [142.166666666654, 42.6916666666668], [142.166666666654, 42.6833333333334], [142.158333333321, 42.6833333333334], [142.158333333321, 42.6750000000001], [142.149999999987, 42.6750000000001], [142.149999999987, 42.6583333333334], [142.141666666654, 42.6583333333334], [142.141666666654, 42.6500000000001], [142.133333333321, 42.6500000000001], [142.133333333321, 42.6333333333334], [142.124999999987, 42.6333333333334], [142.124999999987, 42.6000000000001], [142.116666666654, 42.6000000000001], [142.116666666654, 42.5916666666668], [142.099999999987, 42.5916666666668], [142.099999999987, 42.5833333333334], [142.091666666654, 42.5833333333334], [142.091666666654, 42.5750000000001], [142.058333333321, 42.5750000000001], [142.058333333321, 42.5666666666668], [142.049999999987, 42.5666666666668], [142.049999999987, 42.5583333333334], [142.033333333321, 42.5583333333334], [142.033333333321, 42.5500000000001], [142.016666666654, 42.5500000000001], [142.016666666654, 42.5416666666668], [141.974999999987, 42.5416666666668], [141.974999999987, 42.5333333333334], [141.949999999987, 42.5333333333334], [141.949999999987, 42.5416666666668], [141.933333333321, 42.5416666666668], [141.933333333321, 42.5500000000001], [141.924999999987, 42.5500000000001], [141.924999999987, 42.5583333333334]]]}}, {"type": "Feature", "properties": {"id": "ニセコ町", "name": "ニセコ町"}, "geometry": {"type": "Polygon", "coordinates": [[[140.683333333322, 42.7083333333334], [140.583333333322, 42.7083333333334], [140.583333333322, 42.7166666666668], [140.566666666655, 42.7166666666668], [140.566666666655, 42.7333333333334], [140.574999999989, 42.7333333333334], [140.574999999989, 42.7416666666668], [140.583333333322, 42.7416666666668], [140.583333333322, 42.7666666666668], [140.591666666655, 42.7666666666668], [140.591666666655, 42.7750000000001], [140.599999999989, 42.7750000000001], [140.599999999989, 42.8000000000001], [140.624999999989, 42.8000000000001], [140.624999999989, 42.8083333333334], [140.633333333322, 42.8083333333334], [140.633333333322, 42.8166666666668], [140.624999999989, 42.8166666666668], [140.624999999989, 42.8666666666668], [140.633333333322, 42.8666666666668], [140.633333333322, 42.8750000000001], [140.658333333322, 42.8750000000001], [140.658333333322, 42.8666666666668], [140.674999999989, 42.8666666666668], [140.674999999989, 42.8500000000001], [140.683333333322, 42.8500000000001], [140.683333333322, 42.8416666666668], [140.691666666655, 42.8416666666668], [140.691666666655, 42.8333333333334], [140.699999999989, 42.8333333333334], [140.699999999989, 42.8250000000001], [140.716666666655, 42.8250000000001], [140.716666666655, 42.8416666666668], [140.749999999989, 42.8416666666668], [140.749999999989, 42.8333333333334], [140.791666666655, 42.8333333333334], [140.791666666655, 42.8250000000001], [140.799999999989, 42.8250000000001], [140.799999999989, 42.8166666666668], [140.783333333322, 42.8166666666668], [140.783333333322, 42.8083333333334], [140.774999999989, 42.8083333333334], [140.774999999989, 42.8000000000001], [140.758333333322, 42.8000000000001], [140.758333333322, 42.7833333333334], [140.733333333322, 42.7833333333334], [140.733333333322, 42.7750000000001], [140.724999999989, 42.7750000000001], [140.724999999989, 42.7583333333334], [140.716666666655, 42.7583333333334], [140.716666666655, 42.7500000000001], [140.724999999989, 42.7500000000001], [140.724999999989, 42.7416666666668], [140.733333333322, 42.7416666666668], [140.733333333322, 42.7333333333334], [140.766666666655, 42.7333333333334], [140.766666666655, 42.7166666666668], [140.758333333322, 42.7166666666668], [140.758333333322, 42.7083333333334], [140.741666666655, 42.7083333333334], [140.741666666655, 42.7166666666668], [140.683333333322, 42.7166666666668], [140.683333333322, 42.7083333333334]]]}}, {"type": "Feature", "properties": {"id": "七飯町", "name": "七飯町"}, "geometry": {"type": "Polygon", "coordinates": [[[140.616666666655, 41.9250000000001], [140.616666666655, 41.9500000000001], [140.608333333322, 41.9500000000001], [140.608333333322, 41.9583333333335], [140.583333333322, 41.9583333333335], [140.583333333322, 41.9666666666668], [140.574999999989, 41.9666666666668], [140.574999999989, 41.9750000000001], [140.583333333322, 41.9750000000001], [140.583333333322, 41.9916666666668], [140.591666666655, 41.9916666666668], [140.591666666655, 42.0000000000001], [140.691666666655, 42.0000000000001], [140.691666666655, 42.0083333333335], [140.699999999989, 42.0083333333335], [140.699999999989, 42.0166666666668], [140.691666666655, 42.0166666666668], [140.691666666655, 42.0416666666668], [140.683333333322, 42.0416666666668], [140.683333333322, 42.0583333333335], [140.699999999989, 42.0583333333335], [140.699999999989, 42.0500000000001], [140.716666666655, 42.0500000000001], [140.716666666655, 42.0416666666668], [140.733333333322, 42.0416666666668], [140.733333333322, 42.0250000000001], [140.741666666655, 42.0250000000001], [140.741666666655, 42.0083333333335], [140.749999999989, 42.0083333333335], [140.749999999989, 42.0000000000001], [140.774999999989, 42.0000000000001], [140.774999999989, 41.9916666666668], [140.783333333322, 41.9916666666668], [140.783333333322, 41.9333333333335], [140.791666666655, 41.9333333333335], [140.791666666655, 41.9250000000001], [140.783333333322, 41.9250000000001], [140.783333333322, 41.9083333333335], [140.774999999989, 41.9083333333335], [140.774999999989, 41.8916666666668], [140.766666666655, 41.8916666666668], [140.766666666655, 41.8750000000001], [140.749999999989, 41.8750000000001], [140.749999999989, 41.8666666666668], [140.741666666655, 41.8666666666668], [140.741666666655, 41.8583333333335], [140.733333333322, 41.8583333333335], [140.733333333322, 41.8500000000001], [140.683333333322, 41.8500000000001], [140.683333333322, 41.8750000000001], [140.666666666655, 41.8750000000001], [140.666666666655, 41.8833333333335], [140.674999999989, 41.8833333333335], [140.674999999989, 41.8916666666668], [140.666666666655, 41.8916666666668], [140.666666666655, 41.9083333333335], [140.658333333322, 41.9083333333335], [140.658333333322, 41.9166666666668], [140.633333333322, 41.9166666666668], [140.633333333322, 41.9250000000001], [140.616666666655, 41.9250000000001]]]}}, {"type": "Feature", "properties": {"id": "三笠市", "name": "三笠市"}, "geometry": {"type": "Polygon", "coordinates": [[[141.883333333321, 43.2000000000001], [141.824999999988, 43.2000000000001], [141.824999999988, 43.2250000000001], [141.816666666654, 43.2250000000001], [141.816666666654, 43.2333333333334], [141.799999999988, 43.2333333333334], [141.799999999988, 43.2500000000001], [141.833333333321, 43.2500000000001], [141.833333333321, 43.2583333333334], [141.866666666654, 43.2583333333334], [141.866666666654, 43.2666666666667], [141.874999999988, 43.2666666666667], [141.874999999988, 43.2750000000001], [141.883333333321, 43.2750000000001], [141.883333333321, 43.2833333333334], [141.899999999988, 43.2833333333334], [141.899999999988, 43.2916666666667], [141.949999999987, 43.2916666666667], [141.949999999987, 43.3000000000001], [141.974999999987, 43.3000000000001], [141.974999999987, 43.3083333333334], [141.999999999987, 43.3083333333334], [141.999999999987, 43.3166666666667], [142.008333333321, 43.3166666666667], [142.008333333321, 43.3416666666667], [142.016666666654, 43.3416666666667], [142.016666666654, 43.3583333333334], [142.041666666654, 43.3583333333334], [142.041666666654, 43.3500000000001], [142.049999999987, 43.3500000000001], [142.049999999987, 43.3416666666667], [142.058333333321, 43.3416666666667], [142.058333333321, 43.3250000000001], [142.049999999987, 43.3250000000001], [142.049999999987, 43.3000000000001], [142.058333333321, 43.3000000000001], [142.058333333321, 43.2916666666667], [142.074999999987, 43.2916666666667], [142.074999999987, 43.2750000000001], [142.083333333321, 43.2750000000001], [142.083333333321, 43.2666666666667], [142.091666666654, 43.2666666666667], [142.091666666654, 43.2500000000001], [142.099999999987, 43.2500000000001], [142.099999999987, 43.2416666666667], [142.108333333321, 43.2416666666667], [142.108333333321, 43.2250000000001], [142.158333333321, 43.2250000000001], [142.158333333321, 43.2083333333334], [142.149999999987, 43.2083333333334], [142.149999999987, 43.1916666666667], [142.124999999987, 43.1916666666667], [142.124999999987, 43.1833333333334], [142.116666666654, 43.1833333333334], [142.116666666654, 43.1750000000001], [142.108333333321, 43.1750000000001], [142.108333333321, 43.1666666666667], [142.074999999987, 43.1666666666667], [142.074999999987, 43.1583333333334], [142.058333333321, 43.1583333333334], [142.058333333321, 43.1416666666667], [142.041666666654, 43.1416666666667], [142.041666666654, 43.1500000000001], [142.033333333321, 43.1500000000001], [142.033333333321, 43.1666666666667], [142.024999999987, 43.1666666666667], [142.024999999987, 43.1750000000001], [141.991666666654, 43.1750000000001], [141.991666666654, 43.1833333333334], [141.974999999987, 43.1833333333334], [141.974999999987, 43.1916666666667], [141.941666666654, 43.1916666666667], [141.941666666654, 43.2000000000001], [141.924999999987, 43.2000000000001], [141.924999999987, 43.2083333333334], [141.908333333321, 43.2083333333334], [141.908333333321, 43.2000000000001], [141.899999999988, 43.2000000000001], [141.899999999988, 43.1916666666667], [141.883333333321, 43.1916666666667], [141.883333333321, 43.2000000000001]]]}}, {"type": "Feature", "properties": {"id": "上ノ国町", "name": "上ノ国町"}, "geometry": {"type": "Polygon", "coordinates": [[[140.033333333323, 41.6333333333335], [139.991666666656, 41.6333333333335], [139.991666666656, 41.6500000000002], [139.999999999989, 41.6500000000002], [139.999999999989, 41.6750000000002], [140.008333333323, 41.6750000000002], [140.008333333323, 41.7000000000002], [140.016666666656, 41.7000000000002], [140.016666666656, 41.7083333333335], [140.024999999989, 41.7083333333335], [140.024999999989, 41.7166666666668], [140.033333333323, 41.7166666666668], [140.033333333323, 41.7250000000002], [140.041666666656, 41.7250000000002], [140.041666666656, 41.7416666666668], [140.049999999989, 41.7416666666668], [140.049999999989, 41.7500000000002], [140.058333333323, 41.7500000000002], [140.058333333323, 41.7666666666668], [140.066666666656, 41.7666666666668], [140.066666666656, 41.8083333333335], [140.083333333322, 41.8083333333335], [140.083333333322, 41.8166666666668], [140.099999999989, 41.8166666666668], [140.099999999989, 41.8083333333335], [140.108333333322, 41.8083333333335], [140.108333333322, 41.8166666666668], [140.116666666656, 41.8166666666668], [140.116666666656, 41.8250000000002], [140.124999999989, 41.8250000000002], [140.124999999989, 41.8166666666668], [140.158333333322, 41.8166666666668], [140.158333333322, 41.8083333333335], [140.208333333322, 41.8083333333335], [140.208333333322, 41.8166666666668], [140.224999999989, 41.8166666666668], [140.224999999989, 41.8333333333335], [140.216666666656, 41.8333333333335], [140.216666666656, 41.8416666666668], [140.208333333322, 41.8416666666668], [140.208333333322, 41.8583333333335], [140.224999999989, 41.8583333333335], [140.224999999989, 41.8500000000002], [140.241666666656, 41.8500000000002], [140.241666666656, 41.8416666666668], [140.266666666656, 41.8416666666668], [140.266666666656, 41.8333333333335], [140.283333333322, 41.8333333333335], [140.283333333322, 41.8250000000002], [140.299999999989, 41.8250000000002], [140.299999999989, 41.8166666666668], [140.308333333322, 41.8166666666668], [140.308333333322, 41.8083333333335], [140.324999999989, 41.8083333333335], [140.324999999989, 41.8000000000002], [140.349999999989, 41.8000000000002], [140.349999999989, 41.7916666666668], [140.358333333322, 41.7916666666668], [140.358333333322, 41.7833333333335], [140.349999999989, 41.7833333333335], [140.349999999989, 41.7333333333335], [140.341666666656, 41.7333333333335], [140.341666666656, 41.7250000000002], [140.333333333322, 41.7250000000002], [140.333333333322, 41.7166666666668], [140.299999999989, 41.7166666666668], [140.299999999989, 41.6833333333335], [140.291666666656, 41.6833333333335], [140.291666666656, 41.6750000000002], [140.283333333322, 41.6750000000002], [140.283333333322, 41.6583333333335], [140.266666666656, 41.6583333333335], [140.266666666656, 41.6500000000002], [140.249999999989, 41.6500000000002], [140.249999999989, 41.6416666666668], [140.241666666656, 41.6416666666668], [140.241666666656, 41.6333333333335], [140.216666666656, 41.6333333333335], [140.216666666656, 41.6250000000002], [140.199999999989, 41.6250000000002], [140.199999999989, 41.6166666666668], [140.191666666656, 41.6166666666668], [140.191666666656, 41.5916666666668], [140.174999999989, 41.5916666666668], [140.174999999989, 41.5833333333335], [140.166666666656, 41.5833333333335], [140.166666666656, 41.5750000000002], [140.158333333322, 41.5750000000002], [140.158333333322, 41.5833333333335], [140.124999999989, 41.5833333333335], [140.124999999989, 41.5750000000002], [140.116666666656, 41.5750000000002], [140.116666666656, 41.5833333333335], [140.108333333322, 41.5833333333335], [140.108333333322, 41.5916666666668], [140.066666666656, 41.5916666666668], [140.066666666656, 41.6000000000002], [140.058333333323, 41.6000000000002], [140.058333333323, 41.6083333333335], [140.049999999989, 41.6083333333335], [140.049999999989, 41.6166666666668], [140.041666666656, 41.6166666666668], [140.041666666656, 41.6250000000002], [140.033333333323, 41.6250000000002], [140.033333333323, 41.6333333333335]]]}}, {"type": "Feature", "properties": {"id": "上士幌町", "name": "上士幌町"}, "geometry": {"type": "Polygon", "coordinates": [[[143.024999999999, 43.4083333333334], [143.024999999999, 43.4333333333334], [143.033333333332, 43.4333333333334], [143.033333333332, 43.4583333333334], [143.041666666665, 43.4583333333334], [143.041666666665, 43.4833333333334], [143.033333333332, 43.4833333333334], [143.033333333332, 43.5], [143.024999999999, 43.5], [143.024999999999, 43.5083333333334], [143.016666666665, 43.5083333333334], [143.016666666665, 43.5166666666667], [143.008333333332, 43.5166666666667], [143.008333333332, 43.5250000000001], [143.016666666665, 43.5250000000001], [143.016666666665, 43.5333333333334], [143.024999999999, 43.5333333333334], [143.024999999999, 43.5500000000001], [143.033333333332, 43.5500000000001], [143.033333333332, 43.5583333333334], [143.074999999999, 43.5583333333334], [143.074999999999, 43.5666666666667], [143.099999999999, 43.5666666666667], [143.099999999999, 43.5750000000001], [143.108333333332, 43.5750000000001], [143.108333333332, 43.5833333333334], [143.133333333332, 43.5833333333334], [143.133333333332, 43.5916666666667], [143.183333333332, 43.5916666666667], [143.183333333332, 43.5833333333334], [143.208333333332, 43.5833333333334], [143.208333333332, 43.5750000000001], [143.224999999999, 43.5750000000001], [143.224999999999, 43.5500000000001], [143.233333333332, 43.5500000000001], [143.233333333332, 43.5416666666667], [143.224999999999, 43.5416666666667], [143.224999999999, 43.5250000000001], [143.233333333332, 43.5250000000001], [143.233333333332, 43.4916666666667], [143.224999999999, 43.4916666666667], [143.224999999999, 43.4833333333334], [143.216666666665, 43.4833333333334], [143.216666666665, 43.4416666666667], [143.224999999999, 43.4416666666667], [143.224999999999, 43.4333333333334], [143.233333333332, 43.4333333333334], [143.233333333332, 43.4166666666667], [143.241666666665, 43.4166666666667], [143.241666666665, 43.3833333333334], [143.249999999998, 43.3833333333334], [143.249999999998, 43.3750000000001], [143.283333333332, 43.3750000000001], [143.283333333332, 43.3583333333334], [143.291666666665, 43.3583333333334], [143.291666666665, 43.3500000000001], [143.299999999998, 43.3500000000001], [143.299999999998, 43.3416666666667], [143.308333333332, 43.3416666666667], [143.308333333332, 43.3333333333334], [143.316666666665, 43.3333333333334], [143.316666666665, 43.3166666666667], [143.324999999998, 43.3166666666667], [143.324999999998, 43.3083333333334], [143.383333333332, 43.3083333333334], [143.383333333332, 43.3000000000001], [143.399999999998, 43.3000000000001], [143.399999999998, 43.2916666666667], [143.408333333332, 43.2916666666667], [143.408333333332, 43.2583333333334], [143.399999999998, 43.2583333333334], [143.399999999998, 43.2500000000001], [143.408333333332, 43.2500000000001], [143.408333333332, 43.2333333333334], [143.399999999998, 43.2333333333334], [143.399999999998, 43.1916666666667], [143.374999999998, 43.1916666666667], [143.374999999998, 43.2000000000001], [143.333333333332, 43.2000000000001], [143.333333333332, 43.2083333333334], [143.266666666665, 43.2083333333334], [143.266666666665, 43.2166666666667], [143.249999999998, 43.2166666666667], [143.249999999998, 43.2250000000001], [143.208333333332, 43.2250000000001], [143.208333333332, 43.2333333333334], [143.166666666665, 43.2333333333334], [143.166666666665, 43.2416666666667], [143.124999999999, 43.2416666666667], [143.124999999999, 43.2500000000001], [143.108333333332, 43.2500000000001], [143.108333333332, 43.2666666666667], [143.116666666665, 43.2666666666667], [143.116666666665, 43.3000000000001], [143.124999999999, 43.3000000000001], [143.124999999999, 43.3083333333334], [143.133333333332, 43.3083333333334], [143.133333333332, 43.3166666666667], [143.141666666665, 43.3166666666667], [143.141666666665, 43.3333333333334], [143.133333333332, 43.3333333333334], [143.133333333332, 43.3500000000001], [143.116666666665, 43.3500000000001], [143.116666666665, 43.3583333333334], [143.108333333332, 43.3583333333334], [143.108333333332, 43.3750000000001], [143.099999999999, 43.3750000000001], [143.099999999999, 43.3833333333334], [143.091666666665, 43.3833333333334], [143.091666666665, 43.3916666666667], [143.074999999999, 43.3916666666667], [143.074999999999, 43.3833333333334], [143.049999999999, 43.3833333333334], [143.049999999999, 43.3916666666667], [143.033333333332, 43.3916666666667], [143.033333333332, 43.4083333333334], [143.024999999999, 43.4083333333334]]]}}, {"type": "Feature", "properties": {"id": "上富良野町", "name": "上富良野町"}, "geometry": {"type": "Polygon", "coordinates": [[[142.43333333332, 43.4500000000001], [142.416666666654, 43.4500000000001], [142.416666666654, 43.4583333333334], [142.391666666654, 43.4583333333334], [142.391666666654, 43.4666666666667], [142.38333333332, 43.4666666666667], [142.38333333332, 43.4750000000001], [142.399999999987, 43.4750000000001], [142.399999999987, 43.5333333333334], [142.40833333332, 43.5333333333334], [142.40833333332, 43.5416666666667], [142.416666666654, 43.5416666666667], [142.416666666654, 43.5333333333334], [142.424999999987, 43.5333333333334], [142.424999999987, 43.5416666666667], [142.43333333332, 43.5416666666667], [142.43333333332, 43.5500000000001], [142.441666666654, 43.5500000000001], [142.441666666654, 43.5333333333334], [142.449999999987, 43.5333333333334], [142.449999999987, 43.5250000000001], [142.466666666654, 43.5250000000001], [142.466666666654, 43.5083333333334], [142.491666666654, 43.5083333333334], [142.491666666654, 43.5000000000001], [142.50833333332, 43.5000000000001], [142.50833333332, 43.5083333333334], [142.566666666654, 43.5083333333334], [142.566666666654, 43.5166666666667], [142.574999999987, 43.5166666666667], [142.574999999987, 43.5083333333334], [142.591666666654, 43.5083333333334], [142.591666666654, 43.4833333333334], [142.599999999987, 43.4833333333334], [142.599999999987, 43.4750000000001], [142.60833333332, 43.4750000000001], [142.60833333332, 43.4666666666667], [142.624999999987, 43.4666666666667], [142.624999999987, 43.4583333333334], [142.641666666653, 43.4583333333334], [142.641666666653, 43.4500000000001], [142.649999999987, 43.4500000000001], [142.649999999987, 43.4333333333334], [142.674999999987, 43.4333333333334], [142.674999999987, 43.4000000000001], [142.649999999987, 43.4000000000001], [142.649999999987, 43.3916666666667], [142.624999999987, 43.3916666666667], [142.624999999987, 43.3833333333334], [142.599999999987, 43.3833333333334], [142.599999999987, 43.3916666666667], [142.58333333332, 43.3916666666667], [142.58333333332, 43.3833333333334], [142.549999999987, 43.3833333333334], [142.549999999987, 43.3916666666667], [142.474999999987, 43.3916666666667], [142.474999999987, 43.4000000000001], [142.45833333332, 43.4000000000001], [142.45833333332, 43.4166666666667], [142.466666666654, 43.4166666666667], [142.466666666654, 43.4333333333334], [142.449999999987, 43.4333333333334], [142.449999999987, 43.4416666666667], [142.43333333332, 43.4416666666667], [142.43333333332, 43.4500000000001]]]}}, {"type": "Feature", "properties": {"id": "上川町", "name": "上川町"}, "geometry": {"type": "MultiPolygon", "coordinates": [[[[142.741666666653, 43.7083333333334], [142.741666666653, 43.7166666666667], [142.73333333332, 43.7166666666667], [142.73333333332, 43.7333333333334], [142.724999999987, 43.7333333333334], [142.724999999987, 43.7416666666667], [142.716666666653, 43.7416666666667], [142.716666666653, 43.75], [142.70833333332, 43.75], [142.70833333332, 43.775], [142.699999999987, 43.775], [142.699999999987, 43.7916666666667], [142.691666666653, 43.7916666666667], [142.691666666653, 43.8083333333334], [142.68333333332, 43.8083333333334], [142.68333333332, 43.8333333333334], [142.691666666653, 43.8333333333334], [142.691666666653, 43.8416666666667], [142.699999999987, 43.8416666666667], [142.699999999987, 43.875], [142.70833333332, 43.875], [142.70833333332, 43.925], [142.73333333332, 43.925], [142.73333333332, 43.9166666666667], [142.766666666653, 43.9166666666667], [142.766666666653, 43.925], [142.791666666653, 43.925], [142.791666666653, 43.9166666666667], [142.824999999987, 43.9166666666667], [142.824999999987, 43.925], [142.83333333332, 43.925], [142.83333333332, 43.9333333333334], [142.841666666653, 43.9333333333334], [142.841666666653, 43.9416666666667], [142.866666666653, 43.9416666666667], [142.866666666653, 43.95], [142.88333333332, 43.95], [142.88333333332, 43.9416666666667], [142.891666666653, 43.9416666666667], [142.891666666653, 43.925], [142.941666666653, 43.925], [142.941666666653, 43.9333333333334], [142.966666666653, 43.9333333333334], [142.966666666653, 43.9416666666667], [142.974999999987, 43.9416666666667], [142.974999999987, 43.5333333333334], [142.966666666653, 43.5333333333334], [142.966666666653, 43.525], [142.949999999987, 43.525], [142.949999999987, 43.5333333333334], [142.941666666653, 43.5333333333334], [142.941666666653, 43.5416666666667], [142.93333333332, 43.5416666666667], [142.93333333332, 43.55], [142.924999999987, 43.55], [142.924999999987, 43.5583333333334], [142.90833333332, 43.5583333333334], [142.90833333332, 43.5666666666667], [142.891666666653, 43.5666666666667], [142.891666666653, 43.5916666666667], [142.899999999987, 43.5916666666667], [142.899999999987, 43.6333333333334], [142.90833333332, 43.6333333333334], [142.90833333332, 43.6666666666667], [142.899999999987, 43.6666666666667], [142.899999999987, 43.675], [142.88333333332, 43.675], [142.88333333332, 43.6666666666667], [142.874999999987, 43.6666666666667], [142.874999999987, 43.7], [142.85833333332, 43.7], [142.85833333332, 43.6916666666667], [142.816666666653, 43.6916666666667], [142.816666666653, 43.7], [142.75833333332, 43.7], [142.75833333332, 43.6916666666667], [142.749999999987, 43.6916666666667], [142.749999999987, 43.6833333333334], [142.741666666653, 43.6833333333334], [142.741666666653, 43.6916666666667], [142.73333333332, 43.6916666666667], [142.73333333332, 43.7083333333334], [142.741666666653, 43.7083333333334]]], [[[142.974999999999, 43.5333333333334], [142.974999999999, 43.9416666666667], [142.991666666665, 43.9416666666667], [142.991666666665, 43.9333333333334], [142.999999999999, 43.9333333333334], [142.999999999999, 43.925], [143.049999999999, 43.925], [143.049999999999, 43.9083333333334], [143.041666666665, 43.9083333333334], [143.041666666665, 43.9], [143.033333333332, 43.9], [143.033333333332, 43.8916666666667], [143.024999999999, 43.8916666666667], [143.024999999999, 43.875], [143.016666666665, 43.875], [143.016666666665, 43.8416666666667], [143.008333333332, 43.8416666666667], [143.008333333332, 43.825], [143.016666666665, 43.825], [143.016666666665, 43.8166666666667], [143.041666666665, 43.8166666666667], [143.041666666665, 43.8083333333334], [143.024999999999, 43.8083333333334], [143.024999999999, 43.8], [143.016666666665, 43.8], [143.016666666665, 43.7833333333334], [143.008333333332, 43.7833333333334], [143.008333333332, 43.7583333333334], [143.016666666665, 43.7583333333334], [143.016666666665, 43.75], [143.049999999999, 43.75], [143.049999999999, 43.7416666666667], [143.058333333332, 43.7416666666667], [143.058333333332, 43.75], [143.066666666665, 43.75], [143.066666666665, 43.7416666666667], [143.099999999999, 43.7416666666667], [143.099999999999, 43.75], [143.124999999999, 43.75], [143.124999999999, 43.7583333333334], [143.149999999999, 43.7583333333334], [143.149999999999, 43.7666666666667], [143.158333333332, 43.7666666666667], [143.158333333332, 43.7583333333334], [143.166666666665, 43.7583333333334], [143.166666666665, 43.75], [143.174999999999, 43.75], [143.174999999999, 43.725], [143.166666666665, 43.725], [143.166666666665, 43.7083333333334], [143.158333333332, 43.7083333333334], [143.158333333332, 43.7], [143.149999999999, 43.7], [143.149999999999, 43.6833333333334], [143.141666666665, 43.6833333333334], [143.141666666665, 43.6666666666667], [143.158333333332, 43.6666666666667], [143.158333333332, 43.6583333333334], [143.166666666665, 43.6583333333334], [143.166666666665, 43.65], [143.174999999999, 43.65], [143.174999999999, 43.6333333333334], [143.158333333332, 43.6333333333334], [143.158333333332, 43.625], [143.149999999999, 43.625], [143.149999999999, 43.6166666666667], [143.141666666665, 43.6166666666667], [143.141666666665, 43.6083333333334], [143.133333333332, 43.6083333333334], [143.133333333332, 43.6000000000001], [143.141666666665, 43.6000000000001], [143.141666666665, 43.5916666666667], [143.133333333332, 43.5916666666667], [143.133333333332, 43.5833333333334], [143.108333333332, 43.5833333333334], [143.108333333332, 43.575], [143.099999999999, 43.575], [143.099999999999, 43.5666666666667], [143.074999999999, 43.5666666666667], [143.074999999999, 43.5583333333334], [143.033333333332, 43.5583333333334], [143.033333333332, 43.55], [143.024999999999, 43.55], [143.024999999999, 43.5333333333334], [143.016666666665, 43.5333333333334], [143.016666666665, 43.525], [143.008333333332, 43.525], [143.008333333332, 43.5333333333334], [142.974999999999, 43.5333333333334]]]]}}, {"type": "Feature", "properties": {"id": "上砂川町", "name": "上砂川町"}, "geometry": {"type": "MultiPolygon", "coordinates": [[[[141.983333333321, 43.4250000000001], [141.983333333321, 43.4500000000001], [141.974999999987, 43.4500000000001], [141.974999999987, 43.4583333333334], [141.966666666654, 43.4583333333334], [141.966666666654, 43.4750000000001], [141.949999999987, 43.4750000000001], [141.949999999987, 43.4833333333334], [142.016666666654, 43.4833333333334], [142.016666666654, 43.4666666666667], [142.024999999987, 43.4666666666667], [142.024999999987, 43.4583333333334], [142.033333333321, 43.4583333333334], [142.033333333321, 43.4500000000001], [142.041666666654, 43.4500000000001], [142.041666666654, 43.4416666666667], [142.066666666654, 43.4416666666667], [142.066666666654, 43.4333333333334], [142.058333333321, 43.4333333333334], [142.058333333321, 43.4250000000001], [142.024999999987, 43.4250000000001], [142.024999999987, 43.4166666666667], [141.991666666654, 43.4166666666667], [141.991666666654, 43.4083333333334], [141.974999999987, 43.4083333333334], [141.974999999987, 43.4250000000001], [141.983333333321, 43.4250000000001]]], [[[141.958333333321, 43.4583333333334], [141.958333333321, 43.4500000000001], [141.949999999987, 43.4500000000001], [141.949999999987, 43.4583333333334], [141.958333333321, 43.4583333333334]]]]}}, {"type": "Feature", "properties": {"id": "下川町", "name": "下川町"}, "geometry": {"type": "Polygon", "coordinates": [[[142.574999999987, 44.2916666666667], [142.53333333332, 44.2916666666667], [142.53333333332, 44.3], [142.541666666654, 44.3], [142.541666666654, 44.3166666666667], [142.549999999987, 44.3166666666667], [142.549999999987, 44.325], [142.566666666654, 44.325], [142.566666666654, 44.3333333333333], [142.574999999987, 44.3333333333333], [142.574999999987, 44.375], [142.566666666654, 44.375], [142.566666666654, 44.4], [142.55833333332, 44.4], [142.55833333332, 44.4166666666667], [142.566666666654, 44.4166666666667], [142.566666666654, 44.425], [142.574999999987, 44.425], [142.574999999987, 44.4333333333333], [142.649999999987, 44.4333333333333], [142.649999999987, 44.4416666666667], [142.65833333332, 44.4416666666667], [142.65833333332, 44.45], [142.666666666653, 44.45], [142.666666666653, 44.4583333333333], [142.674999999987, 44.4583333333333], [142.674999999987, 44.4666666666667], [142.68333333332, 44.4666666666667], [142.68333333332, 44.475], [142.691666666653, 44.475], [142.691666666653, 44.4833333333333], [142.716666666653, 44.4833333333333], [142.716666666653, 44.4666666666667], [142.724999999987, 44.4666666666667], [142.724999999987, 44.4583333333333], [142.75833333332, 44.4583333333333], [142.75833333332, 44.4666666666667], [142.774999999987, 44.4666666666667], [142.774999999987, 44.4583333333333], [142.841666666653, 44.4583333333333], [142.841666666653, 44.4416666666667], [142.849999999987, 44.4416666666667], [142.849999999987, 44.4333333333333], [142.841666666653, 44.4333333333333], [142.841666666653, 44.425], [142.824999999987, 44.425], [142.824999999987, 44.4166666666667], [142.816666666653, 44.4166666666667], [142.816666666653, 44.4083333333333], [142.824999999987, 44.4083333333333], [142.824999999987, 44.4], [142.83333333332, 44.4], [142.83333333332, 44.3916666666667], [142.824999999987, 44.3916666666667], [142.824999999987, 44.3666666666667], [142.816666666653, 44.3666666666667], [142.816666666653, 44.35], [142.80833333332, 44.35], [142.80833333332, 44.3416666666667], [142.799999999987, 44.3416666666667], [142.799999999987, 44.3333333333333], [142.824999999987, 44.3333333333333], [142.824999999987, 44.275], [142.83333333332, 44.275], [142.83333333332, 44.2666666666667], [142.849999999987, 44.2666666666667], [142.849999999987, 44.2583333333333], [142.85833333332, 44.2583333333333], [142.85833333332, 44.25], [142.866666666653, 44.25], [142.866666666653, 44.2333333333333], [142.874999999987, 44.2333333333333], [142.874999999987, 44.225], [142.866666666653, 44.225], [142.866666666653, 44.2], [142.874999999987, 44.2], [142.874999999987, 44.175], [142.88333333332, 44.175], [142.88333333332, 44.1666666666667], [142.874999999987, 44.1666666666667], [142.874999999987, 44.1583333333333], [142.824999999987, 44.1583333333333], [142.824999999987, 44.15], [142.80833333332, 44.15], [142.80833333332, 44.1416666666667], [142.799999999987, 44.1416666666667], [142.799999999987, 44.15], [142.791666666653, 44.15], [142.791666666653, 44.1583333333333], [142.78333333332, 44.1583333333333], [142.78333333332, 44.1666666666667], [142.774999999987, 44.1666666666667], [142.774999999987, 44.175], [142.766666666653, 44.175], [142.766666666653, 44.1833333333333], [142.749999999987, 44.1833333333333], [142.749999999987, 44.1916666666667], [142.716666666653, 44.1916666666667], [142.716666666653, 44.1833333333333], [142.699999999987, 44.1833333333333], [142.699999999987, 44.175], [142.691666666653, 44.175], [142.691666666653, 44.1833333333333], [142.65833333332, 44.1833333333333], [142.65833333332, 44.175], [142.649999999987, 44.175], [142.649999999987, 44.1666666666667], [142.624999999987, 44.1666666666667], [142.624999999987, 44.1916666666667], [142.63333333332, 44.1916666666667], [142.63333333332, 44.2083333333333], [142.624999999987, 44.2083333333333], [142.624999999987, 44.225], [142.616666666654, 44.225], [142.616666666654, 44.2333333333333], [142.60833333332, 44.2333333333333], [142.60833333332, 44.25], [142.599999999987, 44.25], [142.599999999987, 44.2666666666667], [142.591666666654, 44.2666666666667], [142.591666666654, 44.2833333333333], [142.574999999987, 44.2833333333333], [142.574999999987, 44.2916666666667]]]}}, {"type": "Feature", "properties": {"id": "中央区", "name": "中央区"}, "geometry": {"type": "Polygon", "coordinates": [[[141.241666666655, 43.0000000000001], [141.241666666655, 43.0083333333334], [141.216666666655, 43.0083333333334], [141.216666666655, 43.0166666666668], [141.233333333321, 43.0166666666668], [141.233333333321, 43.0250000000001], [141.241666666655, 43.0250000000001], [141.241666666655, 43.0333333333334], [141.249999999988, 43.0333333333334], [141.249999999988, 43.0416666666667], [141.274999999988, 43.0416666666667], [141.274999999988, 43.0333333333334], [141.283333333321, 43.0333333333334], [141.283333333321, 43.0583333333334], [141.299999999988, 43.0583333333334], [141.299999999988, 43.0666666666667], [141.316666666655, 43.0666666666667], [141.316666666655, 43.0750000000001], [141.324999999988, 43.0750000000001], [141.324999999988, 43.0833333333334], [141.333333333321, 43.0833333333334], [141.333333333321, 43.0666666666667], [141.374999999988, 43.0666666666667], [141.374999999988, 43.0583333333334], [141.366666666655, 43.0583333333334], [141.366666666655, 43.0500000000001], [141.358333333321, 43.0500000000001], [141.358333333321, 43.0250000000001], [141.349999999988, 43.0250000000001], [141.349999999988, 43.0166666666667], [141.341666666655, 43.0166666666667], [141.341666666655, 43.0250000000001], [141.324999999988, 43.0250000000001], [141.324999999988, 43.0333333333334], [141.308333333321, 43.0333333333334], [141.308333333321, 43.0250000000001], [141.291666666655, 43.0250000000001], [141.291666666655, 43.0166666666667], [141.283333333321, 43.0166666666667], [141.283333333321, 43.0083333333334], [141.266666666655, 43.0083333333334], [141.266666666655, 43.0000000000001], [141.241666666655, 43.0000000000001]]]}}, {"type": "Feature", "properties": {"id": "中富良野町", "name": "中富良野町"}, "geometry": {"type": "Polygon", "coordinates": [[[142.35833333332, 43.3833333333334], [142.349999999987, 43.3833333333334], [142.349999999987, 43.4083333333334], [142.35833333332, 43.4083333333334], [142.35833333332, 43.4250000000001], [142.366666666654, 43.4250000000001], [142.366666666654, 43.4416666666667], [142.35833333332, 43.4416666666667], [142.35833333332, 43.4666666666667], [142.391666666654, 43.4666666666667], [142.391666666654, 43.4583333333334], [142.416666666654, 43.4583333333334], [142.416666666654, 43.4500000000001], [142.43333333332, 43.4500000000001], [142.43333333332, 43.4416666666667], [142.449999999987, 43.4416666666667], [142.449999999987, 43.4333333333334], [142.466666666654, 43.4333333333334], [142.466666666654, 43.4166666666667], [142.45833333332, 43.4166666666667], [142.45833333332, 43.4000000000001], [142.474999999987, 43.4000000000001], [142.474999999987, 43.3916666666667], [142.549999999987, 43.3916666666667], [142.549999999987, 43.3833333333334], [142.55833333332, 43.3833333333334], [142.55833333332, 43.3750000000001], [142.549999999987, 43.3750000000001], [142.549999999987, 43.3666666666667], [142.53333333332, 43.3666666666667], [142.53333333332, 43.3583333333334], [142.524999999987, 43.3583333333334], [142.524999999987, 43.3666666666667], [142.43333333332, 43.3666666666667], [142.43333333332, 43.3583333333334], [142.424999999987, 43.3583333333334], [142.424999999987, 43.3500000000001], [142.416666666654, 43.3500000000001], [142.416666666654, 43.3583333333334], [142.399999999987, 43.3583333333334], [142.399999999987, 43.3666666666667], [142.391666666654, 43.3666666666667], [142.391666666654, 43.3750000000001], [142.35833333332, 43.3750000000001], [142.35833333332, 43.3833333333334]]]}}, {"type": "Feature", "properties": {"id": "中川町", "name": "中川町"}, "geometry": {"type": "Polygon", "coordinates": [[[142.008333333321, 44.6083333333333], [142.016666666654, 44.6083333333333], [142.016666666654, 44.6166666666667], [142.008333333321, 44.6166666666667], [142.008333333321, 44.6583333333333], [141.999999999987, 44.6583333333333], [141.999999999987, 44.6666666666667], [141.991666666654, 44.6666666666667], [141.991666666654, 44.6916666666667], [141.999999999987, 44.6916666666667], [141.999999999987, 44.7083333333333], [141.991666666654, 44.7083333333333], [141.991666666654, 44.7166666666667], [141.999999999987, 44.7166666666667], [141.999999999987, 44.725], [141.983333333321, 44.725], [141.983333333321, 44.7416666666666], [141.974999999987, 44.7416666666666], [141.974999999987, 44.75], [141.983333333321, 44.75], [141.983333333321, 44.7583333333333], [141.991666666654, 44.7583333333333], [141.991666666654, 44.7916666666667], [141.999999999987, 44.7916666666667], [141.999999999987, 44.8416666666666], [142.008333333321, 44.8416666666666], [142.008333333321, 44.8583333333333], [141.999999999987, 44.8583333333333], [141.999999999987, 44.8666666666666], [141.991666666654, 44.8666666666666], [141.991666666654, 44.8833333333333], [141.999999999987, 44.8833333333333], [141.999999999987, 44.8916666666666], [142.016666666654, 44.8916666666666], [142.016666666654, 44.9], [142.141666666654, 44.9], [142.141666666654, 44.8916666666666], [142.149999999987, 44.8916666666666], [142.149999999987, 44.8833333333333], [142.158333333321, 44.8833333333333], [142.158333333321, 44.85], [142.166666666654, 44.85], [142.166666666654, 44.8166666666666], [142.158333333321, 44.8166666666666], [142.158333333321, 44.8083333333333], [142.166666666654, 44.8083333333333], [142.166666666654, 44.8], [142.174999999987, 44.8], [142.174999999987, 44.7916666666666], [142.166666666654, 44.7916666666666], [142.166666666654, 44.7666666666666], [142.158333333321, 44.7666666666666], [142.158333333321, 44.75], [142.149999999987, 44.75], [142.149999999987, 44.7333333333333], [142.158333333321, 44.7333333333333], [142.158333333321, 44.725], [142.149999999987, 44.725], [142.149999999987, 44.7166666666666], [142.141666666654, 44.7166666666666], [142.141666666654, 44.6916666666667], [142.158333333321, 44.6916666666667], [142.158333333321, 44.675], [142.149999999987, 44.675], [142.149999999987, 44.6583333333333], [142.158333333321, 44.6583333333333], [142.158333333321, 44.65], [142.166666666654, 44.65], [142.166666666654, 44.6333333333333], [142.174999999987, 44.6333333333333], [142.174999999987, 44.625], [142.183333333321, 44.625], [142.183333333321, 44.6166666666667], [142.191666666654, 44.6166666666667], [142.191666666654, 44.6], [142.183333333321, 44.6], [142.183333333321, 44.575], [142.191666666654, 44.575], [142.191666666654, 44.5666666666667], [142.208333333321, 44.5666666666667], [142.208333333321, 44.55], [142.199999999987, 44.55], [142.199999999987, 44.5416666666667], [142.208333333321, 44.5416666666667], [142.208333333321, 44.5333333333333], [142.216666666654, 44.5333333333333], [142.216666666654, 44.5166666666667], [142.224999999987, 44.5166666666667], [142.224999999987, 44.5], [142.208333333321, 44.5], [142.208333333321, 44.475], [142.199999999987, 44.475], [142.199999999987, 44.4666666666667], [142.191666666654, 44.4666666666667], [142.191666666654, 44.4583333333333], [142.183333333321, 44.4583333333333], [142.183333333321, 44.4666666666667], [142.174999999987, 44.4666666666667], [142.174999999987, 44.475], [142.116666666654, 44.475], [142.116666666654, 44.4833333333333], [142.108333333321, 44.4833333333333], [142.108333333321, 44.4916666666667], [142.074999999987, 44.4916666666667], [142.074999999987, 44.5], [142.066666666654, 44.5], [142.066666666654, 44.5083333333333], [142.058333333321, 44.5083333333333], [142.058333333321, 44.5166666666667], [142.049999999987, 44.5166666666667], [142.049999999987, 44.525], [142.041666666654, 44.525], [142.041666666654, 44.5333333333333], [142.049999999987, 44.5333333333333], [142.049999999987, 44.5666666666667], [142.041666666654, 44.5666666666667], [142.041666666654, 44.5833333333333], [142.033333333321, 44.5833333333333], [142.033333333321, 44.5916666666667], [142.016666666654, 44.5916666666667], [142.016666666654, 44.6], [142.008333333321, 44.6], [142.008333333321, 44.6083333333333]]]}}, {"type": "Feature", "properties": {"id": "中札内村", "name": "中札内村"}, "geometry": {"type": "MultiPolygon", "coordinates": [[[[142.791666666653, 42.6083333333334], [142.791666666653, 42.6166666666668], [142.774999999987, 42.6166666666668], [142.774999999987, 42.6250000000001], [142.766666666653, 42.6250000000001], [142.766666666653, 42.6416666666668], [142.75833333332, 42.6416666666668], [142.75833333332, 42.6583333333334], [142.749999999987, 42.6583333333334], [142.749999999987, 42.6666666666668], [142.75833333332, 42.6666666666668], [142.75833333332, 42.6833333333334], [142.774999999987, 42.6833333333334], [142.774999999987, 42.6916666666668], [142.866666666653, 42.6916666666668], [142.866666666653, 42.6500000000001], [142.85833333332, 42.6500000000001], [142.85833333332, 42.6416666666668], [142.866666666653, 42.6416666666668], [142.866666666653, 42.6333333333334], [142.88333333332, 42.6333333333334], [142.88333333332, 42.6250000000001], [142.891666666653, 42.6250000000001], [142.891666666653, 42.6166666666668], [142.90833333332, 42.6166666666668], [142.90833333332, 42.6250000000001], [142.949999999987, 42.6250000000001], [142.949999999987, 42.6166666666668], [142.966666666653, 42.6166666666668], [142.966666666653, 42.6250000000001], [142.974999999987, 42.6250000000001], [142.974999999987, 42.5750000000001], [142.941666666653, 42.5750000000001], [142.941666666653, 42.5666666666668], [142.924999999987, 42.5666666666668], [142.924999999987, 42.5583333333334], [142.916666666653, 42.5583333333334], [142.916666666653, 42.5666666666668], [142.874999999987, 42.5666666666668], [142.874999999987, 42.5750000000001], [142.83333333332, 42.5750000000001], [142.83333333332, 42.5666666666668], [142.824999999987, 42.5666666666668], [142.824999999987, 42.5750000000001], [142.80833333332, 42.5750000000001], [142.80833333332, 42.5916666666668], [142.799999999987, 42.5916666666668], [142.799999999987, 42.6083333333334], [142.791666666653, 42.6083333333334]]], [[[142.974999999999, 42.5833333333334], [142.974999999999, 42.6250000000001], [142.999999999999, 42.6250000000001], [142.999999999999, 42.6333333333334], [143.024999999999, 42.6333333333334], [143.024999999999, 42.6416666666668], [143.033333333332, 42.6416666666668], [143.033333333332, 42.6500000000001], [143.049999999999, 42.6500000000001], [143.049999999999, 42.6583333333334], [143.058333333332, 42.6583333333334], [143.058333333332, 42.6666666666668], [143.066666666665, 42.6666666666668], [143.066666666665, 42.6833333333334], [143.074999999999, 42.6833333333334], [143.074999999999, 42.7083333333334], [143.083333333332, 42.7083333333334], [143.083333333332, 42.7166666666668], [143.091666666665, 42.7166666666668], [143.091666666665, 42.7250000000001], [143.099999999999, 42.7250000000001], [143.099999999999, 42.7333333333334], [143.108333333332, 42.7333333333334], [143.108333333332, 42.7250000000001], [143.149999999999, 42.7250000000001], [143.149999999999, 42.7333333333334], [143.174999999999, 42.7333333333334], [143.174999999999, 42.7250000000001], [143.191666666665, 42.7250000000001], [143.191666666665, 42.7000000000001], [143.183333333332, 42.7000000000001], [143.183333333332, 42.6916666666668], [143.174999999999, 42.6916666666668], [143.174999999999, 42.6750000000001], [143.166666666665, 42.6750000000001], [143.166666666665, 42.6666666666668], [143.158333333332, 42.6666666666668], [143.158333333332, 42.6583333333334], [143.149999999999, 42.6583333333334], [143.149999999999, 42.6416666666668], [143.141666666665, 42.6416666666668], [143.141666666665, 42.6333333333334], [143.124999999999, 42.6333333333334], [143.124999999999, 42.6166666666668], [143.116666666665, 42.6166666666668], [143.116666666665, 42.6083333333334], [143.108333333332, 42.6083333333334], [143.108333333332, 42.6000000000001], [143.099999999999, 42.6000000000001], [143.099999999999, 42.5916666666668], [143.091666666665, 42.5916666666668], [143.091666666665, 42.6000000000001], [143.074999999999, 42.6000000000001], [143.074999999999, 42.5916666666668], [143.016666666665, 42.5916666666668], [143.016666666665, 42.5833333333334], [142.999999999999, 42.5833333333334], [142.999999999999, 42.5750000000001], [142.991666666665, 42.5750000000001], [142.991666666665, 42.5833333333334], [142.974999999999, 42.5833333333334]]]]}}, {"type": "Feature", "properties": {"id": "中標津町", "name": "中標津町"}, "geometry": {"type": "Polygon", "coordinates": [[[144.633333333331, 43.5583333333334], [144.633333333331, 43.5666666666667], [144.616666666664, 43.5666666666667], [144.616666666664, 43.575], [144.574999999997, 43.575], [144.574999999997, 43.6000000000001], [144.583333333331, 43.6000000000001], [144.583333333331, 43.6083333333334], [144.591666666664, 43.6083333333334], [144.591666666664, 43.6166666666667], [144.599999999997, 43.6166666666667], [144.599999999997, 43.625], [144.608333333331, 43.625], [144.608333333331, 43.6333333333334], [144.633333333331, 43.6333333333334], [144.633333333331, 43.625], [144.641666666664, 43.625], [144.641666666664, 43.6333333333334], [144.658333333331, 43.6333333333334], [144.658333333331, 43.6416666666667], [144.666666666664, 43.6416666666667], [144.666666666664, 43.65], [144.683333333331, 43.65], [144.683333333331, 43.6583333333334], [144.708333333331, 43.6583333333334], [144.708333333331, 43.675], [144.724999999997, 43.675], [144.724999999997, 43.6833333333334], [144.749999999997, 43.6833333333334], [144.749999999997, 43.6916666666667], [144.766666666664, 43.6916666666667], [144.766666666664, 43.7], [144.799999999997, 43.7], [144.799999999997, 43.6916666666667], [144.80833333333, 43.6916666666667], [144.80833333333, 43.7], [144.849999999997, 43.7], [144.849999999997, 43.6916666666667], [144.874999999997, 43.6916666666667], [144.874999999997, 43.6833333333334], [144.88333333333, 43.6833333333334], [144.88333333333, 43.675], [144.891666666664, 43.675], [144.891666666664, 43.6666666666667], [144.916666666664, 43.6666666666667], [144.916666666664, 43.6583333333334], [144.941666666664, 43.6583333333334], [144.941666666664, 43.65], [144.966666666664, 43.65], [144.966666666664, 43.6416666666667], [144.991666666664, 43.6416666666667], [144.991666666664, 43.6333333333334], [145.00833333333, 43.6333333333334], [145.00833333333, 43.625], [145.024999999997, 43.625], [145.024999999997, 43.6333333333334], [145.05833333333, 43.6333333333334], [145.05833333333, 43.6416666666667], [145.066666666664, 43.6416666666667], [145.066666666664, 43.6333333333334], [145.08333333333, 43.6333333333334], [145.08333333333, 43.625], [145.074999999997, 43.625], [145.074999999997, 43.6166666666667], [145.066666666664, 43.6166666666667], [145.066666666664, 43.6000000000001], [145.074999999997, 43.6000000000001], [145.074999999997, 43.5916666666667], [145.08333333333, 43.5916666666667], [145.08333333333, 43.5833333333334], [145.091666666663, 43.5833333333334], [145.091666666663, 43.5750000000001], [145.099999999997, 43.5750000000001], [145.099999999997, 43.5666666666667], [145.10833333333, 43.5666666666667], [145.10833333333, 43.5583333333334], [145.091666666663, 43.5583333333334], [145.091666666663, 43.55], [145.041666666664, 43.55], [145.041666666664, 43.5416666666667], [145.024999999997, 43.5416666666667], [145.024999999997, 43.5333333333334], [145.016666666664, 43.5333333333334], [145.016666666664, 43.5250000000001], [145.024999999997, 43.5250000000001], [145.024999999997, 43.5166666666667], [145.03333333333, 43.5166666666667], [145.03333333333, 43.5083333333334], [145.024999999997, 43.5083333333334], [145.024999999997, 43.5], [145.016666666664, 43.5], [145.016666666664, 43.4916666666667], [144.999999999997, 43.4916666666667], [144.999999999997, 43.4833333333334], [144.991666666664, 43.4833333333334], [144.991666666664, 43.4750000000001], [144.974999999997, 43.4750000000001], [144.974999999997, 43.4666666666667], [144.941666666664, 43.4666666666667], [144.941666666664, 43.4583333333334], [144.93333333333, 43.4583333333334], [144.93333333333, 43.4666666666667], [144.924999999997, 43.4666666666667], [144.924999999997, 43.4750000000001], [144.90833333333, 43.4750000000001], [144.90833333333, 43.4833333333334], [144.83333333333, 43.4833333333334], [144.83333333333, 43.4750000000001], [144.799999999997, 43.4750000000001], [144.799999999997, 43.4833333333334], [144.75833333333, 43.4833333333334], [144.75833333333, 43.4916666666667], [144.73333333333, 43.4916666666667], [144.73333333333, 43.5], [144.724999999997, 43.5], [144.724999999997, 43.5083333333334], [144.708333333331, 43.5083333333334], [144.708333333331, 43.5166666666667], [144.699999999997, 43.5166666666667], [144.699999999997, 43.525], [144.691666666664, 43.525], [144.691666666664, 43.5333333333334], [144.683333333331, 43.5333333333334], [144.683333333331, 43.5416666666667], [144.666666666664, 43.5416666666667], [144.666666666664, 43.55], [144.649999999997, 43.55], [144.649999999997, 43.5583333333334], [144.633333333331, 43.5583333333334]]]}}, {"type": "Feature", "properties": {"id": "中頓別町", "name": "中頓別町"}, "geometry": {"type": "Polygon", "coordinates": [[[142.166666666654, 44.85], [142.158333333321, 44.85], [142.158333333321, 44.8833333333333], [142.149999999987, 44.8833333333333], [142.149999999987, 44.8916666666666], [142.141666666654, 44.8916666666666], [142.141666666654, 44.9], [142.133333333321, 44.9], [142.133333333321, 44.9083333333333], [142.124999999987, 44.9083333333333], [142.124999999987, 44.9166666666666], [142.133333333321, 44.9166666666666], [142.133333333321, 44.925], [142.141666666654, 44.925], [142.141666666654, 44.9583333333333], [142.158333333321, 44.9583333333333], [142.158333333321, 44.9666666666666], [142.199999999987, 44.9666666666666], [142.199999999987, 44.975], [142.216666666654, 44.975], [142.216666666654, 44.9916666666666], [142.233333333321, 44.9916666666666], [142.233333333321, 45.0], [142.249999999987, 45.0], [142.249999999987, 45.0083333333333], [142.266666666654, 45.0083333333333], [142.266666666654, 45.0166666666666], [142.28333333332, 45.0166666666666], [142.28333333332, 45.025], [142.30833333332, 45.025], [142.30833333332, 45.0166666666666], [142.366666666654, 45.0166666666666], [142.366666666654, 45.0083333333333], [142.391666666654, 45.0083333333333], [142.391666666654, 45.0], [142.399999999987, 45.0], [142.399999999987, 44.9833333333333], [142.40833333332, 44.9833333333333], [142.40833333332, 44.975], [142.416666666654, 44.975], [142.416666666654, 44.9666666666666], [142.424999999987, 44.9666666666666], [142.424999999987, 44.925], [142.416666666654, 44.925], [142.416666666654, 44.9166666666666], [142.40833333332, 44.9166666666666], [142.40833333332, 44.8916666666666], [142.399999999987, 44.8916666666666], [142.399999999987, 44.875], [142.38333333332, 44.875], [142.38333333332, 44.8666666666666], [142.349999999987, 44.8666666666666], [142.349999999987, 44.8583333333333], [142.341666666654, 44.8583333333333], [142.341666666654, 44.85], [142.33333333332, 44.85], [142.33333333332, 44.8333333333333], [142.316666666654, 44.8333333333333], [142.316666666654, 44.7833333333333], [142.291666666654, 44.7833333333333], [142.291666666654, 44.7916666666666], [142.28333333332, 44.7916666666666], [142.28333333332, 44.8166666666666], [142.249999999987, 44.8166666666666], [142.249999999987, 44.825], [142.208333333321, 44.825], [142.208333333321, 44.8083333333333], [142.199999999987, 44.8083333333333], [142.199999999987, 44.8], [142.166666666654, 44.8], [142.166666666654, 44.8083333333333], [142.158333333321, 44.8083333333333], [142.158333333321, 44.8166666666666], [142.166666666654, 44.8166666666666], [142.166666666654, 44.85]]]}}, {"type": "Feature", "properties": {"id": "乙部町", "name": "乙部町"}, "geometry": {"type": "Polygon", "coordinates": [[[140.124999999989, 41.9500000000001], [140.124999999989, 41.9916666666668], [140.116666666656, 41.9916666666668], [140.116666666656, 42.0000000000001], [140.099999999989, 42.0000000000001], [140.099999999989, 42.0250000000001], [140.091666666656, 42.0250000000001], [140.091666666656, 42.0333333333335], [140.083333333322, 42.0333333333335], [140.083333333322, 42.0416666666668], [140.074999999989, 42.0416666666668], [140.074999999989, 42.0666666666668], [140.099999999989, 42.0666666666668], [140.099999999989, 42.0750000000001], [140.116666666656, 42.0750000000001], [140.116666666656, 42.0666666666668], [140.141666666656, 42.0666666666668], [140.141666666656, 42.0750000000001], [140.149999999989, 42.0750000000001], [140.149999999989, 42.0666666666668], [140.191666666656, 42.0666666666668], [140.191666666656, 42.0833333333335], [140.199999999989, 42.0833333333335], [140.199999999989, 42.0916666666668], [140.224999999989, 42.0916666666668], [140.224999999989, 42.0750000000001], [140.233333333322, 42.0750000000001], [140.233333333322, 42.0666666666668], [140.249999999989, 42.0666666666668], [140.249999999989, 42.0583333333335], [140.266666666656, 42.0583333333335], [140.266666666656, 42.0500000000001], [140.283333333322, 42.0500000000001], [140.283333333322, 42.0416666666668], [140.274999999989, 42.0416666666668], [140.274999999989, 42.0333333333335], [140.266666666656, 42.0333333333335], [140.266666666656, 41.9750000000001], [140.241666666656, 41.9750000000001], [140.241666666656, 41.9666666666668], [140.208333333322, 41.9666666666668], [140.208333333322, 41.9583333333335], [140.133333333322, 41.9583333333335], [140.133333333322, 41.9500000000001], [140.124999999989, 41.9500000000001]]]}}, {"type": "Feature", "properties": {"id": "京極町", "name": "京極町"}, "geometry": {"type": "Polygon", "coordinates": [[[140.858333333322, 42.8250000000001], [140.808333333322, 42.8250000000001], [140.808333333322, 42.8333333333334], [140.816666666655, 42.8333333333334], [140.816666666655, 42.8416666666668], [140.824999999988, 42.8416666666668], [140.824999999988, 42.8500000000001], [140.833333333322, 42.8500000000001], [140.833333333322, 42.8583333333334], [140.849999999988, 42.8583333333334], [140.849999999988, 42.9000000000001], [140.858333333322, 42.9000000000001], [140.858333333322, 42.9083333333334], [140.866666666655, 42.9083333333334], [140.866666666655, 42.9250000000001], [140.916666666655, 42.9250000000001], [140.916666666655, 42.9333333333334], [140.924999999988, 42.9333333333334], [140.924999999988, 42.9416666666667], [140.916666666655, 42.9416666666667], [140.916666666655, 42.9583333333334], [140.924999999988, 42.9583333333334], [140.924999999988, 42.9666666666668], [140.941666666655, 42.9666666666668], [140.941666666655, 42.9750000000001], [140.966666666655, 42.9750000000001], [140.966666666655, 42.9833333333334], [140.999999999988, 42.9833333333334], [140.999999999988, 42.9750000000001], [141.008333333322, 42.9750000000001], [141.008333333322, 42.9666666666668], [141.024999999988, 42.9666666666668], [141.024999999988, 42.9583333333334], [141.049999999988, 42.9583333333334], [141.049999999988, 42.9416666666667], [141.041666666655, 42.9416666666667], [141.041666666655, 42.9250000000001], [141.033333333322, 42.9250000000001], [141.033333333322, 42.9166666666667], [141.024999999988, 42.9166666666667], [141.024999999988, 42.9083333333334], [141.033333333322, 42.9083333333334], [141.033333333322, 42.8833333333334], [141.024999999988, 42.8833333333334], [141.024999999988, 42.8750000000001], [141.016666666655, 42.8750000000001], [141.016666666655, 42.8666666666668], [141.008333333322, 42.8666666666668], [141.008333333322, 42.8500000000001], [140.999999999988, 42.8500000000001], [140.999999999988, 42.8416666666668], [140.991666666655, 42.8416666666668], [140.991666666655, 42.8333333333334], [140.999999999988, 42.8333333333334], [140.999999999988, 42.8166666666668], [140.991666666655, 42.8166666666668], [140.991666666655, 42.8083333333334], [140.899999999988, 42.8083333333334], [140.899999999988, 42.8166666666668], [140.858333333322, 42.8166666666668], [140.858333333322, 42.8250000000001]]]}}, {"type": "Feature", "properties": {"id": "仁木町", "name": "仁木町"}, "geometry": {"type": "Polygon", "coordinates": [[[140.666666666655, 43.0750000000001], [140.633333333322, 43.0750000000001], [140.633333333322, 43.1000000000001], [140.641666666655, 43.1000000000001], [140.641666666655, 43.1083333333334], [140.658333333322, 43.1083333333334], [140.658333333322, 43.1166666666667], [140.649999999989, 43.1166666666667], [140.649999999989, 43.1500000000001], [140.683333333322, 43.1500000000001], [140.683333333322, 43.1416666666667], [140.708333333322, 43.1416666666667], [140.708333333322, 43.1500000000001], [140.724999999989, 43.1500000000001], [140.724999999989, 43.1583333333334], [140.749999999989, 43.1583333333334], [140.749999999989, 43.1666666666667], [140.774999999989, 43.1666666666667], [140.774999999989, 43.1750000000001], [140.783333333322, 43.1750000000001], [140.783333333322, 43.1666666666667], [140.791666666655, 43.1666666666667], [140.791666666655, 43.1583333333334], [140.799999999989, 43.1583333333334], [140.799999999989, 43.1416666666667], [140.816666666655, 43.1416666666667], [140.816666666655, 43.1333333333334], [140.824999999988, 43.1333333333334], [140.824999999988, 43.1166666666667], [140.808333333322, 43.1166666666667], [140.808333333322, 43.1083333333334], [140.774999999989, 43.1083333333334], [140.774999999989, 43.1000000000001], [140.766666666655, 43.1000000000001], [140.766666666655, 43.0916666666667], [140.758333333322, 43.0916666666667], [140.758333333322, 43.0833333333334], [140.766666666655, 43.0833333333334], [140.766666666655, 43.0583333333334], [140.791666666655, 43.0583333333334], [140.791666666655, 43.0500000000001], [140.799999999989, 43.0500000000001], [140.799999999989, 43.0416666666667], [140.816666666655, 43.0416666666667], [140.816666666655, 43.0250000000001], [140.824999999988, 43.0250000000001], [140.824999999988, 43.0083333333334], [140.816666666655, 43.0083333333334], [140.816666666655, 43.0000000000001], [140.799999999989, 43.0000000000001], [140.799999999989, 43.0083333333334], [140.783333333322, 43.0083333333334], [140.783333333322, 43.0166666666667], [140.774999999989, 43.0166666666667], [140.774999999989, 43.0083333333334], [140.766666666655, 43.0083333333334], [140.766666666655, 43.0166666666667], [140.758333333322, 43.0166666666667], [140.758333333322, 43.0083333333334], [140.749999999989, 43.0083333333334], [140.749999999989, 43.0166666666667], [140.724999999989, 43.0166666666667], [140.724999999989, 43.0250000000001], [140.716666666655, 43.0250000000001], [140.716666666655, 43.0333333333334], [140.699999999989, 43.0333333333334], [140.699999999989, 43.0416666666667], [140.691666666655, 43.0416666666667], [140.691666666655, 43.0500000000001], [140.683333333322, 43.0500000000001], [140.683333333322, 43.0583333333334], [140.674999999989, 43.0583333333334], [140.674999999989, 43.0666666666667], [140.666666666655, 43.0666666666667], [140.666666666655, 43.0750000000001]]]}}, {"type": "Feature", "properties": {"id": "今金町", "name": "今金町"}, "geometry": {"type": "Polygon", "coordinates": [[[139.983333333323, 42.3083333333335], [139.974999999989, 42.3083333333335], [139.974999999989, 42.3166666666668], [139.966666666656, 42.3166666666668], [139.966666666656, 42.3500000000001], [139.958333333323, 42.3500000000001], [139.958333333323, 42.3666666666668], [139.949999999989, 42.3666666666668], [139.949999999989, 42.3833333333335], [139.958333333323, 42.3833333333335], [139.958333333323, 42.3916666666668], [139.949999999989, 42.3916666666668], [139.949999999989, 42.4000000000001], [139.933333333323, 42.4000000000001], [139.933333333323, 42.4083333333334], [139.924999999989, 42.4083333333334], [139.924999999989, 42.4166666666668], [139.933333333323, 42.4166666666668], [139.933333333323, 42.4083333333335], [139.941666666656, 42.4083333333335], [139.941666666656, 42.4166666666668], [139.958333333323, 42.4166666666668], [139.958333333323, 42.4416666666668], [139.966666666656, 42.4416666666668], [139.966666666656, 42.4500000000001], [139.974999999989, 42.4500000000001], [139.974999999989, 42.4583333333334], [139.983333333323, 42.4583333333334], [139.983333333323, 42.4750000000001], [139.991666666656, 42.4750000000001], [139.991666666656, 42.4833333333334], [139.983333333323, 42.4833333333334], [139.983333333323, 42.4916666666668], [139.974999999989, 42.4916666666668], [139.974999999989, 42.5000000000001], [139.966666666656, 42.5000000000001], [139.966666666656, 42.5083333333334], [139.974999999989, 42.5083333333334], [139.974999999989, 42.5166666666668], [139.983333333323, 42.5166666666668], [139.983333333323, 42.5250000000001], [139.999999999989, 42.5250000000001], [139.999999999989, 42.5333333333334], [140.016666666656, 42.5333333333334], [140.016666666656, 42.5416666666668], [140.024999999989, 42.5416666666668], [140.024999999989, 42.5500000000001], [140.033333333323, 42.5500000000001], [140.033333333323, 42.5583333333334], [140.091666666656, 42.5583333333334], [140.091666666656, 42.5500000000001], [140.124999999989, 42.5500000000001], [140.124999999989, 42.5583333333334], [140.133333333322, 42.5583333333334], [140.133333333322, 42.5666666666668], [140.141666666656, 42.5666666666668], [140.141666666656, 42.5750000000001], [140.149999999989, 42.5750000000001], [140.149999999989, 42.5833333333334], [140.158333333322, 42.5833333333334], [140.158333333322, 42.6000000000001], [140.149999999989, 42.6000000000001], [140.149999999989, 42.6166666666668], [140.183333333322, 42.6166666666668], [140.183333333322, 42.6083333333334], [140.191666666656, 42.6083333333334], [140.191666666656, 42.5833333333334], [140.199999999989, 42.5833333333334], [140.199999999989, 42.5750000000001], [140.233333333322, 42.5750000000001], [140.233333333322, 42.5666666666668], [140.249999999989, 42.5666666666668], [140.249999999989, 42.5500000000001], [140.266666666656, 42.5500000000001], [140.266666666656, 42.5416666666668], [140.258333333322, 42.5416666666668], [140.258333333322, 42.5250000000001], [140.249999999989, 42.5250000000001], [140.249999999989, 42.5166666666668], [140.241666666656, 42.5166666666668], [140.241666666656, 42.5083333333334], [140.233333333322, 42.5083333333334], [140.233333333322, 42.4916666666668], [140.224999999989, 42.4916666666668], [140.224999999989, 42.4833333333334], [140.216666666656, 42.4833333333334], [140.216666666656, 42.4750000000001], [140.208333333322, 42.4750000000001], [140.208333333322, 42.4666666666668], [140.216666666656, 42.4666666666668], [140.216666666656, 42.4416666666668], [140.224999999989, 42.4416666666668], [140.224999999989, 42.4166666666668], [140.233333333322, 42.4166666666668], [140.233333333322, 42.4000000000001], [140.224999999989, 42.4000000000001], [140.224999999989, 42.3916666666668], [140.208333333322, 42.3916666666668], [140.208333333322, 42.3833333333334], [140.191666666656, 42.3833333333334], [140.191666666656, 42.3750000000001], [140.158333333322, 42.3750000000001], [140.158333333322, 42.3666666666668], [140.149999999989, 42.3666666666668], [140.149999999989, 42.3583333333334], [140.133333333322, 42.3583333333334], [140.133333333322, 42.3500000000001], [140.124999999989, 42.3500000000001], [140.124999999989, 42.3416666666668], [140.091666666656, 42.3416666666668], [140.091666666656, 42.3166666666668], [140.083333333322, 42.3166666666668], [140.083333333322, 42.3000000000001], [140.074999999989, 42.3000000000001], [140.074999999989, 42.2916666666668], [140.066666666656, 42.2916666666668], [140.066666666656, 42.2833333333335], [140.058333333323, 42.2833333333335], [140.058333333323, 42.2750000000001], [140.049999999989, 42.2750000000001], [140.049999999989, 42.2833333333335], [140.024999999989, 42.2833333333335], [140.024999999989, 42.2750000000001], [139.991666666656, 42.2750000000001], [139.991666666656, 42.2916666666668], [139.983333333323, 42.2916666666668], [139.983333333323, 42.3083333333335]]]}}, {"type": "Feature", "properties": {"id": "伊達市", "name": "伊達市"}, "geometry": {"type": "MultiPolygon", "coordinates": [[[[140.833333333322, 42.4750000000001], [140.824999999988, 42.4750000000001], [140.824999999988, 42.4833333333334], [140.808333333322, 42.4833333333334], [140.808333333322, 42.4916666666668], [140.799999999989, 42.4916666666668], [140.799999999989, 42.5000000000001], [140.774999999989, 42.5000000000001], [140.774999999989, 42.5250000000001], [140.783333333322, 42.5250000000001], [140.783333333322, 42.5333333333334], [140.808333333322, 42.5333333333334], [140.808333333322, 42.5416666666668], [140.833333333322, 42.5416666666668], [140.833333333322, 42.5333333333334], [140.849999999988, 42.5333333333334], [140.849999999988, 42.5250000000001], [140.866666666655, 42.5250000000001], [140.866666666655, 42.5333333333334], [140.899999999988, 42.5333333333334], [140.899999999988, 42.5416666666668], [140.949999999988, 42.5416666666668], [140.949999999988, 42.5333333333334], [140.958333333322, 42.5333333333334], [140.958333333322, 42.5250000000001], [140.966666666655, 42.5250000000001], [140.966666666655, 42.5083333333334], [140.974999999988, 42.5083333333334], [140.974999999988, 42.5000000000001], [140.966666666655, 42.5000000000001], [140.966666666655, 42.4916666666668], [140.974999999988, 42.4916666666668], [140.974999999988, 42.4666666666668], [140.983333333322, 42.4666666666668], [140.983333333322, 42.4416666666668], [140.991666666655, 42.4416666666668], [140.991666666655, 42.4333333333334], [140.983333333322, 42.4333333333334], [140.983333333322, 42.4083333333334], [140.974999999988, 42.4083333333334], [140.974999999988, 42.4000000000001], [140.958333333322, 42.4000000000001], [140.958333333322, 42.3916666666668], [140.941666666655, 42.3916666666668], [140.941666666655, 42.3833333333334], [140.916666666655, 42.3833333333334], [140.916666666655, 42.3750000000001], [140.899999999988, 42.3750000000001], [140.899999999988, 42.4166666666668], [140.891666666655, 42.4166666666668], [140.891666666655, 42.4250000000001], [140.883333333322, 42.4250000000001], [140.883333333322, 42.4416666666668], [140.874999999988, 42.4416666666668], [140.874999999988, 42.4500000000001], [140.866666666655, 42.4500000000001], [140.866666666655, 42.4583333333334], [140.849999999988, 42.4583333333334], [140.849999999988, 42.4666666666668], [140.833333333322, 42.4666666666668], [140.833333333322, 42.4750000000001]]], [[[140.958333333322, 42.6416666666668], [140.958333333322, 42.6500000000001], [140.966666666655, 42.6500000000001], [140.966666666655, 42.6750000000001], [140.983333333322, 42.6750000000001], [140.983333333322, 42.6833333333334], [140.991666666655, 42.6833333333334], [140.991666666655, 42.7000000000001], [140.999999999988, 42.7000000000001], [140.999999999988, 42.7083333333334], [141.008333333322, 42.7083333333334], [141.008333333322, 42.7166666666668], [141.041666666655, 42.7166666666668], [141.041666666655, 42.7333333333334], [141.058333333322, 42.7333333333334], [141.058333333322, 42.7416666666668], [141.074999999988, 42.7416666666668], [141.074999999988, 42.7500000000001], [141.083333333322, 42.7500000000001], [141.083333333322, 42.7833333333334], [141.091666666655, 42.7833333333334], [141.091666666655, 42.7916666666668], [141.083333333322, 42.7916666666668], [141.083333333322, 42.8000000000001], [141.074999999988, 42.8000000000001], [141.074999999988, 42.8083333333334], [141.066666666655, 42.8083333333334], [141.066666666655, 42.8250000000001], [141.099999999988, 42.8250000000001], [141.099999999988, 42.8166666666668], [141.108333333322, 42.8166666666668], [141.108333333322, 42.8083333333334], [141.124999999988, 42.8083333333334], [141.124999999988, 42.8000000000001], [141.133333333322, 42.8000000000001], [141.133333333322, 42.7916666666668], [141.141666666655, 42.7916666666668], [141.141666666655, 42.7833333333334], [141.191666666655, 42.7833333333334], [141.191666666655, 42.7666666666668], [141.183333333321, 42.7666666666668], [141.183333333321, 42.7583333333334], [141.174999999988, 42.7583333333334], [141.174999999988, 42.7250000000001], [141.183333333321, 42.7250000000001], [141.183333333321, 42.7083333333334], [141.191666666655, 42.7083333333334], [141.191666666655, 42.6833333333334], [141.183333333321, 42.6833333333334], [141.183333333321, 42.6750000000001], [141.166666666655, 42.6750000000001], [141.166666666655, 42.6666666666668], [141.158333333322, 42.6666666666668], [141.158333333322, 42.6416666666668], [141.149999999988, 42.6416666666668], [141.149999999988, 42.6250000000001], [141.141666666655, 42.6250000000001], [141.141666666655, 42.6166666666668], [141.124999999988, 42.6166666666668], [141.124999999988, 42.6083333333334], [141.108333333322, 42.6083333333334], [141.108333333322, 42.6000000000001], [141.099999999988, 42.6000000000001], [141.099999999988, 42.5916666666668], [141.091666666655, 42.5916666666668], [141.091666666655, 42.5833333333334], [141.074999999988, 42.5833333333334], [141.074999999988, 42.5916666666668], [141.024999999988, 42.5916666666668], [141.024999999988, 42.6083333333334], [141.016666666655, 42.6083333333334], [141.016666666655, 42.6166666666668], [141.008333333322, 42.6166666666668], [141.008333333322, 42.6250000000001], [140.991666666655, 42.6250000000001], [140.991666666655, 42.6333333333334], [140.974999999988, 42.6333333333334], [140.974999999988, 42.6416666666668], [140.958333333322, 42.6416666666668]]]]}}, {"type": "Feature", "properties": {"id": "佐呂間町", "name": "佐呂間町"}, "geometry": {"type": "Polygon", "coordinates": [[[143.633333333331, 43.9333333333334], [143.608333333332, 43.9333333333334], [143.608333333332, 43.9416666666667], [143.599999999998, 43.9416666666667], [143.599999999998, 43.95], [143.591666666665, 43.95], [143.591666666665, 43.9416666666667], [143.583333333332, 43.9416666666667], [143.583333333332, 43.95], [143.574999999998, 43.95], [143.574999999998, 43.9666666666667], [143.583333333332, 43.9666666666667], [143.583333333332, 43.9833333333334], [143.591666666665, 43.9833333333334], [143.591666666665, 43.9916666666667], [143.649999999998, 43.9916666666667], [143.649999999998, 44.0], [143.658333333331, 44.0], [143.658333333331, 44.0083333333334], [143.674999999998, 44.0083333333334], [143.674999999998, 44.0166666666667], [143.699999999998, 44.0166666666667], [143.699999999998, 44.0083333333334], [143.716666666665, 44.0083333333334], [143.716666666665, 44.0333333333334], [143.724999999998, 44.0333333333334], [143.724999999998, 44.05], [143.733333333331, 44.05], [143.733333333331, 44.0583333333334], [143.741666666665, 44.0583333333334], [143.741666666665, 44.125], [143.749999999998, 44.125], [143.749999999998, 44.1166666666667], [143.758333333331, 44.1166666666667], [143.758333333331, 44.1], [143.766666666665, 44.1], [143.766666666665, 44.1083333333334], [143.783333333331, 44.1083333333334], [143.783333333331, 44.1], [143.824999999998, 44.1], [143.824999999998, 44.1083333333334], [143.866666666665, 44.1083333333334], [143.866666666665, 44.1], [143.891666666665, 44.1], [143.891666666665, 44.1083333333334], [143.908333333331, 44.1083333333334], [143.908333333331, 44.1], [143.916666666665, 44.1], [143.916666666665, 44.0916666666667], [143.958333333331, 44.0916666666667], [143.958333333331, 44.0666666666667], [143.949999999998, 44.0666666666667], [143.949999999998, 44.0333333333334], [143.941666666665, 44.0333333333334], [143.941666666665, 44.025], [143.933333333331, 44.025], [143.933333333331, 44.0166666666667], [143.924999999998, 44.0166666666667], [143.924999999998, 44.0083333333334], [143.908333333331, 44.0083333333334], [143.908333333331, 44.0], [143.891666666665, 44.0], [143.891666666665, 43.9916666666667], [143.883333333331, 43.9916666666667], [143.883333333331, 43.9833333333334], [143.866666666665, 43.9833333333334], [143.866666666665, 43.975], [143.849999999998, 43.975], [143.849999999998, 43.9833333333334], [143.783333333331, 43.9833333333334], [143.783333333331, 43.9583333333334], [143.774999999998, 43.9583333333334], [143.774999999998, 43.95], [143.758333333331, 43.95], [143.758333333331, 43.9583333333334], [143.749999999998, 43.9583333333334], [143.749999999998, 43.925], [143.758333333331, 43.925], [143.758333333331, 43.9166666666667], [143.749999999998, 43.9166666666667], [143.749999999998, 43.9083333333334], [143.733333333331, 43.9083333333334], [143.733333333331, 43.9], [143.724999999998, 43.9], [143.724999999998, 43.8833333333334], [143.716666666665, 43.8833333333334], [143.716666666665, 43.875], [143.699999999998, 43.875], [143.699999999998, 43.8833333333334], [143.691666666665, 43.8833333333334], [143.691666666665, 43.8916666666667], [143.683333333331, 43.8916666666667], [143.683333333331, 43.9], [143.674999999998, 43.9], [143.674999999998, 43.925], [143.649999999998, 43.925], [143.649999999998, 43.9333333333334], [143.641666666665, 43.9333333333334], [143.641666666665, 43.9416666666667], [143.633333333331, 43.9416666666667], [143.633333333331, 43.9333333333334]]]}}, {"type": "Feature", "properties": {"id": "余市町", "name": "余市町"}, "geometry": {"type": "Polygon", "coordinates": [[[140.708333333322, 43.1416666666667], [140.683333333322, 43.1416666666667], [140.683333333322, 43.1500000000001], [140.649999999989, 43.1500000000001], [140.649999999989, 43.1833333333334], [140.683333333322, 43.1833333333334], [140.683333333322, 43.1916666666667], [140.691666666655, 43.1916666666667], [140.691666666655, 43.2000000000001], [140.683333333322, 43.2000000000001], [140.683333333322, 43.2166666666667], [140.674999999989, 43.2166666666667], [140.674999999989, 43.2250000000001], [140.683333333322, 43.2250000000001], [140.683333333322, 43.2333333333334], [140.699999999989, 43.2333333333334], [140.699999999989, 43.2583333333334], [140.708333333322, 43.2583333333334], [140.708333333322, 43.2500000000001], [140.724999999989, 43.2500000000001], [140.724999999989, 43.2416666666667], [140.749999999989, 43.2416666666667], [140.749999999989, 43.2333333333334], [140.758333333322, 43.2333333333334], [140.758333333322, 43.2250000000001], [140.783333333322, 43.2250000000001], [140.783333333322, 43.2000000000001], [140.849999999988, 43.2000000000001], [140.849999999988, 43.1750000000001], [140.858333333322, 43.1750000000001], [140.858333333322, 43.1666666666667], [140.891666666655, 43.1666666666667], [140.891666666655, 43.1583333333334], [140.916666666655, 43.1583333333334], [140.916666666655, 43.1500000000001], [140.924999999988, 43.1500000000001], [140.924999999988, 43.1333333333334], [140.908333333322, 43.1333333333334], [140.908333333322, 43.1250000000001], [140.858333333322, 43.1250000000001], [140.858333333322, 43.1166666666667], [140.849999999988, 43.1166666666667], [140.849999999988, 43.1083333333334], [140.841666666655, 43.1083333333334], [140.841666666655, 43.1166666666667], [140.824999999988, 43.1166666666667], [140.824999999988, 43.1333333333334], [140.816666666655, 43.1333333333334], [140.816666666655, 43.1416666666667], [140.799999999989, 43.1416666666667], [140.799999999989, 43.1583333333334], [140.791666666655, 43.1583333333334], [140.791666666655, 43.1666666666667], [140.783333333322, 43.1666666666667], [140.783333333322, 43.1750000000001], [140.774999999989, 43.1750000000001], [140.774999999989, 43.1666666666667], [140.749999999989, 43.1666666666667], [140.749999999989, 43.1583333333334], [140.724999999989, 43.1583333333334], [140.724999999989, 43.1500000000001], [140.708333333322, 43.1500000000001], [140.708333333322, 43.1416666666667]]]}}, {"type": "Feature", "properties": {"id": "倶知安町", "name": "倶知安町"}, "geometry": {"type": "Polygon", "coordinates": [[[140.674999999989, 42.8666666666668], [140.658333333322, 42.8666666666668], [140.658333333322, 42.8750000000001], [140.641666666655, 42.8750000000001], [140.641666666655, 42.8833333333334], [140.616666666655, 42.8833333333334], [140.616666666655, 42.8916666666668], [140.624999999989, 42.8916666666668], [140.624999999989, 42.9000000000001], [140.633333333322, 42.9000000000001], [140.633333333322, 42.9083333333334], [140.649999999989, 42.9083333333334], [140.649999999989, 42.9166666666668], [140.691666666655, 42.9166666666668], [140.691666666655, 42.9250000000001], [140.724999999989, 42.9250000000001], [140.724999999989, 42.9333333333334], [140.733333333322, 42.9333333333334], [140.733333333322, 42.9583333333334], [140.741666666655, 42.9583333333334], [140.741666666655, 42.9750000000001], [140.758333333322, 42.9750000000001], [140.758333333322, 43.0000000000001], [140.766666666655, 43.0000000000001], [140.766666666655, 43.0083333333334], [140.774999999989, 43.0083333333334], [140.774999999989, 43.0166666666668], [140.783333333322, 43.0166666666668], [140.783333333322, 43.0083333333334], [140.799999999989, 43.0083333333334], [140.799999999989, 43.0000000000001], [140.816666666655, 43.0000000000001], [140.816666666655, 43.0083333333334], [140.833333333322, 43.0083333333334], [140.833333333322, 43.0000000000001], [140.841666666655, 43.0000000000001], [140.841666666655, 42.9916666666668], [140.849999999988, 42.9916666666668], [140.849999999988, 42.9833333333334], [140.858333333322, 42.9833333333334], [140.858333333322, 42.9750000000001], [140.908333333322, 42.9750000000001], [140.908333333322, 42.9583333333334], [140.916666666655, 42.9583333333334], [140.916666666655, 42.9416666666668], [140.924999999988, 42.9416666666668], [140.924999999988, 42.9333333333334], [140.916666666655, 42.9333333333334], [140.916666666655, 42.9250000000001], [140.866666666655, 42.9250000000001], [140.866666666655, 42.9083333333334], [140.858333333322, 42.9083333333334], [140.858333333322, 42.9000000000001], [140.849999999988, 42.9000000000001], [140.849999999988, 42.8583333333334], [140.833333333322, 42.8583333333334], [140.833333333322, 42.8500000000001], [140.824999999988, 42.8500000000001], [140.824999999988, 42.8416666666668], [140.816666666655, 42.8416666666668], [140.816666666655, 42.8333333333334], [140.808333333322, 42.8333333333334], [140.808333333322, 42.8250000000001], [140.791666666655, 42.8250000000001], [140.791666666655, 42.8333333333334], [140.749999999989, 42.8333333333334], [140.749999999989, 42.8416666666668], [140.716666666655, 42.8416666666668], [140.716666666655, 42.8250000000001], [140.699999999989, 42.8250000000001], [140.699999999989, 42.8333333333334], [140.691666666655, 42.8333333333334], [140.691666666655, 42.8416666666668], [140.683333333322, 42.8416666666668], [140.683333333322, 42.8500000000001], [140.674999999989, 42.8500000000001], [140.674999999989, 42.8666666666668]]]}}, {"type": "Feature", "properties": {"id": "八雲町", "name": "八雲町"}, "geometry": {"type": "Polygon", "coordinates": [[[139.991666666656, 42.1250000000001], [139.924999999989, 42.1250000000001], [139.924999999989, 42.1500000000001], [139.933333333323, 42.1500000000001], [139.933333333323, 42.1833333333335], [139.941666666656, 42.1833333333335], [139.941666666656, 42.1916666666668], [139.958333333323, 42.1916666666668], [139.958333333323, 42.2000000000001], [139.999999999989, 42.2000000000001], [139.999999999989, 42.2083333333335], [140.008333333323, 42.2083333333335], [140.008333333323, 42.2166666666668], [140.016666666656, 42.2166666666668], [140.016666666656, 42.2250000000001], [140.033333333323, 42.2250000000001], [140.033333333323, 42.2500000000001], [140.024999999989, 42.2500000000001], [140.024999999989, 42.2666666666668], [140.016666666656, 42.2666666666668], [140.016666666656, 42.2750000000001], [140.024999999989, 42.2750000000001], [140.024999999989, 42.2833333333335], [140.049999999989, 42.2833333333335], [140.049999999989, 42.2750000000001], [140.058333333323, 42.2750000000001], [140.058333333323, 42.2833333333335], [140.066666666656, 42.2833333333335], [140.066666666656, 42.2916666666668], [140.074999999989, 42.2916666666668], [140.074999999989, 42.3000000000001], [140.083333333322, 42.3000000000001], [140.083333333322, 42.3166666666668], [140.091666666656, 42.3166666666668], [140.091666666656, 42.3416666666668], [140.124999999989, 42.3416666666668], [140.124999999989, 42.3500000000001], [140.133333333322, 42.3500000000001], [140.133333333322, 42.3583333333335], [140.149999999989, 42.3583333333335], [140.149999999989, 42.3666666666668], [140.158333333322, 42.3666666666668], [140.158333333322, 42.3750000000001], [140.191666666656, 42.3750000000001], [140.191666666656, 42.3833333333335], [140.208333333322, 42.3833333333335], [140.208333333322, 42.3916666666668], [140.224999999989, 42.3916666666668], [140.224999999989, 42.3833333333335], [140.291666666656, 42.3833333333335], [140.291666666656, 42.3750000000001], [140.299999999989, 42.3750000000001], [140.299999999989, 42.3666666666668], [140.291666666656, 42.3666666666668], [140.291666666656, 42.3416666666668], [140.283333333322, 42.3416666666668], [140.283333333322, 42.3000000000001], [140.274999999989, 42.3000000000001], [140.274999999989, 42.2916666666668], [140.283333333322, 42.2916666666668], [140.283333333322, 42.2666666666668], [140.291666666656, 42.2666666666668], [140.291666666656, 42.2500000000001], [140.299999999989, 42.2500000000001], [140.299999999989, 42.2416666666668], [140.324999999989, 42.2416666666668], [140.324999999989, 42.2333333333335], [140.349999999989, 42.2333333333335], [140.349999999989, 42.2250000000001], [140.399999999989, 42.2250000000001], [140.399999999989, 42.2166666666668], [140.408333333322, 42.2166666666668], [140.408333333322, 42.2000000000001], [140.424999999989, 42.2000000000001], [140.424999999989, 42.1916666666668], [140.441666666655, 42.1916666666668], [140.441666666655, 42.1833333333335], [140.458333333322, 42.1833333333335], [140.458333333322, 42.1750000000001], [140.449999999989, 42.1750000000001], [140.449999999989, 42.1666666666668], [140.433333333322, 42.1666666666668], [140.433333333322, 42.1583333333335], [140.416666666656, 42.1583333333335], [140.416666666656, 42.1500000000001], [140.408333333322, 42.1500000000001], [140.408333333322, 42.1416666666668], [140.399999999989, 42.1416666666668], [140.399999999989, 42.1166666666668], [140.416666666656, 42.1166666666668], [140.416666666656, 42.1000000000001], [140.424999999989, 42.1000000000001], [140.424999999989, 42.0666666666668], [140.433333333322, 42.0666666666668], [140.433333333322, 42.0250000000001], [140.391666666656, 42.0250000000001], [140.391666666656, 42.0333333333335], [140.383333333322, 42.0333333333335], [140.383333333322, 42.0416666666668], [140.316666666656, 42.0416666666668], [140.316666666656, 42.0500000000001], [140.266666666656, 42.0500000000001], [140.266666666656, 42.0583333333335], [140.249999999989, 42.0583333333335], [140.249999999989, 42.0666666666668], [140.233333333322, 42.0666666666668], [140.233333333322, 42.0750000000001], [140.224999999989, 42.0750000000001], [140.224999999989, 42.0916666666668], [140.199999999989, 42.0916666666668], [140.199999999989, 42.0833333333335], [140.191666666656, 42.0833333333335], [140.191666666656, 42.0666666666668], [140.149999999989, 42.0666666666668], [140.149999999989, 42.0750000000001], [140.141666666656, 42.0750000000001], [140.141666666656, 42.0666666666668], [140.116666666656, 42.0666666666668], [140.116666666656, 42.0750000000001], [140.099999999989, 42.0750000000001], [140.099999999989, 42.0666666666668], [140.074999999989, 42.0666666666668], [140.074999999989, 42.0583333333335], [140.066666666656, 42.0583333333335], [140.066666666656, 42.0666666666668], [140.058333333323, 42.0666666666668], [140.058333333323, 42.0750000000001], [140.049999999989, 42.0750000000001], [140.049999999989, 42.0916666666668], [140.041666666656, 42.0916666666668], [140.041666666656, 42.1000000000001], [140.033333333323, 42.1000000000001], [140.033333333323, 42.1083333333335], [140.016666666656, 42.1083333333335], [140.016666666656, 42.1166666666668], [139.991666666656, 42.1166666666668], [139.991666666656, 42.1250000000001]]]}}, {"type": "Feature", "properties": {"id": "共和町", "name": "共和町"}, "geometry": {"type": "Polygon", "coordinates": [[[140.533333333322, 42.9000000000001], [140.533333333322, 42.9833333333334], [140.524999999989, 42.9833333333334], [140.524999999989, 42.9916666666667], [140.516666666655, 42.9916666666667], [140.516666666655, 43.0000000000001], [140.524999999989, 43.0000000000001], [140.524999999989, 43.0333333333334], [140.533333333322, 43.0333333333334], [140.533333333322, 43.0500000000001], [140.541666666655, 43.0500000000001], [140.541666666655, 43.0750000000001], [140.558333333322, 43.0750000000001], [140.558333333322, 43.0833333333334], [140.566666666655, 43.0833333333334], [140.566666666655, 43.0916666666667], [140.599999999989, 43.0916666666667], [140.599999999989, 43.0833333333334], [140.624999999989, 43.0833333333334], [140.624999999989, 43.0750000000001], [140.666666666655, 43.0750000000001], [140.666666666655, 43.0666666666667], [140.674999999989, 43.0666666666667], [140.674999999989, 43.0583333333334], [140.683333333322, 43.0583333333334], [140.683333333322, 43.0500000000001], [140.691666666655, 43.0500000000001], [140.691666666655, 43.0416666666667], [140.699999999989, 43.0416666666667], [140.699999999989, 43.0333333333334], [140.716666666655, 43.0333333333334], [140.716666666655, 43.0250000000001], [140.724999999989, 43.0250000000001], [140.724999999989, 43.0166666666668], [140.749999999989, 43.0166666666668], [140.749999999989, 43.0083333333334], [140.758333333322, 43.0083333333334], [140.758333333322, 43.0166666666668], [140.766666666655, 43.0166666666668], [140.766666666655, 43.0000000000001], [140.758333333322, 43.0000000000001], [140.758333333322, 42.9750000000001], [140.741666666655, 42.9750000000001], [140.741666666655, 42.9583333333334], [140.733333333322, 42.9583333333334], [140.733333333322, 42.9333333333334], [140.724999999989, 42.9333333333334], [140.724999999989, 42.9250000000001], [140.691666666655, 42.9250000000001], [140.691666666655, 42.9166666666667], [140.649999999989, 42.9166666666667], [140.649999999989, 42.9083333333334], [140.633333333322, 42.9083333333334], [140.633333333322, 42.9000000000001], [140.624999999989, 42.9000000000001], [140.624999999989, 42.8916666666668], [140.574999999989, 42.8916666666668], [140.574999999989, 42.9000000000001], [140.533333333322, 42.9000000000001]]]}}, {"type": "Feature", "properties": {"id": "函館市", "name": "函館市"}, "geometry": {"type": "Polygon", "coordinates": [[[140.699999999989, 41.7833333333335], [140.724999999989, 41.7833333333335], [140.724999999989, 41.7916666666668], [140.716666666655, 41.7916666666668], [140.716666666655, 41.8000000000001], [140.708333333322, 41.8000000000001], [140.708333333322, 41.8083333333335], [140.716666666655, 41.8083333333335], [140.716666666655, 41.8250000000001], [140.708333333322, 41.8250000000001], [140.708333333322, 41.8333333333335], [140.699999999989, 41.8333333333335], [140.699999999989, 41.8500000000002], [140.733333333322, 41.8500000000002], [140.733333333322, 41.8583333333335], [140.741666666655, 41.8583333333335], [140.741666666655, 41.8666666666668], [140.749999999989, 41.8666666666668], [140.749999999989, 41.8750000000001], [140.766666666655, 41.8750000000001], [140.766666666655, 41.8916666666668], [140.774999999989, 41.8916666666668], [140.774999999989, 41.9083333333335], [140.783333333322, 41.9083333333335], [140.783333333322, 41.9250000000001], [140.799999999989, 41.9250000000001], [140.799999999989, 41.9333333333335], [140.808333333322, 41.9333333333335], [140.808333333322, 41.9416666666668], [140.816666666655, 41.9416666666668], [140.816666666655, 41.9500000000001], [140.833333333322, 41.9500000000001], [140.833333333322, 41.9583333333335], [140.841666666655, 41.9583333333335], [140.841666666655, 42.0000000000001], [140.858333333322, 42.0000000000001], [140.858333333322, 42.0083333333335], [140.866666666655, 42.0083333333335], [140.866666666655, 42.0166666666668], [140.874999999988, 42.0166666666668], [140.874999999988, 42.0083333333335], [140.891666666655, 42.0083333333335], [140.891666666655, 42.0000000000001], [140.899999999988, 42.0000000000001], [140.899999999988, 41.9916666666668], [140.908333333322, 41.9916666666668], [140.908333333322, 41.9833333333335], [140.916666666655, 41.9833333333335], [140.916666666655, 41.9750000000001], [140.924999999988, 41.9750000000001], [140.924999999988, 41.9666666666668], [140.933333333322, 41.9666666666668], [140.933333333322, 41.9500000000001], [140.941666666655, 41.9500000000001], [140.941666666655, 41.9416666666668], [140.958333333322, 41.9416666666668], [140.958333333322, 41.9250000000001], [140.966666666655, 41.9250000000001], [140.966666666655, 41.9166666666668], [140.974999999988, 41.9166666666668], [140.974999999988, 41.9083333333335], [140.999999999988, 41.9083333333335], [140.999999999988, 41.9000000000001], [141.049999999988, 41.9000000000001], [141.049999999988, 41.8916666666668], [141.083333333322, 41.8916666666668], [141.083333333322, 41.8833333333335], [141.108333333322, 41.8833333333335], [141.108333333322, 41.8750000000001], [141.116666666655, 41.8750000000001], [141.116666666655, 41.8666666666668], [141.124999999988, 41.8666666666668], [141.124999999988, 41.8583333333335], [141.149999999988, 41.8583333333335], [141.149999999988, 41.8333333333335], [141.166666666655, 41.8333333333335], [141.166666666655, 41.8250000000002], [141.183333333321, 41.8250000000002], [141.183333333321, 41.8166666666668], [141.191666666655, 41.8166666666668], [141.191666666655, 41.8000000000001], [141.183333333321, 41.8000000000001], [141.183333333321, 41.7916666666668], [141.166666666655, 41.7916666666668], [141.166666666655, 41.7833333333335], [141.108333333322, 41.7833333333335], [141.108333333322, 41.7750000000001], [141.099999999988, 41.7750000000001], [141.099999999988, 41.7583333333335], [141.083333333322, 41.7583333333335], [141.083333333322, 41.7416666666668], [141.074999999988, 41.7416666666668], [141.074999999988, 41.7333333333335], [141.058333333322, 41.7333333333335], [141.058333333322, 41.7250000000002], [141.033333333322, 41.7250000000002], [141.033333333322, 41.7166666666668], [141.016666666655, 41.7166666666668], [141.016666666655, 41.7083333333335], [140.949999999988, 41.7083333333335], [140.949999999988, 41.7166666666668], [140.941666666655, 41.7166666666668], [140.941666666655, 41.7250000000002], [140.933333333322, 41.7250000000002], [140.933333333322, 41.7333333333335], [140.916666666655, 41.7333333333335], [140.916666666655, 41.7416666666668], [140.891666666655, 41.7416666666668], [140.891666666655, 41.7500000000001], [140.858333333322, 41.7500000000001], [140.858333333322, 41.7583333333335], [140.808333333322, 41.7583333333335], [140.808333333322, 41.7666666666668], [140.741666666655, 41.7666666666668], [140.741666666655, 41.7583333333335], [140.724999999989, 41.7583333333335], [140.724999999989, 41.7416666666668], [140.699999999989, 41.7416666666668], [140.699999999989, 41.7500000000001], [140.691666666655, 41.7500000000001], [140.691666666655, 41.7750000000002], [140.699999999989, 41.7750000000002], [140.699999999989, 41.7833333333335]]]}}, {"type": "Feature", "properties": {"id": "初山別村", "name": "初山別村"}, "geometry": {"type": "Polygon", "coordinates": [[[141.783333333321, 44.4166666666667], [141.774999999988, 44.4166666666667], [141.774999999988, 44.425], [141.758333333321, 44.425], [141.758333333321, 44.4333333333333], [141.749999999988, 44.4333333333333], [141.749999999988, 44.4666666666667], [141.758333333321, 44.4666666666667], [141.758333333321, 44.55], [141.766666666654, 44.55], [141.766666666654, 44.5666666666667], [141.774999999988, 44.5666666666667], [141.774999999988, 44.575], [141.783333333321, 44.575], [141.783333333321, 44.625], [141.791666666654, 44.625], [141.791666666654, 44.6416666666667], [141.799999999988, 44.6416666666667], [141.799999999988, 44.6333333333333], [141.816666666654, 44.6333333333333], [141.816666666654, 44.625], [141.824999999988, 44.625], [141.824999999988, 44.6166666666667], [141.833333333321, 44.6166666666667], [141.833333333321, 44.6083333333333], [141.858333333321, 44.6083333333333], [141.858333333321, 44.6], [141.924999999987, 44.6], [141.924999999987, 44.575], [141.933333333321, 44.575], [141.933333333321, 44.55], [141.924999999987, 44.55], [141.924999999987, 44.5166666666667], [141.908333333321, 44.5166666666667], [141.908333333321, 44.5083333333333], [141.899999999988, 44.5083333333333], [141.899999999988, 44.4916666666667], [141.908333333321, 44.4916666666667], [141.908333333321, 44.4666666666667], [141.924999999987, 44.4666666666667], [141.924999999987, 44.4583333333333], [141.933333333321, 44.4583333333333], [141.933333333321, 44.4416666666667], [141.908333333321, 44.4416666666667], [141.908333333321, 44.4333333333333], [141.883333333321, 44.4333333333333], [141.883333333321, 44.4083333333333], [141.874999999988, 44.4083333333333], [141.874999999988, 44.3916666666667], [141.808333333321, 44.3916666666667], [141.808333333321, 44.4], [141.783333333321, 44.4], [141.783333333321, 44.4166666666667]]]}}, {"type": "Feature", "properties": {"id": "別海町", "name": "別海町"}, "geometry": {"type": "MultiPolygon", "coordinates": [[[[144.708333333331, 43.3416666666667], [144.683333333331, 43.3416666666667], [144.683333333331, 43.3500000000001], [144.666666666664, 43.3500000000001], [144.666666666664, 43.3833333333334], [144.658333333331, 43.3833333333334], [144.658333333331, 43.4000000000001], [144.649999999997, 43.4000000000001], [144.649999999997, 43.4083333333334], [144.641666666664, 43.4083333333334], [144.641666666664, 43.4416666666667], [144.683333333331, 43.4416666666667], [144.683333333331, 43.4500000000001], [144.699999999997, 43.4500000000001], [144.699999999997, 43.4583333333334], [144.708333333331, 43.4583333333334], [144.708333333331, 43.4666666666667], [144.724999999997, 43.4666666666667], [144.724999999997, 43.4750000000001], [144.73333333333, 43.4750000000001], [144.73333333333, 43.4833333333334], [144.741666666664, 43.4833333333334], [144.741666666664, 43.4916666666667], [144.75833333333, 43.4916666666667], [144.75833333333, 43.4833333333334], [144.799999999997, 43.4833333333334], [144.799999999997, 43.4750000000001], [144.83333333333, 43.4750000000001], [144.83333333333, 43.4833333333334], [144.90833333333, 43.4833333333334], [144.90833333333, 43.4750000000001], [144.924999999997, 43.4750000000001], [144.924999999997, 43.4666666666667], [144.93333333333, 43.4666666666667], [144.93333333333, 43.4583333333334], [144.941666666664, 43.4583333333334], [144.941666666664, 43.4666666666667], [144.974999999997, 43.4666666666667], [144.974999999997, 43.4750000000001], [144.991666666664, 43.4750000000001], [144.991666666664, 43.4833333333334], [144.999999999997, 43.4833333333334], [144.999999999997, 43.4916666666667], [145.016666666664, 43.4916666666667], [145.016666666664, 43.5000000000001], [145.024999999997, 43.5000000000001], [145.024999999997, 43.5083333333334], [145.03333333333, 43.5083333333334], [145.03333333333, 43.5166666666667], [145.024999999997, 43.5166666666667], [145.024999999997, 43.525], [145.016666666664, 43.525], [145.016666666664, 43.5333333333334], [145.024999999997, 43.5333333333334], [145.024999999997, 43.5416666666667], [145.041666666664, 43.5416666666667], [145.041666666664, 43.5500000000001], [145.091666666663, 43.5500000000001], [145.091666666663, 43.5583333333334], [145.10833333333, 43.5583333333334], [145.10833333333, 43.5666666666667], [145.141666666663, 43.5666666666667], [145.141666666663, 43.5750000000001], [145.15833333333, 43.5750000000001], [145.15833333333, 43.5833333333334], [145.166666666663, 43.5833333333334], [145.166666666663, 43.5916666666667], [145.174999999997, 43.5916666666667], [145.174999999997, 43.6083333333334], [145.199999999997, 43.6083333333334], [145.199999999997, 43.6000000000001], [145.20833333333, 43.6000000000001], [145.20833333333, 43.5916666666667], [145.224999999997, 43.5916666666667], [145.224999999997, 43.5583333333334], [145.23333333333, 43.5583333333334], [145.23333333333, 43.5500000000001], [145.241666666663, 43.5500000000001], [145.241666666663, 43.5333333333334], [145.249999999997, 43.5333333333334], [145.249999999997, 43.4916666666667], [145.25833333333, 43.4916666666667], [145.25833333333, 43.4666666666667], [145.266666666663, 43.4666666666667], [145.266666666663, 43.4250000000001], [145.274999999997, 43.4250000000001], [145.274999999997, 43.4083333333334], [145.28333333333, 43.4083333333334], [145.28333333333, 43.4000000000001], [145.291666666663, 43.4000000000001], [145.291666666663, 43.3833333333334], [145.299999999997, 43.3833333333334], [145.299999999997, 43.3666666666667], [145.30833333333, 43.3666666666667], [145.30833333333, 43.3583333333334], [145.316666666663, 43.3583333333334], [145.316666666663, 43.3500000000001], [145.324999999997, 43.3500000000001], [145.324999999997, 43.3416666666667], [145.341666666663, 43.3416666666667], [145.341666666663, 43.3333333333334], [145.349999999997, 43.3333333333334], [145.349999999997, 43.3250000000001], [145.35833333333, 43.3250000000001], [145.35833333333, 43.3166666666667], [145.366666666663, 43.3166666666667], [145.366666666663, 43.3083333333334], [145.349999999997, 43.3083333333334], [145.349999999997, 43.3166666666667], [145.324999999997, 43.3166666666667], [145.324999999997, 43.3250000000001], [145.30833333333, 43.3250000000001], [145.30833333333, 43.3416666666667], [145.299999999997, 43.3416666666667], [145.299999999997, 43.3500000000001], [145.274999999997, 43.3500000000001], [145.274999999997, 43.3583333333334], [145.241666666663, 43.3583333333334], [145.241666666663, 43.3250000000001], [145.249999999997, 43.3250000000001], [145.249999999997, 43.3166666666667], [145.25833333333, 43.3166666666667], [145.25833333333, 43.2916666666667], [145.249999999997, 43.2916666666667], [145.249999999997, 43.2833333333334], [145.241666666663, 43.2833333333334], [145.241666666663, 43.2750000000001], [145.216666666663, 43.2750000000001], [145.216666666663, 43.2500000000001], [145.199999999997, 43.2500000000001], [145.199999999997, 43.2583333333334], [145.15833333333, 43.2583333333334], [145.15833333333, 43.2500000000001], [145.149999999997, 43.2500000000001], [145.149999999997, 43.2416666666667], [145.13333333333, 43.2416666666667], [145.13333333333, 43.2333333333334], [145.091666666663, 43.2333333333334], [145.091666666663, 43.2416666666667], [145.05833333333, 43.2416666666667], [145.05833333333, 43.2333333333334], [145.041666666664, 43.2333333333334], [145.041666666664, 43.2250000000001], [145.03333333333, 43.2250000000001], [145.03333333333, 43.2166666666667], [144.999999999997, 43.2166666666667], [144.999999999997, 43.2250000000001], [144.991666666664, 43.2250000000001], [144.991666666664, 43.2333333333334], [144.966666666664, 43.2333333333334], [144.966666666664, 43.2416666666667], [144.949999999997, 43.2416666666667], [144.949999999997, 43.2500000000001], [144.90833333333, 43.2500000000001], [144.90833333333, 43.2583333333334], [144.899999999997, 43.2583333333334], [144.899999999997, 43.2666666666667], [144.891666666664, 43.2666666666667], [144.891666666664, 43.2750000000001], [144.874999999997, 43.2750000000001], [144.874999999997, 43.2833333333334], [144.866666666664, 43.2833333333334], [144.866666666664, 43.2750000000001], [144.85833333333, 43.2750000000001], [144.85833333333, 43.2833333333334], [144.841666666664, 43.2833333333334], [144.841666666664, 43.2916666666667], [144.824999999997, 43.2916666666667], [144.824999999997, 43.3000000000001], [144.774999999997, 43.3000000000001], [144.774999999997, 43.3083333333334], [144.749999999997, 43.3083333333334], [144.749999999997, 43.3166666666667], [144.724999999997, 43.3166666666667], [144.724999999997, 43.3250000000001], [144.716666666664, 43.3250000000001], [144.716666666664, 43.3333333333334], [144.708333333331, 43.3333333333334], [144.708333333331, 43.3416666666667]]], [[[145.299999999997, 43.5666666666667], [145.324999999997, 43.5666666666667], [145.324999999997, 43.5916666666667], [145.266666666663, 43.5916666666667], [145.266666666663, 43.6083333333334], [145.25833333333, 43.6083333333334], [145.25833333333, 43.6166666666667], [145.274999999997, 43.6166666666667], [145.274999999997, 43.6083333333334], [145.316666666663, 43.6083333333334], [145.316666666663, 43.6000000000001], [145.33333333333, 43.6000000000001], [145.33333333333, 43.5916666666667], [145.349999999997, 43.5916666666667], [145.349999999997, 43.5583333333334], [145.341666666663, 43.5583333333334], [145.341666666663, 43.55], [145.291666666663, 43.55], [145.291666666663, 43.5583333333334], [145.299999999997, 43.5583333333334], [145.299999999997, 43.5666666666667]], [[145.33333333333, 43.5666666666667], [145.341666666663, 43.5666666666667], [145.341666666663, 43.575], [145.33333333333, 43.575], [145.33333333333, 43.5666666666667]]], [[[145.291666666663, 43.5583333333334], [145.28333333333, 43.5583333333334], [145.28333333333, 43.5666666666667], [145.291666666663, 43.5666666666667], [145.291666666663, 43.5583333333334]]]]}}, {"type": "Feature", "properties": {"id": "利尻富士町", "name": "利尻富士町"}, "geometry": {"type": "Polygon", "coordinates": [[[141.199999999988, 45.2083333333333], [141.166666666655, 45.2083333333333], [141.166666666655, 45.2166666666666], [141.149999999988, 45.2166666666666], [141.149999999988, 45.2333333333333], [141.158333333322, 45.2333333333333], [141.158333333322, 45.2416666666666], [141.166666666655, 45.2416666666666], [141.166666666655, 45.25], [141.174999999988, 45.25], [141.174999999988, 45.2583333333333], [141.191666666655, 45.2583333333333], [141.191666666655, 45.2666666666666], [141.199999999988, 45.2666666666666], [141.199999999988, 45.2583333333333], [141.216666666655, 45.2583333333333], [141.216666666655, 45.25], [141.233333333321, 45.25], [141.233333333321, 45.2416666666666], [141.258333333321, 45.2416666666666], [141.258333333321, 45.2333333333333], [141.266666666655, 45.2333333333333], [141.266666666655, 45.2416666666666], [141.274999999988, 45.2416666666666], [141.274999999988, 45.2333333333333], [141.283333333321, 45.2333333333333], [141.283333333321, 45.225], [141.299999999988, 45.225], [141.299999999988, 45.2166666666666], [141.316666666655, 45.2166666666666], [141.316666666655, 45.2], [141.324999999988, 45.2], [141.324999999988, 45.175], [141.333333333321, 45.175], [141.333333333321, 45.1416666666666], [141.324999999988, 45.1416666666666], [141.324999999988, 45.1333333333333], [141.316666666655, 45.1333333333333], [141.316666666655, 45.125], [141.291666666655, 45.125], [141.291666666655, 45.1083333333333], [141.258333333321, 45.1083333333333], [141.258333333321, 45.1], [141.249999999988, 45.1], [141.249999999988, 45.1666666666666], [141.241666666655, 45.1666666666666], [141.241666666655, 45.1833333333333], [141.224999999988, 45.1833333333333], [141.224999999988, 45.1916666666666], [141.208333333321, 45.1916666666666], [141.208333333321, 45.2], [141.199999999988, 45.2], [141.199999999988, 45.2083333333333]]]}}, {"type": "Feature", "properties": {"id": "利尻町", "name": "利尻町"}, "geometry": {"type": "Polygon", "coordinates": [[[141.158333333322, 45.1416666666666], [141.149999999988, 45.1416666666666], [141.149999999988, 45.1583333333333], [141.133333333322, 45.1583333333333], [141.133333333322, 45.1833333333333], [141.124999999988, 45.1833333333333], [141.124999999988, 45.1916666666666], [141.133333333322, 45.1916666666666], [141.133333333322, 45.225], [141.149999999988, 45.225], [141.149999999988, 45.2166666666666], [141.166666666655, 45.2166666666666], [141.166666666655, 45.2083333333333], [141.199999999988, 45.2083333333333], [141.199999999988, 45.2], [141.208333333321, 45.2], [141.208333333321, 45.1916666666666], [141.224999999988, 45.1916666666666], [141.224999999988, 45.1833333333333], [141.241666666655, 45.1833333333333], [141.241666666655, 45.1666666666666], [141.249999999988, 45.1666666666666], [141.249999999988, 45.0916666666666], [141.224999999988, 45.0916666666666], [141.224999999988, 45.1], [141.216666666655, 45.1], [141.216666666655, 45.1083333333333], [141.199999999988, 45.1083333333333], [141.199999999988, 45.1166666666666], [141.191666666655, 45.1166666666666], [141.191666666655, 45.125], [141.166666666655, 45.125], [141.166666666655, 45.1333333333333], [141.158333333322, 45.1333333333333], [141.158333333322, 45.1416666666666]]]}}, {"type": "Feature", "properties": {"id": "剣淵町", "name": "剣淵町"}, "geometry": {"type": "Polygon", "coordinates": [[[142.266666666654, 44.0666666666667], [142.266666666654, 44.0833333333334], [142.274999999987, 44.0833333333334], [142.274999999987, 44.0916666666667], [142.28333333332, 44.0916666666667], [142.28333333332, 44.1083333333333], [142.274999999987, 44.1083333333333], [142.274999999987, 44.1333333333334], [142.28333333332, 44.1333333333334], [142.28333333332, 44.1583333333334], [142.291666666654, 44.1583333333334], [142.291666666654, 44.1666666666667], [142.299999999987, 44.1666666666667], [142.299999999987, 44.175], [142.30833333332, 44.175], [142.30833333332, 44.1833333333334], [142.316666666654, 44.1833333333334], [142.316666666654, 44.175], [142.324999999987, 44.175], [142.324999999987, 44.1666666666667], [142.33333333332, 44.1666666666667], [142.33333333332, 44.1583333333334], [142.341666666654, 44.1583333333334], [142.341666666654, 44.15], [142.349999999987, 44.15], [142.349999999987, 44.1416666666667], [142.399999999987, 44.1416666666667], [142.399999999987, 44.15], [142.40833333332, 44.15], [142.40833333332, 44.125], [142.416666666654, 44.125], [142.416666666654, 44.1166666666667], [142.449999999987, 44.1166666666667], [142.449999999987, 44.1083333333333], [142.441666666654, 44.1083333333333], [142.441666666654, 44.1], [142.43333333332, 44.1], [142.43333333332, 44.0916666666667], [142.424999999987, 44.0916666666667], [142.424999999987, 44.0833333333333], [142.416666666654, 44.0833333333333], [142.416666666654, 44.075], [142.40833333332, 44.075], [142.40833333332, 44.0666666666667], [142.374999999987, 44.0666666666667], [142.374999999987, 44.075], [142.366666666654, 44.075], [142.366666666654, 44.0583333333334], [142.35833333332, 44.0583333333334], [142.35833333332, 44.05], [142.33333333332, 44.05], [142.33333333332, 44.0416666666667], [142.28333333332, 44.0416666666667], [142.28333333332, 44.05], [142.274999999987, 44.05], [142.274999999987, 44.0666666666667], [142.266666666654, 44.0666666666667]]]}}, {"type": "Feature", "properties": {"id": "北区", "name": "北区"}, "geometry": {"type": "MultiPolygon", "coordinates": [[[[141.299999999988, 43.1000000000001], [141.299999999988, 43.1083333333334], [141.291666666655, 43.1083333333334], [141.291666666655, 43.1166666666667], [141.283333333321, 43.1166666666667], [141.283333333321, 43.1250000000001], [141.274999999988, 43.1250000000001], [141.274999999988, 43.1333333333334], [141.291666666655, 43.1333333333334], [141.291666666655, 43.1416666666667], [141.308333333321, 43.1416666666667], [141.308333333321, 43.1500000000001], [141.341666666655, 43.1500000000001], [141.341666666655, 43.1583333333334], [141.349999999988, 43.1583333333334], [141.349999999988, 43.1750000000001], [141.391666666655, 43.1750000000001], [141.391666666655, 43.1833333333334], [141.399999999988, 43.1833333333334], [141.399999999988, 43.1666666666667], [141.408333333321, 43.1666666666667], [141.408333333321, 43.1750000000001], [141.424999999988, 43.1750000000001], [141.424999999988, 43.1666666666667], [141.441666666655, 43.1666666666667], [141.441666666655, 43.1583333333334], [141.433333333321, 43.1583333333334], [141.433333333321, 43.1500000000001], [141.416666666655, 43.1500000000001], [141.416666666655, 43.1416666666667], [141.408333333321, 43.1416666666667], [141.408333333321, 43.1333333333334], [141.391666666655, 43.1333333333334], [141.391666666655, 43.1250000000001], [141.341666666655, 43.1250000000001], [141.341666666655, 43.1000000000001], [141.349999999988, 43.1000000000001], [141.349999999988, 43.0750000000001], [141.358333333321, 43.0750000000001], [141.358333333321, 43.0666666666667], [141.333333333321, 43.0666666666667], [141.333333333321, 43.0833333333334], [141.324999999988, 43.0833333333334], [141.324999999988, 43.0916666666667], [141.316666666655, 43.0916666666667], [141.316666666655, 43.1000000000001], [141.299999999988, 43.1000000000001]]], [[[141.408333333321, 43.1833333333334], [141.399999999988, 43.1833333333334], [141.399999999988, 43.1916666666667], [141.408333333321, 43.1916666666667], [141.408333333321, 43.1833333333334]]]]}}, {"type": "Feature", "properties": {"id": "北広島市", "name": "北広島市"}, "geometry": {"type": "Polygon", "coordinates": [[[141.433333333321, 42.9166666666668], [141.433333333321, 42.9250000000001], [141.441666666655, 42.9250000000001], [141.441666666655, 42.9333333333334], [141.449999999988, 42.9333333333334], [141.449999999988, 42.9416666666668], [141.458333333321, 42.9416666666668], [141.458333333321, 42.9583333333334], [141.466666666655, 42.9583333333334], [141.466666666655, 42.9750000000001], [141.474999999988, 42.9750000000001], [141.474999999988, 42.9916666666668], [141.483333333321, 42.9916666666668], [141.483333333321, 43.0166666666668], [141.491666666655, 43.0166666666668], [141.491666666655, 43.0250000000001], [141.508333333321, 43.0250000000001], [141.508333333321, 43.0166666666668], [141.549999999988, 43.0166666666668], [141.549999999988, 43.0250000000001], [141.574999999988, 43.0250000000001], [141.574999999988, 43.0166666666668], [141.583333333321, 43.0166666666668], [141.583333333321, 43.0000000000001], [141.591666666654, 43.0000000000001], [141.591666666654, 42.9833333333334], [141.599999999988, 42.9833333333334], [141.599999999988, 42.9750000000001], [141.591666666654, 42.9750000000001], [141.591666666654, 42.9583333333334], [141.583333333321, 42.9583333333334], [141.583333333321, 42.9500000000001], [141.574999999988, 42.9500000000001], [141.574999999988, 42.9416666666667], [141.566666666654, 42.9416666666667], [141.566666666654, 42.9333333333334], [141.558333333321, 42.9333333333334], [141.558333333321, 42.9250000000001], [141.533333333321, 42.9250000000001], [141.533333333321, 42.9166666666667], [141.491666666655, 42.9166666666667], [141.491666666655, 42.9083333333334], [141.483333333321, 42.9083333333334], [141.483333333321, 42.9000000000001], [141.424999999988, 42.9000000000001], [141.424999999988, 42.8916666666668], [141.416666666655, 42.8916666666668], [141.416666666655, 42.9083333333334], [141.424999999988, 42.9083333333334], [141.424999999988, 42.9166666666668], [141.433333333321, 42.9166666666668]]]}}, {"type": "Feature", "properties": {"id": "北斗市", "name": "北斗市"}, "geometry": {"type": "Polygon", "coordinates": [[[140.466666666655, 41.7916666666668], [140.441666666655, 41.7916666666668], [140.441666666655, 41.8000000000001], [140.433333333322, 41.8000000000001], [140.433333333322, 41.8333333333335], [140.441666666655, 41.8333333333335], [140.441666666655, 41.8416666666668], [140.458333333322, 41.8416666666668], [140.458333333322, 41.8583333333335], [140.449999999989, 41.8583333333335], [140.449999999989, 41.8666666666668], [140.458333333322, 41.8666666666668], [140.458333333322, 41.8750000000001], [140.466666666655, 41.8750000000001], [140.466666666655, 41.8916666666668], [140.474999999989, 41.8916666666668], [140.474999999989, 41.9000000000001], [140.466666666655, 41.9000000000001], [140.466666666655, 41.9083333333335], [140.458333333322, 41.9083333333335], [140.458333333322, 41.9166666666668], [140.449999999989, 41.9166666666668], [140.449999999989, 41.9416666666668], [140.458333333322, 41.9416666666668], [140.458333333322, 41.9500000000001], [140.466666666655, 41.9500000000001], [140.466666666655, 41.9916666666668], [140.491666666655, 41.9916666666668], [140.491666666655, 41.9833333333335], [140.508333333322, 41.9833333333335], [140.508333333322, 41.9916666666668], [140.516666666655, 41.9916666666668], [140.516666666655, 42.0000000000001], [140.524999999989, 42.0000000000001], [140.524999999989, 41.9916666666668], [140.541666666655, 41.9916666666668], [140.541666666655, 41.9833333333335], [140.549999999989, 41.9833333333335], [140.549999999989, 41.9750000000001], [140.566666666655, 41.9750000000001], [140.566666666655, 41.9666666666668], [140.583333333322, 41.9666666666668], [140.583333333322, 41.9583333333335], [140.608333333322, 41.9583333333335], [140.608333333322, 41.9500000000001], [140.616666666655, 41.9500000000001], [140.616666666655, 41.9250000000001], [140.633333333322, 41.9250000000001], [140.633333333322, 41.9166666666668], [140.658333333322, 41.9166666666668], [140.658333333322, 41.9083333333335], [140.666666666655, 41.9083333333335], [140.666666666655, 41.8916666666668], [140.674999999989, 41.8916666666668], [140.674999999989, 41.8833333333335], [140.666666666655, 41.8833333333335], [140.666666666655, 41.8750000000001], [140.683333333322, 41.8750000000001], [140.683333333322, 41.8500000000002], [140.699999999989, 41.8500000000002], [140.699999999989, 41.8333333333335], [140.708333333322, 41.8333333333335], [140.708333333322, 41.8250000000002], [140.716666666655, 41.8250000000002], [140.716666666655, 41.8083333333335], [140.699999999989, 41.8083333333335], [140.699999999989, 41.8166666666668], [140.641666666655, 41.8166666666668], [140.641666666655, 41.8083333333335], [140.633333333322, 41.8083333333335], [140.633333333322, 41.8000000000001], [140.624999999989, 41.8000000000001], [140.624999999989, 41.7833333333335], [140.616666666655, 41.7833333333335], [140.616666666655, 41.7583333333335], [140.608333333322, 41.7583333333335], [140.608333333322, 41.7416666666668], [140.599999999989, 41.7416666666668], [140.599999999989, 41.7333333333335], [140.583333333322, 41.7333333333335], [140.583333333322, 41.7250000000002], [140.549999999989, 41.7250000000002], [140.549999999989, 41.7500000000001], [140.524999999989, 41.7500000000001], [140.524999999989, 41.7583333333335], [140.516666666655, 41.7583333333335], [140.516666666655, 41.7666666666668], [140.508333333322, 41.7666666666668], [140.508333333322, 41.7750000000001], [140.483333333322, 41.7750000000001], [140.483333333322, 41.7833333333335], [140.466666666655, 41.7833333333335], [140.466666666655, 41.7916666666668]]]}}, {"type": "Feature", "properties": {"id": "北竜町", "name": "北竜町"}, "geometry": {"type": "MultiPolygon", "coordinates": [[[[141.558333333321, 43.725], [141.574999999988, 43.725], [141.574999999988, 43.7166666666667], [141.566666666654, 43.7166666666667], [141.566666666654, 43.7083333333334], [141.524999999988, 43.7083333333334], [141.524999999988, 43.7166666666667], [141.558333333321, 43.7166666666667], [141.558333333321, 43.725]]], [[[141.591666666654, 43.7416666666667], [141.616666666654, 43.7416666666667], [141.616666666654, 43.75], [141.624999999988, 43.75], [141.624999999988, 43.7583333333334], [141.674999999988, 43.7583333333334], [141.674999999988, 43.75], [141.691666666654, 43.75], [141.691666666654, 43.7416666666667], [141.674999999988, 43.7416666666667], [141.674999999988, 43.7333333333334], [141.666666666654, 43.7333333333334], [141.666666666654, 43.7416666666667], [141.624999999988, 43.7416666666667], [141.624999999988, 43.7333333333334], [141.599999999988, 43.7333333333334], [141.599999999988, 43.725], [141.574999999988, 43.725], [141.574999999988, 43.7333333333334], [141.591666666654, 43.7333333333334], [141.591666666654, 43.7416666666667]]], [[[141.699999999988, 43.7416666666667], [141.699999999988, 43.7916666666667], [141.741666666654, 43.7916666666667], [141.741666666654, 43.775], [141.749999999988, 43.775], [141.749999999988, 43.7666666666667], [141.758333333321, 43.7666666666667], [141.758333333321, 43.7583333333334], [141.774999999988, 43.7583333333334], [141.774999999988, 43.7916666666667], [141.791666666654, 43.7916666666667], [141.791666666654, 43.8], [141.799999999988, 43.8], [141.799999999988, 43.8083333333334], [141.808333333321, 43.8083333333334], [141.808333333321, 43.8166666666667], [141.799999999988, 43.8166666666667], [141.799999999988, 43.8333333333334], [141.833333333321, 43.8333333333334], [141.833333333321, 43.8416666666667], [141.841666666654, 43.8416666666667], [141.841666666654, 43.85], [141.858333333321, 43.85], [141.858333333321, 43.8416666666667], [141.866666666654, 43.8416666666667], [141.866666666654, 43.8333333333334], [141.874999999988, 43.8333333333334], [141.874999999988, 43.775], [141.899999999988, 43.775], [141.899999999988, 43.7416666666667], [141.908333333321, 43.7416666666667], [141.908333333321, 43.7166666666667], [141.874999999988, 43.7166666666667], [141.874999999988, 43.725], [141.858333333321, 43.725], [141.858333333321, 43.7166666666667], [141.833333333321, 43.7166666666667], [141.833333333321, 43.7083333333334], [141.808333333321, 43.7083333333334], [141.808333333321, 43.7166666666667], [141.791666666654, 43.7166666666667], [141.791666666654, 43.725], [141.766666666654, 43.725], [141.766666666654, 43.7333333333334], [141.716666666654, 43.7333333333334], [141.716666666654, 43.7416666666667], [141.699999999988, 43.7416666666667]]]]}}, {"type": "Feature", "properties": {"id": "北見市", "name": "北見市"}, "geometry": {"type": "MultiPolygon", "coordinates": [[[[143.158333333332, 43.625], [143.158333333332, 43.6333333333334], [143.174999999999, 43.6333333333334], [143.174999999999, 43.65], [143.166666666665, 43.65], [143.166666666665, 43.6583333333334], [143.158333333332, 43.6583333333334], [143.158333333332, 43.6666666666667], [143.141666666665, 43.6666666666667], [143.141666666665, 43.6833333333334], [143.149999999999, 43.6833333333334], [143.149999999999, 43.7], [143.158333333332, 43.7], [143.158333333332, 43.7083333333334], [143.183333333332, 43.7083333333334], [143.183333333332, 43.7], [143.241666666665, 43.7], [143.241666666665, 43.7083333333334], [143.249999999998, 43.7083333333334], [143.249999999998, 43.7166666666667], [143.258333333332, 43.7166666666667], [143.258333333332, 43.725], [143.249999999998, 43.725], [143.249999999998, 43.7416666666667], [143.266666666665, 43.7416666666667], [143.266666666665, 43.75], [143.274999999998, 43.75], [143.274999999998, 43.7583333333334], [143.308333333332, 43.7583333333334], [143.308333333332, 43.7666666666667], [143.341666666665, 43.7666666666667], [143.341666666665, 43.775], [143.358333333332, 43.775], [143.358333333332, 43.7833333333334], [143.366666666665, 43.7833333333334], [143.366666666665, 43.7916666666667], [143.374999999998, 43.7916666666667], [143.374999999998, 43.8], [143.399999999998, 43.8], [143.399999999998, 43.7916666666667], [143.408333333332, 43.7916666666667], [143.408333333332, 43.8], [143.441666666665, 43.8], [143.441666666665, 43.8083333333334], [143.466666666665, 43.8083333333334], [143.466666666665, 43.8166666666667], [143.474999999998, 43.8166666666667], [143.474999999998, 43.8083333333334], [143.499999999998, 43.8083333333334], [143.499999999998, 43.8166666666667], [143.524999999998, 43.8166666666667], [143.524999999998, 43.8333333333334], [143.533333333332, 43.8333333333334], [143.533333333332, 43.8416666666667], [143.566666666665, 43.8416666666667], [143.566666666665, 43.875], [143.574999999998, 43.875], [143.574999999998, 43.8833333333334], [143.583333333332, 43.8833333333334], [143.583333333332, 43.925], [143.591666666665, 43.925], [143.591666666665, 43.95], [143.599999999998, 43.95], [143.599999999998, 43.9416666666667], [143.608333333332, 43.9416666666667], [143.608333333332, 43.9333333333334], [143.633333333331, 43.9333333333334], [143.633333333331, 43.9416666666667], [143.641666666665, 43.9416666666667], [143.641666666665, 43.9333333333334], [143.649999999998, 43.9333333333334], [143.649999999998, 43.925], [143.674999999998, 43.925], [143.674999999998, 43.9], [143.683333333331, 43.9], [143.683333333331, 43.8916666666667], [143.691666666665, 43.8916666666667], [143.691666666665, 43.8833333333334], [143.699999999998, 43.8833333333334], [143.699999999998, 43.875], [143.716666666665, 43.875], [143.716666666665, 43.8833333333334], [143.724999999998, 43.8833333333334], [143.724999999998, 43.9], [143.733333333331, 43.9], [143.733333333331, 43.9083333333334], [143.749999999998, 43.9083333333334], [143.749999999998, 43.9166666666667], [143.758333333331, 43.9166666666667], [143.758333333331, 43.925], [143.749999999998, 43.925], [143.749999999998, 43.9583333333334], [143.758333333331, 43.9583333333334], [143.758333333331, 43.95], [143.774999999998, 43.95], [143.774999999998, 43.9583333333334], [143.783333333331, 43.9583333333334], [143.783333333331, 43.9833333333334], [143.849999999998, 43.9833333333334], [143.849999999998, 43.975], [143.866666666665, 43.975], [143.866666666665, 43.9833333333334], [143.883333333331, 43.9833333333334], [143.883333333331, 43.9916666666667], [143.891666666665, 43.9916666666667], [143.891666666665, 44.0], [143.908333333331, 44.0], [143.908333333331, 44.0083333333334], [143.924999999998, 44.0083333333334], [143.924999999998, 44.0166666666667], [143.933333333331, 44.0166666666667], [143.933333333331, 44.025], [143.941666666665, 44.025], [143.941666666665, 44.0333333333334], [143.949999999998, 44.0333333333334], [143.949999999998, 44.0666666666667], [143.958333333331, 44.0666666666667], [143.958333333331, 44.0916666666667], [143.949999999998, 44.0916666666667], [143.949999999998, 44.1], [143.958333333331, 44.1], [143.958333333331, 44.1083333333334], [143.966666666665, 44.1083333333334], [143.966666666665, 44.125], [143.958333333331, 44.125], [143.958333333331, 44.1333333333333], [143.949999999998, 44.1333333333333], [143.949999999998, 44.1416666666667], [143.991666666664, 44.1416666666667], [143.991666666664, 44.1333333333334], [144.049999999998, 44.1333333333334], [144.049999999998, 44.125], [144.058333333331, 44.125], [144.058333333331, 44.1333333333334], [144.066666666664, 44.1333333333334], [144.066666666664, 44.125], [144.074999999998, 44.125], [144.074999999998, 44.1333333333334], [144.108333333331, 44.1333333333334], [144.108333333331, 44.125], [144.116666666664, 44.125], [144.116666666664, 44.1083333333333], [144.083333333331, 44.1083333333333], [144.083333333331, 44.1], [144.074999999998, 44.1], [144.074999999998, 44.0916666666667], [144.066666666664, 44.0916666666667], [144.066666666664, 44.075], [144.058333333331, 44.075], [144.058333333331, 44.0666666666667], [144.049999999998, 44.0666666666667], [144.049999999998, 44.0333333333334], [144.041666666664, 44.0333333333334], [144.041666666664, 44.025], [144.033333333331, 44.025], [144.033333333331, 44.0166666666667], [144.041666666664, 44.0166666666667], [144.041666666664, 44.0083333333334], [144.049999999998, 44.0083333333334], [144.049999999998, 43.9833333333334], [144.041666666664, 43.9833333333334], [144.041666666664, 43.9666666666667], [144.024999999998, 43.9666666666667], [144.024999999998, 43.9416666666667], [144.033333333331, 43.9416666666667], [144.033333333331, 43.925], [144.041666666664, 43.925], [144.041666666664, 43.9166666666667], [144.058333333331, 43.9166666666667], [144.058333333331, 43.9], [144.049999999998, 43.9], [144.049999999998, 43.8833333333334], [144.058333333331, 43.8833333333334], [144.058333333331, 43.875], [144.033333333331, 43.875], [144.033333333331, 43.8666666666667], [144.024999999998, 43.8666666666667], [144.024999999998, 43.8583333333334], [144.016666666664, 43.8583333333334], [144.016666666664, 43.85], [144.008333333331, 43.85], [144.008333333331, 43.825], [143.999999999998, 43.825], [143.999999999998, 43.8166666666667], [143.991666666664, 43.8166666666667], [143.991666666664, 43.8], [143.983333333331, 43.8], [143.983333333331, 43.7833333333334], [143.974999999998, 43.7833333333334], [143.974999999998, 43.7666666666667], [143.958333333331, 43.7666666666667], [143.958333333331, 43.775], [143.941666666665, 43.775], [143.941666666665, 43.7583333333334], [143.933333333331, 43.7583333333334], [143.933333333331, 43.75], [143.916666666665, 43.75], [143.916666666665, 43.7333333333334], [143.908333333331, 43.7333333333334], [143.908333333331, 43.725], [143.899999999998, 43.725], [143.899999999998, 43.7083333333334], [143.891666666665, 43.7083333333334], [143.891666666665, 43.7], [143.883333333331, 43.7], [143.883333333331, 43.7083333333334], [143.849999999998, 43.7083333333334], [143.849999999998, 43.7], [143.841666666665, 43.7], [143.841666666665, 43.6916666666667], [143.824999999998, 43.6916666666667], [143.824999999998, 43.6833333333334], [143.816666666665, 43.6833333333334], [143.816666666665, 43.675], [143.808333333331, 43.675], [143.808333333331, 43.6833333333334], [143.799999999998, 43.6833333333334], [143.799999999998, 43.6916666666667], [143.791666666665, 43.6916666666667], [143.791666666665, 43.7083333333334], [143.799999999998, 43.7083333333334], [143.799999999998, 43.7833333333334], [143.724999999998, 43.7833333333334], [143.724999999998, 43.775], [143.683333333331, 43.775], [143.683333333331, 43.7666666666667], [143.674999999998, 43.7666666666667], [143.674999999998, 43.775], [143.649999999998, 43.775], [143.649999999998, 43.7666666666667], [143.633333333331, 43.7666666666667], [143.633333333331, 43.7583333333334], [143.574999999998, 43.7583333333334], [143.574999999998, 43.75], [143.558333333332, 43.75], [143.558333333332, 43.7416666666667], [143.533333333332, 43.7416666666667], [143.533333333332, 43.7333333333334], [143.524999999998, 43.7333333333334], [143.524999999998, 43.7083333333334], [143.508333333332, 43.7083333333334], [143.508333333332, 43.7], [143.449999999998, 43.7], [143.449999999998, 43.6916666666667], [143.433333333332, 43.6916666666667], [143.433333333332, 43.675], [143.424999999998, 43.675], [143.424999999998, 43.6666666666667], [143.399999999998, 43.6666666666667], [143.399999999998, 43.6583333333334], [143.383333333332, 43.6583333333334], [143.383333333332, 43.65], [143.366666666665, 43.65], [143.366666666665, 43.6416666666667], [143.316666666665, 43.6416666666667], [143.316666666665, 43.65], [143.258333333332, 43.65], [143.258333333332, 43.6416666666667], [143.224999999999, 43.6416666666667], [143.224999999999, 43.6333333333334], [143.199999999999, 43.6333333333334], [143.199999999999, 43.625], [143.183333333332, 43.625], [143.183333333332, 43.6], [143.174999999999, 43.6], [143.174999999999, 43.5916666666667], [143.141666666665, 43.5916666666667], [143.141666666665, 43.6], [143.133333333332, 43.6], [143.133333333332, 43.6083333333334], [143.141666666665, 43.6083333333334], [143.141666666665, 43.6166666666667], [143.149999999999, 43.6166666666667], [143.149999999999, 43.625], [143.158333333332, 43.625]]], [[[143.849999999998, 44.1583333333333], [143.841666666665, 44.1583333333333], [143.841666666665, 44.1666666666667], [143.849999999998, 44.1666666666667], [143.849999999998, 44.1583333333333]]], [[[143.816666666665, 44.1666666666667], [143.808333333331, 44.1666666666667], [143.808333333331, 44.175], [143.816666666665, 44.175], [143.816666666665, 44.1666666666667]]], [[[143.841666666665, 44.1666666666667], [143.824999999998, 44.1666666666667], [143.824999999998, 44.175], [143.841666666665, 44.175], [143.841666666665, 44.1666666666667]]], [[[143.874999999998, 44.1583333333334], [143.908333333331, 44.1583333333334], [143.908333333331, 44.15], [143.924999999998, 44.15], [143.924999999998, 44.1416666666667], [143.899999999998, 44.1416666666667], [143.899999999998, 44.15], [143.866666666665, 44.15], [143.866666666665, 44.1583333333333], [143.858333333331, 44.1583333333333], [143.858333333331, 44.1666666666667], [143.874999999998, 44.1666666666667], [143.874999999998, 44.1583333333334]]], [[[143.933333333331, 44.1416666666667], [143.933333333331, 44.15], [143.949999999998, 44.15], [143.949999999998, 44.1416666666667], [143.933333333331, 44.1416666666667]]]]}}, {"type": "Feature", "properties": {"id": "千歳市", "name": "千歳市"}, "geometry": {"type": "Polygon", "coordinates": [[[141.249999999988, 42.7000000000001], [141.208333333321, 42.7000000000001], [141.208333333321, 42.6916666666668], [141.191666666655, 42.6916666666668], [141.191666666655, 42.7083333333334], [141.183333333321, 42.7083333333334], [141.183333333321, 42.7250000000001], [141.174999999988, 42.7250000000001], [141.174999999988, 42.7583333333334], [141.183333333321, 42.7583333333334], [141.183333333321, 42.7666666666668], [141.191666666655, 42.7666666666668], [141.191666666655, 42.7833333333334], [141.216666666655, 42.7833333333334], [141.216666666655, 42.7916666666668], [141.224999999988, 42.7916666666668], [141.224999999988, 42.8166666666668], [141.258333333321, 42.8166666666668], [141.258333333321, 42.8083333333334], [141.274999999988, 42.8083333333334], [141.274999999988, 42.8000000000001], [141.283333333321, 42.8000000000001], [141.283333333321, 42.8083333333334], [141.291666666655, 42.8083333333334], [141.291666666655, 42.8166666666668], [141.316666666655, 42.8166666666668], [141.316666666655, 42.8083333333334], [141.358333333321, 42.8083333333334], [141.358333333321, 42.8000000000001], [141.374999999988, 42.8000000000001], [141.374999999988, 42.8083333333334], [141.383333333321, 42.8083333333334], [141.383333333321, 42.8166666666668], [141.474999999988, 42.8166666666668], [141.474999999988, 42.8250000000001], [141.499999999988, 42.8250000000001], [141.499999999988, 42.8333333333334], [141.541666666654, 42.8333333333334], [141.541666666654, 42.8250000000001], [141.558333333321, 42.8250000000001], [141.558333333321, 42.8333333333334], [141.574999999988, 42.8333333333334], [141.574999999988, 42.8416666666668], [141.583333333321, 42.8416666666668], [141.583333333321, 42.8500000000001], [141.591666666654, 42.8500000000001], [141.591666666654, 42.8583333333334], [141.608333333321, 42.8583333333334], [141.608333333321, 42.8666666666668], [141.616666666654, 42.8666666666668], [141.616666666654, 42.8833333333334], [141.624999999988, 42.8833333333334], [141.624999999988, 42.8916666666668], [141.633333333321, 42.8916666666668], [141.633333333321, 42.9083333333334], [141.641666666654, 42.9083333333334], [141.641666666654, 42.9166666666668], [141.649999999988, 42.9166666666668], [141.649999999988, 42.9250000000001], [141.658333333321, 42.9250000000001], [141.658333333321, 42.9083333333334], [141.649999999988, 42.9083333333334], [141.649999999988, 42.8916666666668], [141.658333333321, 42.8916666666668], [141.658333333321, 42.8833333333334], [141.666666666654, 42.8833333333334], [141.666666666654, 42.8916666666668], [141.674999999988, 42.8916666666668], [141.674999999988, 42.9083333333334], [141.691666666654, 42.9083333333334], [141.691666666654, 42.9000000000001], [141.708333333321, 42.9000000000001], [141.708333333321, 42.9166666666668], [141.724999999988, 42.9166666666668], [141.724999999988, 42.9250000000001], [141.741666666654, 42.9250000000001], [141.741666666654, 42.9333333333334], [141.749999999988, 42.9333333333334], [141.749999999988, 42.9416666666668], [141.758333333321, 42.9416666666668], [141.758333333321, 42.9500000000001], [141.766666666654, 42.9500000000001], [141.766666666654, 42.9416666666668], [141.774999999988, 42.9416666666668], [141.774999999988, 42.9333333333334], [141.816666666654, 42.9333333333334], [141.816666666654, 42.9250000000001], [141.841666666654, 42.9250000000001], [141.841666666654, 42.9333333333334], [141.858333333321, 42.9333333333334], [141.858333333321, 42.9250000000001], [141.866666666654, 42.9250000000001], [141.866666666654, 42.9166666666667], [141.858333333321, 42.9166666666667], [141.858333333321, 42.9083333333334], [141.824999999988, 42.9083333333334], [141.824999999988, 42.9000000000001], [141.816666666654, 42.9000000000001], [141.816666666654, 42.8916666666668], [141.799999999988, 42.8916666666668], [141.799999999988, 42.8833333333334], [141.791666666654, 42.8833333333334], [141.791666666654, 42.8500000000001], [141.783333333321, 42.8500000000001], [141.783333333321, 42.8333333333334], [141.766666666654, 42.8333333333334], [141.766666666654, 42.8250000000001], [141.774999999988, 42.8250000000001], [141.774999999988, 42.8083333333334], [141.758333333321, 42.8083333333334], [141.758333333321, 42.7916666666668], [141.741666666654, 42.7916666666668], [141.741666666654, 42.7833333333334], [141.724999999988, 42.7833333333334], [141.724999999988, 42.7750000000001], [141.608333333321, 42.7750000000001], [141.608333333321, 42.7666666666668], [141.591666666654, 42.7666666666668], [141.591666666654, 42.7583333333334], [141.583333333321, 42.7583333333334], [141.583333333321, 42.7500000000001], [141.574999999988, 42.7500000000001], [141.574999999988, 42.7416666666668], [141.558333333321, 42.7416666666668], [141.558333333321, 42.7500000000001], [141.466666666655, 42.7500000000001], [141.466666666655, 42.7583333333334], [141.424999999988, 42.7583333333334], [141.424999999988, 42.7666666666668], [141.408333333321, 42.7666666666668], [141.408333333321, 42.7166666666668], [141.399999999988, 42.7166666666668], [141.399999999988, 42.7083333333334], [141.391666666655, 42.7083333333334], [141.391666666655, 42.6916666666668], [141.374999999988, 42.6916666666668], [141.374999999988, 42.6833333333334], [141.308333333321, 42.6833333333334], [141.308333333321, 42.6916666666668], [141.291666666655, 42.6916666666668], [141.291666666655, 42.7000000000001], [141.283333333321, 42.7000000000001], [141.283333333321, 42.7083333333334], [141.249999999988, 42.7083333333334], [141.249999999988, 42.7000000000001]]]}}, {"type": "Feature", "properties": {"id": "南区", "name": "南区"}, "geometry": {"type": "Polygon", "coordinates": [[[141.041666666655, 42.9250000000001], [141.041666666655, 42.9416666666668], [141.049999999988, 42.9416666666668], [141.049999999988, 42.9583333333334], [141.024999999988, 42.9583333333334], [141.024999999988, 42.9666666666667], [141.008333333322, 42.9666666666667], [141.008333333322, 42.9750000000001], [140.999999999988, 42.9750000000001], [140.999999999988, 42.9916666666667], [140.991666666655, 42.9916666666667], [140.991666666655, 43.0000000000001], [140.999999999988, 43.0000000000001], [140.999999999988, 43.0166666666667], [140.991666666655, 43.0166666666667], [140.991666666655, 43.0250000000001], [141.008333333322, 43.0250000000001], [141.008333333322, 43.0333333333334], [141.024999999988, 43.0333333333334], [141.024999999988, 43.0416666666667], [141.041666666655, 43.0416666666667], [141.041666666655, 43.0666666666667], [141.058333333322, 43.0666666666667], [141.058333333322, 43.0833333333334], [141.066666666655, 43.0833333333334], [141.066666666655, 43.1083333333334], [141.074999999988, 43.1083333333334], [141.074999999988, 43.1166666666667], [141.116666666655, 43.1166666666667], [141.116666666655, 43.1083333333334], [141.133333333322, 43.1083333333334], [141.133333333322, 43.0916666666667], [141.158333333322, 43.0916666666667], [141.158333333322, 43.0833333333334], [141.166666666655, 43.0833333333334], [141.166666666655, 43.0750000000001], [141.158333333322, 43.0750000000001], [141.158333333322, 43.0583333333334], [141.174999999988, 43.0583333333334], [141.174999999988, 43.0500000000001], [141.183333333321, 43.0500000000001], [141.183333333321, 43.0333333333334], [141.191666666655, 43.0333333333334], [141.191666666655, 43.0250000000001], [141.199999999988, 43.0250000000001], [141.199999999988, 43.0166666666668], [141.216666666655, 43.0166666666668], [141.216666666655, 43.0083333333334], [141.241666666655, 43.0083333333334], [141.241666666655, 43.0000000000001], [141.266666666655, 43.0000000000001], [141.266666666655, 43.0083333333334], [141.283333333321, 43.0083333333334], [141.283333333321, 43.0166666666668], [141.291666666655, 43.0166666666668], [141.291666666655, 43.0250000000001], [141.308333333321, 43.0250000000001], [141.308333333321, 43.0333333333334], [141.324999999988, 43.0333333333334], [141.324999999988, 43.0250000000001], [141.341666666655, 43.0250000000001], [141.341666666655, 43.0166666666668], [141.374999999988, 43.0166666666668], [141.374999999988, 42.9916666666667], [141.366666666655, 42.9916666666667], [141.366666666655, 42.9333333333334], [141.391666666655, 42.9333333333334], [141.391666666655, 42.9083333333334], [141.399999999988, 42.9083333333334], [141.399999999988, 42.8916666666668], [141.366666666655, 42.8916666666668], [141.366666666655, 42.8833333333334], [141.358333333321, 42.8833333333334], [141.358333333321, 42.8750000000001], [141.316666666655, 42.8750000000001], [141.316666666655, 42.8833333333334], [141.291666666655, 42.8833333333334], [141.291666666655, 42.8750000000001], [141.274999999988, 42.8750000000001], [141.274999999988, 42.8666666666668], [141.258333333321, 42.8666666666668], [141.258333333321, 42.8500000000001], [141.249999999988, 42.8500000000001], [141.249999999988, 42.8416666666668], [141.241666666655, 42.8416666666668], [141.241666666655, 42.8250000000001], [141.233333333321, 42.8250000000001], [141.233333333321, 42.8166666666668], [141.224999999988, 42.8166666666668], [141.224999999988, 42.7916666666668], [141.216666666655, 42.7916666666668], [141.216666666655, 42.7833333333334], [141.141666666655, 42.7833333333334], [141.141666666655, 42.7916666666668], [141.133333333322, 42.7916666666668], [141.133333333322, 42.8000000000001], [141.124999999988, 42.8000000000001], [141.124999999988, 42.8083333333334], [141.108333333322, 42.8083333333334], [141.108333333322, 42.8166666666668], [141.099999999988, 42.8166666666668], [141.099999999988, 42.8833333333334], [141.033333333322, 42.8833333333334], [141.033333333322, 42.9083333333334], [141.024999999988, 42.9083333333334], [141.024999999988, 42.9166666666668], [141.033333333322, 42.9166666666668], [141.033333333322, 42.9250000000001], [141.041666666655, 42.9250000000001]]]}}, {"type": "Feature", "properties": {"id": "南富良野町", "name": "南富良野町"}, "geometry": {"type": "Polygon", "coordinates": [[[142.274999999987, 43.0583333333334], [142.274999999987, 43.0666666666667], [142.266666666654, 43.0666666666667], [142.266666666654, 43.0833333333334], [142.258333333321, 43.0833333333334], [142.258333333321, 43.0916666666667], [142.249999999987, 43.0916666666667], [142.249999999987, 43.1083333333334], [142.241666666654, 43.1083333333334], [142.241666666654, 43.1166666666667], [142.249999999987, 43.1166666666667], [142.249999999987, 43.1250000000001], [142.258333333321, 43.1250000000001], [142.258333333321, 43.1666666666667], [142.266666666654, 43.1666666666667], [142.266666666654, 43.1833333333334], [142.274999999987, 43.1833333333334], [142.274999999987, 43.1916666666667], [142.28333333332, 43.1916666666667], [142.28333333332, 43.2250000000001], [142.274999999987, 43.2250000000001], [142.274999999987, 43.2333333333334], [142.299999999987, 43.2333333333334], [142.299999999987, 43.2250000000001], [142.30833333332, 43.2250000000001], [142.30833333332, 43.2166666666667], [142.316666666654, 43.2166666666667], [142.316666666654, 43.2000000000001], [142.324999999987, 43.2000000000001], [142.324999999987, 43.1583333333334], [142.35833333332, 43.1583333333334], [142.35833333332, 43.1666666666667], [142.374999999987, 43.1666666666667], [142.374999999987, 43.1833333333334], [142.391666666654, 43.1833333333334], [142.391666666654, 43.2083333333334], [142.424999999987, 43.2083333333334], [142.424999999987, 43.2000000000001], [142.441666666654, 43.2000000000001], [142.441666666654, 43.1833333333334], [142.449999999987, 43.1833333333334], [142.449999999987, 43.1750000000001], [142.499999999987, 43.1750000000001], [142.499999999987, 43.1833333333334], [142.50833333332, 43.1833333333334], [142.50833333332, 43.1916666666667], [142.574999999987, 43.1916666666667], [142.574999999987, 43.2000000000001], [142.599999999987, 43.2000000000001], [142.599999999987, 43.2083333333334], [142.60833333332, 43.2083333333334], [142.60833333332, 43.2166666666667], [142.641666666653, 43.2166666666667], [142.641666666653, 43.2333333333334], [142.65833333332, 43.2333333333334], [142.65833333332, 43.2416666666667], [142.666666666653, 43.2416666666667], [142.666666666653, 43.2666666666667], [142.674999999987, 43.2666666666667], [142.674999999987, 43.3000000000001], [142.666666666653, 43.3000000000001], [142.666666666653, 43.3083333333334], [142.65833333332, 43.3083333333334], [142.65833333332, 43.3166666666667], [142.649999999987, 43.3166666666667], [142.649999999987, 43.3250000000001], [142.641666666653, 43.3250000000001], [142.641666666653, 43.3333333333334], [142.63333333332, 43.3333333333334], [142.63333333332, 43.3500000000001], [142.649999999987, 43.3500000000001], [142.649999999987, 43.3666666666667], [142.65833333332, 43.3666666666667], [142.65833333332, 43.3750000000001], [142.666666666653, 43.3750000000001], [142.666666666653, 43.4000000000001], [142.68333333332, 43.4000000000001], [142.68333333332, 43.3916666666667], [142.691666666653, 43.3916666666667], [142.691666666653, 43.3833333333334], [142.699999999987, 43.3833333333334], [142.699999999987, 43.3750000000001], [142.70833333332, 43.3750000000001], [142.70833333332, 43.3666666666667], [142.716666666653, 43.3666666666667], [142.716666666653, 43.3583333333334], [142.741666666653, 43.3583333333334], [142.741666666653, 43.3500000000001], [142.766666666653, 43.3500000000001], [142.766666666653, 43.3416666666667], [142.749999999987, 43.3416666666667], [142.749999999987, 43.3250000000001], [142.741666666653, 43.3250000000001], [142.741666666653, 43.3083333333334], [142.73333333332, 43.3083333333334], [142.73333333332, 43.2833333333334], [142.741666666653, 43.2833333333334], [142.741666666653, 43.2666666666667], [142.749999999987, 43.2666666666667], [142.749999999987, 43.2583333333334], [142.741666666653, 43.2583333333334], [142.741666666653, 43.2500000000001], [142.73333333332, 43.2500000000001], [142.73333333332, 43.2416666666667], [142.741666666653, 43.2416666666667], [142.741666666653, 43.2333333333334], [142.73333333332, 43.2333333333334], [142.73333333332, 43.2166666666667], [142.741666666653, 43.2166666666667], [142.741666666653, 43.2083333333334], [142.75833333332, 43.2083333333334], [142.75833333332, 43.2000000000001], [142.766666666653, 43.2000000000001], [142.766666666653, 43.1750000000001], [142.774999999987, 43.1750000000001], [142.774999999987, 43.1666666666667], [142.766666666653, 43.1666666666667], [142.766666666653, 43.1250000000001], [142.749999999987, 43.1250000000001], [142.749999999987, 43.1083333333334], [142.741666666653, 43.1083333333334], [142.741666666653, 43.0833333333334], [142.73333333332, 43.0833333333334], [142.73333333332, 43.0666666666667], [142.741666666653, 43.0666666666667], [142.741666666653, 43.0583333333334], [142.749999999987, 43.0583333333334], [142.749999999987, 43.0083333333334], [142.724999999987, 43.0083333333334], [142.724999999987, 43.0166666666667], [142.716666666653, 43.0166666666667], [142.716666666653, 43.0250000000001], [142.691666666653, 43.0250000000001], [142.691666666653, 43.0333333333334], [142.68333333332, 43.0333333333334], [142.68333333332, 43.0416666666667], [142.666666666653, 43.0416666666667], [142.666666666653, 43.0500000000001], [142.65833333332, 43.0500000000001], [142.65833333332, 43.0583333333334], [142.649999999987, 43.0583333333334], [142.649999999987, 43.0666666666667], [142.641666666653, 43.0666666666667], [142.641666666653, 43.0750000000001], [142.60833333332, 43.0750000000001], [142.60833333332, 43.0833333333334], [142.591666666654, 43.0833333333334], [142.591666666654, 43.1083333333334], [142.574999999987, 43.1083333333334], [142.574999999987, 43.1166666666667], [142.55833333332, 43.1166666666667], [142.55833333332, 43.1250000000001], [142.549999999987, 43.1250000000001], [142.549999999987, 43.1333333333334], [142.516666666654, 43.1333333333334], [142.516666666654, 43.1250000000001], [142.50833333332, 43.1250000000001], [142.50833333332, 43.1166666666667], [142.491666666654, 43.1166666666667], [142.491666666654, 43.1000000000001], [142.474999999987, 43.1000000000001], [142.474999999987, 43.0916666666667], [142.45833333332, 43.0916666666667], [142.45833333332, 43.0833333333334], [142.43333333332, 43.0833333333334], [142.43333333332, 43.0916666666667], [142.391666666654, 43.0916666666667], [142.391666666654, 43.1000000000001], [142.349999999987, 43.1000000000001], [142.349999999987, 43.0916666666667], [142.341666666654, 43.0916666666667], [142.341666666654, 43.0833333333334], [142.33333333332, 43.0833333333334], [142.33333333332, 43.0750000000001], [142.341666666654, 43.0750000000001], [142.341666666654, 43.0666666666667], [142.33333333332, 43.0666666666667], [142.33333333332, 43.0583333333334], [142.316666666654, 43.0583333333334], [142.316666666654, 43.0500000000001], [142.291666666654, 43.0500000000001], [142.291666666654, 43.0583333333334], [142.274999999987, 43.0583333333334]]]}}, {"type": "Feature", "properties": {"id": "南幌町", "name": "南幌町"}, "geometry": {"type": "Polygon", "coordinates": [[[141.583333333321, 43.0000000000001], [141.583333333321, 43.0166666666667], [141.574999999988, 43.0166666666667], [141.574999999988, 43.0250000000001], [141.566666666654, 43.0250000000001], [141.566666666654, 43.0416666666667], [141.574999999988, 43.0416666666667], [141.574999999988, 43.0500000000001], [141.583333333321, 43.0500000000001], [141.583333333321, 43.0583333333334], [141.591666666654, 43.0583333333334], [141.591666666654, 43.0833333333334], [141.599999999988, 43.0833333333334], [141.599999999988, 43.0916666666667], [141.616666666654, 43.0916666666667], [141.616666666654, 43.1000000000001], [141.633333333321, 43.1000000000001], [141.633333333321, 43.1083333333334], [141.649999999988, 43.1083333333334], [141.649999999988, 43.1166666666667], [141.674999999988, 43.1166666666667], [141.674999999988, 43.1083333333334], [141.683333333321, 43.1083333333334], [141.683333333321, 43.1000000000001], [141.691666666654, 43.1000000000001], [141.691666666654, 43.0916666666667], [141.699999999988, 43.0916666666667], [141.699999999988, 43.0833333333334], [141.708333333321, 43.0833333333334], [141.708333333321, 43.0750000000001], [141.699999999988, 43.0750000000001], [141.699999999988, 43.0666666666667], [141.683333333321, 43.0666666666667], [141.683333333321, 43.0500000000001], [141.674999999988, 43.0500000000001], [141.674999999988, 43.0416666666667], [141.666666666654, 43.0416666666667], [141.666666666654, 43.0333333333334], [141.649999999988, 43.0333333333334], [141.649999999988, 43.0250000000001], [141.633333333321, 43.0250000000001], [141.633333333321, 43.0166666666667], [141.624999999988, 43.0166666666667], [141.624999999988, 43.0083333333334], [141.616666666654, 43.0083333333334], [141.616666666654, 43.0000000000001], [141.583333333321, 43.0000000000001]]]}}, {"type": "Feature", "properties": {"id": "占冠村", "name": "占冠村"}, "geometry": {"type": "Polygon", "coordinates": [[[142.324999999987, 42.9166666666667], [142.30833333332, 42.9166666666667], [142.30833333332, 42.9333333333334], [142.299999999987, 42.9333333333334], [142.299999999987, 42.9416666666667], [142.274999999987, 42.9416666666667], [142.274999999987, 42.9583333333334], [142.28333333332, 42.9583333333334], [142.28333333332, 42.9916666666668], [142.291666666654, 42.9916666666668], [142.291666666654, 43.0166666666668], [142.30833333332, 43.0166666666668], [142.30833333332, 43.0250000000001], [142.324999999987, 43.0250000000001], [142.324999999987, 43.0416666666667], [142.316666666654, 43.0416666666667], [142.316666666654, 43.0583333333334], [142.33333333332, 43.0583333333334], [142.33333333332, 43.0666666666667], [142.341666666654, 43.0666666666667], [142.341666666654, 43.0750000000001], [142.33333333332, 43.0750000000001], [142.33333333332, 43.0833333333334], [142.341666666654, 43.0833333333334], [142.341666666654, 43.0916666666667], [142.349999999987, 43.0916666666667], [142.349999999987, 43.1000000000001], [142.391666666654, 43.1000000000001], [142.391666666654, 43.0916666666667], [142.43333333332, 43.0916666666667], [142.43333333332, 43.0833333333334], [142.45833333332, 43.0833333333334], [142.45833333332, 43.0916666666667], [142.474999999987, 43.0916666666667], [142.474999999987, 43.1000000000001], [142.491666666654, 43.1000000000001], [142.491666666654, 43.1166666666667], [142.50833333332, 43.1166666666667], [142.50833333332, 43.1250000000001], [142.516666666654, 43.1250000000001], [142.516666666654, 43.1333333333334], [142.549999999987, 43.1333333333334], [142.549999999987, 43.1250000000001], [142.55833333332, 43.1250000000001], [142.55833333332, 43.1166666666667], [142.574999999987, 43.1166666666667], [142.574999999987, 43.1083333333334], [142.591666666654, 43.1083333333334], [142.591666666654, 43.0833333333334], [142.60833333332, 43.0833333333334], [142.60833333332, 43.0750000000001], [142.641666666653, 43.0750000000001], [142.641666666653, 43.0666666666667], [142.649999999987, 43.0666666666667], [142.649999999987, 43.0583333333334], [142.65833333332, 43.0583333333334], [142.65833333332, 43.0500000000001], [142.666666666653, 43.0500000000001], [142.666666666653, 43.0416666666667], [142.68333333332, 43.0416666666667], [142.68333333332, 43.0333333333334], [142.691666666653, 43.0333333333334], [142.691666666653, 43.0250000000001], [142.716666666653, 43.0250000000001], [142.716666666653, 43.0166666666668], [142.724999999987, 43.0166666666668], [142.724999999987, 43.0083333333334], [142.716666666653, 43.0083333333334], [142.716666666653, 43.0000000000001], [142.70833333332, 43.0000000000001], [142.70833333332, 42.9916666666667], [142.674999999987, 42.9916666666667], [142.674999999987, 42.9833333333334], [142.624999999987, 42.9833333333334], [142.624999999987, 42.9750000000001], [142.599999999987, 42.9750000000001], [142.599999999987, 42.9666666666667], [142.58333333332, 42.9666666666667], [142.58333333332, 42.9500000000001], [142.574999999987, 42.9500000000001], [142.574999999987, 42.9333333333334], [142.566666666654, 42.9333333333334], [142.566666666654, 42.9166666666667], [142.549999999987, 42.9166666666667], [142.549999999987, 42.9083333333334], [142.541666666654, 42.9083333333334], [142.541666666654, 42.9166666666667], [142.524999999987, 42.9166666666667], [142.524999999987, 42.9250000000001], [142.516666666654, 42.9250000000001], [142.516666666654, 42.9166666666667], [142.491666666654, 42.9166666666667], [142.491666666654, 42.9250000000001], [142.48333333332, 42.9250000000001], [142.48333333332, 42.9166666666667], [142.449999999987, 42.9166666666667], [142.449999999987, 42.9083333333334], [142.441666666654, 42.9083333333334], [142.441666666654, 42.9166666666667], [142.43333333332, 42.9166666666667], [142.43333333332, 42.9250000000001], [142.416666666654, 42.9250000000001], [142.416666666654, 42.9333333333334], [142.399999999987, 42.9333333333334], [142.399999999987, 42.9000000000001], [142.391666666654, 42.9000000000001], [142.391666666654, 42.8916666666668], [142.38333333332, 42.8916666666668], [142.38333333332, 42.8833333333334], [142.374999999987, 42.8833333333334], [142.374999999987, 42.8916666666668], [142.349999999987, 42.8916666666668], [142.349999999987, 42.8833333333334], [142.33333333332, 42.8833333333334], [142.33333333332, 42.9083333333334], [142.324999999987, 42.9083333333334], [142.324999999987, 42.9166666666667]]]}}, {"type": "Feature", "properties": {"id": "厚別区", "name": "厚別区"}, "geometry": {"type": "Polygon", "coordinates": [[[141.466666666655, 43.0166666666667], [141.449999999988, 43.0166666666667], [141.449999999988, 43.0333333333334], [141.458333333321, 43.0333333333334], [141.458333333321, 43.0500000000001], [141.449999999988, 43.0500000000001], [141.449999999988, 43.0666666666667], [141.458333333321, 43.0666666666667], [141.458333333321, 43.0833333333334], [141.466666666655, 43.0833333333334], [141.466666666655, 43.0916666666667], [141.474999999988, 43.0916666666667], [141.474999999988, 43.0666666666667], [141.483333333321, 43.0666666666667], [141.483333333321, 43.0583333333334], [141.499999999988, 43.0583333333334], [141.499999999988, 43.0333333333334], [141.508333333321, 43.0333333333334], [141.508333333321, 43.0250000000001], [141.491666666655, 43.0250000000001], [141.491666666655, 43.0166666666667], [141.483333333321, 43.0166666666667], [141.483333333321, 43.0083333333334], [141.466666666655, 43.0083333333334], [141.466666666655, 43.0166666666667]]]}}, {"type": "Feature", "properties": {"id": "厚岸町", "name": "厚岸町"}, "geometry": {"type": "MultiPolygon", "coordinates": [[[[144.616666666664, 42.9833333333334], [144.608333333331, 42.9833333333334], [144.608333333331, 42.9916666666667], [144.591666666664, 42.9916666666667], [144.591666666664, 42.9833333333334], [144.574999999997, 42.9833333333334], [144.574999999997, 43.0333333333334], [144.583333333331, 43.0333333333334], [144.583333333331, 43.0416666666667], [144.591666666664, 43.0416666666667], [144.591666666664, 43.0500000000001], [144.616666666664, 43.0500000000001], [144.616666666664, 43.0583333333334], [144.633333333331, 43.0583333333334], [144.633333333331, 43.0666666666667], [144.641666666664, 43.0666666666667], [144.641666666664, 43.0833333333334], [144.649999999997, 43.0833333333334], [144.649999999997, 43.0916666666667], [144.658333333331, 43.0916666666667], [144.658333333331, 43.1000000000001], [144.674999999997, 43.1000000000001], [144.674999999997, 43.1166666666667], [144.666666666664, 43.1166666666667], [144.666666666664, 43.1416666666667], [144.658333333331, 43.1416666666667], [144.658333333331, 43.1500000000001], [144.674999999997, 43.1500000000001], [144.674999999997, 43.1416666666667], [144.691666666664, 43.1416666666667], [144.691666666664, 43.1500000000001], [144.699999999997, 43.1500000000001], [144.699999999997, 43.1583333333334], [144.724999999997, 43.1583333333334], [144.724999999997, 43.1666666666667], [144.73333333333, 43.1666666666667], [144.73333333333, 43.1833333333334], [144.749999999997, 43.1833333333334], [144.749999999997, 43.1916666666667], [144.75833333333, 43.1916666666667], [144.75833333333, 43.1833333333334], [144.791666666664, 43.1833333333334], [144.791666666664, 43.1750000000001], [144.816666666664, 43.1750000000001], [144.816666666664, 43.1833333333334], [144.80833333333, 43.1833333333334], [144.80833333333, 43.1916666666667], [144.799999999997, 43.1916666666667], [144.799999999997, 43.2000000000001], [144.78333333333, 43.2000000000001], [144.78333333333, 43.2083333333334], [144.766666666664, 43.2083333333334], [144.766666666664, 43.2166666666667], [144.749999999997, 43.2166666666667], [144.749999999997, 43.2250000000001], [144.75833333333, 43.2250000000001], [144.75833333333, 43.2500000000001], [144.749999999997, 43.2500000000001], [144.749999999997, 43.2666666666667], [144.741666666664, 43.2666666666667], [144.741666666664, 43.2750000000001], [144.724999999997, 43.2750000000001], [144.724999999997, 43.2833333333334], [144.699999999997, 43.2833333333334], [144.699999999997, 43.2916666666667], [144.691666666664, 43.2916666666667], [144.691666666664, 43.3000000000001], [144.683333333331, 43.3000000000001], [144.683333333331, 43.3166666666667], [144.674999999997, 43.3166666666667], [144.674999999997, 43.3333333333334], [144.666666666664, 43.3333333333334], [144.666666666664, 43.3500000000001], [144.683333333331, 43.3500000000001], [144.683333333331, 43.3416666666667], [144.708333333331, 43.3416666666667], [144.708333333331, 43.3333333333334], [144.716666666664, 43.3333333333334], [144.716666666664, 43.3250000000001], [144.724999999997, 43.3250000000001], [144.724999999997, 43.3166666666667], [144.749999999997, 43.3166666666667], [144.749999999997, 43.3083333333334], [144.774999999997, 43.3083333333334], [144.774999999997, 43.3000000000001], [144.824999999997, 43.3000000000001], [144.824999999997, 43.2916666666667], [144.841666666664, 43.2916666666667], [144.841666666664, 43.2833333333334], [144.85833333333, 43.2833333333334], [144.85833333333, 43.2750000000001], [144.866666666664, 43.2750000000001], [144.866666666664, 43.2833333333334], [144.874999999997, 43.2833333333334], [144.874999999997, 43.2750000000001], [144.891666666664, 43.2750000000001], [144.891666666664, 43.2666666666667], [144.899999999997, 43.2666666666667], [144.899999999997, 43.2583333333334], [144.90833333333, 43.2583333333334], [144.90833333333, 43.2500000000001], [144.916666666664, 43.2500000000001], [144.916666666664, 43.2333333333334], [144.924999999997, 43.2333333333334], [144.924999999997, 43.2250000000001], [144.93333333333, 43.2250000000001], [144.93333333333, 43.2166666666667], [144.949999999997, 43.2166666666667], [144.949999999997, 43.2083333333334], [144.941666666664, 43.2083333333334], [144.941666666664, 43.1833333333334], [144.93333333333, 43.1833333333334], [144.93333333333, 43.1750000000001], [144.924999999997, 43.1750000000001], [144.924999999997, 43.1666666666667], [144.941666666664, 43.1666666666667], [144.941666666664, 43.1583333333334], [144.949999999997, 43.1583333333334], [144.949999999997, 43.1416666666667], [144.95833333333, 43.1416666666667], [144.95833333333, 43.1333333333334], [144.999999999997, 43.1333333333334], [144.999999999997, 43.1166666666667], [144.991666666664, 43.1166666666667], [144.991666666664, 43.1083333333334], [144.98333333333, 43.1083333333334], [144.98333333333, 43.1000000000001], [144.991666666664, 43.1000000000001], [144.991666666664, 43.0750000000001], [144.974999999997, 43.0750000000001], [144.974999999997, 43.0666666666667], [144.966666666664, 43.0666666666667], [144.966666666664, 43.0583333333334], [144.974999999997, 43.0583333333334], [144.974999999997, 43.0416666666667], [144.98333333333, 43.0416666666667], [144.98333333333, 43.0333333333334], [144.991666666664, 43.0333333333334], [144.991666666664, 43.0000000000001], [144.999999999997, 43.0000000000001], [144.999999999997, 42.9916666666667], [144.98333333333, 42.9916666666667], [144.98333333333, 42.9833333333334], [144.874999999997, 42.9833333333334], [144.874999999997, 42.9916666666667], [144.85833333333, 42.9916666666667], [144.85833333333, 43.0000000000001], [144.849999999997, 43.0000000000001], [144.849999999997, 43.0083333333334], [144.841666666664, 43.0083333333334], [144.841666666664, 43.0166666666667], [144.83333333333, 43.0166666666667], [144.83333333333, 43.0416666666667], [144.841666666664, 43.0416666666667], [144.841666666664, 43.0500000000001], [144.824999999997, 43.0500000000001], [144.824999999997, 43.0583333333334], [144.799999999997, 43.0583333333334], [144.799999999997, 43.0500000000001], [144.78333333333, 43.0500000000001], [144.78333333333, 43.0416666666667], [144.774999999997, 43.0416666666667], [144.774999999997, 43.0333333333334], [144.75833333333, 43.0333333333334], [144.75833333333, 43.0250000000001], [144.749999999997, 43.0250000000001], [144.749999999997, 43.0166666666667], [144.741666666664, 43.0166666666667], [144.741666666664, 43.0000000000001], [144.716666666664, 43.0000000000001], [144.716666666664, 42.9916666666667], [144.691666666664, 42.9916666666667], [144.691666666664, 42.9833333333334], [144.683333333331, 42.9833333333334], [144.683333333331, 42.9750000000001], [144.674999999997, 42.9750000000001], [144.674999999997, 42.9583333333334], [144.658333333331, 42.9583333333334], [144.658333333331, 42.9666666666667], [144.633333333331, 42.9666666666667], [144.633333333331, 42.9750000000001], [144.616666666664, 42.9750000000001], [144.616666666664, 42.9833333333334]], [[144.866666666664, 43.0666666666667], [144.866666666664, 43.0750000000001], [144.849999999997, 43.0750000000001], [144.849999999997, 43.0583333333334], [144.85833333333, 43.0583333333334], [144.85833333333, 43.0416666666667], [144.866666666664, 43.0416666666667], [144.866666666664, 43.0333333333334], [144.88333333333, 43.0333333333334], [144.88333333333, 43.0250000000001], [144.899999999997, 43.0250000000001], [144.899999999997, 43.0166666666668], [144.90833333333, 43.0166666666668], [144.90833333333, 43.0250000000001], [144.916666666664, 43.0250000000001], [144.916666666664, 43.0333333333334], [144.924999999997, 43.0333333333334], [144.924999999997, 43.0250000000001], [144.93333333333, 43.0250000000001], [144.93333333333, 43.0416666666667], [144.941666666664, 43.0416666666667], [144.941666666664, 43.0500000000001], [144.924999999997, 43.0500000000001], [144.924999999997, 43.0583333333334], [144.916666666664, 43.0583333333334], [144.916666666664, 43.0666666666667], [144.866666666664, 43.0666666666667]]], [[[144.866666666664, 42.9500000000001], [144.866666666664, 42.9416666666667], [144.85833333333, 42.9416666666667], [144.85833333333, 42.9500000000001], [144.866666666664, 42.9500000000001]]], [[[144.866666666664, 42.9666666666668], [144.874999999997, 42.9666666666668], [144.874999999997, 42.9500000000001], [144.866666666664, 42.9500000000001], [144.866666666664, 42.9666666666668]]]]}}, {"type": "Feature", "properties": {"id": "厚沢部町", "name": "厚沢部町"}, "geometry": {"type": "Polygon", "coordinates": [[[140.224999999989, 41.8583333333335], [140.208333333322, 41.8583333333335], [140.208333333322, 41.8666666666668], [140.216666666656, 41.8666666666668], [140.216666666656, 41.8750000000001], [140.224999999989, 41.8750000000001], [140.224999999989, 41.8916666666668], [140.191666666656, 41.8916666666668], [140.191666666656, 41.9000000000001], [140.174999999989, 41.9000000000001], [140.174999999989, 41.9083333333335], [140.149999999989, 41.9083333333335], [140.149999999989, 41.9250000000001], [140.216666666656, 41.9250000000001], [140.216666666656, 41.9333333333335], [140.224999999989, 41.9333333333335], [140.224999999989, 41.9416666666668], [140.233333333322, 41.9416666666668], [140.233333333322, 41.9500000000001], [140.241666666656, 41.9500000000001], [140.241666666656, 41.9583333333335], [140.249999999989, 41.9583333333335], [140.249999999989, 41.9666666666668], [140.258333333322, 41.9666666666668], [140.258333333322, 41.9750000000001], [140.266666666656, 41.9750000000001], [140.266666666656, 42.0333333333335], [140.274999999989, 42.0333333333335], [140.274999999989, 42.0416666666668], [140.283333333322, 42.0416666666668], [140.283333333322, 42.0500000000001], [140.316666666656, 42.0500000000001], [140.316666666656, 42.0416666666668], [140.383333333322, 42.0416666666668], [140.383333333322, 42.0333333333335], [140.391666666656, 42.0333333333335], [140.391666666656, 42.0250000000001], [140.433333333322, 42.0250000000001], [140.433333333322, 42.0166666666668], [140.449999999989, 42.0166666666668], [140.449999999989, 42.0083333333335], [140.458333333322, 42.0083333333335], [140.458333333322, 42.0000000000001], [140.466666666655, 42.0000000000001], [140.466666666655, 41.9500000000001], [140.458333333322, 41.9500000000001], [140.458333333322, 41.9416666666668], [140.449999999989, 41.9416666666668], [140.449999999989, 41.9166666666668], [140.458333333322, 41.9166666666668], [140.458333333322, 41.9083333333335], [140.466666666655, 41.9083333333335], [140.466666666655, 41.9000000000001], [140.474999999989, 41.9000000000001], [140.474999999989, 41.8916666666668], [140.466666666655, 41.8916666666668], [140.466666666655, 41.8750000000001], [140.458333333322, 41.8750000000001], [140.458333333322, 41.8666666666668], [140.449999999989, 41.8666666666668], [140.449999999989, 41.8583333333335], [140.458333333322, 41.8583333333335], [140.458333333322, 41.8416666666668], [140.441666666655, 41.8416666666668], [140.441666666655, 41.8333333333335], [140.433333333322, 41.8333333333335], [140.433333333322, 41.8083333333335], [140.416666666656, 41.8083333333335], [140.416666666656, 41.8166666666668], [140.408333333322, 41.8166666666668], [140.408333333322, 41.8083333333335], [140.383333333322, 41.8083333333335], [140.383333333322, 41.8000000000001], [140.374999999989, 41.8000000000001], [140.374999999989, 41.7916666666668], [140.349999999989, 41.7916666666668], [140.349999999989, 41.8000000000001], [140.324999999989, 41.8000000000001], [140.324999999989, 41.8083333333335], [140.308333333322, 41.8083333333335], [140.308333333322, 41.8166666666668], [140.299999999989, 41.8166666666668], [140.299999999989, 41.8250000000001], [140.283333333322, 41.8250000000001], [140.283333333322, 41.8333333333335], [140.266666666656, 41.8333333333335], [140.266666666656, 41.8416666666668], [140.241666666656, 41.8416666666668], [140.241666666656, 41.8500000000001], [140.224999999989, 41.8500000000001], [140.224999999989, 41.8583333333335]]]}}, {"type": "Feature", "properties": {"id": "厚真町", "name": "厚真町"}, "geometry": {"type": "Polygon", "coordinates": [[[141.799999999988, 42.6166666666668], [141.808333333321, 42.6166666666668], [141.808333333321, 42.6250000000001], [141.816666666654, 42.6250000000001], [141.816666666654, 42.6666666666668], [141.824999999988, 42.6666666666668], [141.824999999988, 42.7166666666668], [141.833333333321, 42.7166666666668], [141.833333333321, 42.7250000000001], [141.841666666654, 42.7250000000001], [141.841666666654, 42.7333333333334], [141.849999999988, 42.7333333333334], [141.849999999988, 42.7500000000001], [141.858333333321, 42.7500000000001], [141.858333333321, 42.7666666666668], [141.874999999988, 42.7666666666668], [141.874999999988, 42.7750000000001], [141.883333333321, 42.7750000000001], [141.883333333321, 42.7833333333334], [141.891666666654, 42.7833333333334], [141.891666666654, 42.7916666666668], [141.899999999988, 42.7916666666668], [141.899999999988, 42.8000000000001], [141.908333333321, 42.8000000000001], [141.908333333321, 42.8083333333334], [141.916666666654, 42.8083333333334], [141.916666666654, 42.8166666666668], [141.924999999987, 42.8166666666668], [141.924999999987, 42.8333333333334], [141.933333333321, 42.8333333333334], [141.933333333321, 42.8416666666668], [141.941666666654, 42.8416666666668], [141.941666666654, 42.8500000000001], [141.958333333321, 42.8500000000001], [141.958333333321, 42.8416666666668], [141.991666666654, 42.8416666666668], [141.991666666654, 42.8500000000001], [142.024999999987, 42.8500000000001], [142.024999999987, 42.8583333333334], [142.058333333321, 42.8583333333334], [142.058333333321, 42.8666666666668], [142.066666666654, 42.8666666666668], [142.066666666654, 42.8750000000001], [142.074999999987, 42.8750000000001], [142.074999999987, 42.8666666666668], [142.091666666654, 42.8666666666668], [142.091666666654, 42.8500000000001], [142.099999999987, 42.8500000000001], [142.099999999987, 42.8333333333334], [142.108333333321, 42.8333333333334], [142.108333333321, 42.8083333333334], [142.099999999987, 42.8083333333334], [142.099999999987, 42.8000000000001], [142.091666666654, 42.8000000000001], [142.091666666654, 42.7750000000001], [142.083333333321, 42.7750000000001], [142.083333333321, 42.7666666666668], [142.074999999987, 42.7666666666668], [142.074999999987, 42.7583333333334], [142.066666666654, 42.7583333333334], [142.066666666654, 42.7500000000001], [142.058333333321, 42.7500000000001], [142.058333333321, 42.7416666666668], [142.049999999987, 42.7416666666668], [142.049999999987, 42.7333333333334], [142.041666666654, 42.7333333333334], [142.041666666654, 42.7250000000001], [142.033333333321, 42.7250000000001], [142.033333333321, 42.7166666666668], [142.016666666654, 42.7166666666668], [142.016666666654, 42.7083333333334], [142.008333333321, 42.7083333333334], [142.008333333321, 42.7000000000001], [141.999999999987, 42.7000000000001], [141.999999999987, 42.6916666666668], [141.991666666654, 42.6916666666668], [141.991666666654, 42.6750000000001], [141.999999999987, 42.6750000000001], [141.999999999987, 42.6416666666668], [141.933333333321, 42.6416666666668], [141.933333333321, 42.6333333333334], [141.924999999987, 42.6333333333334], [141.924999999987, 42.6166666666668], [141.908333333321, 42.6166666666668], [141.908333333321, 42.6083333333334], [141.891666666654, 42.6083333333334], [141.891666666654, 42.6000000000001], [141.883333333321, 42.6000000000001], [141.883333333321, 42.5916666666668], [141.874999999988, 42.5916666666668], [141.874999999988, 42.5833333333334], [141.866666666654, 42.5833333333334], [141.866666666654, 42.5916666666668], [141.849999999988, 42.5916666666668], [141.849999999988, 42.6000000000001], [141.816666666654, 42.6000000000001], [141.816666666654, 42.6083333333334], [141.808333333321, 42.6083333333334], [141.808333333321, 42.6000000000001], [141.799999999988, 42.6000000000001], [141.799999999988, 42.6166666666668]]]}}, {"type": "Feature", "properties": {"id": "古平町", "name": "古平町"}, "geometry": {"type": "Polygon", "coordinates": [[[140.549999999989, 43.1583333333334], [140.541666666655, 43.1583333333334], [140.541666666655, 43.1666666666667], [140.533333333322, 43.1666666666667], [140.533333333322, 43.2166666666667], [140.524999999989, 43.2166666666667], [140.524999999989, 43.2250000000001], [140.533333333322, 43.2250000000001], [140.533333333322, 43.2333333333334], [140.558333333322, 43.2333333333334], [140.558333333322, 43.2416666666667], [140.574999999989, 43.2416666666667], [140.574999999989, 43.2500000000001], [140.591666666655, 43.2500000000001], [140.591666666655, 43.2666666666667], [140.599999999989, 43.2666666666667], [140.599999999989, 43.2750000000001], [140.608333333322, 43.2750000000001], [140.608333333322, 43.2833333333334], [140.624999999989, 43.2833333333334], [140.624999999989, 43.3000000000001], [140.633333333322, 43.3000000000001], [140.633333333322, 43.2916666666667], [140.649999999989, 43.2916666666667], [140.649999999989, 43.2750000000001], [140.641666666655, 43.2750000000001], [140.641666666655, 43.2666666666667], [140.666666666655, 43.2666666666667], [140.666666666655, 43.2583333333334], [140.699999999989, 43.2583333333334], [140.699999999989, 43.2333333333334], [140.683333333322, 43.2333333333334], [140.683333333322, 43.2250000000001], [140.674999999989, 43.2250000000001], [140.674999999989, 43.2166666666667], [140.683333333322, 43.2166666666667], [140.683333333322, 43.2000000000001], [140.691666666655, 43.2000000000001], [140.691666666655, 43.1916666666667], [140.683333333322, 43.1916666666667], [140.683333333322, 43.1833333333334], [140.649999999989, 43.1833333333334], [140.649999999989, 43.1166666666667], [140.658333333322, 43.1166666666667], [140.658333333322, 43.1083333333334], [140.641666666655, 43.1083333333334], [140.641666666655, 43.1000000000001], [140.633333333322, 43.1000000000001], [140.633333333322, 43.0750000000001], [140.624999999989, 43.0750000000001], [140.624999999989, 43.0833333333334], [140.599999999989, 43.0833333333334], [140.599999999989, 43.0916666666667], [140.591666666655, 43.0916666666667], [140.591666666655, 43.1000000000001], [140.583333333322, 43.1000000000001], [140.583333333322, 43.1083333333334], [140.574999999989, 43.1083333333334], [140.574999999989, 43.1166666666667], [140.549999999989, 43.1166666666667], [140.549999999989, 43.1333333333334], [140.558333333322, 43.1333333333334], [140.558333333322, 43.1416666666667], [140.549999999989, 43.1416666666667], [140.549999999989, 43.1583333333334]]]}}, {"type": "Feature", "properties": {"id": "名寄市", "name": "名寄市"}, "geometry": {"type": "Polygon", "coordinates": [[[142.299999999987, 44.2833333333333], [142.299999999987, 44.2916666666667], [142.291666666654, 44.2916666666667], [142.291666666654, 44.3], [142.28333333332, 44.3], [142.28333333332, 44.3166666666667], [142.299999999987, 44.3166666666667], [142.299999999987, 44.325], [142.30833333332, 44.325], [142.30833333332, 44.35], [142.324999999987, 44.35], [142.324999999987, 44.375], [142.316666666654, 44.375], [142.316666666654, 44.4166666666667], [142.30833333332, 44.4166666666667], [142.30833333332, 44.4416666666667], [142.324999999987, 44.4416666666667], [142.324999999987, 44.45], [142.33333333332, 44.45], [142.33333333332, 44.4583333333333], [142.374999999987, 44.4583333333333], [142.374999999987, 44.4666666666667], [142.391666666654, 44.4666666666667], [142.391666666654, 44.475], [142.399999999987, 44.475], [142.399999999987, 44.4833333333333], [142.416666666654, 44.4833333333333], [142.416666666654, 44.475], [142.424999999987, 44.475], [142.424999999987, 44.4666666666667], [142.43333333332, 44.4666666666667], [142.43333333332, 44.475], [142.474999999987, 44.475], [142.474999999987, 44.4666666666667], [142.48333333332, 44.4666666666667], [142.48333333332, 44.4583333333333], [142.491666666654, 44.4583333333333], [142.491666666654, 44.45], [142.516666666654, 44.45], [142.516666666654, 44.4416666666667], [142.53333333332, 44.4416666666667], [142.53333333332, 44.45], [142.58333333332, 44.45], [142.58333333332, 44.4333333333333], [142.574999999987, 44.4333333333333], [142.574999999987, 44.425], [142.566666666654, 44.425], [142.566666666654, 44.4166666666667], [142.55833333332, 44.4166666666667], [142.55833333332, 44.4], [142.566666666654, 44.4], [142.566666666654, 44.375], [142.574999999987, 44.375], [142.574999999987, 44.3333333333333], [142.566666666654, 44.3333333333333], [142.566666666654, 44.325], [142.549999999987, 44.325], [142.549999999987, 44.3166666666667], [142.541666666654, 44.3166666666667], [142.541666666654, 44.3], [142.53333333332, 44.3], [142.53333333332, 44.2916666666667], [142.574999999987, 44.2916666666667], [142.574999999987, 44.2833333333333], [142.591666666654, 44.2833333333333], [142.591666666654, 44.2666666666667], [142.599999999987, 44.2666666666667], [142.599999999987, 44.25], [142.60833333332, 44.25], [142.60833333332, 44.2333333333333], [142.616666666654, 44.2333333333333], [142.616666666654, 44.225], [142.624999999987, 44.225], [142.624999999987, 44.2083333333333], [142.63333333332, 44.2083333333333], [142.63333333332, 44.1916666666667], [142.624999999987, 44.1916666666667], [142.624999999987, 44.175], [142.566666666654, 44.175], [142.566666666654, 44.1833333333333], [142.55833333332, 44.1833333333333], [142.55833333332, 44.1916666666667], [142.524999999987, 44.1916666666667], [142.524999999987, 44.1833333333333], [142.516666666654, 44.1833333333333], [142.516666666654, 44.2], [142.50833333332, 44.2], [142.50833333332, 44.2166666666667], [142.491666666654, 44.2166666666667], [142.491666666654, 44.225], [142.48333333332, 44.225], [142.48333333332, 44.2416666666667], [142.474999999987, 44.2416666666667], [142.474999999987, 44.25], [142.466666666654, 44.25], [142.466666666654, 44.2583333333333], [142.43333333332, 44.2583333333333], [142.43333333332, 44.275], [142.30833333332, 44.275], [142.30833333332, 44.2833333333333], [142.299999999987, 44.2833333333333]]]}}, {"type": "Feature", "properties": {"id": "和寒町", "name": "和寒町"}, "geometry": {"type": "Polygon", "coordinates": [[[142.249999999987, 43.95], [142.249999999987, 43.9833333333334], [142.241666666654, 43.9833333333334], [142.241666666654, 43.9916666666667], [142.249999999987, 43.9916666666667], [142.249999999987, 44.0], [142.241666666654, 44.0], [142.241666666654, 44.025], [142.249999999987, 44.025], [142.249999999987, 44.0333333333334], [142.266666666654, 44.0333333333334], [142.266666666654, 44.0416666666667], [142.33333333332, 44.0416666666667], [142.33333333332, 44.05], [142.35833333332, 44.05], [142.35833333332, 44.0583333333334], [142.366666666654, 44.0583333333334], [142.366666666654, 44.075], [142.374999999987, 44.075], [142.374999999987, 44.0666666666667], [142.40833333332, 44.0666666666667], [142.40833333332, 44.075], [142.416666666654, 44.075], [142.416666666654, 44.0833333333334], [142.424999999987, 44.0833333333334], [142.424999999987, 44.0916666666667], [142.43333333332, 44.0916666666667], [142.43333333332, 44.1], [142.441666666654, 44.1], [142.441666666654, 44.1083333333334], [142.45833333332, 44.1083333333334], [142.45833333332, 44.0916666666667], [142.466666666654, 44.0916666666667], [142.466666666654, 44.075], [142.474999999987, 44.075], [142.474999999987, 44.0666666666667], [142.48333333332, 44.0666666666667], [142.48333333332, 44.025], [142.474999999987, 44.025], [142.474999999987, 44.0166666666667], [142.48333333332, 44.0166666666667], [142.48333333332, 44.0083333333334], [142.474999999987, 44.0083333333334], [142.474999999987, 43.9916666666667], [142.48333333332, 43.9916666666667], [142.48333333332, 43.975], [142.491666666654, 43.975], [142.491666666654, 43.9583333333334], [142.466666666654, 43.9583333333334], [142.466666666654, 43.9666666666667], [142.43333333332, 43.9666666666667], [142.43333333332, 43.95], [142.424999999987, 43.95], [142.424999999987, 43.9416666666667], [142.416666666654, 43.9416666666667], [142.416666666654, 43.95], [142.399999999987, 43.95], [142.399999999987, 43.9583333333334], [142.30833333332, 43.9583333333334], [142.30833333332, 43.95], [142.299999999987, 43.95], [142.299999999987, 43.9416666666667], [142.258333333321, 43.9416666666667], [142.258333333321, 43.95], [142.249999999987, 43.95]]]}}, {"type": "Feature", "properties": {"id": "喜茂別町", "name": "喜茂別町"}, "geometry": {"type": "Polygon", "coordinates": [[[140.916666666655, 42.7750000000001], [140.899999999988, 42.7750000000001], [140.899999999988, 42.7833333333334], [140.883333333322, 42.7833333333334], [140.883333333322, 42.7916666666668], [140.866666666655, 42.7916666666668], [140.866666666655, 42.8000000000001], [140.849999999988, 42.8000000000001], [140.849999999988, 42.8083333333334], [140.833333333322, 42.8083333333334], [140.833333333322, 42.8166666666668], [140.816666666655, 42.8166666666668], [140.816666666655, 42.8250000000001], [140.858333333322, 42.8250000000001], [140.858333333322, 42.8166666666668], [140.899999999988, 42.8166666666668], [140.899999999988, 42.8083333333334], [140.991666666655, 42.8083333333334], [140.991666666655, 42.8166666666668], [140.999999999988, 42.8166666666668], [140.999999999988, 42.8333333333334], [140.991666666655, 42.8333333333334], [140.991666666655, 42.8416666666668], [140.999999999988, 42.8416666666668], [140.999999999988, 42.8500000000001], [141.008333333322, 42.8500000000001], [141.008333333322, 42.8666666666668], [141.016666666655, 42.8666666666668], [141.016666666655, 42.8750000000001], [141.024999999988, 42.8750000000001], [141.024999999988, 42.8833333333334], [141.099999999988, 42.8833333333334], [141.099999999988, 42.8250000000001], [141.066666666655, 42.8250000000001], [141.066666666655, 42.8083333333334], [141.074999999988, 42.8083333333334], [141.074999999988, 42.8000000000001], [141.083333333322, 42.8000000000001], [141.083333333322, 42.7916666666668], [141.091666666655, 42.7916666666668], [141.091666666655, 42.7833333333334], [141.083333333322, 42.7833333333334], [141.083333333322, 42.7500000000001], [141.074999999988, 42.7500000000001], [141.074999999988, 42.7416666666668], [141.058333333322, 42.7416666666668], [141.058333333322, 42.7333333333334], [141.041666666655, 42.7333333333334], [141.041666666655, 42.7166666666668], [140.999999999988, 42.7166666666668], [140.999999999988, 42.7250000000001], [140.983333333322, 42.7250000000001], [140.983333333322, 42.7333333333334], [140.974999999988, 42.7333333333334], [140.974999999988, 42.7416666666668], [140.958333333322, 42.7416666666668], [140.958333333322, 42.7500000000001], [140.941666666655, 42.7500000000001], [140.941666666655, 42.7583333333334], [140.924999999988, 42.7583333333334], [140.924999999988, 42.7666666666668], [140.916666666655, 42.7666666666668], [140.916666666655, 42.7750000000001]]]}}, {"type": "Feature", "properties": {"id": "増毛町", "name": "増毛町"}, "geometry": {"type": "Polygon", "coordinates": [[[141.408333333321, 43.7333333333334], [141.399999999988, 43.7333333333334], [141.399999999988, 43.7416666666667], [141.391666666655, 43.7416666666667], [141.391666666655, 43.7333333333334], [141.374999999988, 43.7333333333334], [141.374999999988, 43.725], [141.366666666655, 43.725], [141.366666666655, 43.7333333333334], [141.333333333321, 43.7333333333334], [141.333333333321, 43.75], [141.341666666655, 43.75], [141.341666666655, 43.7583333333334], [141.358333333321, 43.7583333333334], [141.358333333321, 43.775], [141.366666666655, 43.775], [141.366666666655, 43.7916666666667], [141.374999999988, 43.7916666666667], [141.374999999988, 43.8], [141.383333333321, 43.8], [141.383333333321, 43.8083333333334], [141.391666666655, 43.8083333333334], [141.391666666655, 43.8166666666667], [141.416666666655, 43.8166666666667], [141.416666666655, 43.825], [141.433333333321, 43.825], [141.433333333321, 43.8333333333334], [141.466666666655, 43.8333333333334], [141.466666666655, 43.8416666666667], [141.491666666655, 43.8416666666667], [141.491666666655, 43.85], [141.499999999988, 43.85], [141.499999999988, 43.8583333333334], [141.516666666655, 43.8583333333334], [141.516666666655, 43.8666666666667], [141.533333333321, 43.8666666666667], [141.533333333321, 43.8583333333334], [141.541666666654, 43.8583333333334], [141.541666666654, 43.8666666666667], [141.558333333321, 43.8666666666667], [141.558333333321, 43.875], [141.574999999988, 43.875], [141.574999999988, 43.8833333333334], [141.591666666654, 43.8833333333334], [141.591666666654, 43.8916666666667], [141.599999999988, 43.8916666666667], [141.599999999988, 43.9083333333334], [141.608333333321, 43.9083333333334], [141.608333333321, 43.9], [141.633333333321, 43.9], [141.633333333321, 43.8916666666667], [141.641666666654, 43.8916666666667], [141.641666666654, 43.8833333333334], [141.649999999988, 43.8833333333334], [141.649999999988, 43.875], [141.658333333321, 43.875], [141.658333333321, 43.8666666666667], [141.666666666654, 43.8666666666667], [141.666666666654, 43.85], [141.674999999988, 43.85], [141.674999999988, 43.8416666666667], [141.683333333321, 43.8416666666667], [141.683333333321, 43.8333333333334], [141.691666666654, 43.8333333333334], [141.691666666654, 43.8083333333334], [141.699999999988, 43.8083333333334], [141.699999999988, 43.75], [141.674999999988, 43.75], [141.674999999988, 43.7583333333334], [141.624999999988, 43.7583333333334], [141.624999999988, 43.75], [141.616666666654, 43.75], [141.616666666654, 43.7416666666667], [141.591666666654, 43.7416666666667], [141.591666666654, 43.7333333333334], [141.574999999988, 43.7333333333334], [141.574999999988, 43.725], [141.558333333321, 43.725], [141.558333333321, 43.7166666666667], [141.524999999988, 43.7166666666667], [141.524999999988, 43.7083333333334], [141.516666666655, 43.7083333333334], [141.516666666655, 43.7], [141.499999999988, 43.7], [141.499999999988, 43.6916666666667], [141.491666666655, 43.6916666666667], [141.491666666655, 43.6833333333334], [141.483333333321, 43.6833333333334], [141.483333333321, 43.6916666666667], [141.474999999988, 43.6916666666667], [141.474999999988, 43.7], [141.441666666655, 43.7], [141.441666666655, 43.7083333333334], [141.416666666655, 43.7083333333334], [141.416666666655, 43.725], [141.408333333321, 43.725], [141.408333333321, 43.7333333333334]]]}}, {"type": "Feature", "properties": {"id": "士別市", "name": "士別市"}, "geometry": {"type": "Polygon", "coordinates": [[[142.174999999987, 44.05], [142.174999999987, 44.075], [142.183333333321, 44.075], [142.183333333321, 44.1], [142.191666666654, 44.1], [142.191666666654, 44.1083333333334], [142.199999999987, 44.1083333333334], [142.199999999987, 44.1333333333333], [142.191666666654, 44.1333333333333], [142.191666666654, 44.1416666666667], [142.183333333321, 44.1416666666667], [142.183333333321, 44.1666666666667], [142.191666666654, 44.1666666666667], [142.191666666654, 44.175], [142.183333333321, 44.175], [142.183333333321, 44.1833333333333], [142.174999999987, 44.1833333333333], [142.174999999987, 44.2], [142.191666666654, 44.2], [142.191666666654, 44.2083333333333], [142.199999999987, 44.2083333333333], [142.199999999987, 44.2333333333333], [142.208333333321, 44.2333333333333], [142.208333333321, 44.2583333333333], [142.199999999987, 44.2583333333333], [142.199999999987, 44.25], [142.174999999987, 44.25], [142.174999999987, 44.2666666666667], [142.183333333321, 44.2666666666667], [142.183333333321, 44.275], [142.191666666654, 44.275], [142.191666666654, 44.2833333333333], [142.208333333321, 44.2833333333333], [142.208333333321, 44.275], [142.216666666654, 44.275], [142.216666666654, 44.2916666666667], [142.224999999987, 44.2916666666667], [142.224999999987, 44.3], [142.233333333321, 44.3], [142.233333333321, 44.2916666666667], [142.249999999987, 44.2916666666667], [142.249999999987, 44.2833333333333], [142.28333333332, 44.2833333333333], [142.28333333332, 44.275], [142.291666666654, 44.275], [142.291666666654, 44.2666666666667], [142.30833333332, 44.2666666666667], [142.30833333332, 44.275], [142.43333333332, 44.275], [142.43333333332, 44.2583333333333], [142.466666666654, 44.2583333333333], [142.466666666654, 44.25], [142.474999999987, 44.25], [142.474999999987, 44.2416666666667], [142.48333333332, 44.2416666666667], [142.48333333332, 44.225], [142.491666666654, 44.225], [142.491666666654, 44.2166666666667], [142.50833333332, 44.2166666666667], [142.50833333332, 44.2], [142.516666666654, 44.2], [142.516666666654, 44.1833333333334], [142.524999999987, 44.1833333333334], [142.524999999987, 44.1916666666667], [142.55833333332, 44.1916666666667], [142.55833333332, 44.1833333333334], [142.566666666654, 44.1833333333334], [142.566666666654, 44.175], [142.624999999987, 44.175], [142.624999999987, 44.1666666666667], [142.649999999987, 44.1666666666667], [142.649999999987, 44.175], [142.65833333332, 44.175], [142.65833333332, 44.1833333333334], [142.691666666653, 44.1833333333334], [142.691666666653, 44.175], [142.699999999987, 44.175], [142.699999999987, 44.1833333333334], [142.716666666653, 44.1833333333334], [142.716666666653, 44.1916666666667], [142.749999999987, 44.1916666666667], [142.749999999987, 44.1833333333334], [142.766666666653, 44.1833333333334], [142.766666666653, 44.175], [142.774999999987, 44.175], [142.774999999987, 44.1666666666667], [142.78333333332, 44.1666666666667], [142.78333333332, 44.1583333333334], [142.791666666653, 44.1583333333334], [142.791666666653, 44.15], [142.799999999987, 44.15], [142.799999999987, 44.1416666666667], [142.80833333332, 44.1416666666667], [142.80833333332, 44.15], [142.824999999987, 44.15], [142.824999999987, 44.1583333333334], [142.83333333332, 44.1583333333334], [142.83333333332, 44.15], [142.841666666653, 44.15], [142.841666666653, 44.125], [142.849999999987, 44.125], [142.849999999987, 44.1166666666667], [142.85833333332, 44.1166666666667], [142.85833333332, 44.0833333333334], [142.866666666653, 44.0833333333334], [142.866666666653, 44.0583333333334], [142.874999999987, 44.0583333333334], [142.874999999987, 44.0416666666667], [142.866666666653, 44.0416666666667], [142.866666666653, 44.0333333333334], [142.874999999987, 44.0333333333334], [142.874999999987, 44.0166666666667], [142.891666666653, 44.0166666666667], [142.891666666653, 44.0083333333334], [142.899999999987, 44.0083333333334], [142.899999999987, 43.9833333333334], [142.891666666653, 43.9833333333334], [142.891666666653, 43.9666666666667], [142.88333333332, 43.9666666666667], [142.88333333332, 43.95], [142.866666666653, 43.95], [142.866666666653, 43.9416666666667], [142.841666666653, 43.9416666666667], [142.841666666653, 43.9333333333334], [142.83333333332, 43.9333333333334], [142.83333333332, 43.925], [142.824999999987, 43.925], [142.824999999987, 43.9166666666667], [142.791666666653, 43.9166666666667], [142.791666666653, 43.925], [142.774999999987, 43.925], [142.774999999987, 43.9333333333334], [142.766666666653, 43.9333333333334], [142.766666666653, 43.9416666666667], [142.749999999987, 43.9416666666667], [142.749999999987, 43.95], [142.741666666653, 43.95], [142.741666666653, 43.9666666666667], [142.73333333332, 43.9666666666667], [142.73333333332, 43.975], [142.724999999987, 43.975], [142.724999999987, 43.9916666666667], [142.716666666653, 43.9916666666667], [142.716666666653, 44.0], [142.699999999987, 44.0], [142.699999999987, 44.0083333333334], [142.691666666653, 44.0083333333334], [142.691666666653, 44.0166666666667], [142.649999999987, 44.0166666666667], [142.649999999987, 44.0083333333334], [142.641666666653, 44.0083333333334], [142.641666666653, 44.0166666666667], [142.624999999987, 44.0166666666667], [142.624999999987, 44.025], [142.591666666654, 44.025], [142.591666666654, 44.0166666666667], [142.58333333332, 44.0166666666667], [142.58333333332, 44.0083333333334], [142.549999999987, 44.0083333333334], [142.549999999987, 44.0], [142.541666666654, 44.0], [142.541666666654, 43.9916666666667], [142.516666666654, 43.9916666666667], [142.516666666654, 43.9833333333334], [142.491666666654, 43.9833333333334], [142.491666666654, 43.975], [142.48333333332, 43.975], [142.48333333332, 43.9916666666667], [142.474999999987, 43.9916666666667], [142.474999999987, 44.0083333333334], [142.48333333332, 44.0083333333334], [142.48333333332, 44.0166666666667], [142.474999999987, 44.0166666666667], [142.474999999987, 44.025], [142.48333333332, 44.025], [142.48333333332, 44.0666666666667], [142.474999999987, 44.0666666666667], [142.474999999987, 44.075], [142.466666666654, 44.075], [142.466666666654, 44.0916666666667], [142.45833333332, 44.0916666666667], [142.45833333332, 44.1083333333333], [142.449999999987, 44.1083333333333], [142.449999999987, 44.1166666666667], [142.416666666654, 44.1166666666667], [142.416666666654, 44.125], [142.40833333332, 44.125], [142.40833333332, 44.15], [142.399999999987, 44.15], [142.399999999987, 44.1416666666667], [142.349999999987, 44.1416666666667], [142.349999999987, 44.15], [142.341666666654, 44.15], [142.341666666654, 44.1583333333333], [142.33333333332, 44.1583333333333], [142.33333333332, 44.1666666666667], [142.324999999987, 44.1666666666667], [142.324999999987, 44.175], [142.316666666654, 44.175], [142.316666666654, 44.1833333333333], [142.30833333332, 44.1833333333333], [142.30833333332, 44.175], [142.299999999987, 44.175], [142.299999999987, 44.1666666666667], [142.291666666654, 44.1666666666667], [142.291666666654, 44.1583333333333], [142.28333333332, 44.1583333333333], [142.28333333332, 44.1333333333333], [142.274999999987, 44.1333333333333], [142.274999999987, 44.1083333333334], [142.28333333332, 44.1083333333334], [142.28333333332, 44.0916666666667], [142.274999999987, 44.0916666666667], [142.274999999987, 44.0833333333333], [142.266666666654, 44.0833333333333], [142.266666666654, 44.0666666666667], [142.274999999987, 44.0666666666667], [142.274999999987, 44.05], [142.28333333332, 44.05], [142.28333333332, 44.0416666666667], [142.266666666654, 44.0416666666667], [142.266666666654, 44.0333333333334], [142.249999999987, 44.0333333333334], [142.249999999987, 44.025], [142.241666666654, 44.025], [142.241666666654, 44.0166666666667], [142.233333333321, 44.0166666666667], [142.233333333321, 44.025], [142.224999999987, 44.025], [142.224999999987, 44.0333333333334], [142.199999999987, 44.0333333333334], [142.199999999987, 44.0416666666667], [142.183333333321, 44.0416666666667], [142.183333333321, 44.05], [142.174999999987, 44.05]]]}}, {"type": "Feature", "properties": {"id": "士幌町", "name": "士幌町"}, "geometry": {"type": "Polygon", "coordinates": [[[143.124999999999, 43.1750000000001], [143.116666666665, 43.1750000000001], [143.116666666665, 43.2166666666667], [143.108333333332, 43.2166666666667], [143.108333333332, 43.2333333333334], [143.099999999999, 43.2333333333334], [143.099999999999, 43.2500000000001], [143.124999999999, 43.2500000000001], [143.124999999999, 43.2416666666667], [143.166666666665, 43.2416666666667], [143.166666666665, 43.2333333333334], [143.208333333332, 43.2333333333334], [143.208333333332, 43.2250000000001], [143.249999999998, 43.2250000000001], [143.249999999998, 43.2166666666667], [143.266666666665, 43.2166666666667], [143.266666666665, 43.2083333333334], [143.333333333332, 43.2083333333334], [143.333333333332, 43.2000000000001], [143.374999999998, 43.2000000000001], [143.374999999998, 43.1916666666667], [143.391666666665, 43.1916666666667], [143.391666666665, 43.1333333333334], [143.399999999998, 43.1333333333334], [143.399999999998, 43.1250000000001], [143.408333333332, 43.1250000000001], [143.408333333332, 43.1166666666667], [143.416666666665, 43.1166666666667], [143.416666666665, 43.1083333333334], [143.408333333332, 43.1083333333334], [143.408333333332, 43.1000000000001], [143.399999999998, 43.1000000000001], [143.399999999998, 43.0916666666667], [143.383333333332, 43.0916666666667], [143.383333333332, 43.0833333333334], [143.349999999998, 43.0833333333334], [143.349999999998, 43.0750000000001], [143.341666666665, 43.0750000000001], [143.341666666665, 43.0833333333334], [143.324999999998, 43.0833333333334], [143.324999999998, 43.1166666666667], [143.274999999998, 43.1166666666667], [143.274999999998, 43.1250000000001], [143.249999999998, 43.1250000000001], [143.249999999998, 43.1083333333334], [143.241666666665, 43.1083333333334], [143.241666666665, 43.0833333333334], [143.208333333332, 43.0833333333334], [143.208333333332, 43.0916666666667], [143.199999999999, 43.0916666666667], [143.199999999999, 43.1000000000001], [143.208333333332, 43.1000000000001], [143.208333333332, 43.1166666666667], [143.216666666665, 43.1166666666667], [143.216666666665, 43.1333333333334], [143.208333333332, 43.1333333333334], [143.208333333332, 43.1416666666667], [143.183333333332, 43.1416666666667], [143.183333333332, 43.1500000000001], [143.149999999999, 43.1500000000001], [143.149999999999, 43.1583333333334], [143.133333333332, 43.1583333333334], [143.133333333332, 43.1666666666667], [143.124999999999, 43.1666666666667], [143.124999999999, 43.1750000000001]]]}}, {"type": "Feature", "properties": {"id": "壮瞥町", "name": "壮瞥町"}, "geometry": {"type": "Polygon", "coordinates": [[[140.849999999988, 42.5250000000001], [140.849999999988, 42.5333333333334], [140.833333333322, 42.5333333333334], [140.833333333322, 42.5416666666668], [140.824999999988, 42.5416666666668], [140.824999999988, 42.5583333333334], [140.833333333322, 42.5583333333334], [140.833333333322, 42.5833333333334], [140.841666666655, 42.5833333333334], [140.841666666655, 42.6000000000001], [140.849999999988, 42.6000000000001], [140.849999999988, 42.6083333333334], [140.874999999988, 42.6083333333334], [140.874999999988, 42.6166666666668], [140.899999999988, 42.6166666666668], [140.899999999988, 42.6250000000001], [140.908333333322, 42.6250000000001], [140.908333333322, 42.6416666666668], [140.974999999988, 42.6416666666668], [140.974999999988, 42.6333333333334], [140.991666666655, 42.6333333333334], [140.991666666655, 42.6250000000001], [141.008333333322, 42.6250000000001], [141.008333333322, 42.6166666666668], [141.016666666655, 42.6166666666668], [141.016666666655, 42.6083333333334], [141.024999999988, 42.6083333333334], [141.024999999988, 42.5916666666668], [141.074999999988, 42.5916666666668], [141.074999999988, 42.5833333333334], [141.083333333322, 42.5833333333334], [141.083333333322, 42.5500000000001], [141.066666666655, 42.5500000000001], [141.066666666655, 42.5333333333334], [141.058333333322, 42.5333333333334], [141.058333333322, 42.5250000000001], [141.041666666655, 42.5250000000001], [141.041666666655, 42.5166666666668], [140.999999999988, 42.5166666666668], [140.999999999988, 42.5083333333334], [140.966666666655, 42.5083333333334], [140.966666666655, 42.5250000000001], [140.958333333322, 42.5250000000001], [140.958333333322, 42.5333333333334], [140.949999999988, 42.5333333333334], [140.949999999988, 42.5416666666668], [140.899999999988, 42.5416666666668], [140.899999999988, 42.5333333333334], [140.866666666655, 42.5333333333334], [140.866666666655, 42.5250000000001], [140.849999999988, 42.5250000000001]]]}}, {"type": "Feature", "properties": {"id": "夕張市", "name": "夕張市"}, "geometry": {"type": "Polygon", "coordinates": [[[141.933333333321, 43.0000000000001], [141.933333333321, 42.9916666666667], [141.916666666654, 42.9916666666667], [141.916666666654, 43.0000000000001], [141.908333333321, 43.0000000000001], [141.908333333321, 43.0500000000001], [141.916666666654, 43.0500000000001], [141.916666666654, 43.1000000000001], [141.999999999987, 43.1000000000001], [141.999999999987, 43.1083333333334], [142.008333333321, 43.1083333333334], [142.008333333321, 43.1000000000001], [142.041666666654, 43.1000000000001], [142.041666666654, 43.1250000000001], [142.033333333321, 43.1250000000001], [142.033333333321, 43.1416666666667], [142.058333333321, 43.1416666666667], [142.058333333321, 43.1583333333334], [142.074999999987, 43.1583333333334], [142.074999999987, 43.1666666666667], [142.108333333321, 43.1666666666667], [142.108333333321, 43.1750000000001], [142.116666666654, 43.1750000000001], [142.116666666654, 43.1833333333334], [142.124999999987, 43.1833333333334], [142.124999999987, 43.1916666666667], [142.149999999987, 43.1916666666667], [142.149999999987, 43.2083333333334], [142.158333333321, 43.2083333333334], [142.158333333321, 43.2250000000001], [142.166666666654, 43.2250000000001], [142.166666666654, 43.2166666666667], [142.183333333321, 43.2166666666667], [142.183333333321, 43.2083333333334], [142.241666666654, 43.2083333333334], [142.241666666654, 43.2166666666667], [142.249999999987, 43.2166666666667], [142.249999999987, 43.2250000000001], [142.28333333332, 43.2250000000001], [142.28333333332, 43.1916666666667], [142.274999999987, 43.1916666666667], [142.274999999987, 43.1833333333334], [142.266666666654, 43.1833333333334], [142.266666666654, 43.1666666666667], [142.258333333321, 43.1666666666667], [142.258333333321, 43.1250000000001], [142.249999999987, 43.1250000000001], [142.249999999987, 43.1166666666667], [142.241666666654, 43.1166666666667], [142.241666666654, 43.1083333333334], [142.249999999987, 43.1083333333334], [142.249999999987, 43.0916666666667], [142.258333333321, 43.0916666666667], [142.258333333321, 43.0833333333334], [142.266666666654, 43.0833333333334], [142.266666666654, 43.0666666666667], [142.274999999987, 43.0666666666667], [142.274999999987, 43.0583333333334], [142.291666666654, 43.0583333333334], [142.291666666654, 43.0500000000001], [142.316666666654, 43.0500000000001], [142.316666666654, 43.0416666666667], [142.324999999987, 43.0416666666667], [142.324999999987, 43.0250000000001], [142.30833333332, 43.0250000000001], [142.30833333332, 43.0166666666667], [142.291666666654, 43.0166666666667], [142.291666666654, 42.9916666666667], [142.28333333332, 42.9916666666667], [142.28333333332, 42.9833333333334], [142.258333333321, 42.9833333333334], [142.258333333321, 42.9666666666667], [142.241666666654, 42.9666666666667], [142.241666666654, 42.9750000000001], [142.224999999987, 42.9750000000001], [142.224999999987, 42.9666666666667], [142.216666666654, 42.9666666666667], [142.216666666654, 42.9583333333334], [142.199999999987, 42.9583333333334], [142.199999999987, 42.9500000000001], [142.183333333321, 42.9500000000001], [142.183333333321, 42.9583333333334], [142.166666666654, 42.9583333333334], [142.166666666654, 42.9500000000001], [142.141666666654, 42.9500000000001], [142.141666666654, 42.9250000000001], [142.124999999987, 42.9250000000001], [142.124999999987, 42.9166666666667], [142.108333333321, 42.9166666666667], [142.108333333321, 42.8916666666668], [142.099999999987, 42.8916666666668], [142.099999999987, 42.8833333333334], [142.091666666654, 42.8833333333334], [142.091666666654, 42.8750000000001], [142.083333333321, 42.8750000000001], [142.083333333321, 42.8666666666668], [142.074999999987, 42.8666666666668], [142.074999999987, 42.8750000000001], [142.066666666654, 42.8750000000001], [142.066666666654, 42.8666666666668], [142.058333333321, 42.8666666666668], [142.058333333321, 42.8583333333334], [142.033333333321, 42.8583333333334], [142.033333333321, 42.8666666666668], [142.008333333321, 42.8666666666668], [142.008333333321, 42.8750000000001], [141.999999999987, 42.8750000000001], [141.999999999987, 42.8916666666668], [141.991666666654, 42.8916666666668], [141.991666666654, 42.9083333333334], [141.966666666654, 42.9083333333334], [141.966666666654, 42.9250000000001], [141.974999999987, 42.9250000000001], [141.974999999987, 42.9416666666667], [141.966666666654, 42.9416666666667], [141.966666666654, 42.9500000000001], [141.949999999987, 42.9500000000001], [141.949999999987, 42.9916666666667], [141.941666666654, 42.9916666666667], [141.941666666654, 43.0000000000001], [141.933333333321, 43.0000000000001]]]}}, {"type": "Feature", "properties": {"id": "大樹町", "name": "大樹町"}, "geometry": {"type": "MultiPolygon", "coordinates": [[[[142.88333333332, 42.4583333333334], [142.88333333332, 42.4833333333334], [142.891666666653, 42.4833333333334], [142.891666666653, 42.4916666666668], [142.88333333332, 42.4916666666668], [142.88333333332, 42.5000000000001], [142.866666666653, 42.5000000000001], [142.866666666653, 42.5083333333334], [142.85833333332, 42.5083333333334], [142.85833333332, 42.5333333333334], [142.866666666653, 42.5333333333334], [142.866666666653, 42.5416666666668], [142.841666666653, 42.5416666666668], [142.841666666653, 42.5500000000001], [142.824999999987, 42.5500000000001], [142.824999999987, 42.5666666666668], [142.83333333332, 42.5666666666668], [142.83333333332, 42.5750000000001], [142.874999999987, 42.5750000000001], [142.874999999987, 42.5666666666668], [142.916666666653, 42.5666666666668], [142.916666666653, 42.5583333333334], [142.924999999987, 42.5583333333334], [142.924999999987, 42.5666666666668], [142.941666666653, 42.5666666666668], [142.941666666653, 42.5750000000001], [142.974999999987, 42.5750000000001], [142.974999999987, 42.3916666666668], [142.966666666653, 42.3916666666668], [142.966666666653, 42.4083333333334], [142.949999999987, 42.4083333333334], [142.949999999987, 42.4250000000001], [142.93333333332, 42.4250000000001], [142.93333333332, 42.4333333333334], [142.899999999987, 42.4333333333334], [142.899999999987, 42.4500000000001], [142.891666666653, 42.4500000000001], [142.891666666653, 42.4583333333334], [142.88333333332, 42.4583333333334]]], [[[142.983333333332, 42.3833333333334], [142.974999999999, 42.3833333333334], [142.974999999999, 42.5833333333334], [142.991666666665, 42.5833333333334], [142.991666666665, 42.5750000000001], [142.999999999999, 42.5750000000001], [142.999999999999, 42.5833333333334], [143.016666666665, 42.5833333333334], [143.016666666665, 42.5916666666668], [143.041666666665, 42.5916666666668], [143.041666666665, 42.5833333333334], [143.074999999999, 42.5833333333334], [143.074999999999, 42.5750000000001], [143.091666666665, 42.5750000000001], [143.091666666665, 42.5833333333334], [143.099999999999, 42.5833333333334], [143.099999999999, 42.5750000000001], [143.216666666665, 42.5750000000001], [143.216666666665, 42.5666666666668], [143.224999999999, 42.5666666666668], [143.224999999999, 42.5500000000001], [143.241666666665, 42.5500000000001], [143.241666666665, 42.5416666666668], [143.274999999998, 42.5416666666668], [143.274999999998, 42.5333333333334], [143.324999999998, 42.5333333333334], [143.324999999998, 42.5416666666668], [143.349999999998, 42.5416666666668], [143.349999999998, 42.5333333333334], [143.366666666665, 42.5333333333334], [143.366666666665, 42.5250000000001], [143.374999999998, 42.5250000000001], [143.374999999998, 42.5083333333334], [143.391666666665, 42.5083333333334], [143.391666666665, 42.5166666666668], [143.424999999998, 42.5166666666668], [143.424999999998, 42.5250000000001], [143.449999999998, 42.5250000000001], [143.449999999998, 42.5333333333334], [143.441666666665, 42.5333333333334], [143.441666666665, 42.5416666666668], [143.433333333332, 42.5416666666668], [143.433333333332, 42.5500000000001], [143.424999999998, 42.5500000000001], [143.424999999998, 42.5583333333334], [143.416666666665, 42.5583333333334], [143.416666666665, 42.5666666666668], [143.408333333332, 42.5666666666668], [143.408333333332, 42.5916666666668], [143.374999999998, 42.5916666666668], [143.374999999998, 42.6000000000001], [143.366666666665, 42.6000000000001], [143.366666666665, 42.6500000000001], [143.391666666665, 42.6500000000001], [143.391666666665, 42.6583333333334], [143.399999999998, 42.6583333333334], [143.399999999998, 42.6666666666668], [143.408333333332, 42.6666666666668], [143.408333333332, 42.6750000000001], [143.424999999998, 42.6750000000001], [143.424999999998, 42.6666666666668], [143.441666666665, 42.6666666666668], [143.441666666665, 42.6500000000001], [143.449999999998, 42.6500000000001], [143.449999999998, 42.6416666666668], [143.458333333332, 42.6416666666668], [143.458333333332, 42.6333333333334], [143.483333333332, 42.6333333333334], [143.483333333332, 42.6166666666668], [143.491666666665, 42.6166666666668], [143.491666666665, 42.6083333333334], [143.499999999998, 42.6083333333334], [143.499999999998, 42.6000000000001], [143.516666666665, 42.6000000000001], [143.516666666665, 42.5750000000001], [143.524999999998, 42.5750000000001], [143.524999999998, 42.5666666666668], [143.516666666665, 42.5666666666668], [143.516666666665, 42.5583333333334], [143.508333333332, 42.5583333333334], [143.508333333332, 42.5500000000001], [143.499999999998, 42.5500000000001], [143.499999999998, 42.5416666666668], [143.491666666665, 42.5416666666668], [143.491666666665, 42.5250000000001], [143.474999999998, 42.5250000000001], [143.474999999998, 42.5166666666668], [143.466666666665, 42.5166666666668], [143.466666666665, 42.5083333333334], [143.458333333332, 42.5083333333334], [143.458333333332, 42.5000000000001], [143.449999999998, 42.5000000000001], [143.449999999998, 42.4833333333334], [143.441666666665, 42.4833333333334], [143.441666666665, 42.4750000000001], [143.433333333332, 42.4750000000001], [143.433333333332, 42.4666666666668], [143.424999999998, 42.4666666666668], [143.424999999998, 42.4583333333334], [143.416666666665, 42.4583333333334], [143.416666666665, 42.4500000000001], [143.408333333332, 42.4500000000001], [143.408333333332, 42.4333333333334], [143.399999999998, 42.4333333333334], [143.399999999998, 42.4166666666668], [143.383333333332, 42.4166666666668], [143.383333333332, 42.4250000000001], [143.366666666665, 42.4250000000001], [143.366666666665, 42.4333333333334], [143.333333333332, 42.4333333333334], [143.333333333332, 42.4416666666668], [143.299999999998, 42.4416666666668], [143.299999999998, 42.4500000000001], [143.283333333332, 42.4500000000001], [143.283333333332, 42.4416666666668], [143.199999999999, 42.4416666666668], [143.199999999999, 42.4333333333334], [143.158333333332, 42.4333333333334], [143.158333333332, 42.4250000000001], [143.133333333332, 42.4250000000001], [143.133333333332, 42.4166666666668], [143.116666666665, 42.4166666666668], [143.116666666665, 42.4250000000001], [143.049999999999, 42.4250000000001], [143.049999999999, 42.4166666666668], [143.033333333332, 42.4166666666668], [143.033333333332, 42.4000000000001], [143.024999999999, 42.4000000000001], [143.024999999999, 42.3916666666668], [143.016666666665, 42.3916666666668], [143.016666666665, 42.3833333333334], [143.008333333332, 42.3833333333334], [143.008333333332, 42.3750000000001], [142.983333333332, 42.3750000000001], [142.983333333332, 42.3833333333334]]]]}}, {"type": "Feature", "properties": {"id": "大空町", "name": "大空町"}, "geometry": {"type": "Polygon", "coordinates": [[[144.083333333331, 43.875], [144.083333333331, 43.8833333333334], [144.074999999998, 43.8833333333334], [144.074999999998, 43.8916666666667], [144.058333333331, 43.8916666666667], [144.058333333331, 43.8833333333334], [144.049999999998, 43.8833333333334], [144.049999999998, 43.9], [144.058333333331, 43.9], [144.058333333331, 43.9166666666667], [144.066666666664, 43.9166666666667], [144.066666666664, 43.9333333333334], [144.083333333331, 43.9333333333334], [144.083333333331, 43.9416666666667], [144.108333333331, 43.9416666666667], [144.108333333331, 43.9333333333334], [144.124999999998, 43.9333333333334], [144.124999999998, 43.9416666666667], [144.141666666664, 43.9416666666667], [144.141666666664, 43.95], [144.149999999998, 43.95], [144.149999999998, 43.9583333333334], [144.166666666664, 43.9583333333334], [144.166666666664, 43.9666666666667], [144.191666666664, 43.9666666666667], [144.191666666664, 43.9583333333334], [144.208333333331, 43.9583333333334], [144.208333333331, 43.9416666666667], [144.216666666664, 43.9416666666667], [144.216666666664, 43.9333333333334], [144.224999999998, 43.9333333333334], [144.224999999998, 43.925], [144.233333333331, 43.925], [144.233333333331, 43.9083333333334], [144.241666666664, 43.9083333333334], [144.241666666664, 43.9], [144.249999999998, 43.9], [144.249999999998, 43.8833333333334], [144.258333333331, 43.8833333333334], [144.258333333331, 43.875], [144.299999999998, 43.875], [144.299999999998, 43.8916666666667], [144.324999999998, 43.8916666666667], [144.324999999998, 43.8833333333334], [144.349999999997, 43.8833333333334], [144.349999999997, 43.875], [144.374999999997, 43.875], [144.374999999997, 43.85], [144.383333333331, 43.85], [144.383333333331, 43.8416666666667], [144.366666666664, 43.8416666666667], [144.366666666664, 43.8166666666667], [144.374999999997, 43.8166666666667], [144.374999999997, 43.8], [144.383333333331, 43.8], [144.383333333331, 43.7583333333334], [144.374999999997, 43.7583333333334], [144.374999999997, 43.7333333333334], [144.366666666664, 43.7333333333334], [144.366666666664, 43.725], [144.358333333331, 43.725], [144.358333333331, 43.7166666666667], [144.341666666664, 43.7166666666667], [144.341666666664, 43.7083333333334], [144.266666666664, 43.7083333333334], [144.266666666664, 43.7166666666667], [144.258333333331, 43.7166666666667], [144.258333333331, 43.7333333333334], [144.249999999998, 43.7333333333334], [144.249999999998, 43.775], [144.241666666664, 43.775], [144.241666666664, 43.7833333333334], [144.233333333331, 43.7833333333334], [144.233333333331, 43.8], [144.216666666664, 43.8], [144.216666666664, 43.825], [144.199999999998, 43.825], [144.199999999998, 43.8333333333334], [144.191666666664, 43.8333333333334], [144.191666666664, 43.8416666666667], [144.183333333331, 43.8416666666667], [144.183333333331, 43.85], [144.191666666664, 43.85], [144.191666666664, 43.8583333333334], [144.166666666664, 43.8583333333334], [144.166666666664, 43.8666666666667], [144.141666666664, 43.8666666666667], [144.141666666664, 43.875], [144.124999999998, 43.875], [144.124999999998, 43.8666666666667], [144.116666666664, 43.8666666666667], [144.116666666664, 43.8583333333334], [144.091666666664, 43.8583333333334], [144.091666666664, 43.875], [144.083333333331, 43.875]]]}}, {"type": "Feature", "properties": {"id": "天塩町", "name": "天塩町"}, "geometry": {"type": "Polygon", "coordinates": [[[141.749999999988, 44.8583333333333], [141.741666666654, 44.8583333333333], [141.741666666654, 44.8666666666666], [141.733333333321, 44.8666666666666], [141.733333333321, 44.9166666666666], [141.724999999988, 44.9166666666666], [141.724999999988, 44.9416666666666], [141.716666666654, 44.9416666666666], [141.716666666654, 44.9583333333333], [141.724999999988, 44.9583333333333], [141.724999999988, 44.9666666666666], [141.749999999988, 44.9666666666666], [141.749999999988, 44.975], [141.758333333321, 44.975], [141.758333333321, 44.9833333333333], [141.783333333321, 44.9833333333333], [141.783333333321, 44.9916666666666], [141.858333333321, 44.9916666666666], [141.858333333321, 44.9833333333333], [141.866666666654, 44.9833333333333], [141.866666666654, 44.9666666666666], [141.874999999988, 44.9666666666666], [141.874999999988, 44.925], [141.908333333321, 44.925], [141.908333333321, 44.9166666666666], [141.916666666654, 44.9166666666666], [141.916666666654, 44.9083333333333], [141.924999999987, 44.9083333333333], [141.924999999987, 44.9], [141.933333333321, 44.9], [141.933333333321, 44.9083333333333], [141.949999999987, 44.9083333333333], [141.949999999987, 44.9], [141.966666666654, 44.9], [141.966666666654, 44.9083333333333], [141.974999999987, 44.9083333333333], [141.974999999987, 44.9166666666666], [141.991666666654, 44.9166666666666], [141.991666666654, 44.9], [142.008333333321, 44.9], [142.008333333321, 44.9083333333333], [142.024999999987, 44.9083333333333], [142.024999999987, 44.9], [142.016666666654, 44.9], [142.016666666654, 44.8916666666666], [141.999999999987, 44.8916666666666], [141.999999999987, 44.8833333333333], [141.991666666654, 44.8833333333333], [141.991666666654, 44.8666666666666], [141.999999999987, 44.8666666666666], [141.999999999987, 44.8583333333333], [142.008333333321, 44.8583333333333], [142.008333333321, 44.8416666666666], [141.999999999987, 44.8416666666666], [141.999999999987, 44.7916666666666], [141.991666666654, 44.7916666666666], [141.991666666654, 44.775], [141.941666666654, 44.775], [141.941666666654, 44.7666666666666], [141.891666666654, 44.7666666666666], [141.891666666654, 44.7916666666666], [141.883333333321, 44.7916666666666], [141.883333333321, 44.8083333333333], [141.874999999988, 44.8083333333333], [141.874999999988, 44.8166666666666], [141.866666666654, 44.8166666666666], [141.866666666654, 44.8416666666666], [141.849999999988, 44.8416666666666], [141.849999999988, 44.825], [141.841666666654, 44.825], [141.841666666654, 44.8166666666666], [141.791666666654, 44.8166666666666], [141.791666666654, 44.8083333333333], [141.758333333321, 44.8083333333333], [141.758333333321, 44.825], [141.749999999988, 44.825], [141.749999999988, 44.8583333333333]]]}}, {"type": "Feature", "properties": {"id": "奈井江町", "name": "奈井江町"}, "geometry": {"type": "MultiPolygon", "coordinates": [[[[141.883333333321, 43.4000000000001], [141.824999999988, 43.4000000000001], [141.824999999988, 43.4083333333334], [141.833333333321, 43.4083333333334], [141.833333333321, 43.4166666666667], [141.841666666654, 43.4166666666667], [141.841666666654, 43.4333333333334], [141.849999999988, 43.4333333333334], [141.849999999988, 43.4416666666667], [141.866666666654, 43.4416666666667], [141.866666666654, 43.4500000000001], [141.874999999988, 43.4500000000001], [141.874999999988, 43.4583333333334], [141.916666666654, 43.4583333333334], [141.916666666654, 43.4500000000001], [141.958333333321, 43.4500000000001], [141.958333333321, 43.4583333333334], [141.974999999987, 43.4583333333334], [141.974999999987, 43.4500000000001], [141.983333333321, 43.4500000000001], [141.983333333321, 43.4250000000001], [141.974999999987, 43.4250000000001], [141.974999999987, 43.4083333333334], [141.991666666654, 43.4083333333334], [141.991666666654, 43.4166666666667], [142.016666666654, 43.4166666666667], [142.016666666654, 43.4083333333334], [142.008333333321, 43.4083333333334], [142.008333333321, 43.4000000000001], [141.991666666654, 43.4000000000001], [141.991666666654, 43.3916666666667], [141.983333333321, 43.3916666666667], [141.983333333321, 43.3833333333334], [141.974999999987, 43.3833333333334], [141.974999999987, 43.3750000000001], [141.933333333321, 43.3750000000001], [141.933333333321, 43.3833333333334], [141.924999999987, 43.3833333333334], [141.924999999987, 43.3916666666667], [141.883333333321, 43.3916666666667], [141.883333333321, 43.4000000000001]]], [[[142.024999999987, 43.4166666666667], [142.024999999987, 43.4250000000001], [142.049999999987, 43.4250000000001], [142.049999999987, 43.4083333333334], [142.041666666654, 43.4083333333334], [142.041666666654, 43.4166666666667], [142.024999999987, 43.4166666666667]]]]}}, {"type": "Feature", "properties": {"id": "奥尻町", "name": "奥尻町"}, "geometry": {"type": "Polygon", "coordinates": [[[139.42499999999, 42.0666666666668], [139.42499999999, 42.1083333333335], [139.416666666656, 42.1083333333335], [139.416666666656, 42.1250000000001], [139.42499999999, 42.1250000000001], [139.42499999999, 42.1416666666668], [139.416666666656, 42.1416666666668], [139.416666666656, 42.1500000000001], [139.408333333323, 42.1500000000001], [139.408333333323, 42.1666666666668], [139.39999999999, 42.1666666666668], [139.39999999999, 42.1833333333335], [139.408333333323, 42.1833333333335], [139.408333333323, 42.1916666666668], [139.416666666656, 42.1916666666668], [139.416666666656, 42.2000000000001], [139.42499999999, 42.2000000000001], [139.42499999999, 42.2083333333335], [139.433333333323, 42.2083333333335], [139.433333333323, 42.2166666666668], [139.466666666656, 42.2166666666668], [139.466666666656, 42.2250000000001], [139.49999999999, 42.2250000000001], [139.49999999999, 42.2333333333335], [139.533333333323, 42.2333333333335], [139.533333333323, 42.2416666666668], [139.54999999999, 42.2416666666668], [139.54999999999, 42.2583333333335], [139.566666666656, 42.2583333333335], [139.566666666656, 42.2333333333335], [139.558333333323, 42.2333333333335], [139.558333333323, 42.2083333333335], [139.54999999999, 42.2083333333335], [139.54999999999, 42.2000000000001], [139.541666666656, 42.2000000000001], [139.541666666656, 42.1916666666668], [139.533333333323, 42.1916666666668], [139.533333333323, 42.1833333333335], [139.52499999999, 42.1833333333335], [139.52499999999, 42.1250000000001], [139.516666666656, 42.1250000000001], [139.516666666656, 42.1166666666668], [139.508333333323, 42.1166666666668], [139.508333333323, 42.1000000000001], [139.49999999999, 42.1000000000001], [139.49999999999, 42.0750000000001], [139.491666666656, 42.0750000000001], [139.491666666656, 42.0666666666668], [139.458333333323, 42.0666666666668], [139.458333333323, 42.0500000000001], [139.441666666656, 42.0500000000001], [139.441666666656, 42.0583333333335], [139.433333333323, 42.0583333333335], [139.433333333323, 42.0666666666668], [139.42499999999, 42.0666666666668]]]}}, {"type": "Feature", "properties": {"id": "妹背牛町", "name": "妹背牛町"}, "geometry": {"type": "Polygon", "coordinates": [[[141.899999999988, 43.6916666666667], [141.916666666654, 43.6916666666667], [141.916666666654, 43.7083333333334], [141.908333333321, 43.7083333333334], [141.908333333321, 43.75], [141.966666666654, 43.75], [141.966666666654, 43.7416666666667], [141.974999999987, 43.7416666666667], [141.974999999987, 43.725], [141.983333333321, 43.725], [141.983333333321, 43.7166666666667], [141.974999999987, 43.7166666666667], [141.974999999987, 43.7], [141.991666666654, 43.7], [141.991666666654, 43.6833333333334], [141.983333333321, 43.6833333333334], [141.983333333321, 43.675], [141.966666666654, 43.675], [141.966666666654, 43.6666666666667], [141.958333333321, 43.6666666666667], [141.958333333321, 43.675], [141.941666666654, 43.675], [141.941666666654, 43.6666666666667], [141.916666666654, 43.6666666666667], [141.916666666654, 43.675], [141.908333333321, 43.675], [141.908333333321, 43.6833333333334], [141.899999999988, 43.6833333333334], [141.899999999988, 43.6916666666667]]]}}, {"type": "Feature", "properties": {"id": "安平町", "name": "安平町"}, "geometry": {"type": "Polygon", "coordinates": [[[141.774999999988, 42.7083333333334], [141.774999999988, 42.7166666666668], [141.758333333321, 42.7166666666668], [141.758333333321, 42.7250000000001], [141.749999999988, 42.7250000000001], [141.749999999988, 42.7333333333334], [141.741666666654, 42.7333333333334], [141.741666666654, 42.7916666666668], [141.758333333321, 42.7916666666668], [141.758333333321, 42.8083333333334], [141.774999999988, 42.8083333333334], [141.774999999988, 42.8250000000001], [141.766666666654, 42.8250000000001], [141.766666666654, 42.8333333333334], [141.783333333321, 42.8333333333334], [141.783333333321, 42.8500000000001], [141.791666666654, 42.8500000000001], [141.791666666654, 42.8833333333334], [141.799999999988, 42.8833333333334], [141.799999999988, 42.8916666666668], [141.816666666654, 42.8916666666668], [141.816666666654, 42.9000000000001], [141.824999999988, 42.9000000000001], [141.824999999988, 42.9083333333334], [141.858333333321, 42.9083333333334], [141.858333333321, 42.9166666666668], [141.883333333321, 42.9166666666668], [141.883333333321, 42.9083333333334], [141.899999999988, 42.9083333333334], [141.899999999988, 42.9000000000001], [141.916666666654, 42.9000000000001], [141.916666666654, 42.8916666666668], [141.924999999987, 42.8916666666668], [141.924999999987, 42.8833333333334], [141.941666666654, 42.8833333333334], [141.941666666654, 42.8666666666668], [141.949999999987, 42.8666666666668], [141.949999999987, 42.8500000000001], [141.941666666654, 42.8500000000001], [141.941666666654, 42.8416666666668], [141.933333333321, 42.8416666666668], [141.933333333321, 42.8333333333334], [141.924999999987, 42.8333333333334], [141.924999999987, 42.8166666666668], [141.916666666654, 42.8166666666668], [141.916666666654, 42.8083333333334], [141.908333333321, 42.8083333333334], [141.908333333321, 42.8000000000001], [141.899999999988, 42.8000000000001], [141.899999999988, 42.7916666666668], [141.891666666654, 42.7916666666668], [141.891666666654, 42.7833333333334], [141.883333333321, 42.7833333333334], [141.883333333321, 42.7750000000001], [141.874999999988, 42.7750000000001], [141.874999999988, 42.7666666666668], [141.858333333321, 42.7666666666668], [141.858333333321, 42.7500000000001], [141.849999999988, 42.7500000000001], [141.849999999988, 42.7333333333334], [141.841666666654, 42.7333333333334], [141.841666666654, 42.7250000000001], [141.833333333321, 42.7250000000001], [141.833333333321, 42.7166666666668], [141.824999999988, 42.7166666666668], [141.824999999988, 42.7000000000001], [141.783333333321, 42.7000000000001], [141.783333333321, 42.7083333333334], [141.774999999988, 42.7083333333334]]]}}, {"type": "Feature", "properties": {"id": "室蘭市", "name": "室蘭市"}, "geometry": {"type": "Polygon", "coordinates": [[[140.941666666655, 42.3250000000001], [140.924999999988, 42.3250000000001], [140.924999999988, 42.3416666666668], [140.941666666655, 42.3416666666668], [140.941666666655, 42.3500000000001], [140.958333333322, 42.3500000000001], [140.958333333322, 42.3416666666668], [140.974999999988, 42.3416666666668], [140.974999999988, 42.3500000000001], [140.966666666655, 42.3500000000001], [140.966666666655, 42.3583333333334], [140.924999999988, 42.3583333333334], [140.924999999988, 42.3666666666668], [140.908333333322, 42.3666666666668], [140.908333333322, 42.3750000000001], [140.916666666655, 42.3750000000001], [140.916666666655, 42.3833333333335], [140.941666666655, 42.3833333333335], [140.941666666655, 42.3916666666668], [140.958333333322, 42.3916666666668], [140.958333333322, 42.4000000000001], [140.974999999988, 42.4000000000001], [140.974999999988, 42.4083333333335], [140.983333333322, 42.4083333333335], [140.983333333322, 42.4333333333335], [141.016666666655, 42.4333333333335], [141.016666666655, 42.4083333333335], [141.024999999988, 42.4083333333335], [141.024999999988, 42.4000000000001], [141.033333333322, 42.4000000000001], [141.033333333322, 42.3750000000001], [141.041666666655, 42.3750000000001], [141.041666666655, 42.3583333333335], [141.049999999988, 42.3583333333335], [141.049999999988, 42.3416666666668], [141.041666666655, 42.3416666666668], [141.041666666655, 42.3333333333334], [141.024999999988, 42.3333333333334], [141.024999999988, 42.3250000000001], [141.016666666655, 42.3250000000001], [141.016666666655, 42.3083333333335], [141.008333333322, 42.3083333333335], [141.008333333322, 42.3000000000001], [140.966666666655, 42.3000000000001], [140.966666666655, 42.3083333333335], [140.949999999988, 42.3083333333335], [140.949999999988, 42.3166666666668], [140.941666666655, 42.3166666666668], [140.941666666655, 42.3250000000001]]]}}, {"type": "Feature", "properties": {"id": "富良野市", "name": "富良野市"}, "geometry": {"type": "MultiPolygon", "coordinates": [[[[142.324999999987, 43.1583333333334], [142.324999999987, 43.2000000000001], [142.316666666654, 43.2000000000001], [142.316666666654, 43.2166666666667], [142.30833333332, 43.2166666666667], [142.30833333332, 43.2250000000001], [142.299999999987, 43.2250000000001], [142.299999999987, 43.2333333333334], [142.28333333332, 43.2333333333334], [142.28333333332, 43.2916666666667], [142.274999999987, 43.2916666666667], [142.274999999987, 43.3166666666667], [142.28333333332, 43.3166666666667], [142.28333333332, 43.3250000000001], [142.291666666654, 43.3250000000001], [142.291666666654, 43.3500000000001], [142.299999999987, 43.3500000000001], [142.299999999987, 43.3583333333334], [142.316666666654, 43.3583333333334], [142.316666666654, 43.3666666666667], [142.33333333332, 43.3666666666667], [142.33333333332, 43.3750000000001], [142.349999999987, 43.3750000000001], [142.349999999987, 43.3833333333334], [142.35833333332, 43.3833333333334], [142.35833333332, 43.3750000000001], [142.391666666654, 43.3750000000001], [142.391666666654, 43.3666666666667], [142.399999999987, 43.3666666666667], [142.399999999987, 43.3583333333334], [142.416666666654, 43.3583333333334], [142.416666666654, 43.3500000000001], [142.424999999987, 43.3500000000001], [142.424999999987, 43.3583333333334], [142.43333333332, 43.3583333333334], [142.43333333332, 43.3666666666667], [142.524999999987, 43.3666666666667], [142.524999999987, 43.3583333333334], [142.53333333332, 43.3583333333334], [142.53333333332, 43.3666666666667], [142.549999999987, 43.3666666666667], [142.549999999987, 43.3750000000001], [142.55833333332, 43.3750000000001], [142.55833333332, 43.3833333333334], [142.58333333332, 43.3833333333334], [142.58333333332, 43.3916666666667], [142.599999999987, 43.3916666666667], [142.599999999987, 43.3833333333334], [142.624999999987, 43.3833333333334], [142.624999999987, 43.3916666666667], [142.649999999987, 43.3916666666667], [142.649999999987, 43.4000000000001], [142.666666666653, 43.4000000000001], [142.666666666653, 43.3750000000001], [142.65833333332, 43.3750000000001], [142.65833333332, 43.3666666666667], [142.649999999987, 43.3666666666667], [142.649999999987, 43.3500000000001], [142.63333333332, 43.3500000000001], [142.63333333332, 43.3333333333334], [142.641666666653, 43.3333333333334], [142.641666666653, 43.3250000000001], [142.649999999987, 43.3250000000001], [142.649999999987, 43.3166666666667], [142.65833333332, 43.3166666666667], [142.65833333332, 43.3083333333334], [142.666666666653, 43.3083333333334], [142.666666666653, 43.3000000000001], [142.674999999987, 43.3000000000001], [142.674999999987, 43.2666666666667], [142.666666666653, 43.2666666666667], [142.666666666653, 43.2416666666667], [142.65833333332, 43.2416666666667], [142.65833333332, 43.2333333333334], [142.641666666653, 43.2333333333334], [142.641666666653, 43.2166666666667], [142.60833333332, 43.2166666666667], [142.60833333332, 43.2083333333334], [142.599999999987, 43.2083333333334], [142.599999999987, 43.2000000000001], [142.574999999987, 43.2000000000001], [142.574999999987, 43.1916666666667], [142.50833333332, 43.1916666666667], [142.50833333332, 43.1833333333334], [142.499999999987, 43.1833333333334], [142.499999999987, 43.1750000000001], [142.449999999987, 43.1750000000001], [142.449999999987, 43.1833333333334], [142.441666666654, 43.1833333333334], [142.441666666654, 43.2000000000001], [142.424999999987, 43.2000000000001], [142.424999999987, 43.2083333333334], [142.391666666654, 43.2083333333334], [142.391666666654, 43.1833333333334], [142.374999999987, 43.1833333333334], [142.374999999987, 43.1666666666667], [142.35833333332, 43.1666666666667], [142.35833333332, 43.1583333333334], [142.324999999987, 43.1583333333334]]], [[[142.349999999987, 43.3916666666667], [142.349999999987, 43.3833333333334], [142.341666666654, 43.3833333333334], [142.341666666654, 43.3916666666667], [142.349999999987, 43.3916666666667]]]]}}, {"type": "Feature", "properties": {"id": "寿都町", "name": "寿都町"}, "geometry": {"type": "MultiPolygon", "coordinates": [[[[140.216666666656, 42.7666666666668], [140.208333333322, 42.7666666666668], [140.208333333322, 42.7916666666668], [140.191666666656, 42.7916666666668], [140.191666666656, 42.8000000000001], [140.174999999989, 42.8000000000001], [140.174999999989, 42.8166666666668], [140.183333333322, 42.8166666666668], [140.183333333322, 42.8333333333334], [140.191666666656, 42.8333333333334], [140.191666666656, 42.8250000000001], [140.199999999989, 42.8250000000001], [140.199999999989, 42.8166666666668], [140.208333333322, 42.8166666666668], [140.208333333322, 42.8083333333334], [140.233333333322, 42.8083333333334], [140.233333333322, 42.8000000000001], [140.241666666656, 42.8000000000001], [140.241666666656, 42.7750000000001], [140.258333333322, 42.7750000000001], [140.258333333322, 42.7666666666668], [140.274999999989, 42.7666666666668], [140.274999999989, 42.7750000000001], [140.283333333322, 42.7750000000001], [140.283333333322, 42.7583333333334], [140.291666666656, 42.7583333333334], [140.291666666656, 42.7416666666668], [140.299999999989, 42.7416666666668], [140.299999999989, 42.7166666666668], [140.291666666656, 42.7166666666668], [140.291666666656, 42.7250000000001], [140.283333333322, 42.7250000000001], [140.283333333322, 42.7333333333334], [140.258333333322, 42.7333333333334], [140.258333333322, 42.7250000000001], [140.241666666656, 42.7250000000001], [140.241666666656, 42.7333333333334], [140.233333333322, 42.7333333333334], [140.233333333322, 42.7416666666668], [140.224999999989, 42.7416666666668], [140.224999999989, 42.7500000000001], [140.216666666656, 42.7500000000001], [140.216666666656, 42.7666666666668]]], [[[140.358333333322, 42.7666666666668], [140.299999999989, 42.7666666666668], [140.299999999989, 42.8333333333334], [140.308333333322, 42.8333333333334], [140.308333333322, 42.8416666666668], [140.324999999989, 42.8416666666668], [140.324999999989, 42.8500000000001], [140.333333333322, 42.8500000000001], [140.333333333322, 42.8583333333334], [140.341666666656, 42.8583333333334], [140.341666666656, 42.8666666666668], [140.349999999989, 42.8666666666668], [140.349999999989, 42.8750000000001], [140.366666666656, 42.8750000000001], [140.366666666656, 42.8416666666668], [140.374999999989, 42.8416666666668], [140.374999999989, 42.7666666666668], [140.366666666656, 42.7666666666668], [140.366666666656, 42.7583333333334], [140.358333333322, 42.7583333333334], [140.358333333322, 42.7666666666668]]]]}}, {"type": "Feature", "properties": {"id": "小平町", "name": "小平町"}, "geometry": {"type": "Polygon", "coordinates": [[[141.649999999988, 43.9916666666667], [141.649999999988, 44.0083333333334], [141.658333333321, 44.0083333333334], [141.658333333321, 44.1166666666667], [141.649999999988, 44.1166666666667], [141.649999999988, 44.2083333333333], [141.666666666654, 44.2083333333333], [141.666666666654, 44.2166666666667], [141.691666666654, 44.2166666666667], [141.691666666654, 44.2083333333333], [141.708333333321, 44.2083333333333], [141.708333333321, 44.2], [141.716666666654, 44.2], [141.716666666654, 44.1916666666667], [141.733333333321, 44.1916666666667], [141.733333333321, 44.1833333333333], [141.724999999988, 44.1833333333333], [141.724999999988, 44.1666666666667], [141.749999999988, 44.1666666666667], [141.749999999988, 44.1583333333334], [141.758333333321, 44.1583333333334], [141.758333333321, 44.15], [141.766666666654, 44.15], [141.766666666654, 44.1416666666667], [141.774999999988, 44.1416666666667], [141.774999999988, 44.1], [141.799999999988, 44.1], [141.799999999988, 44.0916666666667], [141.824999999988, 44.0916666666667], [141.824999999988, 44.1083333333334], [141.833333333321, 44.1083333333334], [141.833333333321, 44.1166666666667], [141.858333333321, 44.1166666666667], [141.858333333321, 44.1083333333334], [141.908333333321, 44.1083333333334], [141.908333333321, 44.1166666666667], [141.916666666654, 44.1166666666667], [141.916666666654, 44.125], [141.933333333321, 44.125], [141.933333333321, 44.1166666666667], [141.949999999987, 44.1166666666667], [141.949999999987, 44.15], [141.958333333321, 44.15], [141.958333333321, 44.1416666666667], [141.974999999987, 44.1416666666667], [141.974999999987, 44.15], [141.999999999987, 44.15], [141.999999999987, 44.1416666666667], [142.008333333321, 44.1416666666667], [142.008333333321, 44.15], [142.041666666654, 44.15], [142.041666666654, 44.1583333333334], [142.049999999987, 44.1583333333334], [142.049999999987, 44.1666666666667], [142.074999999987, 44.1666666666667], [142.074999999987, 44.1166666666667], [142.066666666654, 44.1166666666667], [142.066666666654, 44.1083333333333], [142.058333333321, 44.1083333333333], [142.058333333321, 44.0833333333334], [142.066666666654, 44.0833333333334], [142.066666666654, 44.0583333333334], [142.058333333321, 44.0583333333334], [142.058333333321, 44.0166666666667], [142.049999999987, 44.0166666666667], [142.049999999987, 44.0083333333334], [142.041666666654, 44.0083333333334], [142.041666666654, 44.0], [142.016666666654, 44.0], [142.016666666654, 44.0083333333334], [141.999999999987, 44.0083333333334], [141.999999999987, 44.0], [141.991666666654, 44.0], [141.991666666654, 43.9916666666667], [141.974999999987, 43.9916666666667], [141.974999999987, 44.0], [141.941666666654, 44.0], [141.941666666654, 43.9916666666667], [141.933333333321, 43.9916666666667], [141.933333333321, 43.9666666666667], [141.924999999987, 43.9666666666667], [141.924999999987, 43.9583333333334], [141.899999999988, 43.9583333333334], [141.899999999988, 43.95], [141.891666666654, 43.95], [141.891666666654, 43.9416666666667], [141.883333333321, 43.9416666666667], [141.883333333321, 43.95], [141.874999999988, 43.95], [141.874999999988, 43.9583333333334], [141.858333333321, 43.9583333333334], [141.858333333321, 43.9666666666667], [141.833333333321, 43.9666666666667], [141.833333333321, 43.9583333333334], [141.824999999988, 43.9583333333334], [141.824999999988, 43.9666666666667], [141.816666666654, 43.9666666666667], [141.816666666654, 43.9583333333334], [141.799999999988, 43.9583333333334], [141.799999999988, 43.95], [141.791666666654, 43.95], [141.791666666654, 43.9416666666667], [141.783333333321, 43.9416666666667], [141.783333333321, 43.9333333333334], [141.733333333321, 43.9333333333334], [141.733333333321, 43.9416666666667], [141.724999999988, 43.9416666666667], [141.724999999988, 43.95], [141.708333333321, 43.95], [141.708333333321, 43.9583333333334], [141.691666666654, 43.9583333333334], [141.691666666654, 43.9666666666667], [141.674999999988, 43.9666666666667], [141.674999999988, 43.975], [141.666666666654, 43.975], [141.666666666654, 43.9833333333334], [141.658333333321, 43.9833333333334], [141.658333333321, 43.9916666666667], [141.649999999988, 43.9916666666667]]]}}, {"type": "Feature", "properties": {"id": "小樽市", "name": "小樽市"}, "geometry": {"type": "Polygon", "coordinates": [[[140.916666666655, 43.1500000000001], [140.916666666655, 43.1583333333334], [140.891666666655, 43.1583333333334], [140.891666666655, 43.1666666666667], [140.858333333322, 43.1666666666667], [140.858333333322, 43.1750000000001], [140.849999999988, 43.1750000000001], [140.849999999988, 43.2166666666667], [140.874999999988, 43.2166666666667], [140.874999999988, 43.2083333333334], [140.891666666655, 43.2083333333334], [140.891666666655, 43.2166666666667], [140.916666666655, 43.2166666666667], [140.916666666655, 43.2250000000001], [140.924999999988, 43.2250000000001], [140.924999999988, 43.2333333333334], [140.966666666655, 43.2333333333334], [140.966666666655, 43.2416666666667], [141.016666666655, 43.2416666666667], [141.016666666655, 43.2333333333334], [141.024999999988, 43.2333333333334], [141.024999999988, 43.2166666666667], [141.016666666655, 43.2166666666667], [141.016666666655, 43.2083333333334], [141.008333333322, 43.2083333333334], [141.008333333322, 43.2000000000001], [141.016666666655, 43.2000000000001], [141.016666666655, 43.1916666666667], [141.024999999988, 43.1916666666667], [141.024999999988, 43.1833333333334], [141.074999999988, 43.1833333333334], [141.074999999988, 43.1750000000001], [141.099999999988, 43.1750000000001], [141.099999999988, 43.1666666666667], [141.124999999988, 43.1666666666667], [141.124999999988, 43.1583333333334], [141.149999999988, 43.1583333333334], [141.149999999988, 43.1500000000001], [141.183333333321, 43.1500000000001], [141.183333333321, 43.1583333333334], [141.208333333321, 43.1583333333334], [141.208333333321, 43.1666666666667], [141.224999999988, 43.1666666666667], [141.224999999988, 43.1750000000001], [141.241666666655, 43.1750000000001], [141.241666666655, 43.1833333333334], [141.258333333321, 43.1833333333334], [141.258333333321, 43.1916666666667], [141.266666666655, 43.1916666666667], [141.266666666655, 43.2000000000001], [141.291666666655, 43.2000000000001], [141.291666666655, 43.1833333333334], [141.283333333321, 43.1833333333334], [141.283333333321, 43.1750000000001], [141.266666666655, 43.1750000000001], [141.266666666655, 43.1666666666667], [141.249999999988, 43.1666666666667], [141.249999999988, 43.1583333333334], [141.241666666655, 43.1583333333334], [141.241666666655, 43.1500000000001], [141.233333333321, 43.1500000000001], [141.233333333321, 43.1583333333334], [141.216666666655, 43.1583333333334], [141.216666666655, 43.1500000000001], [141.199999999988, 43.1500000000001], [141.199999999988, 43.1416666666667], [141.191666666655, 43.1416666666667], [141.191666666655, 43.1166666666667], [141.183333333321, 43.1166666666667], [141.183333333321, 43.1083333333334], [141.174999999988, 43.1083333333334], [141.174999999988, 43.1000000000001], [141.166666666655, 43.1000000000001], [141.166666666655, 43.0916666666667], [141.133333333322, 43.0916666666667], [141.133333333322, 43.1083333333334], [141.116666666655, 43.1083333333334], [141.116666666655, 43.1166666666667], [141.074999999988, 43.1166666666667], [141.074999999988, 43.1083333333334], [141.066666666655, 43.1083333333334], [141.066666666655, 43.0833333333334], [141.058333333322, 43.0833333333334], [141.058333333322, 43.0666666666667], [141.024999999988, 43.0666666666667], [141.024999999988, 43.0750000000001], [141.016666666655, 43.0750000000001], [141.016666666655, 43.0833333333334], [141.008333333322, 43.0833333333334], [141.008333333322, 43.0916666666667], [140.999999999988, 43.0916666666667], [140.999999999988, 43.1333333333334], [140.991666666655, 43.1333333333334], [140.991666666655, 43.1250000000001], [140.958333333322, 43.1250000000001], [140.958333333322, 43.1333333333334], [140.933333333322, 43.1333333333334], [140.933333333322, 43.1250000000001], [140.924999999988, 43.1250000000001], [140.924999999988, 43.1500000000001], [140.916666666655, 43.1500000000001]]]}}, {"type": "Feature", "properties": {"id": "小清水町", "name": "小清水町"}, "geometry": {"type": "MultiPolygon", "coordinates": [[[[144.374999999997, 43.6916666666667], [144.374999999997, 43.7], [144.341666666664, 43.7], [144.341666666664, 43.7166666666667], [144.358333333331, 43.7166666666667], [144.358333333331, 43.725], [144.366666666664, 43.725], [144.366666666664, 43.7333333333334], [144.374999999997, 43.7333333333334], [144.374999999997, 43.7583333333334], [144.383333333331, 43.7583333333334], [144.383333333331, 43.7833333333334], [144.391666666664, 43.7833333333334], [144.391666666664, 43.8083333333334], [144.383333333331, 43.8083333333334], [144.383333333331, 43.8333333333334], [144.391666666664, 43.8333333333334], [144.391666666664, 43.85], [144.399999999997, 43.85], [144.399999999997, 43.8583333333334], [144.408333333331, 43.8583333333334], [144.408333333331, 43.8666666666667], [144.416666666664, 43.8666666666667], [144.416666666664, 43.875], [144.424999999997, 43.875], [144.424999999997, 43.9083333333334], [144.433333333331, 43.9083333333334], [144.433333333331, 43.9333333333334], [144.408333333331, 43.9333333333334], [144.408333333331, 43.9416666666667], [144.458333333331, 43.9416666666667], [144.458333333331, 43.9333333333334], [144.508333333331, 43.9333333333334], [144.508333333331, 43.925], [144.558333333331, 43.925], [144.558333333331, 43.8333333333334], [144.516666666664, 43.8333333333334], [144.516666666664, 43.825], [144.508333333331, 43.825], [144.508333333331, 43.7583333333334], [144.499999999997, 43.7583333333334], [144.499999999997, 43.75], [144.491666666664, 43.75], [144.491666666664, 43.7083333333334], [144.483333333331, 43.7083333333334], [144.483333333331, 43.6916666666667], [144.491666666664, 43.6916666666667], [144.491666666664, 43.6833333333334], [144.466666666664, 43.6833333333334], [144.466666666664, 43.6916666666667], [144.441666666664, 43.6916666666667], [144.441666666664, 43.7], [144.424999999997, 43.7], [144.424999999997, 43.6916666666667], [144.374999999997, 43.6916666666667]]], [[[144.383333333331, 43.95], [144.408333333331, 43.95], [144.408333333331, 43.9416666666667], [144.383333333331, 43.9416666666667], [144.383333333331, 43.95]]], [[[144.374999999997, 43.9583333333334], [144.374999999997, 43.9416666666667], [144.366666666664, 43.9416666666667], [144.366666666664, 43.95], [144.358333333331, 43.95], [144.358333333331, 43.9583333333334], [144.374999999997, 43.9583333333334]]]]}}, {"type": "Feature", "properties": {"id": "岩内町", "name": "岩内町"}, "geometry": {"type": "Polygon", "coordinates": [[[140.399999999989, 42.9333333333334], [140.408333333322, 42.9333333333334], [140.408333333322, 42.9416666666668], [140.416666666656, 42.9416666666668], [140.416666666656, 42.9500000000001], [140.441666666655, 42.9500000000001], [140.441666666655, 42.9583333333334], [140.458333333322, 42.9583333333334], [140.458333333322, 42.9666666666668], [140.466666666655, 42.9666666666668], [140.466666666655, 42.9750000000001], [140.483333333322, 42.9750000000001], [140.483333333322, 42.9833333333334], [140.499999999989, 42.9833333333334], [140.499999999989, 42.9916666666668], [140.524999999989, 42.9916666666668], [140.524999999989, 42.9833333333334], [140.533333333322, 42.9833333333334], [140.533333333322, 42.9000000000001], [140.508333333322, 42.9000000000001], [140.508333333322, 42.9166666666667], [140.499999999989, 42.9166666666667], [140.499999999989, 42.9083333333334], [140.483333333322, 42.9083333333334], [140.483333333322, 42.9000000000001], [140.466666666655, 42.9000000000001], [140.466666666655, 42.9083333333334], [140.383333333322, 42.9083333333334], [140.383333333322, 42.9166666666668], [140.391666666656, 42.9166666666668], [140.391666666656, 42.9250000000001], [140.399999999989, 42.9250000000001], [140.399999999989, 42.9333333333334]]]}}, {"type": "Feature", "properties": {"id": "岩見沢市", "name": "岩見沢市"}, "geometry": {"type": "Polygon", "coordinates": [[[141.649999999988, 43.1333333333334], [141.649999999988, 43.1416666666667], [141.641666666654, 43.1416666666667], [141.641666666654, 43.1500000000001], [141.633333333321, 43.1500000000001], [141.633333333321, 43.1583333333334], [141.616666666654, 43.1583333333334], [141.616666666654, 43.1750000000001], [141.624999999988, 43.1750000000001], [141.624999999988, 43.1833333333334], [141.633333333321, 43.1833333333334], [141.633333333321, 43.1916666666667], [141.649999999988, 43.1916666666667], [141.649999999988, 43.2083333333334], [141.658333333321, 43.2083333333334], [141.658333333321, 43.2250000000001], [141.674999999988, 43.2250000000001], [141.674999999988, 43.2333333333334], [141.666666666654, 43.2333333333334], [141.666666666654, 43.2416666666667], [141.658333333321, 43.2416666666667], [141.658333333321, 43.2500000000001], [141.666666666654, 43.2500000000001], [141.666666666654, 43.2583333333334], [141.658333333321, 43.2583333333334], [141.658333333321, 43.2666666666667], [141.649999999988, 43.2666666666667], [141.649999999988, 43.2750000000001], [141.658333333321, 43.2750000000001], [141.658333333321, 43.2916666666667], [141.674999999988, 43.2916666666667], [141.674999999988, 43.3000000000001], [141.666666666654, 43.3000000000001], [141.666666666654, 43.3083333333334], [141.674999999988, 43.3083333333334], [141.674999999988, 43.3166666666667], [141.683333333321, 43.3166666666667], [141.683333333321, 43.3333333333334], [141.699999999988, 43.3333333333334], [141.699999999988, 43.3250000000001], [141.724999999988, 43.3250000000001], [141.724999999988, 43.3166666666667], [141.741666666654, 43.3166666666667], [141.741666666654, 43.3083333333334], [141.758333333321, 43.3083333333334], [141.758333333321, 43.3000000000001], [141.766666666654, 43.3000000000001], [141.766666666654, 43.2916666666667], [141.783333333321, 43.2916666666667], [141.783333333321, 43.2833333333334], [141.791666666654, 43.2833333333334], [141.791666666654, 43.2750000000001], [141.799999999988, 43.2750000000001], [141.799999999988, 43.2583333333334], [141.808333333321, 43.2583333333334], [141.808333333321, 43.2500000000001], [141.799999999988, 43.2500000000001], [141.799999999988, 43.2333333333334], [141.816666666654, 43.2333333333334], [141.816666666654, 43.2250000000001], [141.824999999988, 43.2250000000001], [141.824999999988, 43.2000000000001], [141.883333333321, 43.2000000000001], [141.883333333321, 43.1916666666667], [141.899999999988, 43.1916666666667], [141.899999999988, 43.2000000000001], [141.908333333321, 43.2000000000001], [141.908333333321, 43.2083333333334], [141.924999999987, 43.2083333333334], [141.924999999987, 43.2000000000001], [141.941666666654, 43.2000000000001], [141.941666666654, 43.1916666666667], [141.974999999987, 43.1916666666667], [141.974999999987, 43.1833333333334], [141.991666666654, 43.1833333333334], [141.991666666654, 43.1750000000001], [142.024999999987, 43.1750000000001], [142.024999999987, 43.1666666666667], [142.033333333321, 43.1666666666667], [142.033333333321, 43.1500000000001], [142.041666666654, 43.1500000000001], [142.041666666654, 43.1416666666667], [142.033333333321, 43.1416666666667], [142.033333333321, 43.1250000000001], [142.041666666654, 43.1250000000001], [142.041666666654, 43.1000000000001], [142.008333333321, 43.1000000000001], [142.008333333321, 43.1083333333334], [141.999999999987, 43.1083333333334], [141.999999999987, 43.1000000000001], [141.933333333321, 43.1000000000001], [141.933333333321, 43.1083333333334], [141.916666666654, 43.1083333333334], [141.916666666654, 43.1166666666667], [141.908333333321, 43.1166666666667], [141.908333333321, 43.1083333333334], [141.899999999988, 43.1083333333334], [141.899999999988, 43.1166666666667], [141.891666666654, 43.1166666666667], [141.891666666654, 43.1250000000001], [141.883333333321, 43.1250000000001], [141.883333333321, 43.1333333333334], [141.866666666654, 43.1333333333334], [141.866666666654, 43.1250000000001], [141.849999999988, 43.1250000000001], [141.849999999988, 43.1166666666667], [141.833333333321, 43.1166666666667], [141.833333333321, 43.1083333333334], [141.824999999988, 43.1083333333334], [141.824999999988, 43.1000000000001], [141.791666666654, 43.1000000000001], [141.791666666654, 43.0916666666667], [141.783333333321, 43.0916666666667], [141.783333333321, 43.0833333333334], [141.766666666654, 43.0833333333334], [141.766666666654, 43.0750000000001], [141.741666666654, 43.0750000000001], [141.741666666654, 43.0833333333334], [141.699999999988, 43.0833333333334], [141.699999999988, 43.0916666666667], [141.691666666654, 43.0916666666667], [141.691666666654, 43.1000000000001], [141.683333333321, 43.1000000000001], [141.683333333321, 43.1083333333334], [141.674999999988, 43.1083333333334], [141.674999999988, 43.1166666666667], [141.666666666654, 43.1166666666667], [141.666666666654, 43.1250000000001], [141.658333333321, 43.1250000000001], [141.658333333321, 43.1333333333334], [141.649999999988, 43.1333333333334]]]}}, {"type": "Feature", "properties": {"id": "島牧村", "name": "島牧村"}, "geometry": {"type": "Polygon", "coordinates": [[[139.841666666656, 42.6250000000001], [139.841666666656, 42.6333333333334], [139.849999999989, 42.6333333333334], [139.849999999989, 42.6416666666668], [139.858333333323, 42.6416666666668], [139.858333333323, 42.6583333333334], [139.866666666656, 42.6583333333334], [139.866666666656, 42.6666666666668], [139.874999999989, 42.6666666666668], [139.874999999989, 42.6750000000001], [139.883333333323, 42.6750000000001], [139.883333333323, 42.6833333333334], [139.908333333323, 42.6833333333334], [139.908333333323, 42.6916666666668], [140.041666666656, 42.6916666666668], [140.041666666656, 42.7000000000001], [140.049999999989, 42.7000000000001], [140.049999999989, 42.7083333333334], [140.058333333323, 42.7083333333334], [140.058333333323, 42.7166666666668], [140.066666666656, 42.7166666666668], [140.066666666656, 42.7250000000001], [140.074999999989, 42.7250000000001], [140.074999999989, 42.7333333333334], [140.091666666656, 42.7333333333334], [140.091666666656, 42.7416666666668], [140.108333333322, 42.7416666666668], [140.108333333322, 42.7500000000001], [140.141666666656, 42.7500000000001], [140.141666666656, 42.7583333333334], [140.149999999989, 42.7583333333334], [140.149999999989, 42.7666666666668], [140.141666666656, 42.7666666666668], [140.141666666656, 42.7750000000001], [140.149999999989, 42.7750000000001], [140.149999999989, 42.7916666666668], [140.158333333322, 42.7916666666668], [140.158333333322, 42.8000000000001], [140.166666666656, 42.8000000000001], [140.166666666656, 42.8083333333334], [140.174999999989, 42.8083333333334], [140.174999999989, 42.8000000000001], [140.191666666656, 42.8000000000001], [140.191666666656, 42.7916666666668], [140.208333333322, 42.7916666666668], [140.208333333322, 42.7666666666668], [140.216666666656, 42.7666666666668], [140.216666666656, 42.7500000000001], [140.224999999989, 42.7500000000001], [140.224999999989, 42.7416666666668], [140.216666666656, 42.7416666666668], [140.216666666656, 42.7333333333334], [140.208333333322, 42.7333333333334], [140.208333333322, 42.7250000000001], [140.199999999989, 42.7250000000001], [140.199999999989, 42.7083333333334], [140.208333333322, 42.7083333333334], [140.208333333322, 42.6916666666668], [140.216666666656, 42.6916666666668], [140.216666666656, 42.6833333333334], [140.208333333322, 42.6833333333334], [140.208333333322, 42.6583333333334], [140.216666666656, 42.6583333333334], [140.216666666656, 42.6500000000001], [140.224999999989, 42.6500000000001], [140.224999999989, 42.6416666666668], [140.233333333322, 42.6416666666668], [140.233333333322, 42.6333333333334], [140.224999999989, 42.6333333333334], [140.224999999989, 42.6083333333334], [140.183333333322, 42.6083333333334], [140.183333333322, 42.6166666666668], [140.149999999989, 42.6166666666668], [140.149999999989, 42.6000000000001], [140.158333333322, 42.6000000000001], [140.158333333322, 42.5833333333334], [140.149999999989, 42.5833333333334], [140.149999999989, 42.5750000000001], [140.141666666656, 42.5750000000001], [140.141666666656, 42.5666666666668], [140.133333333322, 42.5666666666668], [140.133333333322, 42.5583333333334], [140.124999999989, 42.5583333333334], [140.124999999989, 42.5500000000001], [140.091666666656, 42.5500000000001], [140.091666666656, 42.5583333333334], [140.024999999989, 42.5583333333334], [140.024999999989, 42.5666666666668], [140.016666666656, 42.5666666666668], [140.016666666656, 42.5750000000001], [140.008333333323, 42.5750000000001], [140.008333333323, 42.5833333333334], [139.991666666656, 42.5833333333334], [139.991666666656, 42.5750000000001], [139.983333333323, 42.5750000000001], [139.983333333323, 42.5833333333334], [139.966666666656, 42.5833333333334], [139.966666666656, 42.5916666666668], [139.933333333323, 42.5916666666668], [139.933333333323, 42.6000000000001], [139.941666666656, 42.6000000000001], [139.941666666656, 42.6166666666668], [139.874999999989, 42.6166666666668], [139.874999999989, 42.6083333333334], [139.841666666656, 42.6083333333334], [139.841666666656, 42.6166666666668], [139.824999999989, 42.6166666666668], [139.824999999989, 42.6250000000001], [139.841666666656, 42.6250000000001]]]}}, {"type": "Feature", "properties": {"id": "帯広市", "name": "帯広市"}, "geometry": {"type": "MultiPolygon", "coordinates": [[[[142.75833333332, 42.7250000000001], [142.724999999987, 42.7250000000001], [142.724999999987, 42.7333333333334], [142.716666666653, 42.7333333333334], [142.716666666653, 42.7416666666668], [142.70833333332, 42.7416666666668], [142.70833333332, 42.7333333333334], [142.699999999987, 42.7333333333334], [142.699999999987, 42.7416666666668], [142.691666666653, 42.7416666666668], [142.691666666653, 42.7666666666668], [142.70833333332, 42.7666666666668], [142.70833333332, 42.7750000000001], [142.774999999987, 42.7750000000001], [142.774999999987, 42.7666666666668], [142.816666666653, 42.7666666666668], [142.816666666653, 42.7583333333334], [142.874999999987, 42.7583333333334], [142.874999999987, 42.7500000000001], [142.899999999987, 42.7500000000001], [142.899999999987, 42.7333333333334], [142.916666666653, 42.7333333333334], [142.916666666653, 42.7250000000001], [142.941666666653, 42.7250000000001], [142.941666666653, 42.7333333333334], [142.949999999987, 42.7333333333334], [142.949999999987, 42.7416666666668], [142.95833333332, 42.7416666666668], [142.95833333332, 42.7500000000001], [142.974999999987, 42.7500000000001], [142.974999999987, 42.6250000000001], [142.966666666653, 42.6250000000001], [142.966666666653, 42.6166666666668], [142.949999999987, 42.6166666666668], [142.949999999987, 42.6250000000001], [142.90833333332, 42.6250000000001], [142.90833333332, 42.6166666666668], [142.891666666653, 42.6166666666668], [142.891666666653, 42.6250000000001], [142.88333333332, 42.6250000000001], [142.88333333332, 42.6333333333334], [142.866666666653, 42.6333333333334], [142.866666666653, 42.6416666666668], [142.85833333332, 42.6416666666668], [142.85833333332, 42.6500000000001], [142.866666666653, 42.6500000000001], [142.866666666653, 42.6916666666668], [142.774999999987, 42.6916666666668], [142.774999999987, 42.6833333333334], [142.75833333332, 42.6833333333334], [142.75833333332, 42.7250000000001]]], [[[142.974999999999, 42.6250000000001], [142.974999999999, 42.7583333333334], [142.983333333332, 42.7583333333334], [142.983333333332, 42.7666666666668], [142.991666666665, 42.7666666666668], [142.991666666665, 42.7750000000001], [142.999999999999, 42.7750000000001], [142.999999999999, 42.7833333333334], [143.033333333332, 42.7833333333334], [143.033333333332, 42.7916666666668], [143.049999999999, 42.7916666666668], [143.049999999999, 42.8000000000001], [143.066666666665, 42.8000000000001], [143.066666666665, 42.8083333333334], [143.074999999999, 42.8083333333334], [143.074999999999, 42.8166666666668], [143.083333333332, 42.8166666666668], [143.083333333332, 42.8250000000001], [143.091666666665, 42.8250000000001], [143.091666666665, 42.8333333333334], [143.099999999999, 42.8333333333334], [143.099999999999, 42.8416666666668], [143.108333333332, 42.8416666666668], [143.108333333332, 42.8500000000001], [143.116666666665, 42.8500000000001], [143.116666666665, 42.8583333333334], [143.124999999999, 42.8583333333334], [143.124999999999, 42.8666666666668], [143.133333333332, 42.8666666666668], [143.133333333332, 42.8833333333334], [143.141666666665, 42.8833333333334], [143.141666666665, 42.9000000000001], [143.108333333332, 42.9000000000001], [143.108333333332, 42.9333333333334], [143.116666666665, 42.9333333333334], [143.116666666665, 42.9416666666668], [143.124999999999, 42.9416666666668], [143.124999999999, 42.9500000000001], [143.149999999999, 42.9500000000001], [143.149999999999, 42.9416666666668], [143.158333333332, 42.9416666666668], [143.158333333332, 42.9500000000001], [143.166666666665, 42.9500000000001], [143.166666666665, 42.9416666666668], [143.174999999999, 42.9416666666668], [143.174999999999, 42.9500000000001], [143.191666666665, 42.9500000000001], [143.191666666665, 42.9416666666668], [143.199999999999, 42.9416666666668], [143.199999999999, 42.9333333333334], [143.216666666665, 42.9333333333334], [143.216666666665, 42.9416666666668], [143.241666666665, 42.9416666666668], [143.241666666665, 42.9333333333334], [143.233333333332, 42.9333333333334], [143.233333333332, 42.9166666666667], [143.224999999999, 42.9166666666667], [143.224999999999, 42.9000000000001], [143.216666666665, 42.9000000000001], [143.216666666665, 42.8916666666668], [143.224999999999, 42.8916666666668], [143.224999999999, 42.8583333333334], [143.216666666665, 42.8583333333334], [143.216666666665, 42.8333333333334], [143.208333333332, 42.8333333333334], [143.208333333332, 42.8166666666668], [143.224999999999, 42.8166666666668], [143.224999999999, 42.8000000000001], [143.233333333332, 42.8000000000001], [143.233333333332, 42.7916666666668], [143.241666666665, 42.7916666666668], [143.241666666665, 42.7750000000001], [143.233333333332, 42.7750000000001], [143.233333333332, 42.7666666666668], [143.266666666665, 42.7666666666668], [143.266666666665, 42.7416666666668], [143.258333333332, 42.7416666666668], [143.258333333332, 42.7333333333334], [143.249999999998, 42.7333333333334], [143.249999999998, 42.7166666666668], [143.241666666665, 42.7166666666668], [143.241666666665, 42.7000000000001], [143.224999999999, 42.7000000000001], [143.224999999999, 42.7083333333334], [143.208333333332, 42.7083333333334], [143.208333333332, 42.7000000000001], [143.191666666665, 42.7000000000001], [143.191666666665, 42.7250000000001], [143.174999999999, 42.7250000000001], [143.174999999999, 42.7333333333334], [143.149999999999, 42.7333333333334], [143.149999999999, 42.7250000000001], [143.108333333332, 42.7250000000001], [143.108333333332, 42.7333333333334], [143.099999999999, 42.7333333333334], [143.099999999999, 42.7250000000001], [143.091666666665, 42.7250000000001], [143.091666666665, 42.7166666666668], [143.083333333332, 42.7166666666668], [143.083333333332, 42.7083333333334], [143.074999999999, 42.7083333333334], [143.074999999999, 42.6833333333334], [143.066666666665, 42.6833333333334], [143.066666666665, 42.6666666666668], [143.058333333332, 42.6666666666668], [143.058333333332, 42.6583333333334], [143.049999999999, 42.6583333333334], [143.049999999999, 42.6500000000001], [143.033333333332, 42.6500000000001], [143.033333333332, 42.6416666666668], [143.024999999999, 42.6416666666668], [143.024999999999, 42.6333333333334], [142.999999999999, 42.6333333333334], [142.999999999999, 42.6250000000001], [142.974999999999, 42.6250000000001]]]]}}, {"type": "Feature", "properties": {"id": "幌加内町", "name": "幌加内町"}, "geometry": {"type": "Polygon", "coordinates": [[[142.058333333321, 44.1083333333334], [142.066666666654, 44.1083333333334], [142.066666666654, 44.1166666666667], [142.074999999987, 44.1166666666667], [142.074999999987, 44.175], [142.083333333321, 44.175], [142.083333333321, 44.1916666666667], [142.066666666654, 44.1916666666667], [142.066666666654, 44.2], [142.049999999987, 44.2], [142.049999999987, 44.2083333333333], [142.041666666654, 44.2083333333333], [142.041666666654, 44.2166666666667], [142.049999999987, 44.2166666666667], [142.049999999987, 44.2333333333333], [142.066666666654, 44.2333333333333], [142.066666666654, 44.25], [142.058333333321, 44.25], [142.058333333321, 44.2583333333333], [142.033333333321, 44.2583333333333], [142.033333333321, 44.2833333333333], [142.041666666654, 44.2833333333333], [142.041666666654, 44.2916666666667], [142.058333333321, 44.2916666666667], [142.058333333321, 44.3416666666667], [142.041666666654, 44.3416666666667], [142.041666666654, 44.35], [142.033333333321, 44.35], [142.033333333321, 44.375], [142.024999999987, 44.375], [142.024999999987, 44.4], [142.041666666654, 44.4], [142.041666666654, 44.4083333333333], [142.058333333321, 44.4083333333333], [142.058333333321, 44.4166666666667], [142.066666666654, 44.4166666666667], [142.066666666654, 44.425], [142.083333333321, 44.425], [142.083333333321, 44.4333333333333], [142.099999999987, 44.4333333333333], [142.099999999987, 44.4416666666667], [142.108333333321, 44.4416666666667], [142.108333333321, 44.4583333333333], [142.116666666654, 44.4583333333333], [142.116666666654, 44.475], [142.174999999987, 44.475], [142.174999999987, 44.4666666666667], [142.183333333321, 44.4666666666667], [142.183333333321, 44.4583333333333], [142.199999999987, 44.4583333333333], [142.199999999987, 44.45], [142.216666666654, 44.45], [142.216666666654, 44.4416666666667], [142.224999999987, 44.4416666666667], [142.224999999987, 44.4333333333333], [142.233333333321, 44.4333333333333], [142.233333333321, 44.425], [142.241666666654, 44.425], [142.241666666654, 44.4166666666667], [142.249999999987, 44.4166666666667], [142.249999999987, 44.4083333333333], [142.266666666654, 44.4083333333333], [142.266666666654, 44.4], [142.28333333332, 44.4], [142.28333333332, 44.3916666666667], [142.291666666654, 44.3916666666667], [142.291666666654, 44.4], [142.316666666654, 44.4], [142.316666666654, 44.375], [142.324999999987, 44.375], [142.324999999987, 44.35], [142.30833333332, 44.35], [142.30833333332, 44.325], [142.299999999987, 44.325], [142.299999999987, 44.3166666666667], [142.28333333332, 44.3166666666667], [142.28333333332, 44.3], [142.291666666654, 44.3], [142.291666666654, 44.2916666666667], [142.299999999987, 44.2916666666667], [142.299999999987, 44.2833333333333], [142.30833333332, 44.2833333333333], [142.30833333332, 44.2666666666667], [142.291666666654, 44.2666666666667], [142.291666666654, 44.275], [142.28333333332, 44.275], [142.28333333332, 44.2833333333333], [142.249999999987, 44.2833333333333], [142.249999999987, 44.2916666666667], [142.233333333321, 44.2916666666667], [142.233333333321, 44.3], [142.224999999987, 44.3], [142.224999999987, 44.2916666666667], [142.216666666654, 44.2916666666667], [142.216666666654, 44.275], [142.208333333321, 44.275], [142.208333333321, 44.2833333333333], [142.191666666654, 44.2833333333333], [142.191666666654, 44.275], [142.183333333321, 44.275], [142.183333333321, 44.2666666666667], [142.174999999987, 44.2666666666667], [142.174999999987, 44.25], [142.199999999987, 44.25], [142.199999999987, 44.2583333333333], [142.208333333321, 44.2583333333333], [142.208333333321, 44.2333333333333], [142.199999999987, 44.2333333333333], [142.199999999987, 44.2083333333333], [142.191666666654, 44.2083333333333], [142.191666666654, 44.2], [142.174999999987, 44.2], [142.174999999987, 44.1833333333334], [142.183333333321, 44.1833333333334], [142.183333333321, 44.175], [142.191666666654, 44.175], [142.191666666654, 44.1666666666667], [142.183333333321, 44.1666666666667], [142.183333333321, 44.1416666666667], [142.191666666654, 44.1416666666667], [142.191666666654, 44.1333333333334], [142.199999999987, 44.1333333333334], [142.199999999987, 44.1083333333333], [142.191666666654, 44.1083333333333], [142.191666666654, 44.1], [142.183333333321, 44.1], [142.183333333321, 44.075], [142.174999999987, 44.075], [142.174999999987, 44.05], [142.183333333321, 44.05], [142.183333333321, 44.0416666666667], [142.199999999987, 44.0416666666667], [142.199999999987, 44.0333333333334], [142.224999999987, 44.0333333333334], [142.224999999987, 44.025], [142.233333333321, 44.025], [142.233333333321, 44.0166666666667], [142.241666666654, 44.0166666666667], [142.241666666654, 44.0], [142.249999999987, 44.0], [142.249999999987, 43.9916666666667], [142.241666666654, 43.9916666666667], [142.241666666654, 43.9833333333334], [142.249999999987, 43.9833333333334], [142.249999999987, 43.9583333333334], [142.241666666654, 43.9583333333334], [142.241666666654, 43.95], [142.199999999987, 43.95], [142.199999999987, 43.9416666666667], [142.191666666654, 43.9416666666667], [142.191666666654, 43.9333333333334], [142.183333333321, 43.9333333333334], [142.183333333321, 43.925], [142.166666666654, 43.925], [142.166666666654, 43.9166666666667], [142.158333333321, 43.9166666666667], [142.158333333321, 43.9083333333334], [142.141666666654, 43.9083333333334], [142.141666666654, 43.9166666666667], [142.133333333321, 43.9166666666667], [142.133333333321, 43.925], [142.124999999987, 43.925], [142.124999999987, 43.9416666666667], [142.116666666654, 43.9416666666667], [142.116666666654, 43.9583333333334], [142.108333333321, 43.9583333333334], [142.108333333321, 43.9916666666667], [142.099999999987, 43.9916666666667], [142.099999999987, 44.0083333333334], [142.091666666654, 44.0083333333334], [142.091666666654, 44.0333333333334], [142.099999999987, 44.0333333333334], [142.099999999987, 44.0416666666667], [142.091666666654, 44.0416666666667], [142.091666666654, 44.05], [142.058333333321, 44.05], [142.058333333321, 44.0583333333334], [142.066666666654, 44.0583333333334], [142.066666666654, 44.0833333333333], [142.058333333321, 44.0833333333333], [142.058333333321, 44.1083333333334]]]}}, {"type": "Feature", "properties": {"id": "幌延町", "name": "幌延町"}, "geometry": {"type": "MultiPolygon", "coordinates": [[[[141.724999999988, 44.9], [141.724999999988, 44.9166666666666], [141.733333333321, 44.9166666666666], [141.733333333321, 44.9], [141.724999999988, 44.9]]], [[[141.699999999988, 44.95], [141.699999999988, 44.9666666666666], [141.691666666654, 44.9666666666666], [141.691666666654, 44.9833333333333], [141.683333333321, 44.9833333333333], [141.683333333321, 45.0], [141.674999999988, 45.0], [141.674999999988, 45.0166666666666], [141.666666666654, 45.0166666666666], [141.666666666654, 45.0416666666666], [141.674999999988, 45.0416666666666], [141.674999999988, 45.05], [141.683333333321, 45.05], [141.683333333321, 45.0583333333333], [141.699999999988, 45.0583333333333], [141.699999999988, 45.0666666666666], [141.716666666654, 45.0666666666666], [141.716666666654, 45.075], [141.733333333321, 45.075], [141.733333333321, 45.0833333333333], [141.749999999988, 45.0833333333333], [141.749999999988, 45.075], [141.766666666654, 45.075], [141.766666666654, 45.0583333333333], [141.783333333321, 45.0583333333333], [141.783333333321, 45.05], [141.841666666654, 45.05], [141.841666666654, 45.0583333333333], [141.849999999988, 45.0583333333333], [141.849999999988, 45.0666666666666], [141.858333333321, 45.0666666666666], [141.858333333321, 45.075], [141.866666666654, 45.075], [141.866666666654, 45.0833333333333], [141.883333333321, 45.0833333333333], [141.883333333321, 45.075], [141.899999999988, 45.075], [141.899999999988, 45.0833333333333], [141.941666666654, 45.0833333333333], [141.941666666654, 45.075], [141.974999999987, 45.075], [141.974999999987, 45.0833333333333], [141.999999999987, 45.0833333333333], [141.999999999987, 45.0916666666666], [142.024999999987, 45.0916666666666], [142.024999999987, 45.0833333333333], [142.041666666654, 45.0833333333333], [142.041666666654, 45.075], [142.049999999987, 45.075], [142.049999999987, 45.0666666666666], [142.066666666654, 45.0666666666666], [142.066666666654, 45.075], [142.074999999987, 45.075], [142.074999999987, 45.0833333333333], [142.083333333321, 45.0833333333333], [142.083333333321, 45.0916666666666], [142.091666666654, 45.0916666666666], [142.091666666654, 45.1], [142.099999999987, 45.1], [142.099999999987, 45.0916666666666], [142.108333333321, 45.0916666666666], [142.108333333321, 45.0833333333333], [142.133333333321, 45.0833333333333], [142.133333333321, 45.0666666666666], [142.149999999987, 45.0666666666666], [142.149999999987, 45.0583333333333], [142.158333333321, 45.0583333333333], [142.158333333321, 45.0416666666666], [142.166666666654, 45.0416666666666], [142.166666666654, 45.025], [142.158333333321, 45.025], [142.158333333321, 44.9916666666666], [142.166666666654, 44.9916666666666], [142.166666666654, 44.9666666666666], [142.158333333321, 44.9666666666666], [142.158333333321, 44.9583333333333], [142.141666666654, 44.9583333333333], [142.141666666654, 44.925], [142.133333333321, 44.925], [142.133333333321, 44.9166666666666], [142.124999999987, 44.9166666666666], [142.124999999987, 44.9083333333333], [142.133333333321, 44.9083333333333], [142.133333333321, 44.9], [142.024999999987, 44.9], [142.024999999987, 44.9083333333333], [142.008333333321, 44.9083333333333], [142.008333333321, 44.9], [141.991666666654, 44.9], [141.991666666654, 44.9166666666666], [141.974999999987, 44.9166666666666], [141.974999999987, 44.9083333333333], [141.966666666654, 44.9083333333333], [141.966666666654, 44.9], [141.949999999987, 44.9], [141.949999999987, 44.9083333333333], [141.933333333321, 44.9083333333333], [141.933333333321, 44.9], [141.924999999987, 44.9], [141.924999999987, 44.9083333333333], [141.916666666654, 44.9083333333333], [141.916666666654, 44.9166666666666], [141.908333333321, 44.9166666666666], [141.908333333321, 44.925], [141.874999999988, 44.925], [141.874999999988, 44.9666666666666], [141.866666666654, 44.9666666666666], [141.866666666654, 44.9833333333333], [141.858333333321, 44.9833333333333], [141.858333333321, 44.9916666666666], [141.783333333321, 44.9916666666666], [141.783333333321, 44.9833333333333], [141.758333333321, 44.9833333333333], [141.758333333321, 44.975], [141.749999999988, 44.975], [141.749999999988, 44.9666666666666], [141.724999999988, 44.9666666666666], [141.724999999988, 44.9583333333333], [141.716666666654, 44.9583333333333], [141.716666666654, 44.9416666666666], [141.724999999988, 44.9416666666666], [141.724999999988, 44.9166666666666], [141.716666666654, 44.9166666666666], [141.716666666654, 44.9333333333333], [141.708333333321, 44.9333333333333], [141.708333333321, 44.95], [141.699999999988, 44.95]]]]}}, {"type": "Feature", "properties": {"id": "幕別町", "name": "幕別町"}, "geometry": {"type": "Polygon", "coordinates": [[[143.233333333332, 42.5750000000001], [143.249999999998, 42.5750000000001], [143.249999999998, 42.5833333333334], [143.274999999998, 42.5833333333334], [143.274999999998, 42.5916666666668], [143.291666666665, 42.5916666666668], [143.291666666665, 42.6000000000001], [143.299999999998, 42.6000000000001], [143.299999999998, 42.6333333333334], [143.266666666665, 42.6333333333334], [143.266666666665, 42.6666666666668], [143.274999999998, 42.6666666666668], [143.274999999998, 42.7083333333334], [143.283333333332, 42.7083333333334], [143.283333333332, 42.7166666666668], [143.274999999998, 42.7166666666668], [143.274999999998, 42.7250000000001], [143.249999999998, 42.7250000000001], [143.249999999998, 42.7333333333334], [143.258333333332, 42.7333333333334], [143.258333333332, 42.7416666666668], [143.266666666665, 42.7416666666668], [143.266666666665, 42.7666666666668], [143.233333333332, 42.7666666666668], [143.233333333332, 42.7750000000001], [143.241666666665, 42.7750000000001], [143.241666666665, 42.7916666666668], [143.233333333332, 42.7916666666668], [143.233333333332, 42.8000000000001], [143.224999999999, 42.8000000000001], [143.224999999999, 42.8166666666668], [143.208333333332, 42.8166666666668], [143.208333333332, 42.8333333333334], [143.216666666665, 42.8333333333334], [143.216666666665, 42.8583333333334], [143.224999999999, 42.8583333333334], [143.224999999999, 42.8916666666668], [143.216666666665, 42.8916666666668], [143.216666666665, 42.9000000000001], [143.224999999999, 42.9000000000001], [143.224999999999, 42.9166666666668], [143.233333333332, 42.9166666666668], [143.233333333332, 42.9333333333334], [143.299999999998, 42.9333333333334], [143.299999999998, 42.9250000000001], [143.316666666665, 42.9250000000001], [143.316666666665, 42.9416666666668], [143.383333333332, 42.9416666666668], [143.383333333332, 42.9250000000001], [143.391666666665, 42.9250000000001], [143.391666666665, 42.9166666666668], [143.408333333332, 42.9166666666668], [143.408333333332, 42.9083333333334], [143.416666666665, 42.9083333333334], [143.416666666665, 42.9000000000001], [143.424999999998, 42.9000000000001], [143.424999999998, 42.8916666666668], [143.433333333332, 42.8916666666668], [143.433333333332, 42.8833333333334], [143.441666666665, 42.8833333333334], [143.441666666665, 42.8750000000001], [143.399999999998, 42.8750000000001], [143.399999999998, 42.8666666666668], [143.391666666665, 42.8666666666668], [143.391666666665, 42.8250000000001], [143.399999999998, 42.8250000000001], [143.399999999998, 42.8166666666668], [143.391666666665, 42.8166666666668], [143.391666666665, 42.8083333333334], [143.383333333332, 42.8083333333334], [143.383333333332, 42.8000000000001], [143.366666666665, 42.8000000000001], [143.366666666665, 42.7916666666668], [143.358333333332, 42.7916666666668], [143.358333333332, 42.7833333333334], [143.349999999998, 42.7833333333334], [143.349999999998, 42.7333333333334], [143.341666666665, 42.7333333333334], [143.341666666665, 42.7250000000001], [143.333333333332, 42.7250000000001], [143.333333333332, 42.6583333333334], [143.358333333332, 42.6583333333334], [143.358333333332, 42.6500000000001], [143.366666666665, 42.6500000000001], [143.366666666665, 42.6000000000001], [143.374999999998, 42.6000000000001], [143.374999999998, 42.5916666666668], [143.408333333332, 42.5916666666668], [143.408333333332, 42.5666666666668], [143.416666666665, 42.5666666666668], [143.416666666665, 42.5583333333334], [143.424999999998, 42.5583333333334], [143.424999999998, 42.5500000000001], [143.433333333332, 42.5500000000001], [143.433333333332, 42.5416666666668], [143.441666666665, 42.5416666666668], [143.441666666665, 42.5333333333334], [143.449999999998, 42.5333333333334], [143.449999999998, 42.5250000000001], [143.424999999998, 42.5250000000001], [143.424999999998, 42.5166666666668], [143.391666666665, 42.5166666666668], [143.391666666665, 42.5083333333334], [143.374999999998, 42.5083333333334], [143.374999999998, 42.5250000000001], [143.366666666665, 42.5250000000001], [143.366666666665, 42.5333333333334], [143.349999999998, 42.5333333333334], [143.349999999998, 42.5416666666668], [143.324999999998, 42.5416666666668], [143.324999999998, 42.5333333333334], [143.274999999998, 42.5333333333334], [143.274999999998, 42.5416666666668], [143.241666666665, 42.5416666666668], [143.241666666665, 42.5500000000001], [143.224999999999, 42.5500000000001], [143.224999999999, 42.5666666666668], [143.233333333332, 42.5666666666668], [143.233333333332, 42.5750000000001]]]}}, {"type": "Feature", "properties": {"id": "平取町", "name": "平取町"}, "geometry": {"type": "Polygon", "coordinates": [[[142.058333333321, 42.5333333333334], [142.058333333321, 42.5500000000001], [142.049999999987, 42.5500000000001], [142.049999999987, 42.5666666666668], [142.058333333321, 42.5666666666668], [142.058333333321, 42.5750000000001], [142.091666666654, 42.5750000000001], [142.091666666654, 42.5833333333334], [142.099999999987, 42.5833333333334], [142.099999999987, 42.5916666666668], [142.116666666654, 42.5916666666668], [142.116666666654, 42.6000000000001], [142.124999999987, 42.6000000000001], [142.124999999987, 42.6333333333334], [142.133333333321, 42.6333333333334], [142.133333333321, 42.6500000000001], [142.141666666654, 42.6500000000001], [142.141666666654, 42.6583333333334], [142.149999999987, 42.6583333333334], [142.149999999987, 42.6750000000001], [142.158333333321, 42.6750000000001], [142.158333333321, 42.6833333333334], [142.166666666654, 42.6833333333334], [142.166666666654, 42.6916666666668], [142.174999999987, 42.6916666666668], [142.174999999987, 42.7000000000001], [142.183333333321, 42.7000000000001], [142.183333333321, 42.7166666666668], [142.191666666654, 42.7166666666668], [142.191666666654, 42.7250000000001], [142.208333333321, 42.7250000000001], [142.208333333321, 42.7333333333334], [142.216666666654, 42.7333333333334], [142.216666666654, 42.7416666666668], [142.249999999987, 42.7416666666668], [142.249999999987, 42.7500000000001], [142.258333333321, 42.7500000000001], [142.258333333321, 42.7583333333334], [142.274999999987, 42.7583333333334], [142.274999999987, 42.7666666666668], [142.291666666654, 42.7666666666668], [142.291666666654, 42.7750000000001], [142.299999999987, 42.7750000000001], [142.299999999987, 42.7916666666668], [142.30833333332, 42.7916666666668], [142.30833333332, 42.8583333333334], [142.316666666654, 42.8583333333334], [142.316666666654, 42.8916666666668], [142.33333333332, 42.8916666666668], [142.33333333332, 42.8833333333334], [142.349999999987, 42.8833333333334], [142.349999999987, 42.8916666666668], [142.374999999987, 42.8916666666668], [142.374999999987, 42.8583333333334], [142.391666666654, 42.8583333333334], [142.391666666654, 42.8500000000001], [142.399999999987, 42.8500000000001], [142.399999999987, 42.8333333333334], [142.391666666654, 42.8333333333334], [142.391666666654, 42.8083333333334], [142.38333333332, 42.8083333333334], [142.38333333332, 42.7916666666668], [142.416666666654, 42.7916666666668], [142.416666666654, 42.7833333333334], [142.449999999987, 42.7833333333334], [142.449999999987, 42.7750000000001], [142.499999999987, 42.7750000000001], [142.499999999987, 42.7833333333334], [142.50833333332, 42.7833333333334], [142.50833333332, 42.8000000000001], [142.53333333332, 42.8000000000001], [142.53333333332, 42.8083333333334], [142.549999999987, 42.8083333333334], [142.549999999987, 42.8166666666668], [142.574999999987, 42.8166666666668], [142.574999999987, 42.8000000000001], [142.58333333332, 42.8000000000001], [142.58333333332, 42.7916666666668], [142.591666666654, 42.7916666666668], [142.591666666654, 42.7833333333334], [142.616666666654, 42.7833333333334], [142.616666666654, 42.7750000000001], [142.63333333332, 42.7750000000001], [142.63333333332, 42.7666666666668], [142.641666666653, 42.7666666666668], [142.641666666653, 42.7583333333334], [142.649999999987, 42.7583333333334], [142.649999999987, 42.7500000000001], [142.691666666653, 42.7500000000001], [142.691666666653, 42.7250000000001], [142.68333333332, 42.7250000000001], [142.68333333332, 42.7166666666668], [142.674999999987, 42.7166666666668], [142.674999999987, 42.7250000000001], [142.616666666654, 42.7250000000001], [142.616666666654, 42.7333333333334], [142.58333333332, 42.7333333333334], [142.58333333332, 42.7250000000001], [142.566666666654, 42.7250000000001], [142.566666666654, 42.7083333333334], [142.55833333332, 42.7083333333334], [142.55833333332, 42.7000000000001], [142.549999999987, 42.7000000000001], [142.549999999987, 42.6500000000001], [142.541666666654, 42.6500000000001], [142.541666666654, 42.6333333333334], [142.491666666654, 42.6333333333334], [142.491666666654, 42.6250000000001], [142.48333333332, 42.6250000000001], [142.48333333332, 42.6166666666668], [142.441666666654, 42.6166666666668], [142.441666666654, 42.6250000000001], [142.391666666654, 42.6250000000001], [142.391666666654, 42.6166666666668], [142.316666666654, 42.6166666666668], [142.316666666654, 42.6250000000001], [142.30833333332, 42.6250000000001], [142.30833333332, 42.6333333333334], [142.28333333332, 42.6333333333334], [142.28333333332, 42.6250000000001], [142.233333333321, 42.6250000000001], [142.233333333321, 42.6166666666668], [142.224999999987, 42.6166666666668], [142.224999999987, 42.6083333333334], [142.216666666654, 42.6083333333334], [142.216666666654, 42.6000000000001], [142.208333333321, 42.6000000000001], [142.208333333321, 42.5916666666668], [142.191666666654, 42.5916666666668], [142.191666666654, 42.5833333333334], [142.183333333321, 42.5833333333334], [142.183333333321, 42.5666666666668], [142.174999999987, 42.5666666666668], [142.174999999987, 42.5583333333334], [142.158333333321, 42.5583333333334], [142.158333333321, 42.5500000000001], [142.149999999987, 42.5500000000001], [142.149999999987, 42.5416666666668], [142.133333333321, 42.5416666666668], [142.133333333321, 42.5333333333334], [142.124999999987, 42.5333333333334], [142.124999999987, 42.5250000000001], [142.091666666654, 42.5250000000001], [142.091666666654, 42.5333333333334], [142.074999999987, 42.5333333333334], [142.074999999987, 42.5416666666668], [142.066666666654, 42.5416666666668], [142.066666666654, 42.5333333333334], [142.058333333321, 42.5333333333334]]]}}, {"type": "Feature", "properties": {"id": "広尾町", "name": "広尾町"}, "geometry": {"type": "Polygon", "coordinates": [[[143.049999999999, 42.3250000000001], [143.041666666665, 42.3250000000001], [143.041666666665, 42.3333333333334], [143.033333333332, 42.3333333333334], [143.033333333332, 42.3416666666668], [143.024999999999, 42.3416666666668], [143.024999999999, 42.3500000000001], [143.008333333332, 42.3500000000001], [143.008333333332, 42.3666666666668], [142.999999999999, 42.3666666666668], [142.999999999999, 42.3750000000001], [143.008333333332, 42.3750000000001], [143.008333333332, 42.3833333333335], [143.016666666665, 42.3833333333335], [143.016666666665, 42.3916666666668], [143.024999999999, 42.3916666666668], [143.024999999999, 42.4000000000001], [143.033333333332, 42.4000000000001], [143.033333333332, 42.4166666666668], [143.049999999999, 42.4166666666668], [143.049999999999, 42.4250000000001], [143.116666666665, 42.4250000000001], [143.116666666665, 42.4166666666668], [143.133333333332, 42.4166666666668], [143.133333333332, 42.4250000000001], [143.158333333332, 42.4250000000001], [143.158333333332, 42.4333333333335], [143.199999999999, 42.4333333333335], [143.199999999999, 42.4416666666668], [143.283333333332, 42.4416666666668], [143.283333333332, 42.4500000000001], [143.299999999998, 42.4500000000001], [143.299999999998, 42.4416666666668], [143.333333333332, 42.4416666666668], [143.333333333332, 42.4333333333335], [143.366666666665, 42.4333333333335], [143.366666666665, 42.4250000000001], [143.383333333332, 42.4250000000001], [143.383333333332, 42.4166666666668], [143.391666666665, 42.4166666666668], [143.391666666665, 42.4083333333334], [143.383333333332, 42.4083333333334], [143.383333333332, 42.4000000000001], [143.374999999998, 42.4000000000001], [143.374999999998, 42.3833333333334], [143.366666666665, 42.3833333333334], [143.366666666665, 42.3750000000001], [143.358333333332, 42.3750000000001], [143.358333333332, 42.3500000000001], [143.349999999998, 42.3500000000001], [143.349999999998, 42.3416666666668], [143.341666666665, 42.3416666666668], [143.341666666665, 42.3250000000001], [143.333333333332, 42.3250000000001], [143.333333333332, 42.2916666666668], [143.324999999998, 42.2916666666668], [143.324999999998, 42.2750000000001], [143.316666666665, 42.2750000000001], [143.316666666665, 42.2666666666668], [143.308333333332, 42.2666666666668], [143.308333333332, 42.2583333333335], [143.316666666665, 42.2583333333335], [143.316666666665, 42.2333333333335], [143.324999999998, 42.2333333333335], [143.324999999998, 42.2083333333335], [143.341666666665, 42.2083333333335], [143.341666666665, 42.2000000000001], [143.333333333332, 42.2000000000001], [143.333333333332, 42.1916666666668], [143.341666666665, 42.1916666666668], [143.341666666665, 42.1833333333335], [143.333333333332, 42.1833333333335], [143.333333333332, 42.1666666666668], [143.324999999998, 42.1666666666668], [143.324999999998, 42.1583333333335], [143.308333333332, 42.1583333333335], [143.308333333332, 42.1666666666668], [143.258333333332, 42.1666666666668], [143.258333333332, 42.1750000000001], [143.241666666665, 42.1750000000001], [143.241666666665, 42.1833333333335], [143.208333333332, 42.1833333333335], [143.208333333332, 42.1916666666668], [143.191666666665, 42.1916666666668], [143.191666666665, 42.2083333333335], [143.183333333332, 42.2083333333335], [143.183333333332, 42.2250000000001], [143.158333333332, 42.2250000000001], [143.158333333332, 42.2333333333335], [143.149999999999, 42.2333333333335], [143.149999999999, 42.2500000000001], [143.141666666665, 42.2500000000001], [143.141666666665, 42.2583333333335], [143.116666666665, 42.2583333333335], [143.116666666665, 42.2666666666668], [143.108333333332, 42.2666666666668], [143.108333333332, 42.2833333333335], [143.091666666665, 42.2833333333335], [143.091666666665, 42.2916666666668], [143.074999999999, 42.2916666666668], [143.074999999999, 42.3000000000001], [143.066666666665, 42.3000000000001], [143.066666666665, 42.3083333333335], [143.058333333332, 42.3083333333335], [143.058333333332, 42.3166666666668], [143.049999999999, 42.3166666666668], [143.049999999999, 42.3250000000001]]]}}, {"type": "Feature", "properties": {"id": "弟子屈町", "name": "弟子屈町"}, "geometry": {"type": "Polygon", "coordinates": [[[144.233333333331, 43.4583333333334], [144.233333333331, 43.5000000000001], [144.241666666664, 43.5000000000001], [144.241666666664, 43.5166666666667], [144.224999999998, 43.5166666666667], [144.224999999998, 43.5250000000001], [144.233333333331, 43.5250000000001], [144.233333333331, 43.5666666666667], [144.224999999998, 43.5666666666667], [144.224999999998, 43.5833333333334], [144.216666666664, 43.5833333333334], [144.216666666664, 43.6083333333334], [144.224999999998, 43.6083333333334], [144.224999999998, 43.6333333333334], [144.241666666664, 43.6333333333334], [144.241666666664, 43.6416666666667], [144.249999999998, 43.6416666666667], [144.249999999998, 43.65], [144.258333333331, 43.65], [144.258333333331, 43.6583333333334], [144.266666666664, 43.6583333333334], [144.266666666664, 43.6666666666667], [144.274999999998, 43.6666666666667], [144.274999999998, 43.6833333333334], [144.291666666664, 43.6833333333334], [144.291666666664, 43.6916666666667], [144.308333333331, 43.6916666666667], [144.308333333331, 43.7], [144.324999999998, 43.7], [144.324999999998, 43.7083333333334], [144.341666666664, 43.7083333333334], [144.341666666664, 43.7], [144.374999999997, 43.7], [144.374999999997, 43.6916666666667], [144.424999999997, 43.6916666666667], [144.424999999997, 43.7], [144.441666666664, 43.7], [144.441666666664, 43.6916666666667], [144.466666666664, 43.6916666666667], [144.466666666664, 43.6833333333334], [144.483333333331, 43.6833333333334], [144.483333333331, 43.6583333333334], [144.508333333331, 43.6583333333334], [144.508333333331, 43.65], [144.516666666664, 43.65], [144.516666666664, 43.625], [144.524999999997, 43.625], [144.524999999997, 43.6166666666667], [144.533333333331, 43.6166666666667], [144.533333333331, 43.6083333333334], [144.566666666664, 43.6083333333334], [144.566666666664, 43.6000000000001], [144.574999999997, 43.6000000000001], [144.574999999997, 43.5666666666667], [144.566666666664, 43.5666666666667], [144.566666666664, 43.5583333333334], [144.558333333331, 43.5583333333334], [144.558333333331, 43.5416666666667], [144.566666666664, 43.5416666666667], [144.566666666664, 43.5333333333334], [144.574999999997, 43.5333333333334], [144.574999999997, 43.5250000000001], [144.583333333331, 43.5250000000001], [144.583333333331, 43.5083333333334], [144.591666666664, 43.5083333333334], [144.591666666664, 43.5], [144.574999999997, 43.5], [144.574999999997, 43.4583333333334], [144.566666666664, 43.4583333333334], [144.566666666664, 43.4500000000001], [144.558333333331, 43.4500000000001], [144.558333333331, 43.4166666666667], [144.541666666664, 43.4166666666667], [144.541666666664, 43.4083333333334], [144.533333333331, 43.4083333333334], [144.533333333331, 43.4000000000001], [144.541666666664, 43.4000000000001], [144.541666666664, 43.3916666666667], [144.516666666664, 43.3916666666667], [144.516666666664, 43.4000000000001], [144.508333333331, 43.4000000000001], [144.508333333331, 43.4083333333334], [144.483333333331, 43.4083333333334], [144.483333333331, 43.4166666666667], [144.449999999997, 43.4166666666667], [144.449999999997, 43.4250000000001], [144.433333333331, 43.4250000000001], [144.433333333331, 43.4166666666667], [144.424999999997, 43.4166666666667], [144.424999999997, 43.4000000000001], [144.408333333331, 43.4000000000001], [144.408333333331, 43.3916666666667], [144.391666666664, 43.3916666666667], [144.391666666664, 43.4000000000001], [144.366666666664, 43.4000000000001], [144.366666666664, 43.4166666666667], [144.358333333331, 43.4166666666667], [144.358333333331, 43.4250000000001], [144.316666666664, 43.4250000000001], [144.316666666664, 43.4333333333334], [144.291666666664, 43.4333333333334], [144.291666666664, 43.4416666666667], [144.258333333331, 43.4416666666667], [144.258333333331, 43.4500000000001], [144.241666666664, 43.4500000000001], [144.241666666664, 43.4583333333334], [144.233333333331, 43.4583333333334]]]}}, {"type": "Feature", "properties": {"id": "当別町", "name": "当別町"}, "geometry": {"type": "Polygon", "coordinates": [[[141.408333333321, 43.2000000000001], [141.416666666655, 43.2000000000001], [141.416666666655, 43.2416666666667], [141.424999999988, 43.2416666666667], [141.424999999988, 43.2500000000001], [141.441666666655, 43.2500000000001], [141.441666666655, 43.2416666666667], [141.449999999988, 43.2416666666667], [141.449999999988, 43.2500000000001], [141.466666666655, 43.2500000000001], [141.466666666655, 43.2583333333334], [141.474999999988, 43.2583333333334], [141.474999999988, 43.2666666666667], [141.483333333321, 43.2666666666667], [141.483333333321, 43.2750000000001], [141.491666666655, 43.2750000000001], [141.491666666655, 43.2916666666667], [141.499999999988, 43.2916666666667], [141.499999999988, 43.3000000000001], [141.516666666655, 43.3000000000001], [141.516666666655, 43.3083333333334], [141.524999999988, 43.3083333333334], [141.524999999988, 43.3250000000001], [141.533333333321, 43.3250000000001], [141.533333333321, 43.3750000000001], [141.541666666654, 43.3750000000001], [141.541666666654, 43.4000000000001], [141.549999999988, 43.4000000000001], [141.549999999988, 43.4166666666667], [141.558333333321, 43.4166666666667], [141.558333333321, 43.5], [141.541666666654, 43.5], [141.541666666654, 43.5083333333334], [141.533333333321, 43.5083333333334], [141.533333333321, 43.5166666666667], [141.524999999988, 43.5166666666667], [141.524999999988, 43.5416666666667], [141.516666666655, 43.5416666666667], [141.516666666655, 43.55], [141.508333333321, 43.55], [141.508333333321, 43.5750000000001], [141.533333333321, 43.5750000000001], [141.533333333321, 43.5666666666667], [141.591666666654, 43.5666666666667], [141.591666666654, 43.5833333333334], [141.616666666654, 43.5833333333334], [141.616666666654, 43.5666666666667], [141.624999999988, 43.5666666666667], [141.624999999988, 43.5416666666667], [141.633333333321, 43.5416666666667], [141.633333333321, 43.5333333333334], [141.641666666654, 43.5333333333334], [141.641666666654, 43.5250000000001], [141.649999999988, 43.5250000000001], [141.649999999988, 43.5166666666667], [141.666666666654, 43.5166666666667], [141.666666666654, 43.5000000000001], [141.699999999988, 43.5000000000001], [141.699999999988, 43.4916666666667], [141.716666666654, 43.4916666666667], [141.716666666654, 43.4833333333334], [141.724999999988, 43.4833333333334], [141.724999999988, 43.4583333333334], [141.699999999988, 43.4583333333334], [141.699999999988, 43.4500000000001], [141.691666666654, 43.4500000000001], [141.691666666654, 43.4416666666667], [141.674999999988, 43.4416666666667], [141.674999999988, 43.4333333333334], [141.658333333321, 43.4333333333334], [141.658333333321, 43.4250000000001], [141.649999999988, 43.4250000000001], [141.649999999988, 43.4166666666667], [141.641666666654, 43.4166666666667], [141.641666666654, 43.4083333333334], [141.633333333321, 43.4083333333334], [141.633333333321, 43.4000000000001], [141.624999999988, 43.4000000000001], [141.624999999988, 43.3916666666667], [141.608333333321, 43.3916666666667], [141.608333333321, 43.3833333333334], [141.599999999988, 43.3833333333334], [141.599999999988, 43.3666666666667], [141.591666666654, 43.3666666666667], [141.591666666654, 43.3583333333334], [141.583333333321, 43.3583333333334], [141.583333333321, 43.3500000000001], [141.591666666654, 43.3500000000001], [141.591666666654, 43.3416666666667], [141.599999999988, 43.3416666666667], [141.599999999988, 43.3333333333334], [141.608333333321, 43.3333333333334], [141.608333333321, 43.3250000000001], [141.599999999988, 43.3250000000001], [141.599999999988, 43.3083333333334], [141.608333333321, 43.3083333333334], [141.608333333321, 43.2916666666667], [141.624999999988, 43.2916666666667], [141.624999999988, 43.2833333333334], [141.608333333321, 43.2833333333334], [141.608333333321, 43.2666666666667], [141.591666666654, 43.2666666666667], [141.591666666654, 43.2583333333334], [141.583333333321, 43.2583333333334], [141.583333333321, 43.2500000000001], [141.574999999988, 43.2500000000001], [141.574999999988, 43.2416666666667], [141.566666666654, 43.2416666666667], [141.566666666654, 43.2083333333334], [141.574999999988, 43.2083333333334], [141.574999999988, 43.1750000000001], [141.549999999988, 43.1750000000001], [141.549999999988, 43.1666666666667], [141.424999999988, 43.1666666666667], [141.424999999988, 43.1750000000001], [141.408333333321, 43.1750000000001], [141.408333333321, 43.1666666666667], [141.399999999988, 43.1666666666667], [141.399999999988, 43.1833333333334], [141.408333333321, 43.1833333333334], [141.408333333321, 43.2000000000001]]]}}, {"type": "Feature", "properties": {"id": "当麻町", "name": "当麻町"}, "geometry": {"type": "Polygon", "coordinates": [[[142.491666666654, 43.8166666666667], [142.474999999987, 43.8166666666667], [142.474999999987, 43.825], [142.466666666654, 43.825], [142.466666666654, 43.8333333333334], [142.45833333332, 43.8333333333334], [142.45833333332, 43.8416666666667], [142.474999999987, 43.8416666666667], [142.474999999987, 43.85], [142.491666666654, 43.85], [142.491666666654, 43.8583333333334], [142.499999999987, 43.8583333333334], [142.499999999987, 43.8666666666667], [142.50833333332, 43.8666666666667], [142.50833333332, 43.875], [142.516666666654, 43.875], [142.516666666654, 43.8916666666667], [142.524999999987, 43.8916666666667], [142.524999999987, 43.9], [142.53333333332, 43.9], [142.53333333332, 43.8916666666667], [142.566666666654, 43.8916666666667], [142.566666666654, 43.8833333333334], [142.616666666654, 43.8833333333334], [142.616666666654, 43.875], [142.63333333332, 43.875], [142.63333333332, 43.8833333333334], [142.649999999987, 43.8833333333334], [142.649999999987, 43.875], [142.65833333332, 43.875], [142.65833333332, 43.85], [142.666666666653, 43.85], [142.666666666653, 43.8416666666667], [142.674999999987, 43.8416666666667], [142.674999999987, 43.8333333333334], [142.68333333332, 43.8333333333334], [142.68333333332, 43.8083333333334], [142.691666666653, 43.8083333333334], [142.691666666653, 43.7916666666667], [142.699999999987, 43.7916666666667], [142.699999999987, 43.775], [142.70833333332, 43.775], [142.70833333332, 43.75], [142.699999999987, 43.75], [142.699999999987, 43.7416666666667], [142.666666666653, 43.7416666666667], [142.666666666653, 43.75], [142.616666666654, 43.75], [142.616666666654, 43.7583333333334], [142.566666666654, 43.7583333333334], [142.566666666654, 43.775], [142.541666666654, 43.775], [142.541666666654, 43.7833333333334], [142.516666666654, 43.7833333333334], [142.516666666654, 43.8], [142.499999999987, 43.8], [142.499999999987, 43.8083333333334], [142.491666666654, 43.8083333333334], [142.491666666654, 43.8166666666667]]]}}, {"type": "Feature", "properties": {"id": "恵庭市", "name": "恵庭市"}, "geometry": {"type": "Polygon", "coordinates": [[[141.258333333321, 42.8166666666668], [141.233333333321, 42.8166666666668], [141.233333333321, 42.8250000000001], [141.241666666655, 42.8250000000001], [141.241666666655, 42.8416666666668], [141.249999999988, 42.8416666666668], [141.249999999988, 42.8500000000001], [141.258333333321, 42.8500000000001], [141.258333333321, 42.8666666666668], [141.274999999988, 42.8666666666668], [141.274999999988, 42.8750000000001], [141.291666666655, 42.8750000000001], [141.291666666655, 42.8833333333334], [141.316666666655, 42.8833333333334], [141.316666666655, 42.8750000000001], [141.358333333321, 42.8750000000001], [141.358333333321, 42.8833333333334], [141.366666666655, 42.8833333333334], [141.366666666655, 42.8916666666668], [141.424999999988, 42.8916666666668], [141.424999999988, 42.9000000000001], [141.483333333321, 42.9000000000001], [141.483333333321, 42.9083333333334], [141.491666666655, 42.9083333333334], [141.491666666655, 42.9166666666668], [141.533333333321, 42.9166666666668], [141.533333333321, 42.9250000000001], [141.558333333321, 42.9250000000001], [141.558333333321, 42.9333333333334], [141.566666666654, 42.9333333333334], [141.566666666654, 42.9416666666668], [141.574999999988, 42.9416666666668], [141.574999999988, 42.9500000000001], [141.583333333321, 42.9500000000001], [141.583333333321, 42.9583333333334], [141.591666666654, 42.9583333333334], [141.591666666654, 42.9750000000001], [141.599999999988, 42.9750000000001], [141.599999999988, 42.9833333333334], [141.624999999988, 42.9833333333334], [141.624999999988, 42.9750000000001], [141.633333333321, 42.9750000000001], [141.633333333321, 42.9500000000001], [141.649999999988, 42.9500000000001], [141.649999999988, 42.9166666666667], [141.641666666654, 42.9166666666667], [141.641666666654, 42.9083333333334], [141.633333333321, 42.9083333333334], [141.633333333321, 42.8916666666668], [141.624999999988, 42.8916666666668], [141.624999999988, 42.8833333333334], [141.616666666654, 42.8833333333334], [141.616666666654, 42.8666666666668], [141.608333333321, 42.8666666666668], [141.608333333321, 42.8583333333334], [141.591666666654, 42.8583333333334], [141.591666666654, 42.8500000000001], [141.583333333321, 42.8500000000001], [141.583333333321, 42.8416666666668], [141.574999999988, 42.8416666666668], [141.574999999988, 42.8333333333334], [141.558333333321, 42.8333333333334], [141.558333333321, 42.8250000000001], [141.541666666654, 42.8250000000001], [141.541666666654, 42.8333333333334], [141.499999999988, 42.8333333333334], [141.499999999988, 42.8250000000001], [141.474999999988, 42.8250000000001], [141.474999999988, 42.8166666666668], [141.383333333321, 42.8166666666668], [141.383333333321, 42.8083333333334], [141.374999999988, 42.8083333333334], [141.374999999988, 42.8000000000001], [141.358333333321, 42.8000000000001], [141.358333333321, 42.8083333333334], [141.316666666655, 42.8083333333334], [141.316666666655, 42.8166666666668], [141.291666666655, 42.8166666666668], [141.291666666655, 42.8083333333334], [141.283333333321, 42.8083333333334], [141.283333333321, 42.8000000000001], [141.274999999988, 42.8000000000001], [141.274999999988, 42.8083333333334], [141.258333333321, 42.8083333333334], [141.258333333321, 42.8166666666668]]]}}, {"type": "Feature", "properties": {"id": "愛別町", "name": "愛別町"}, "geometry": {"type": "Polygon", "coordinates": [[[142.524999999987, 43.925], [142.524999999987, 43.9333333333334], [142.516666666654, 43.9333333333334], [142.516666666654, 43.95], [142.50833333332, 43.95], [142.50833333332, 43.9583333333334], [142.524999999987, 43.9583333333334], [142.524999999987, 43.9666666666667], [142.53333333332, 43.9666666666667], [142.53333333332, 43.975], [142.541666666654, 43.975], [142.541666666654, 43.9833333333334], [142.53333333332, 43.9833333333334], [142.53333333332, 43.9916666666667], [142.541666666654, 43.9916666666667], [142.541666666654, 44.0], [142.549999999987, 44.0], [142.549999999987, 44.0083333333334], [142.58333333332, 44.0083333333334], [142.58333333332, 44.0166666666667], [142.591666666654, 44.0166666666667], [142.591666666654, 44.025], [142.624999999987, 44.025], [142.624999999987, 44.0166666666667], [142.641666666653, 44.0166666666667], [142.641666666653, 44.0083333333334], [142.649999999987, 44.0083333333334], [142.649999999987, 44.0166666666667], [142.691666666653, 44.0166666666667], [142.691666666653, 44.0083333333334], [142.699999999987, 44.0083333333334], [142.699999999987, 44.0], [142.716666666653, 44.0], [142.716666666653, 43.9916666666667], [142.724999999987, 43.9916666666667], [142.724999999987, 43.975], [142.73333333332, 43.975], [142.73333333332, 43.9666666666667], [142.741666666653, 43.9666666666667], [142.741666666653, 43.95], [142.749999999987, 43.95], [142.749999999987, 43.9416666666667], [142.766666666653, 43.9416666666667], [142.766666666653, 43.9333333333334], [142.774999999987, 43.9333333333334], [142.774999999987, 43.925], [142.766666666653, 43.925], [142.766666666653, 43.9166666666667], [142.73333333332, 43.9166666666667], [142.73333333332, 43.925], [142.70833333332, 43.925], [142.70833333332, 43.875], [142.699999999987, 43.875], [142.699999999987, 43.8416666666667], [142.691666666653, 43.8416666666667], [142.691666666653, 43.8333333333334], [142.674999999987, 43.8333333333334], [142.674999999987, 43.8416666666667], [142.666666666653, 43.8416666666667], [142.666666666653, 43.85], [142.65833333332, 43.85], [142.65833333332, 43.875], [142.649999999987, 43.875], [142.649999999987, 43.8833333333334], [142.63333333332, 43.8833333333334], [142.63333333332, 43.875], [142.616666666654, 43.875], [142.616666666654, 43.8833333333334], [142.566666666654, 43.8833333333334], [142.566666666654, 43.8916666666667], [142.53333333332, 43.8916666666667], [142.53333333332, 43.9], [142.541666666654, 43.9], [142.541666666654, 43.9166666666667], [142.53333333332, 43.9166666666667], [142.53333333332, 43.925], [142.524999999987, 43.925]]]}}, {"type": "Feature", "properties": {"id": "手稲区", "name": "手稲区"}, "geometry": {"type": "Polygon", "coordinates": [[[141.216666666655, 43.0750000000001], [141.174999999988, 43.0750000000001], [141.174999999988, 43.0833333333334], [141.158333333322, 43.0833333333334], [141.158333333322, 43.0916666666667], [141.166666666655, 43.0916666666667], [141.166666666655, 43.1000000000001], [141.174999999988, 43.1000000000001], [141.174999999988, 43.1083333333334], [141.183333333321, 43.1083333333334], [141.183333333321, 43.1166666666667], [141.191666666655, 43.1166666666667], [141.191666666655, 43.1416666666667], [141.199999999988, 43.1416666666667], [141.199999999988, 43.1500000000001], [141.216666666655, 43.1500000000001], [141.216666666655, 43.1583333333334], [141.233333333321, 43.1583333333334], [141.233333333321, 43.1500000000001], [141.241666666655, 43.1500000000001], [141.241666666655, 43.1583333333334], [141.258333333321, 43.1583333333334], [141.258333333321, 43.1500000000001], [141.266666666655, 43.1500000000001], [141.266666666655, 43.1416666666667], [141.274999999988, 43.1416666666667], [141.274999999988, 43.1250000000001], [141.283333333321, 43.1250000000001], [141.283333333321, 43.1083333333334], [141.274999999988, 43.1083333333334], [141.274999999988, 43.1000000000001], [141.266666666655, 43.1000000000001], [141.266666666655, 43.0916666666667], [141.233333333321, 43.0916666666667], [141.233333333321, 43.0833333333334], [141.216666666655, 43.0833333333334], [141.216666666655, 43.0750000000001]]]}}, {"type": "Feature", "properties": {"id": "斜里町", "name": "斜里町"}, "geometry": {"type": "Polygon", "coordinates": [[[144.624999999997, 43.85], [144.616666666664, 43.85], [144.616666666664, 43.8833333333334], [144.558333333331, 43.8833333333334], [144.558333333331, 43.925], [144.591666666664, 43.925], [144.591666666664, 43.9166666666667], [144.666666666664, 43.9166666666667], [144.666666666664, 43.925], [144.674999999997, 43.925], [144.674999999997, 43.9166666666667], [144.708333333331, 43.9166666666667], [144.708333333331, 43.925], [144.774999999997, 43.925], [144.774999999997, 43.9333333333334], [144.799999999997, 43.9333333333334], [144.799999999997, 43.9416666666667], [144.80833333333, 43.9416666666667], [144.80833333333, 43.95], [144.824999999997, 43.95], [144.824999999997, 43.9583333333334], [144.83333333333, 43.9583333333334], [144.83333333333, 43.9666666666667], [144.841666666664, 43.9666666666667], [144.841666666664, 43.975], [144.85833333333, 43.975], [144.85833333333, 43.9833333333334], [144.88333333333, 43.9833333333334], [144.88333333333, 43.9916666666667], [144.891666666664, 43.9916666666667], [144.891666666664, 44.0], [144.90833333333, 44.0], [144.90833333333, 44.0083333333334], [144.916666666664, 44.0083333333334], [144.916666666664, 44.0166666666667], [144.924999999997, 44.0166666666667], [144.924999999997, 44.0333333333334], [144.93333333333, 44.0333333333334], [144.93333333333, 44.0416666666667], [144.949999999997, 44.0416666666667], [144.949999999997, 44.05], [144.95833333333, 44.05], [144.95833333333, 44.0583333333334], [144.966666666664, 44.0583333333334], [144.966666666664, 44.0666666666667], [144.974999999997, 44.0666666666667], [144.974999999997, 44.075], [144.999999999997, 44.075], [144.999999999997, 44.0833333333334], [145.00833333333, 44.0833333333334], [145.00833333333, 44.1], [145.016666666664, 44.1], [145.016666666664, 44.1083333333334], [145.041666666664, 44.1083333333334], [145.041666666664, 44.1166666666667], [145.049999999997, 44.1166666666667], [145.049999999997, 44.125], [145.066666666664, 44.125], [145.066666666664, 44.1333333333334], [145.08333333333, 44.1333333333334], [145.08333333333, 44.1416666666667], [145.091666666663, 44.1416666666667], [145.091666666663, 44.15], [145.10833333333, 44.15], [145.10833333333, 44.1583333333334], [145.116666666663, 44.1583333333334], [145.116666666663, 44.1666666666667], [145.13333333333, 44.1666666666667], [145.13333333333, 44.175], [145.149999999997, 44.175], [145.149999999997, 44.1833333333334], [145.166666666663, 44.1833333333334], [145.166666666663, 44.1916666666667], [145.191666666663, 44.1916666666667], [145.191666666663, 44.2], [145.199999999997, 44.2], [145.199999999997, 44.2166666666667], [145.20833333333, 44.2166666666667], [145.20833333333, 44.2333333333333], [145.216666666663, 44.2333333333333], [145.216666666663, 44.2416666666667], [145.224999999997, 44.2416666666667], [145.224999999997, 44.25], [145.23333333333, 44.25], [145.23333333333, 44.2583333333333], [145.241666666663, 44.2583333333333], [145.241666666663, 44.2666666666667], [145.249999999997, 44.2666666666667], [145.249999999997, 44.275], [145.25833333333, 44.275], [145.25833333333, 44.2833333333333], [145.274999999997, 44.2833333333333], [145.274999999997, 44.3], [145.28333333333, 44.3], [145.28333333333, 44.3083333333333], [145.299999999997, 44.3083333333333], [145.299999999997, 44.3166666666667], [145.30833333333, 44.3166666666667], [145.30833333333, 44.3333333333333], [145.316666666663, 44.3333333333333], [145.316666666663, 44.3416666666667], [145.324999999997, 44.3416666666667], [145.324999999997, 44.35], [145.33333333333, 44.35], [145.33333333333, 44.3333333333333], [145.324999999997, 44.3333333333333], [145.324999999997, 44.2916666666667], [145.316666666663, 44.2916666666667], [145.316666666663, 44.2583333333333], [145.30833333333, 44.2583333333333], [145.30833333333, 44.25], [145.299999999997, 44.25], [145.299999999997, 44.2416666666667], [145.291666666663, 44.2416666666667], [145.291666666663, 44.2333333333333], [145.28333333333, 44.2333333333333], [145.28333333333, 44.225], [145.274999999997, 44.225], [145.274999999997, 44.2083333333333], [145.28333333333, 44.2083333333333], [145.28333333333, 44.1833333333333], [145.274999999997, 44.1833333333333], [145.274999999997, 44.1666666666667], [145.241666666663, 44.1666666666667], [145.241666666663, 44.1583333333333], [145.224999999997, 44.1583333333333], [145.224999999997, 44.15], [145.216666666663, 44.15], [145.216666666663, 44.1416666666667], [145.18333333333, 44.1416666666667], [145.18333333333, 44.1333333333333], [145.174999999997, 44.1333333333333], [145.174999999997, 44.125], [145.166666666663, 44.125], [145.166666666663, 44.1166666666667], [145.15833333333, 44.1166666666667], [145.15833333333, 44.1083333333333], [145.141666666663, 44.1083333333333], [145.141666666663, 44.0916666666667], [145.13333333333, 44.0916666666667], [145.13333333333, 44.0833333333333], [145.124999999997, 44.0833333333333], [145.124999999997, 44.075], [145.116666666663, 44.075], [145.116666666663, 44.0583333333334], [145.10833333333, 44.0583333333334], [145.10833333333, 44.05], [145.091666666663, 44.05], [145.091666666663, 44.0416666666667], [145.05833333333, 44.0416666666667], [145.05833333333, 44.025], [145.049999999997, 44.025], [145.049999999997, 44.0083333333334], [145.024999999997, 44.0083333333334], [145.024999999997, 44.0], [145.016666666664, 44.0], [145.016666666664, 43.9916666666667], [145.00833333333, 43.9916666666667], [145.00833333333, 43.975], [144.999999999997, 43.975], [144.999999999997, 43.9416666666667], [144.98333333333, 43.9416666666667], [144.98333333333, 43.9333333333334], [144.974999999997, 43.9333333333334], [144.974999999997, 43.925], [144.95833333333, 43.925], [144.95833333333, 43.9166666666667], [144.916666666664, 43.9166666666667], [144.916666666664, 43.9083333333334], [144.90833333333, 43.9083333333334], [144.90833333333, 43.9], [144.899999999997, 43.9], [144.899999999997, 43.8833333333334], [144.88333333333, 43.8833333333334], [144.88333333333, 43.875], [144.891666666664, 43.875], [144.891666666664, 43.8666666666667], [144.899999999997, 43.8666666666667], [144.899999999997, 43.8416666666667], [144.891666666664, 43.8416666666667], [144.891666666664, 43.8333333333334], [144.874999999997, 43.8333333333334], [144.874999999997, 43.8166666666667], [144.866666666664, 43.8166666666667], [144.866666666664, 43.7916666666667], [144.85833333333, 43.7916666666667], [144.85833333333, 43.7833333333334], [144.849999999997, 43.7833333333334], [144.849999999997, 43.7916666666667], [144.841666666664, 43.7916666666667], [144.841666666664, 43.8], [144.824999999997, 43.8], [144.824999999997, 43.7916666666667], [144.80833333333, 43.7916666666667], [144.80833333333, 43.7666666666667], [144.791666666664, 43.7666666666667], [144.791666666664, 43.7583333333334], [144.724999999997, 43.7583333333334], [144.724999999997, 43.7666666666667], [144.708333333331, 43.7666666666667], [144.708333333331, 43.775], [144.699999999997, 43.775], [144.699999999997, 43.7833333333334], [144.691666666664, 43.7833333333334], [144.691666666664, 43.7916666666667], [144.683333333331, 43.7916666666667], [144.683333333331, 43.8], [144.674999999997, 43.8], [144.674999999997, 43.8083333333334], [144.666666666664, 43.8083333333334], [144.666666666664, 43.8166666666667], [144.658333333331, 43.8166666666667], [144.658333333331, 43.825], [144.633333333331, 43.825], [144.633333333331, 43.8333333333334], [144.624999999997, 43.8333333333334], [144.624999999997, 43.85]]]}}, {"type": "Feature", "properties": {"id": "新ひだか町", "name": "新ひだか町"}, "geometry": {"type": "Polygon", "coordinates": [[[142.43333333332, 42.3083333333335], [142.399999999987, 42.3083333333335], [142.399999999987, 42.3166666666668], [142.366666666654, 42.3166666666668], [142.366666666654, 42.3250000000001], [142.35833333332, 42.3250000000001], [142.35833333332, 42.3333333333334], [142.341666666654, 42.3333333333334], [142.341666666654, 42.3416666666668], [142.33333333332, 42.3416666666668], [142.33333333332, 42.3500000000001], [142.341666666654, 42.3500000000001], [142.341666666654, 42.3583333333335], [142.35833333332, 42.3583333333335], [142.35833333332, 42.3666666666668], [142.374999999987, 42.3666666666668], [142.374999999987, 42.3750000000001], [142.391666666654, 42.3750000000001], [142.391666666654, 42.3833333333335], [142.399999999987, 42.3833333333335], [142.399999999987, 42.3916666666668], [142.416666666654, 42.3916666666668], [142.416666666654, 42.4000000000001], [142.424999999987, 42.4000000000001], [142.424999999987, 42.4083333333335], [142.43333333332, 42.4083333333335], [142.43333333332, 42.4166666666668], [142.441666666654, 42.4166666666668], [142.441666666654, 42.4250000000001], [142.45833333332, 42.4250000000001], [142.45833333332, 42.4333333333335], [142.474999999987, 42.4333333333335], [142.474999999987, 42.4500000000001], [142.48333333332, 42.4500000000001], [142.48333333332, 42.4583333333334], [142.491666666654, 42.4583333333334], [142.491666666654, 42.4666666666668], [142.499999999987, 42.4666666666668], [142.499999999987, 42.4750000000001], [142.50833333332, 42.4750000000001], [142.50833333332, 42.4833333333334], [142.524999999987, 42.4833333333334], [142.524999999987, 42.4916666666668], [142.549999999987, 42.4916666666668], [142.549999999987, 42.5083333333334], [142.55833333332, 42.5083333333334], [142.55833333332, 42.5166666666668], [142.566666666654, 42.5166666666668], [142.566666666654, 42.5500000000001], [142.55833333332, 42.5500000000001], [142.55833333332, 42.5666666666668], [142.566666666654, 42.5666666666668], [142.566666666654, 42.6000000000001], [142.591666666654, 42.6000000000001], [142.591666666654, 42.6083333333334], [142.624999999987, 42.6083333333334], [142.624999999987, 42.6166666666668], [142.63333333332, 42.6166666666668], [142.63333333332, 42.6250000000001], [142.649999999987, 42.6250000000001], [142.649999999987, 42.6333333333334], [142.65833333332, 42.6333333333334], [142.65833333332, 42.6416666666668], [142.666666666653, 42.6416666666668], [142.666666666653, 42.6500000000001], [142.674999999987, 42.6500000000001], [142.674999999987, 42.6583333333334], [142.724999999987, 42.6583333333334], [142.724999999987, 42.6666666666668], [142.749999999987, 42.6666666666668], [142.749999999987, 42.6583333333334], [142.75833333332, 42.6583333333334], [142.75833333332, 42.6416666666668], [142.766666666653, 42.6416666666668], [142.766666666653, 42.6250000000001], [142.774999999987, 42.6250000000001], [142.774999999987, 42.6166666666668], [142.791666666653, 42.6166666666668], [142.791666666653, 42.6083333333334], [142.799999999987, 42.6083333333334], [142.799999999987, 42.5916666666668], [142.80833333332, 42.5916666666668], [142.80833333332, 42.5750000000001], [142.824999999987, 42.5750000000001], [142.824999999987, 42.5500000000001], [142.841666666653, 42.5500000000001], [142.841666666653, 42.5416666666668], [142.866666666653, 42.5416666666668], [142.866666666653, 42.5333333333334], [142.85833333332, 42.5333333333334], [142.85833333332, 42.5083333333334], [142.866666666653, 42.5083333333334], [142.866666666653, 42.5000000000001], [142.88333333332, 42.5000000000001], [142.88333333332, 42.4916666666668], [142.891666666653, 42.4916666666668], [142.891666666653, 42.4833333333334], [142.88333333332, 42.4833333333334], [142.88333333332, 42.4666666666668], [142.874999999987, 42.4666666666668], [142.874999999987, 42.4583333333334], [142.866666666653, 42.4583333333334], [142.866666666653, 42.4500000000001], [142.824999999987, 42.4500000000001], [142.824999999987, 42.4416666666668], [142.80833333332, 42.4416666666668], [142.80833333332, 42.4333333333334], [142.78333333332, 42.4333333333334], [142.78333333332, 42.4250000000001], [142.774999999987, 42.4250000000001], [142.774999999987, 42.4083333333335], [142.78333333332, 42.4083333333335], [142.78333333332, 42.3833333333335], [142.791666666653, 42.3833333333335], [142.791666666653, 42.3750000000001], [142.78333333332, 42.3750000000001], [142.78333333332, 42.3583333333334], [142.774999999987, 42.3583333333334], [142.774999999987, 42.3500000000001], [142.766666666653, 42.3500000000001], [142.766666666653, 42.3083333333335], [142.749999999987, 42.3083333333335], [142.749999999987, 42.2916666666668], [142.741666666653, 42.2916666666668], [142.741666666653, 42.2666666666668], [142.73333333332, 42.2666666666668], [142.73333333332, 42.2583333333335], [142.716666666653, 42.2583333333335], [142.716666666653, 42.2500000000001], [142.70833333332, 42.2500000000001], [142.70833333332, 42.2416666666668], [142.68333333332, 42.2416666666668], [142.68333333332, 42.2333333333335], [142.674999999987, 42.2333333333335], [142.674999999987, 42.2250000000001], [142.666666666653, 42.2250000000001], [142.666666666653, 42.2166666666668], [142.649999999987, 42.2166666666668], [142.649999999987, 42.2083333333335], [142.63333333332, 42.2083333333335], [142.63333333332, 42.2166666666668], [142.616666666654, 42.2166666666668], [142.616666666654, 42.2250000000001], [142.599999999987, 42.2250000000001], [142.599999999987, 42.2333333333335], [142.58333333332, 42.2333333333335], [142.58333333332, 42.2416666666668], [142.549999999987, 42.2416666666668], [142.549999999987, 42.2500000000001], [142.524999999987, 42.2500000000001], [142.524999999987, 42.2583333333335], [142.50833333332, 42.2583333333335], [142.50833333332, 42.2666666666668], [142.499999999987, 42.2666666666668], [142.499999999987, 42.2583333333335], [142.491666666654, 42.2583333333335], [142.491666666654, 42.2666666666668], [142.474999999987, 42.2666666666668], [142.474999999987, 42.2750000000001], [142.45833333332, 42.2750000000001], [142.45833333332, 42.2833333333335], [142.449999999987, 42.2833333333335], [142.449999999987, 42.3000000000001], [142.43333333332, 42.3000000000001], [142.43333333332, 42.3083333333335]]]}}, {"type": "Feature", "properties": {"id": "新冠町", "name": "新冠町"}, "geometry": {"type": "Polygon", "coordinates": [[[142.274999999987, 42.3750000000001], [142.266666666654, 42.3750000000001], [142.266666666654, 42.3916666666668], [142.249999999987, 42.3916666666668], [142.249999999987, 42.4000000000001], [142.241666666654, 42.4000000000001], [142.241666666654, 42.4083333333334], [142.233333333321, 42.4083333333334], [142.233333333321, 42.4166666666668], [142.224999999987, 42.4166666666668], [142.224999999987, 42.4250000000001], [142.249999999987, 42.4250000000001], [142.249999999987, 42.4333333333335], [142.274999999987, 42.4333333333335], [142.274999999987, 42.4416666666668], [142.28333333332, 42.4416666666668], [142.28333333332, 42.4500000000001], [142.291666666654, 42.4500000000001], [142.291666666654, 42.4583333333334], [142.299999999987, 42.4583333333334], [142.299999999987, 42.4750000000001], [142.30833333332, 42.4750000000001], [142.30833333332, 42.5083333333334], [142.316666666654, 42.5083333333334], [142.316666666654, 42.5166666666668], [142.33333333332, 42.5166666666668], [142.33333333332, 42.5416666666668], [142.349999999987, 42.5416666666668], [142.349999999987, 42.5500000000001], [142.35833333332, 42.5500000000001], [142.35833333332, 42.5416666666668], [142.391666666654, 42.5416666666668], [142.391666666654, 42.5500000000001], [142.399999999987, 42.5500000000001], [142.399999999987, 42.5583333333334], [142.40833333332, 42.5583333333334], [142.40833333332, 42.5666666666668], [142.449999999987, 42.5666666666668], [142.449999999987, 42.5750000000001], [142.45833333332, 42.5750000000001], [142.45833333332, 42.5833333333334], [142.466666666654, 42.5833333333334], [142.466666666654, 42.5916666666668], [142.474999999987, 42.5916666666668], [142.474999999987, 42.6000000000001], [142.499999999987, 42.6000000000001], [142.499999999987, 42.6083333333334], [142.491666666654, 42.6083333333334], [142.491666666654, 42.6166666666668], [142.48333333332, 42.6166666666668], [142.48333333332, 42.6250000000001], [142.491666666654, 42.6250000000001], [142.491666666654, 42.6333333333334], [142.541666666654, 42.6333333333334], [142.541666666654, 42.6500000000001], [142.549999999987, 42.6500000000001], [142.549999999987, 42.7000000000001], [142.55833333332, 42.7000000000001], [142.55833333332, 42.7083333333334], [142.566666666654, 42.7083333333334], [142.566666666654, 42.7250000000001], [142.58333333332, 42.7250000000001], [142.58333333332, 42.7333333333334], [142.616666666654, 42.7333333333334], [142.616666666654, 42.7250000000001], [142.674999999987, 42.7250000000001], [142.674999999987, 42.7166666666668], [142.68333333332, 42.7166666666668], [142.68333333332, 42.7250000000001], [142.691666666653, 42.7250000000001], [142.691666666653, 42.7416666666668], [142.699999999987, 42.7416666666668], [142.699999999987, 42.7333333333334], [142.70833333332, 42.7333333333334], [142.70833333332, 42.7416666666668], [142.716666666653, 42.7416666666668], [142.716666666653, 42.7333333333334], [142.724999999987, 42.7333333333334], [142.724999999987, 42.7250000000001], [142.75833333332, 42.7250000000001], [142.75833333332, 42.6666666666668], [142.724999999987, 42.6666666666668], [142.724999999987, 42.6583333333334], [142.674999999987, 42.6583333333334], [142.674999999987, 42.6500000000001], [142.666666666653, 42.6500000000001], [142.666666666653, 42.6416666666668], [142.65833333332, 42.6416666666668], [142.65833333332, 42.6333333333334], [142.649999999987, 42.6333333333334], [142.649999999987, 42.6250000000001], [142.63333333332, 42.6250000000001], [142.63333333332, 42.6166666666668], [142.624999999987, 42.6166666666668], [142.624999999987, 42.6083333333334], [142.591666666654, 42.6083333333334], [142.591666666654, 42.6000000000001], [142.566666666654, 42.6000000000001], [142.566666666654, 42.5666666666668], [142.55833333332, 42.5666666666668], [142.55833333332, 42.5500000000001], [142.566666666654, 42.5500000000001], [142.566666666654, 42.5166666666668], [142.55833333332, 42.5166666666668], [142.55833333332, 42.5083333333334], [142.549999999987, 42.5083333333334], [142.549999999987, 42.4916666666668], [142.524999999987, 42.4916666666668], [142.524999999987, 42.4833333333334], [142.50833333332, 42.4833333333334], [142.50833333332, 42.4750000000001], [142.499999999987, 42.4750000000001], [142.499999999987, 42.4666666666668], [142.491666666654, 42.4666666666668], [142.491666666654, 42.4583333333334], [142.48333333332, 42.4583333333334], [142.48333333332, 42.4500000000001], [142.474999999987, 42.4500000000001], [142.474999999987, 42.4333333333334], [142.45833333332, 42.4333333333334], [142.45833333332, 42.4250000000001], [142.441666666654, 42.4250000000001], [142.441666666654, 42.4166666666668], [142.43333333332, 42.4166666666668], [142.43333333332, 42.4083333333334], [142.424999999987, 42.4083333333334], [142.424999999987, 42.4000000000001], [142.416666666654, 42.4000000000001], [142.416666666654, 42.3916666666668], [142.399999999987, 42.3916666666668], [142.399999999987, 42.3833333333334], [142.391666666654, 42.3833333333334], [142.391666666654, 42.3750000000001], [142.374999999987, 42.3750000000001], [142.374999999987, 42.3666666666668], [142.35833333332, 42.3666666666668], [142.35833333332, 42.3583333333334], [142.341666666654, 42.3583333333334], [142.341666666654, 42.3500000000001], [142.30833333332, 42.3500000000001], [142.30833333332, 42.3583333333334], [142.291666666654, 42.3583333333334], [142.291666666654, 42.3666666666668], [142.274999999987, 42.3666666666668], [142.274999999987, 42.3750000000001]]]}}, {"type": "Feature", "properties": {"id": "新十津川町", "name": "新十津川町"}, "geometry": {"type": "MultiPolygon", "coordinates": [[[[141.558333333321, 43.6333333333334], [141.541666666654, 43.6333333333334], [141.541666666654, 43.6416666666667], [141.533333333321, 43.6416666666667], [141.533333333321, 43.65], [141.524999999988, 43.65], [141.524999999988, 43.6583333333334], [141.516666666655, 43.6583333333334], [141.516666666655, 43.6666666666667], [141.508333333321, 43.6666666666667], [141.508333333321, 43.675], [141.499999999988, 43.675], [141.499999999988, 43.6833333333334], [141.491666666655, 43.6833333333334], [141.491666666655, 43.6916666666667], [141.499999999988, 43.6916666666667], [141.499999999988, 43.7], [141.516666666655, 43.7], [141.516666666655, 43.7083333333334], [141.533333333321, 43.7083333333334], [141.533333333321, 43.7], [141.566666666654, 43.7], [141.566666666654, 43.6916666666667], [141.583333333321, 43.6916666666667], [141.583333333321, 43.6833333333334], [141.599999999988, 43.6833333333334], [141.599999999988, 43.675], [141.608333333321, 43.675], [141.608333333321, 43.6666666666667], [141.633333333321, 43.6666666666667], [141.633333333321, 43.6583333333334], [141.641666666654, 43.6583333333334], [141.641666666654, 43.6666666666667], [141.674999999988, 43.6666666666667], [141.674999999988, 43.675], [141.683333333321, 43.675], [141.683333333321, 43.6833333333334], [141.691666666654, 43.6833333333334], [141.691666666654, 43.6916666666667], [141.708333333321, 43.6916666666667], [141.708333333321, 43.7], [141.733333333321, 43.7], [141.733333333321, 43.6833333333334], [141.749999999988, 43.6833333333334], [141.749999999988, 43.675], [141.774999999988, 43.675], [141.774999999988, 43.6666666666667], [141.849999999988, 43.6666666666667], [141.849999999988, 43.6583333333334], [141.858333333321, 43.6583333333334], [141.858333333321, 43.625], [141.866666666654, 43.625], [141.866666666654, 43.6166666666667], [141.874999999988, 43.6166666666667], [141.874999999988, 43.6083333333334], [141.883333333321, 43.6083333333334], [141.883333333321, 43.5583333333334], [141.891666666654, 43.5583333333334], [141.891666666654, 43.5333333333334], [141.899999999988, 43.5333333333334], [141.899999999988, 43.5], [141.891666666654, 43.5], [141.891666666654, 43.4916666666667], [141.874999999988, 43.4916666666667], [141.874999999988, 43.4833333333334], [141.866666666654, 43.4833333333334], [141.866666666654, 43.4666666666667], [141.849999999988, 43.4666666666667], [141.849999999988, 43.4750000000001], [141.841666666654, 43.4750000000001], [141.841666666654, 43.4833333333334], [141.816666666654, 43.4833333333334], [141.816666666654, 43.4750000000001], [141.791666666654, 43.4750000000001], [141.791666666654, 43.4833333333334], [141.783333333321, 43.4833333333334], [141.783333333321, 43.4916666666667], [141.774999999988, 43.4916666666667], [141.774999999988, 43.5], [141.758333333321, 43.5], [141.758333333321, 43.4916666666667], [141.749999999988, 43.4916666666667], [141.749999999988, 43.4833333333334], [141.741666666654, 43.4833333333334], [141.741666666654, 43.4750000000001], [141.724999999988, 43.4750000000001], [141.724999999988, 43.4833333333334], [141.716666666654, 43.4833333333334], [141.716666666654, 43.4916666666667], [141.699999999988, 43.4916666666667], [141.699999999988, 43.5], [141.666666666654, 43.5], [141.666666666654, 43.5166666666667], [141.649999999988, 43.5166666666667], [141.649999999988, 43.525], [141.641666666654, 43.525], [141.641666666654, 43.5333333333334], [141.633333333321, 43.5333333333334], [141.633333333321, 43.5416666666667], [141.624999999988, 43.5416666666667], [141.624999999988, 43.5666666666667], [141.616666666654, 43.5666666666667], [141.616666666654, 43.5833333333334], [141.599999999988, 43.5833333333334], [141.599999999988, 43.5916666666667], [141.591666666654, 43.5916666666667], [141.591666666654, 43.6], [141.583333333321, 43.6], [141.583333333321, 43.6166666666667], [141.566666666654, 43.6166666666667], [141.566666666654, 43.625], [141.558333333321, 43.625], [141.558333333321, 43.6333333333334]], [[141.874999999988, 43.5083333333334], [141.891666666654, 43.5083333333334], [141.891666666654, 43.5166666666667], [141.874999999988, 43.5166666666667], [141.874999999988, 43.5083333333334]]], [[[141.874999999988, 43.4583333333334], [141.874999999988, 43.4500000000001], [141.866666666654, 43.4500000000001], [141.866666666654, 43.4583333333334], [141.874999999988, 43.4583333333334]]]]}}, {"type": "Feature", "properties": {"id": "新得町", "name": "新得町"}, "geometry": {"type": "MultiPolygon", "coordinates": [[[[142.749999999987, 43.0166666666667], [142.749999999987, 43.0583333333334], [142.741666666653, 43.0583333333334], [142.741666666653, 43.0666666666667], [142.73333333332, 43.0666666666667], [142.73333333332, 43.0833333333334], [142.741666666653, 43.0833333333334], [142.741666666653, 43.1083333333334], [142.749999999987, 43.1083333333334], [142.749999999987, 43.1250000000001], [142.766666666653, 43.1250000000001], [142.766666666653, 43.1666666666667], [142.774999999987, 43.1666666666667], [142.774999999987, 43.1750000000001], [142.766666666653, 43.1750000000001], [142.766666666653, 43.2000000000001], [142.75833333332, 43.2000000000001], [142.75833333332, 43.2083333333334], [142.741666666653, 43.2083333333334], [142.741666666653, 43.2166666666667], [142.73333333332, 43.2166666666667], [142.73333333332, 43.2333333333334], [142.741666666653, 43.2333333333334], [142.741666666653, 43.2416666666667], [142.73333333332, 43.2416666666667], [142.73333333332, 43.2500000000001], [142.741666666653, 43.2500000000001], [142.741666666653, 43.2583333333334], [142.749999999987, 43.2583333333334], [142.749999999987, 43.2666666666667], [142.741666666653, 43.2666666666667], [142.741666666653, 43.2833333333334], [142.73333333332, 43.2833333333334], [142.73333333332, 43.3083333333334], [142.741666666653, 43.3083333333334], [142.741666666653, 43.3250000000001], [142.749999999987, 43.3250000000001], [142.749999999987, 43.3416666666667], [142.766666666653, 43.3416666666667], [142.766666666653, 43.3500000000001], [142.741666666653, 43.3500000000001], [142.741666666653, 43.3583333333334], [142.716666666653, 43.3583333333334], [142.716666666653, 43.3666666666667], [142.70833333332, 43.3666666666667], [142.70833333332, 43.3750000000001], [142.699999999987, 43.3750000000001], [142.699999999987, 43.3833333333334], [142.691666666653, 43.3833333333334], [142.691666666653, 43.3916666666667], [142.68333333332, 43.3916666666667], [142.68333333332, 43.4000000000001], [142.674999999987, 43.4000000000001], [142.674999999987, 43.4166666666667], [142.691666666653, 43.4166666666667], [142.691666666653, 43.4250000000001], [142.70833333332, 43.4250000000001], [142.70833333332, 43.4416666666667], [142.716666666653, 43.4416666666667], [142.716666666653, 43.4500000000001], [142.724999999987, 43.4500000000001], [142.724999999987, 43.4583333333334], [142.73333333332, 43.4583333333334], [142.73333333332, 43.4666666666667], [142.749999999987, 43.4666666666667], [142.749999999987, 43.4750000000001], [142.75833333332, 43.4750000000001], [142.75833333332, 43.4833333333334], [142.774999999987, 43.4833333333334], [142.774999999987, 43.4916666666667], [142.78333333332, 43.4916666666667], [142.78333333332, 43.5000000000001], [142.799999999987, 43.5000000000001], [142.799999999987, 43.5083333333334], [142.80833333332, 43.5083333333334], [142.80833333332, 43.5166666666667], [142.816666666653, 43.5166666666667], [142.816666666653, 43.525], [142.80833333332, 43.525], [142.80833333332, 43.5333333333334], [142.816666666653, 43.5333333333334], [142.816666666653, 43.5250000000001], [142.849999999987, 43.5250000000001], [142.849999999987, 43.5500000000001], [142.85833333332, 43.5500000000001], [142.85833333332, 43.5666666666667], [142.90833333332, 43.5666666666667], [142.90833333332, 43.5583333333334], [142.924999999987, 43.5583333333334], [142.924999999987, 43.5500000000001], [142.93333333332, 43.5500000000001], [142.93333333332, 43.5416666666667], [142.941666666653, 43.5416666666667], [142.941666666653, 43.5333333333334], [142.949999999987, 43.5333333333334], [142.949999999987, 43.5250000000001], [142.966666666653, 43.5250000000001], [142.966666666653, 43.5333333333334], [142.974999999987, 43.5333333333334], [142.974999999987, 43.2166666666667], [142.966666666653, 43.2166666666667], [142.966666666653, 43.2083333333334], [142.974999999987, 43.2083333333334], [142.974999999987, 43.2000000000001], [142.949999999987, 43.2000000000001], [142.949999999987, 43.1750000000001], [142.93333333332, 43.1750000000001], [142.93333333332, 43.1666666666667], [142.924999999987, 43.1666666666667], [142.924999999987, 43.1166666666667], [142.916666666653, 43.1166666666667], [142.916666666653, 43.0916666666667], [142.891666666653, 43.0916666666667], [142.891666666653, 43.0666666666667], [142.85833333332, 43.0666666666667], [142.85833333332, 43.0416666666667], [142.849999999987, 43.0416666666667], [142.849999999987, 43.0333333333334], [142.799999999987, 43.0333333333334], [142.799999999987, 43.0250000000001], [142.791666666653, 43.0250000000001], [142.791666666653, 43.0166666666667], [142.749999999987, 43.0166666666667]]], [[[142.974999999999, 43.2250000000001], [142.974999999999, 43.2416666666667], [142.983333333332, 43.2416666666667], [142.983333333332, 43.2250000000001], [142.974999999999, 43.2250000000001]]], [[[142.983333333332, 43.2750000000001], [142.974999999999, 43.2750000000001], [142.974999999999, 43.2833333333334], [142.983333333332, 43.2833333333334], [142.983333333332, 43.2750000000001]]], [[[142.974999999999, 43.2916666666667], [142.974999999999, 43.5333333333334], [143.008333333332, 43.5333333333334], [143.008333333332, 43.5166666666667], [143.016666666665, 43.5166666666667], [143.016666666665, 43.5083333333334], [143.024999999999, 43.5083333333334], [143.024999999999, 43.5000000000001], [143.033333333332, 43.5000000000001], [143.033333333332, 43.4833333333334], [143.041666666665, 43.4833333333334], [143.041666666665, 43.4583333333334], [143.033333333332, 43.4583333333334], [143.033333333332, 43.4333333333334], [143.024999999999, 43.4333333333334], [143.024999999999, 43.4083333333334], [143.033333333332, 43.4083333333334], [143.033333333332, 43.3916666666667], [143.024999999999, 43.3916666666667], [143.024999999999, 43.3833333333334], [143.016666666665, 43.3833333333334], [143.016666666665, 43.3750000000001], [143.008333333332, 43.3750000000001], [143.008333333332, 43.3583333333334], [142.999999999999, 43.3583333333334], [142.999999999999, 43.3500000000001], [143.008333333332, 43.3500000000001], [143.008333333332, 43.3166666666667], [142.991666666665, 43.3166666666667], [142.991666666665, 43.3000000000001], [142.983333333332, 43.3000000000001], [142.983333333332, 43.2916666666667], [142.974999999999, 43.2916666666667]]]]}}, {"type": "Feature", "properties": {"id": "新篠津村", "name": "新篠津村"}, "geometry": {"type": "Polygon", "coordinates": [[[141.574999999988, 43.1583333333334], [141.574999999988, 43.2083333333334], [141.566666666654, 43.2083333333334], [141.566666666654, 43.2416666666667], [141.574999999988, 43.2416666666667], [141.574999999988, 43.2500000000001], [141.583333333321, 43.2500000000001], [141.583333333321, 43.2583333333334], [141.591666666654, 43.2583333333334], [141.591666666654, 43.2666666666667], [141.608333333321, 43.2666666666667], [141.608333333321, 43.2833333333334], [141.658333333321, 43.2833333333334], [141.658333333321, 43.2750000000001], [141.649999999988, 43.2750000000001], [141.649999999988, 43.2666666666667], [141.658333333321, 43.2666666666667], [141.658333333321, 43.2583333333334], [141.666666666654, 43.2583333333334], [141.666666666654, 43.2500000000001], [141.658333333321, 43.2500000000001], [141.658333333321, 43.2416666666667], [141.666666666654, 43.2416666666667], [141.666666666654, 43.2333333333334], [141.674999999988, 43.2333333333334], [141.674999999988, 43.2250000000001], [141.658333333321, 43.2250000000001], [141.658333333321, 43.2083333333334], [141.649999999988, 43.2083333333334], [141.649999999988, 43.1916666666667], [141.633333333321, 43.1916666666667], [141.633333333321, 43.1833333333334], [141.624999999988, 43.1833333333334], [141.624999999988, 43.1750000000001], [141.616666666654, 43.1750000000001], [141.616666666654, 43.1583333333334], [141.574999999988, 43.1583333333334]]]}}, {"type": "Feature", "properties": {"id": "日高町", "name": "日高町"}, "geometry": {"type": "MultiPolygon", "coordinates": [[[[142.049999999987, 42.4833333333334], [142.024999999987, 42.4833333333334], [142.024999999987, 42.4916666666668], [142.008333333321, 42.4916666666668], [142.008333333321, 42.5000000000001], [141.999999999987, 42.5000000000001], [141.999999999987, 42.5083333333334], [141.983333333321, 42.5083333333334], [141.983333333321, 42.5166666666668], [141.974999999987, 42.5166666666668], [141.974999999987, 42.5250000000001], [141.966666666654, 42.5250000000001], [141.966666666654, 42.5333333333334], [141.974999999987, 42.5333333333334], [141.974999999987, 42.5416666666668], [142.016666666654, 42.5416666666668], [142.016666666654, 42.5500000000001], [142.033333333321, 42.5500000000001], [142.033333333321, 42.5583333333334], [142.049999999987, 42.5583333333334], [142.049999999987, 42.5500000000001], [142.058333333321, 42.5500000000001], [142.058333333321, 42.5333333333334], [142.066666666654, 42.5333333333334], [142.066666666654, 42.5416666666668], [142.074999999987, 42.5416666666668], [142.074999999987, 42.5333333333334], [142.091666666654, 42.5333333333334], [142.091666666654, 42.5250000000001], [142.124999999987, 42.5250000000001], [142.124999999987, 42.5333333333334], [142.133333333321, 42.5333333333334], [142.133333333321, 42.5416666666668], [142.149999999987, 42.5416666666668], [142.149999999987, 42.5500000000001], [142.158333333321, 42.5500000000001], [142.158333333321, 42.5583333333334], [142.174999999987, 42.5583333333334], [142.174999999987, 42.5666666666668], [142.183333333321, 42.5666666666668], [142.183333333321, 42.5833333333334], [142.191666666654, 42.5833333333334], [142.191666666654, 42.5916666666668], [142.208333333321, 42.5916666666668], [142.208333333321, 42.6000000000001], [142.216666666654, 42.6000000000001], [142.216666666654, 42.6083333333334], [142.224999999987, 42.6083333333334], [142.224999999987, 42.6166666666668], [142.233333333321, 42.6166666666668], [142.233333333321, 42.6250000000001], [142.28333333332, 42.6250000000001], [142.28333333332, 42.6333333333334], [142.30833333332, 42.6333333333334], [142.30833333332, 42.6250000000001], [142.316666666654, 42.6250000000001], [142.316666666654, 42.6166666666668], [142.391666666654, 42.6166666666668], [142.391666666654, 42.6250000000001], [142.441666666654, 42.6250000000001], [142.441666666654, 42.6166666666668], [142.491666666654, 42.6166666666668], [142.491666666654, 42.6083333333334], [142.499999999987, 42.6083333333334], [142.499999999987, 42.6000000000001], [142.474999999987, 42.6000000000001], [142.474999999987, 42.5916666666668], [142.466666666654, 42.5916666666668], [142.466666666654, 42.5833333333334], [142.45833333332, 42.5833333333334], [142.45833333332, 42.5750000000001], [142.449999999987, 42.5750000000001], [142.449999999987, 42.5666666666668], [142.40833333332, 42.5666666666668], [142.40833333332, 42.5583333333334], [142.399999999987, 42.5583333333334], [142.399999999987, 42.5500000000001], [142.391666666654, 42.5500000000001], [142.391666666654, 42.5416666666668], [142.35833333332, 42.5416666666668], [142.35833333332, 42.5500000000001], [142.349999999987, 42.5500000000001], [142.349999999987, 42.5416666666668], [142.33333333332, 42.5416666666668], [142.33333333332, 42.5166666666668], [142.316666666654, 42.5166666666668], [142.316666666654, 42.5083333333334], [142.30833333332, 42.5083333333334], [142.30833333332, 42.4750000000001], [142.299999999987, 42.4750000000001], [142.299999999987, 42.4583333333334], [142.291666666654, 42.4583333333334], [142.291666666654, 42.4500000000001], [142.28333333332, 42.4500000000001], [142.28333333332, 42.4416666666668], [142.274999999987, 42.4416666666668], [142.274999999987, 42.4333333333334], [142.249999999987, 42.4333333333334], [142.249999999987, 42.4250000000001], [142.224999999987, 42.4250000000001], [142.224999999987, 42.4166666666668], [142.216666666654, 42.4166666666668], [142.216666666654, 42.4250000000001], [142.199999999987, 42.4250000000001], [142.199999999987, 42.4416666666668], [142.191666666654, 42.4416666666668], [142.191666666654, 42.4500000000001], [142.166666666654, 42.4500000000001], [142.166666666654, 42.4583333333334], [142.149999999987, 42.4583333333334], [142.149999999987, 42.4666666666668], [142.074999999987, 42.4666666666668], [142.074999999987, 42.4750000000001], [142.049999999987, 42.4750000000001], [142.049999999987, 42.4833333333334]]], [[[142.374999999987, 42.8833333333334], [142.38333333332, 42.8833333333334], [142.38333333332, 42.8916666666668], [142.391666666654, 42.8916666666668], [142.391666666654, 42.9000000000001], [142.399999999987, 42.9000000000001], [142.399999999987, 42.9333333333334], [142.416666666654, 42.9333333333334], [142.416666666654, 42.9250000000001], [142.43333333332, 42.9250000000001], [142.43333333332, 42.9166666666668], [142.441666666654, 42.9166666666668], [142.441666666654, 42.9083333333334], [142.449999999987, 42.9083333333334], [142.449999999987, 42.9166666666668], [142.48333333332, 42.9166666666668], [142.48333333332, 42.9250000000001], [142.491666666654, 42.9250000000001], [142.491666666654, 42.9166666666668], [142.516666666654, 42.9166666666668], [142.516666666654, 42.9250000000001], [142.524999999987, 42.9250000000001], [142.524999999987, 42.9166666666668], [142.541666666654, 42.9166666666668], [142.541666666654, 42.9083333333334], [142.549999999987, 42.9083333333334], [142.549999999987, 42.9166666666668], [142.566666666654, 42.9166666666668], [142.566666666654, 42.9333333333334], [142.574999999987, 42.9333333333334], [142.574999999987, 42.9500000000001], [142.58333333332, 42.9500000000001], [142.58333333332, 42.9666666666668], [142.599999999987, 42.9666666666668], [142.599999999987, 42.9750000000001], [142.624999999987, 42.9750000000001], [142.624999999987, 42.9833333333334], [142.674999999987, 42.9833333333334], [142.674999999987, 42.9916666666668], [142.70833333332, 42.9916666666668], [142.70833333332, 43.0000000000001], [142.716666666653, 43.0000000000001], [142.716666666653, 43.0083333333334], [142.741666666653, 43.0083333333334], [142.741666666653, 43.0000000000001], [142.749999999987, 43.0000000000001], [142.749999999987, 42.9916666666668], [142.75833333332, 42.9916666666668], [142.75833333332, 42.9750000000001], [142.749999999987, 42.9750000000001], [142.749999999987, 42.9583333333334], [142.75833333332, 42.9583333333334], [142.75833333332, 42.9416666666668], [142.766666666653, 42.9416666666668], [142.766666666653, 42.9333333333334], [142.774999999987, 42.9333333333334], [142.774999999987, 42.9166666666667], [142.766666666653, 42.9166666666667], [142.766666666653, 42.9083333333334], [142.75833333332, 42.9083333333334], [142.75833333332, 42.8916666666668], [142.766666666653, 42.8916666666668], [142.766666666653, 42.8750000000001], [142.78333333332, 42.8750000000001], [142.78333333332, 42.8583333333334], [142.774999999987, 42.8583333333334], [142.774999999987, 42.8500000000001], [142.741666666653, 42.8500000000001], [142.741666666653, 42.8416666666668], [142.73333333332, 42.8416666666668], [142.73333333332, 42.8166666666668], [142.724999999987, 42.8166666666668], [142.724999999987, 42.8000000000001], [142.716666666653, 42.8000000000001], [142.716666666653, 42.7750000000001], [142.70833333332, 42.7750000000001], [142.70833333332, 42.7666666666668], [142.691666666653, 42.7666666666668], [142.691666666653, 42.7500000000001], [142.649999999987, 42.7500000000001], [142.649999999987, 42.7583333333334], [142.641666666653, 42.7583333333334], [142.641666666653, 42.7666666666668], [142.63333333332, 42.7666666666668], [142.63333333332, 42.7750000000001], [142.616666666654, 42.7750000000001], [142.616666666654, 42.7833333333334], [142.591666666654, 42.7833333333334], [142.591666666654, 42.7916666666668], [142.58333333332, 42.7916666666668], [142.58333333332, 42.8000000000001], [142.574999999987, 42.8000000000001], [142.574999999987, 42.8166666666668], [142.549999999987, 42.8166666666668], [142.549999999987, 42.8083333333334], [142.53333333332, 42.8083333333334], [142.53333333332, 42.8000000000001], [142.50833333332, 42.8000000000001], [142.50833333332, 42.7833333333334], [142.499999999987, 42.7833333333334], [142.499999999987, 42.7750000000001], [142.449999999987, 42.7750000000001], [142.449999999987, 42.7833333333334], [142.416666666654, 42.7833333333334], [142.416666666654, 42.7916666666668], [142.38333333332, 42.7916666666668], [142.38333333332, 42.8083333333334], [142.391666666654, 42.8083333333334], [142.391666666654, 42.8333333333334], [142.399999999987, 42.8333333333334], [142.399999999987, 42.8500000000001], [142.391666666654, 42.8500000000001], [142.391666666654, 42.8583333333334], [142.374999999987, 42.8583333333334], [142.374999999987, 42.8833333333334]]]]}}, {"type": "Feature", "properties": {"id": "旭川市", "name": "旭川市"}, "geometry": {"type": "Polygon", "coordinates": [[[142.174999999987, 43.675], [142.174999999987, 43.7], [142.183333333321, 43.7], [142.183333333321, 43.7166666666667], [142.174999999987, 43.7166666666667], [142.174999999987, 43.7333333333334], [142.199999999987, 43.7333333333334], [142.199999999987, 43.7583333333334], [142.208333333321, 43.7583333333334], [142.208333333321, 43.7666666666667], [142.216666666654, 43.7666666666667], [142.216666666654, 43.775], [142.224999999987, 43.775], [142.224999999987, 43.7916666666667], [142.233333333321, 43.7916666666667], [142.233333333321, 43.8166666666667], [142.224999999987, 43.8166666666667], [142.224999999987, 43.825], [142.216666666654, 43.825], [142.216666666654, 43.8333333333334], [142.208333333321, 43.8333333333334], [142.208333333321, 43.8416666666667], [142.216666666654, 43.8416666666667], [142.216666666654, 43.8666666666667], [142.166666666654, 43.8666666666667], [142.166666666654, 43.875], [142.158333333321, 43.875], [142.158333333321, 43.9], [142.149999999987, 43.9], [142.149999999987, 43.9083333333334], [142.158333333321, 43.9083333333334], [142.158333333321, 43.9166666666667], [142.166666666654, 43.9166666666667], [142.166666666654, 43.925], [142.183333333321, 43.925], [142.183333333321, 43.9333333333334], [142.191666666654, 43.9333333333334], [142.191666666654, 43.9416666666667], [142.199999999987, 43.9416666666667], [142.199999999987, 43.95], [142.241666666654, 43.95], [142.241666666654, 43.9583333333334], [142.249999999987, 43.9583333333334], [142.249999999987, 43.95], [142.258333333321, 43.95], [142.258333333321, 43.9416666666667], [142.28333333332, 43.9416666666667], [142.28333333332, 43.925], [142.274999999987, 43.925], [142.274999999987, 43.8833333333334], [142.28333333332, 43.8833333333334], [142.28333333332, 43.875], [142.291666666654, 43.875], [142.291666666654, 43.8666666666667], [142.28333333332, 43.8666666666667], [142.28333333332, 43.8416666666667], [142.291666666654, 43.8416666666667], [142.291666666654, 43.7916666666667], [142.316666666654, 43.7916666666667], [142.316666666654, 43.8], [142.324999999987, 43.8], [142.324999999987, 43.8083333333334], [142.33333333332, 43.8083333333334], [142.33333333332, 43.8166666666667], [142.341666666654, 43.8166666666667], [142.341666666654, 43.825], [142.35833333332, 43.825], [142.35833333332, 43.8333333333334], [142.374999999987, 43.8333333333334], [142.374999999987, 43.8416666666667], [142.391666666654, 43.8416666666667], [142.391666666654, 43.85], [142.374999999987, 43.85], [142.374999999987, 43.8666666666667], [142.38333333332, 43.8666666666667], [142.38333333332, 43.875], [142.391666666654, 43.875], [142.391666666654, 43.9083333333334], [142.399999999987, 43.9083333333334], [142.399999999987, 43.925], [142.40833333332, 43.925], [142.40833333332, 43.9333333333334], [142.416666666654, 43.9333333333334], [142.416666666654, 43.9416666666667], [142.424999999987, 43.9416666666667], [142.424999999987, 43.95], [142.43333333332, 43.95], [142.43333333332, 43.9416666666667], [142.441666666654, 43.9416666666667], [142.441666666654, 43.9333333333334], [142.43333333332, 43.9333333333334], [142.43333333332, 43.9166666666667], [142.441666666654, 43.9166666666667], [142.441666666654, 43.9], [142.449999999987, 43.9], [142.449999999987, 43.8916666666667], [142.441666666654, 43.8916666666667], [142.441666666654, 43.8833333333334], [142.449999999987, 43.8833333333334], [142.449999999987, 43.85], [142.45833333332, 43.85], [142.45833333332, 43.8333333333334], [142.466666666654, 43.8333333333334], [142.466666666654, 43.825], [142.474999999987, 43.825], [142.474999999987, 43.8166666666667], [142.491666666654, 43.8166666666667], [142.491666666654, 43.8083333333334], [142.499999999987, 43.8083333333334], [142.499999999987, 43.8], [142.516666666654, 43.8], [142.516666666654, 43.7833333333334], [142.541666666654, 43.7833333333334], [142.541666666654, 43.775], [142.566666666654, 43.775], [142.566666666654, 43.7583333333334], [142.616666666654, 43.7583333333334], [142.616666666654, 43.75], [142.666666666653, 43.75], [142.666666666653, 43.7416666666667], [142.699999999987, 43.7416666666667], [142.699999999987, 43.75], [142.716666666653, 43.75], [142.716666666653, 43.7416666666667], [142.724999999987, 43.7416666666667], [142.724999999987, 43.7333333333334], [142.73333333332, 43.7333333333334], [142.73333333332, 43.7166666666667], [142.741666666653, 43.7166666666667], [142.741666666653, 43.7083333333334], [142.73333333332, 43.7083333333334], [142.73333333332, 43.6916666666667], [142.741666666653, 43.6916666666667], [142.741666666653, 43.6833333333334], [142.68333333332, 43.6833333333334], [142.68333333332, 43.6916666666667], [142.666666666653, 43.6916666666667], [142.666666666653, 43.7], [142.641666666653, 43.7], [142.641666666653, 43.7083333333334], [142.63333333332, 43.7083333333334], [142.63333333332, 43.7166666666667], [142.58333333332, 43.7166666666667], [142.58333333332, 43.725], [142.549999999987, 43.725], [142.549999999987, 43.7333333333334], [142.53333333332, 43.7333333333334], [142.53333333332, 43.7416666666667], [142.516666666654, 43.7416666666667], [142.516666666654, 43.75], [142.491666666654, 43.75], [142.491666666654, 43.7416666666667], [142.474999999987, 43.7416666666667], [142.474999999987, 43.7], [142.466666666654, 43.7], [142.466666666654, 43.7083333333334], [142.449999999987, 43.7083333333334], [142.449999999987, 43.7166666666667], [142.43333333332, 43.7166666666667], [142.43333333332, 43.725], [142.40833333332, 43.725], [142.40833333332, 43.7333333333334], [142.399999999987, 43.7333333333334], [142.399999999987, 43.725], [142.391666666654, 43.725], [142.391666666654, 43.7166666666667], [142.399999999987, 43.7166666666667], [142.399999999987, 43.7], [142.40833333332, 43.7], [142.40833333332, 43.6916666666667], [142.416666666654, 43.6916666666667], [142.416666666654, 43.6833333333334], [142.424999999987, 43.6833333333334], [142.424999999987, 43.675], [142.449999999987, 43.675], [142.449999999987, 43.6666666666667], [142.45833333332, 43.6666666666667], [142.45833333332, 43.6583333333334], [142.474999999987, 43.6583333333334], [142.474999999987, 43.65], [142.48333333332, 43.65], [142.48333333332, 43.6416666666667], [142.549999999987, 43.6416666666667], [142.549999999987, 43.65], [142.55833333332, 43.65], [142.55833333332, 43.6333333333334], [142.541666666654, 43.6333333333334], [142.541666666654, 43.625], [142.45833333332, 43.625], [142.45833333332, 43.6333333333334], [142.449999999987, 43.6333333333334], [142.449999999987, 43.65], [142.441666666654, 43.65], [142.441666666654, 43.6583333333334], [142.424999999987, 43.6583333333334], [142.424999999987, 43.6666666666667], [142.399999999987, 43.6666666666667], [142.399999999987, 43.6583333333334], [142.391666666654, 43.6583333333334], [142.391666666654, 43.65], [142.399999999987, 43.65], [142.399999999987, 43.6416666666667], [142.391666666654, 43.6416666666667], [142.391666666654, 43.625], [142.38333333332, 43.625], [142.38333333332, 43.6166666666667], [142.349999999987, 43.6166666666667], [142.349999999987, 43.6], [142.341666666654, 43.6], [142.341666666654, 43.5833333333334], [142.324999999987, 43.5833333333334], [142.324999999987, 43.5416666666667], [142.316666666654, 43.5416666666667], [142.316666666654, 43.55], [142.299999999987, 43.55], [142.299999999987, 43.5666666666667], [142.291666666654, 43.5666666666667], [142.291666666654, 43.5833333333334], [142.28333333332, 43.5833333333334], [142.28333333332, 43.6083333333334], [142.291666666654, 43.6083333333334], [142.291666666654, 43.6416666666667], [142.28333333332, 43.6416666666667], [142.28333333332, 43.65], [142.274999999987, 43.65], [142.274999999987, 43.6583333333334], [142.249999999987, 43.6583333333334], [142.249999999987, 43.65], [142.208333333321, 43.65], [142.208333333321, 43.6416666666667], [142.199999999987, 43.6416666666667], [142.199999999987, 43.65], [142.191666666654, 43.65], [142.191666666654, 43.6666666666667], [142.183333333321, 43.6666666666667], [142.183333333321, 43.675], [142.174999999987, 43.675]]]}}, {"type": "Feature", "properties": {"id": "更別村", "name": "更別村"}, "geometry": {"type": "Polygon", "coordinates": [[[143.091666666665, 42.5750000000001], [143.074999999999, 42.5750000000001], [143.074999999999, 42.5833333333334], [143.041666666665, 42.5833333333334], [143.041666666665, 42.5916666666668], [143.074999999999, 42.5916666666668], [143.074999999999, 42.6000000000001], [143.091666666665, 42.6000000000001], [143.091666666665, 42.5916666666668], [143.099999999999, 42.5916666666668], [143.099999999999, 42.6000000000001], [143.108333333332, 42.6000000000001], [143.108333333332, 42.6083333333334], [143.116666666665, 42.6083333333334], [143.116666666665, 42.6166666666668], [143.124999999999, 42.6166666666668], [143.124999999999, 42.6333333333334], [143.141666666665, 42.6333333333334], [143.141666666665, 42.6416666666668], [143.149999999999, 42.6416666666668], [143.149999999999, 42.6583333333334], [143.158333333332, 42.6583333333334], [143.158333333332, 42.6666666666668], [143.166666666665, 42.6666666666668], [143.166666666665, 42.6750000000001], [143.174999999999, 42.6750000000001], [143.174999999999, 42.6916666666668], [143.183333333332, 42.6916666666668], [143.183333333332, 42.7000000000001], [143.208333333332, 42.7000000000001], [143.208333333332, 42.7083333333334], [143.224999999999, 42.7083333333334], [143.224999999999, 42.7000000000001], [143.241666666665, 42.7000000000001], [143.241666666665, 42.7166666666668], [143.249999999998, 42.7166666666668], [143.249999999998, 42.7250000000001], [143.274999999998, 42.7250000000001], [143.274999999998, 42.7166666666668], [143.283333333332, 42.7166666666668], [143.283333333332, 42.7083333333334], [143.274999999998, 42.7083333333334], [143.274999999998, 42.6666666666668], [143.266666666665, 42.6666666666668], [143.266666666665, 42.6333333333334], [143.299999999998, 42.6333333333334], [143.299999999998, 42.6000000000001], [143.291666666665, 42.6000000000001], [143.291666666665, 42.5916666666668], [143.274999999998, 42.5916666666668], [143.274999999998, 42.5833333333334], [143.249999999998, 42.5833333333334], [143.249999999998, 42.5750000000001], [143.233333333332, 42.5750000000001], [143.233333333332, 42.5666666666668], [143.216666666665, 42.5666666666668], [143.216666666665, 42.5750000000001], [143.099999999999, 42.5750000000001], [143.099999999999, 42.5833333333334], [143.091666666665, 42.5833333333334], [143.091666666665, 42.5750000000001]]]}}, {"type": "Feature", "properties": {"id": "月形町", "name": "月形町"}, "geometry": {"type": "Polygon", "coordinates": [[[141.608333333321, 43.2916666666667], [141.608333333321, 43.3083333333334], [141.599999999988, 43.3083333333334], [141.599999999988, 43.3250000000001], [141.608333333321, 43.3250000000001], [141.608333333321, 43.3333333333334], [141.599999999988, 43.3333333333334], [141.599999999988, 43.3416666666667], [141.591666666654, 43.3416666666667], [141.591666666654, 43.3500000000001], [141.583333333321, 43.3500000000001], [141.583333333321, 43.3583333333334], [141.591666666654, 43.3583333333334], [141.591666666654, 43.3666666666667], [141.599999999988, 43.3666666666667], [141.599999999988, 43.3833333333334], [141.608333333321, 43.3833333333334], [141.608333333321, 43.3916666666667], [141.624999999988, 43.3916666666667], [141.624999999988, 43.4000000000001], [141.633333333321, 43.4000000000001], [141.633333333321, 43.4083333333334], [141.641666666654, 43.4083333333334], [141.641666666654, 43.4166666666667], [141.649999999988, 43.4166666666667], [141.649999999988, 43.4250000000001], [141.658333333321, 43.4250000000001], [141.658333333321, 43.4333333333334], [141.674999999988, 43.4333333333334], [141.674999999988, 43.4416666666667], [141.691666666654, 43.4416666666667], [141.691666666654, 43.4500000000001], [141.699999999988, 43.4500000000001], [141.699999999988, 43.4583333333334], [141.724999999988, 43.4583333333334], [141.724999999988, 43.4500000000001], [141.733333333321, 43.4500000000001], [141.733333333321, 43.4416666666667], [141.724999999988, 43.4416666666667], [141.724999999988, 43.4333333333334], [141.733333333321, 43.4333333333334], [141.733333333321, 43.4083333333334], [141.741666666654, 43.4083333333334], [141.741666666654, 43.4000000000001], [141.749999999988, 43.4000000000001], [141.749999999988, 43.3916666666667], [141.766666666654, 43.3916666666667], [141.766666666654, 43.3833333333334], [141.774999999988, 43.3833333333334], [141.774999999988, 43.3750000000001], [141.766666666654, 43.3750000000001], [141.766666666654, 43.3666666666667], [141.758333333321, 43.3666666666667], [141.758333333321, 43.3500000000001], [141.749999999988, 43.3500000000001], [141.749999999988, 43.3583333333334], [141.741666666654, 43.3583333333334], [141.741666666654, 43.3500000000001], [141.708333333321, 43.3500000000001], [141.708333333321, 43.3416666666667], [141.699999999988, 43.3416666666667], [141.699999999988, 43.3333333333334], [141.683333333321, 43.3333333333334], [141.683333333321, 43.3166666666667], [141.674999999988, 43.3166666666667], [141.674999999988, 43.3083333333334], [141.666666666654, 43.3083333333334], [141.666666666654, 43.3000000000001], [141.674999999988, 43.3000000000001], [141.674999999988, 43.2916666666667], [141.658333333321, 43.2916666666667], [141.658333333321, 43.2833333333334], [141.624999999988, 43.2833333333334], [141.624999999988, 43.2916666666667], [141.608333333321, 43.2916666666667]]]}}, {"type": "Feature", "properties": {"id": "木古内町", "name": "木古内町"}, "geometry": {"type": "Polygon", "coordinates": [[[140.333333333322, 41.6500000000002], [140.316666666656, 41.6500000000002], [140.316666666656, 41.6583333333335], [140.291666666656, 41.6583333333335], [140.291666666656, 41.6666666666668], [140.283333333322, 41.6666666666668], [140.283333333322, 41.6750000000002], [140.291666666656, 41.6750000000002], [140.291666666656, 41.6833333333335], [140.299999999989, 41.6833333333335], [140.299999999989, 41.7166666666668], [140.333333333322, 41.7166666666668], [140.333333333322, 41.7250000000002], [140.341666666656, 41.7250000000002], [140.341666666656, 41.7333333333335], [140.349999999989, 41.7333333333335], [140.349999999989, 41.7833333333335], [140.358333333322, 41.7833333333335], [140.358333333322, 41.7916666666668], [140.374999999989, 41.7916666666668], [140.374999999989, 41.8000000000002], [140.383333333322, 41.8000000000002], [140.383333333322, 41.8083333333335], [140.408333333322, 41.8083333333335], [140.408333333322, 41.8166666666668], [140.416666666656, 41.8166666666668], [140.416666666656, 41.8083333333335], [140.433333333322, 41.8083333333335], [140.433333333322, 41.8000000000002], [140.441666666655, 41.8000000000002], [140.441666666655, 41.7916666666668], [140.466666666655, 41.7916666666668], [140.466666666655, 41.7833333333335], [140.483333333322, 41.7833333333335], [140.483333333322, 41.7750000000002], [140.508333333322, 41.7750000000002], [140.508333333322, 41.7666666666668], [140.516666666655, 41.7666666666668], [140.516666666655, 41.7583333333335], [140.524999999989, 41.7583333333335], [140.524999999989, 41.7500000000002], [140.549999999989, 41.7500000000002], [140.549999999989, 41.7250000000002], [140.558333333322, 41.7250000000002], [140.558333333322, 41.7166666666668], [140.549999999989, 41.7166666666668], [140.549999999989, 41.7083333333335], [140.541666666655, 41.7083333333335], [140.541666666655, 41.7000000000002], [140.516666666655, 41.7000000000002], [140.516666666655, 41.6916666666668], [140.458333333322, 41.6916666666668], [140.458333333322, 41.6833333333335], [140.449999999989, 41.6833333333335], [140.449999999989, 41.6750000000002], [140.441666666655, 41.6750000000002], [140.441666666655, 41.6500000000002], [140.433333333322, 41.6500000000002], [140.433333333322, 41.6583333333335], [140.399999999989, 41.6583333333335], [140.399999999989, 41.6666666666668], [140.349999999989, 41.6666666666668], [140.349999999989, 41.6583333333335], [140.333333333322, 41.6583333333335], [140.333333333322, 41.6500000000002]]]}}, {"type": "Feature", "properties": {"id": "本別町", "name": "本別町"}, "geometry": {"type": "Polygon", "coordinates": [[[143.424999999998, 43.1166666666667], [143.408333333332, 43.1166666666667], [143.408333333332, 43.1250000000001], [143.399999999998, 43.1250000000001], [143.399999999998, 43.1333333333334], [143.391666666665, 43.1333333333334], [143.391666666665, 43.1916666666667], [143.399999999998, 43.1916666666667], [143.399999999998, 43.2333333333334], [143.408333333332, 43.2333333333334], [143.408333333332, 43.2416666666667], [143.483333333332, 43.2416666666667], [143.483333333332, 43.2333333333334], [143.541666666665, 43.2333333333334], [143.541666666665, 43.2250000000001], [143.549999999998, 43.2250000000001], [143.549999999998, 43.2166666666667], [143.558333333332, 43.2166666666667], [143.558333333332, 43.2083333333334], [143.566666666665, 43.2083333333334], [143.566666666665, 43.1916666666667], [143.583333333332, 43.1916666666667], [143.583333333332, 43.2083333333334], [143.599999999998, 43.2083333333334], [143.599999999998, 43.2166666666667], [143.616666666665, 43.2166666666667], [143.616666666665, 43.2250000000001], [143.633333333331, 43.2250000000001], [143.633333333331, 43.2333333333334], [143.666666666665, 43.2333333333334], [143.666666666665, 43.2250000000001], [143.683333333331, 43.2250000000001], [143.683333333331, 43.2166666666667], [143.699999999998, 43.2166666666667], [143.699999999998, 43.2083333333334], [143.716666666665, 43.2083333333334], [143.716666666665, 43.2000000000001], [143.733333333331, 43.2000000000001], [143.733333333331, 43.2083333333334], [143.783333333331, 43.2083333333334], [143.783333333331, 43.2000000000001], [143.791666666665, 43.2000000000001], [143.791666666665, 43.1916666666667], [143.783333333331, 43.1916666666667], [143.783333333331, 43.1833333333334], [143.774999999998, 43.1833333333334], [143.774999999998, 43.1750000000001], [143.783333333331, 43.1750000000001], [143.783333333331, 43.1666666666667], [143.758333333331, 43.1666666666667], [143.758333333331, 43.1583333333334], [143.749999999998, 43.1583333333334], [143.749999999998, 43.1666666666667], [143.733333333331, 43.1666666666667], [143.733333333331, 43.1583333333334], [143.716666666665, 43.1583333333334], [143.716666666665, 43.1500000000001], [143.691666666665, 43.1500000000001], [143.691666666665, 43.1416666666667], [143.674999999998, 43.1416666666667], [143.674999999998, 43.1333333333334], [143.658333333331, 43.1333333333334], [143.658333333331, 43.1250000000001], [143.641666666665, 43.1250000000001], [143.641666666665, 43.1166666666667], [143.616666666665, 43.1166666666667], [143.616666666665, 43.1083333333334], [143.608333333332, 43.1083333333334], [143.608333333332, 43.1000000000001], [143.599999999998, 43.1000000000001], [143.599999999998, 43.0916666666667], [143.574999999998, 43.0916666666667], [143.574999999998, 43.0833333333334], [143.566666666665, 43.0833333333334], [143.566666666665, 43.0750000000001], [143.541666666665, 43.0750000000001], [143.541666666665, 43.0666666666667], [143.524999999998, 43.0666666666667], [143.524999999998, 43.0583333333334], [143.499999999998, 43.0583333333334], [143.499999999998, 43.0666666666667], [143.483333333332, 43.0666666666667], [143.483333333332, 43.0750000000001], [143.466666666665, 43.0750000000001], [143.466666666665, 43.0833333333334], [143.458333333332, 43.0833333333334], [143.458333333332, 43.0916666666667], [143.449999999998, 43.0916666666667], [143.449999999998, 43.1000000000001], [143.433333333332, 43.1000000000001], [143.433333333332, 43.1083333333334], [143.424999999998, 43.1083333333334], [143.424999999998, 43.1166666666667]]]}}, {"type": "Feature", "properties": {"id": "東区", "name": "東区"}, "geometry": {"type": "Polygon", "coordinates": [[[141.349999999988, 43.1000000000001], [141.341666666655, 43.1000000000001], [141.341666666655, 43.1250000000001], [141.391666666655, 43.1250000000001], [141.391666666655, 43.1333333333334], [141.408333333321, 43.1333333333334], [141.408333333321, 43.1416666666667], [141.416666666655, 43.1416666666667], [141.416666666655, 43.1500000000001], [141.433333333321, 43.1500000000001], [141.433333333321, 43.1583333333334], [141.441666666655, 43.1583333333334], [141.441666666655, 43.1666666666667], [141.449999999988, 43.1666666666667], [141.449999999988, 43.1333333333334], [141.458333333321, 43.1333333333334], [141.458333333321, 43.1250000000001], [141.449999999988, 43.1250000000001], [141.449999999988, 43.0916666666667], [141.424999999988, 43.0916666666667], [141.424999999988, 43.0833333333334], [141.408333333321, 43.0833333333334], [141.408333333321, 43.0750000000001], [141.399999999988, 43.0750000000001], [141.399999999988, 43.0666666666667], [141.358333333321, 43.0666666666667], [141.358333333321, 43.0750000000001], [141.349999999988, 43.0750000000001], [141.349999999988, 43.1000000000001]]]}}, {"type": "Feature", "properties": {"id": "東川町", "name": "東川町"}, "geometry": {"type": "Polygon", "coordinates": [[[142.516666666654, 43.6916666666667], [142.491666666654, 43.6916666666667], [142.491666666654, 43.7], [142.474999999987, 43.7], [142.474999999987, 43.7416666666667], [142.491666666654, 43.7416666666667], [142.491666666654, 43.75], [142.516666666654, 43.75], [142.516666666654, 43.7416666666667], [142.53333333332, 43.7416666666667], [142.53333333332, 43.7333333333334], [142.549999999987, 43.7333333333334], [142.549999999987, 43.725], [142.58333333332, 43.725], [142.58333333332, 43.7166666666667], [142.63333333332, 43.7166666666667], [142.63333333332, 43.7083333333334], [142.641666666653, 43.7083333333334], [142.641666666653, 43.7], [142.666666666653, 43.7], [142.666666666653, 43.6916666666667], [142.68333333332, 43.6916666666667], [142.68333333332, 43.6833333333334], [142.749999999987, 43.6833333333334], [142.749999999987, 43.6916666666667], [142.75833333332, 43.6916666666667], [142.75833333332, 43.7], [142.816666666653, 43.7], [142.816666666653, 43.6916666666667], [142.85833333332, 43.6916666666667], [142.85833333332, 43.7], [142.874999999987, 43.7], [142.874999999987, 43.6666666666667], [142.88333333332, 43.6666666666667], [142.88333333332, 43.675], [142.899999999987, 43.675], [142.899999999987, 43.6583333333334], [142.891666666653, 43.6583333333334], [142.891666666653, 43.65], [142.88333333332, 43.65], [142.88333333332, 43.6416666666667], [142.874999999987, 43.6416666666667], [142.874999999987, 43.6333333333334], [142.866666666653, 43.6333333333334], [142.866666666653, 43.625], [142.841666666653, 43.625], [142.841666666653, 43.6166666666667], [142.83333333332, 43.6166666666667], [142.83333333332, 43.625], [142.78333333332, 43.625], [142.78333333332, 43.6166666666667], [142.749999999987, 43.6166666666667], [142.749999999987, 43.625], [142.699999999987, 43.625], [142.699999999987, 43.6333333333334], [142.68333333332, 43.6333333333334], [142.68333333332, 43.625], [142.624999999987, 43.625], [142.624999999987, 43.6333333333334], [142.60833333332, 43.6333333333334], [142.60833333332, 43.6416666666667], [142.591666666654, 43.6416666666667], [142.591666666654, 43.65], [142.566666666654, 43.65], [142.566666666654, 43.6583333333334], [142.549999999987, 43.6583333333334], [142.549999999987, 43.6666666666667], [142.541666666654, 43.6666666666667], [142.541666666654, 43.675], [142.53333333332, 43.675], [142.53333333332, 43.6833333333334], [142.516666666654, 43.6833333333334], [142.516666666654, 43.6916666666667]]]}}, {"type": "Feature", "properties": {"id": "東神楽町", "name": "東神楽町"}, "geometry": {"type": "Polygon", "coordinates": [[[142.40833333332, 43.7], [142.399999999987, 43.7], [142.399999999987, 43.7166666666667], [142.391666666654, 43.7166666666667], [142.391666666654, 43.725], [142.399999999987, 43.725], [142.399999999987, 43.7333333333334], [142.40833333332, 43.7333333333334], [142.40833333332, 43.725], [142.43333333332, 43.725], [142.43333333332, 43.7166666666667], [142.449999999987, 43.7166666666667], [142.449999999987, 43.7083333333334], [142.466666666654, 43.7083333333334], [142.466666666654, 43.7], [142.491666666654, 43.7], [142.491666666654, 43.6916666666667], [142.516666666654, 43.6916666666667], [142.516666666654, 43.6833333333334], [142.53333333332, 43.6833333333334], [142.53333333332, 43.675], [142.541666666654, 43.675], [142.541666666654, 43.6666666666667], [142.549999999987, 43.6666666666667], [142.549999999987, 43.6583333333334], [142.566666666654, 43.6583333333334], [142.566666666654, 43.65], [142.591666666654, 43.65], [142.591666666654, 43.6416666666667], [142.60833333332, 43.6416666666667], [142.60833333332, 43.6333333333334], [142.624999999987, 43.6333333333334], [142.624999999987, 43.625], [142.591666666654, 43.625], [142.591666666654, 43.6333333333334], [142.55833333332, 43.6333333333334], [142.55833333332, 43.65], [142.549999999987, 43.65], [142.549999999987, 43.6416666666667], [142.48333333332, 43.6416666666667], [142.48333333332, 43.65], [142.474999999987, 43.65], [142.474999999987, 43.6583333333334], [142.45833333332, 43.6583333333334], [142.45833333332, 43.6666666666667], [142.449999999987, 43.6666666666667], [142.449999999987, 43.675], [142.424999999987, 43.675], [142.424999999987, 43.6833333333334], [142.416666666654, 43.6833333333334], [142.416666666654, 43.6916666666667], [142.40833333332, 43.6916666666667], [142.40833333332, 43.7]]]}}, {"type": "Feature", "properties": {"id": "松前町", "name": "松前町"}, "geometry": {"type": "MultiPolygon", "coordinates": [[[[139.808333333323, 41.3583333333335], [139.808333333323, 41.3500000000002], [139.799999999989, 41.3500000000002], [139.799999999989, 41.3666666666668], [139.816666666656, 41.3666666666668], [139.816666666656, 41.3583333333335], [139.808333333323, 41.3583333333335]]], [[[139.358333333323, 41.4916666666668], [139.341666666656, 41.4916666666668], [139.341666666656, 41.5083333333335], [139.333333333323, 41.5083333333335], [139.333333333323, 41.5166666666668], [139.341666666656, 41.5166666666668], [139.341666666656, 41.5250000000002], [139.383333333323, 41.5250000000002], [139.383333333323, 41.5083333333335], [139.37499999999, 41.5083333333335], [139.37499999999, 41.5000000000002], [139.358333333323, 41.5000000000002], [139.358333333323, 41.4916666666668]]], [[[139.999999999989, 41.5166666666668], [139.999999999989, 41.5333333333335], [139.991666666656, 41.5333333333335], [139.991666666656, 41.5416666666668], [139.983333333323, 41.5416666666668], [139.983333333323, 41.5916666666668], [139.974999999989, 41.5916666666668], [139.974999999989, 41.6083333333335], [139.983333333323, 41.6083333333335], [139.983333333323, 41.6166666666668], [139.991666666656, 41.6166666666668], [139.991666666656, 41.6333333333335], [140.033333333323, 41.6333333333335], [140.033333333323, 41.6250000000002], [140.041666666656, 41.6250000000002], [140.041666666656, 41.6166666666668], [140.049999999989, 41.6166666666668], [140.049999999989, 41.6083333333335], [140.058333333323, 41.6083333333335], [140.058333333323, 41.6000000000002], [140.066666666656, 41.6000000000002], [140.066666666656, 41.5916666666668], [140.108333333322, 41.5916666666668], [140.108333333322, 41.5833333333335], [140.116666666656, 41.5833333333335], [140.116666666656, 41.5750000000002], [140.124999999989, 41.5750000000002], [140.124999999989, 41.5833333333335], [140.158333333322, 41.5833333333335], [140.158333333322, 41.5750000000002], [140.166666666656, 41.5750000000002], [140.166666666656, 41.5666666666668], [140.174999999989, 41.5666666666668], [140.174999999989, 41.5416666666668], [140.183333333322, 41.5416666666668], [140.183333333322, 41.5333333333335], [140.174999999989, 41.5333333333335], [140.174999999989, 41.5250000000002], [140.166666666656, 41.5250000000002], [140.166666666656, 41.5083333333335], [140.174999999989, 41.5083333333335], [140.174999999989, 41.4916666666668], [140.183333333322, 41.4916666666668], [140.183333333322, 41.4666666666668], [140.199999999989, 41.4666666666668], [140.199999999989, 41.4500000000002], [140.191666666656, 41.4500000000002], [140.191666666656, 41.4416666666668], [140.199999999989, 41.4416666666668], [140.199999999989, 41.4333333333335], [140.208333333322, 41.4333333333335], [140.208333333322, 41.4000000000002], [140.199999999989, 41.4000000000002], [140.199999999989, 41.3916666666668], [140.191666666656, 41.3916666666668], [140.191666666656, 41.4000000000002], [140.174999999989, 41.4000000000002], [140.174999999989, 41.4083333333335], [140.158333333322, 41.4083333333335], [140.158333333322, 41.4166666666668], [140.149999999989, 41.4166666666668], [140.149999999989, 41.4250000000002], [140.099999999989, 41.4250000000002], [140.099999999989, 41.4166666666668], [140.074999999989, 41.4166666666668], [140.074999999989, 41.4250000000002], [140.066666666656, 41.4250000000002], [140.066666666656, 41.4333333333335], [140.049999999989, 41.4333333333335], [140.049999999989, 41.4416666666668], [140.033333333323, 41.4416666666668], [140.033333333323, 41.4500000000002], [140.024999999989, 41.4500000000002], [140.024999999989, 41.4750000000002], [140.016666666656, 41.4750000000002], [140.016666666656, 41.4833333333335], [140.008333333323, 41.4833333333335], [140.008333333323, 41.5166666666668], [139.999999999989, 41.5166666666668]]]]}}, {"type": "Feature", "properties": {"id": "枝幸町", "name": "枝幸町"}, "geometry": {"type": "MultiPolygon", "coordinates": [[[[142.324999999987, 44.7083333333333], [142.324999999987, 44.7333333333333], [142.316666666654, 44.7333333333333], [142.316666666654, 44.7416666666666], [142.30833333332, 44.7416666666666], [142.30833333332, 44.75], [142.299999999987, 44.75], [142.299999999987, 44.7583333333333], [142.30833333332, 44.7583333333333], [142.30833333332, 44.7833333333333], [142.316666666654, 44.7833333333333], [142.316666666654, 44.8333333333333], [142.33333333332, 44.8333333333333], [142.33333333332, 44.85], [142.341666666654, 44.85], [142.341666666654, 44.8583333333333], [142.349999999987, 44.8583333333333], [142.349999999987, 44.8666666666666], [142.38333333332, 44.8666666666666], [142.38333333332, 44.875], [142.399999999987, 44.875], [142.399999999987, 44.8916666666666], [142.40833333332, 44.8916666666666], [142.40833333332, 44.9166666666666], [142.416666666654, 44.9166666666666], [142.416666666654, 44.925], [142.424999999987, 44.925], [142.424999999987, 44.9666666666666], [142.416666666654, 44.9666666666666], [142.416666666654, 44.9833333333333], [142.424999999987, 44.9833333333333], [142.424999999987, 44.9916666666666], [142.466666666654, 44.9916666666666], [142.466666666654, 45.0], [142.474999999987, 45.0], [142.474999999987, 45.0083333333333], [142.48333333332, 45.0083333333333], [142.48333333332, 45.0333333333333], [142.474999999987, 45.0333333333333], [142.474999999987, 45.05], [142.491666666654, 45.05], [142.491666666654, 45.0583333333333], [142.499999999987, 45.0583333333333], [142.499999999987, 45.05], [142.50833333332, 45.05], [142.50833333332, 45.0416666666666], [142.524999999987, 45.0416666666666], [142.524999999987, 45.0333333333333], [142.53333333332, 45.0333333333333], [142.53333333332, 45.0083333333333], [142.541666666654, 45.0083333333333], [142.541666666654, 44.9916666666666], [142.549999999987, 44.9916666666666], [142.549999999987, 44.9833333333333], [142.566666666654, 44.9833333333333], [142.566666666654, 44.9666666666666], [142.58333333332, 44.9666666666666], [142.58333333332, 44.95], [142.591666666654, 44.95], [142.591666666654, 44.9166666666666], [142.599999999987, 44.9166666666666], [142.599999999987, 44.9083333333333], [142.60833333332, 44.9083333333333], [142.60833333332, 44.9], [142.616666666654, 44.9], [142.616666666654, 44.8916666666666], [142.63333333332, 44.8916666666666], [142.63333333332, 44.8833333333333], [142.641666666653, 44.8833333333333], [142.641666666653, 44.875], [142.649999999987, 44.875], [142.649999999987, 44.8583333333333], [142.65833333332, 44.8583333333333], [142.65833333332, 44.8416666666666], [142.674999999987, 44.8416666666666], [142.674999999987, 44.8333333333333], [142.68333333332, 44.8333333333333], [142.68333333332, 44.825], [142.691666666653, 44.825], [142.691666666653, 44.8166666666666], [142.699999999987, 44.8166666666666], [142.699999999987, 44.8083333333333], [142.70833333332, 44.8083333333333], [142.70833333332, 44.7916666666667], [142.724999999987, 44.7916666666667], [142.724999999987, 44.775], [142.73333333332, 44.775], [142.73333333332, 44.7666666666667], [142.741666666653, 44.7666666666667], [142.741666666653, 44.7583333333333], [142.75833333332, 44.7583333333333], [142.75833333332, 44.75], [142.766666666653, 44.75], [142.766666666653, 44.7416666666667], [142.774999999987, 44.7416666666667], [142.774999999987, 44.7333333333333], [142.791666666653, 44.7333333333333], [142.791666666653, 44.725], [142.799999999987, 44.725], [142.799999999987, 44.7166666666667], [142.80833333332, 44.7166666666667], [142.80833333332, 44.7083333333333], [142.824999999987, 44.7083333333333], [142.824999999987, 44.7], [142.83333333332, 44.7], [142.83333333332, 44.6916666666667], [142.841666666653, 44.6916666666667], [142.841666666653, 44.6833333333333], [142.83333333332, 44.6833333333333], [142.83333333332, 44.6666666666667], [142.816666666653, 44.6666666666667], [142.816666666653, 44.6583333333333], [142.80833333332, 44.6583333333333], [142.80833333332, 44.65], [142.799999999987, 44.65], [142.799999999987, 44.6416666666667], [142.766666666653, 44.6416666666667], [142.766666666653, 44.6333333333333], [142.75833333332, 44.6333333333333], [142.75833333332, 44.6416666666667], [142.73333333332, 44.6416666666667], [142.73333333332, 44.6333333333333], [142.699999999987, 44.6333333333333], [142.699999999987, 44.625], [142.691666666653, 44.625], [142.691666666653, 44.6166666666667], [142.68333333332, 44.6166666666667], [142.68333333332, 44.6], [142.65833333332, 44.6], [142.65833333332, 44.5916666666667], [142.641666666653, 44.5916666666667], [142.641666666653, 44.6], [142.63333333332, 44.6], [142.63333333332, 44.5916666666667], [142.616666666654, 44.5916666666667], [142.616666666654, 44.6], [142.599999999987, 44.6], [142.599999999987, 44.5916666666667], [142.591666666654, 44.5916666666667], [142.591666666654, 44.6], [142.566666666654, 44.6], [142.566666666654, 44.6083333333333], [142.55833333332, 44.6083333333333], [142.55833333332, 44.6166666666667], [142.53333333332, 44.6166666666667], [142.53333333332, 44.6083333333333], [142.524999999987, 44.6083333333333], [142.524999999987, 44.6], [142.516666666654, 44.6], [142.516666666654, 44.5916666666667], [142.50833333332, 44.5916666666667], [142.50833333332, 44.5833333333333], [142.491666666654, 44.5833333333333], [142.491666666654, 44.5916666666667], [142.474999999987, 44.5916666666667], [142.474999999987, 44.6166666666667], [142.43333333332, 44.6166666666667], [142.43333333332, 44.625], [142.424999999987, 44.625], [142.424999999987, 44.6333333333333], [142.416666666654, 44.6333333333333], [142.416666666654, 44.6416666666667], [142.40833333332, 44.6416666666667], [142.40833333332, 44.6666666666667], [142.416666666654, 44.6666666666667], [142.416666666654, 44.6833333333333], [142.40833333332, 44.6833333333333], [142.40833333332, 44.6916666666666], [142.399999999987, 44.6916666666666], [142.399999999987, 44.7], [142.366666666654, 44.7], [142.366666666654, 44.7083333333333], [142.324999999987, 44.7083333333333]]], [[[142.50833333332, 45.0666666666666], [142.50833333332, 45.0583333333333], [142.499999999987, 45.0583333333333], [142.499999999987, 45.0666666666666], [142.50833333332, 45.0666666666666]]]]}}, {"type": "Feature", "properties": {"id": "栗山町", "name": "栗山町"}, "geometry": {"type": "Polygon", "coordinates": [[[141.774999999988, 43.0250000000001], [141.774999999988, 43.0333333333334], [141.766666666654, 43.0333333333334], [141.766666666654, 43.0666666666667], [141.758333333321, 43.0666666666667], [141.758333333321, 43.0750000000001], [141.766666666654, 43.0750000000001], [141.766666666654, 43.0833333333334], [141.783333333321, 43.0833333333334], [141.783333333321, 43.0916666666667], [141.791666666654, 43.0916666666667], [141.791666666654, 43.1000000000001], [141.824999999988, 43.1000000000001], [141.824999999988, 43.1083333333334], [141.833333333321, 43.1083333333334], [141.833333333321, 43.1166666666667], [141.849999999988, 43.1166666666667], [141.849999999988, 43.1250000000001], [141.866666666654, 43.1250000000001], [141.866666666654, 43.1333333333334], [141.883333333321, 43.1333333333334], [141.883333333321, 43.1250000000001], [141.891666666654, 43.1250000000001], [141.891666666654, 43.1166666666667], [141.899999999988, 43.1166666666667], [141.899999999988, 43.1083333333334], [141.908333333321, 43.1083333333334], [141.908333333321, 43.1166666666667], [141.916666666654, 43.1166666666667], [141.916666666654, 43.1083333333334], [141.933333333321, 43.1083333333334], [141.933333333321, 43.1000000000001], [141.916666666654, 43.1000000000001], [141.916666666654, 43.0500000000001], [141.908333333321, 43.0500000000001], [141.908333333321, 43.0000000000001], [141.916666666654, 43.0000000000001], [141.916666666654, 42.9916666666668], [141.933333333321, 42.9916666666668], [141.933333333321, 43.0000000000001], [141.941666666654, 43.0000000000001], [141.941666666654, 42.9916666666668], [141.949999999987, 42.9916666666668], [141.949999999987, 42.9500000000001], [141.966666666654, 42.9500000000001], [141.966666666654, 42.9416666666668], [141.974999999987, 42.9416666666668], [141.974999999987, 42.9250000000001], [141.966666666654, 42.9250000000001], [141.966666666654, 42.9166666666667], [141.941666666654, 42.9166666666667], [141.941666666654, 42.9083333333334], [141.933333333321, 42.9083333333334], [141.933333333321, 42.9000000000001], [141.924999999987, 42.9000000000001], [141.924999999987, 42.9083333333334], [141.916666666654, 42.9083333333334], [141.916666666654, 42.9166666666667], [141.908333333321, 42.9166666666667], [141.908333333321, 42.9250000000001], [141.891666666654, 42.9250000000001], [141.891666666654, 42.9416666666667], [141.874999999988, 42.9416666666667], [141.874999999988, 42.9583333333334], [141.866666666654, 42.9583333333334], [141.866666666654, 42.9666666666667], [141.858333333321, 42.9666666666667], [141.858333333321, 42.9833333333334], [141.841666666654, 42.9833333333334], [141.841666666654, 43.0000000000001], [141.824999999988, 43.0000000000001], [141.824999999988, 43.0083333333334], [141.808333333321, 43.0083333333334], [141.808333333321, 43.0250000000001], [141.774999999988, 43.0250000000001]]]}}, {"type": "Feature", "properties": {"id": "根室市", "name": "根室市"}, "geometry": {"type": "MultiPolygon", "coordinates": [[[[145.20833333333, 43.2416666666667], [145.199999999997, 43.2416666666667], [145.199999999997, 43.2500000000001], [145.216666666663, 43.2500000000001], [145.216666666663, 43.2750000000001], [145.241666666663, 43.2750000000001], [145.241666666663, 43.2833333333334], [145.249999999997, 43.2833333333334], [145.249999999997, 43.2916666666667], [145.25833333333, 43.2916666666667], [145.25833333333, 43.3166666666667], [145.249999999997, 43.3166666666667], [145.249999999997, 43.3250000000001], [145.30833333333, 43.3250000000001], [145.30833333333, 43.3166666666667], [145.33333333333, 43.3166666666667], [145.33333333333, 43.3000000000001], [145.316666666663, 43.3000000000001], [145.316666666663, 43.3083333333334], [145.30833333333, 43.3083333333334], [145.30833333333, 43.2916666666667], [145.299999999997, 43.2916666666667], [145.299999999997, 43.2833333333334], [145.35833333333, 43.2833333333334], [145.35833333333, 43.2750000000001], [145.38333333333, 43.2750000000001], [145.38333333333, 43.2666666666667], [145.441666666663, 43.2666666666667], [145.441666666663, 43.2750000000001], [145.40833333333, 43.2750000000001], [145.40833333333, 43.2916666666667], [145.43333333333, 43.2916666666667], [145.43333333333, 43.2833333333334], [145.45833333333, 43.2833333333334], [145.45833333333, 43.2750000000001], [145.499999999996, 43.2750000000001], [145.499999999996, 43.2916666666667], [145.50833333333, 43.2916666666667], [145.50833333333, 43.3000000000001], [145.516666666663, 43.3000000000001], [145.516666666663, 43.3083333333334], [145.524999999996, 43.3083333333334], [145.524999999996, 43.3166666666667], [145.549999999996, 43.3166666666667], [145.549999999996, 43.3250000000001], [145.55833333333, 43.3250000000001], [145.55833333333, 43.3333333333334], [145.574999999996, 43.3333333333334], [145.574999999996, 43.3500000000001], [145.58333333333, 43.3500000000001], [145.58333333333, 43.3583333333334], [145.60833333333, 43.3583333333334], [145.60833333333, 43.3666666666667], [145.624999999996, 43.3666666666667], [145.624999999996, 43.3750000000001], [145.641666666663, 43.3750000000001], [145.641666666663, 43.3916666666667], [145.70833333333, 43.3916666666667], [145.70833333333, 43.3833333333334], [145.716666666663, 43.3833333333334], [145.716666666663, 43.3916666666667], [145.741666666663, 43.3916666666667], [145.741666666663, 43.4000000000001], [145.766666666663, 43.4000000000001], [145.766666666663, 43.3916666666667], [145.816666666663, 43.3916666666667], [145.816666666663, 43.3666666666667], [145.80833333333, 43.3666666666667], [145.80833333333, 43.3583333333334], [145.791666666663, 43.3583333333334], [145.791666666663, 43.3500000000001], [145.774999999996, 43.3500000000001], [145.774999999996, 43.3416666666667], [145.75833333333, 43.3416666666667], [145.75833333333, 43.3333333333334], [145.73333333333, 43.3333333333334], [145.73333333333, 43.3250000000001], [145.724999999996, 43.3250000000001], [145.724999999996, 43.3333333333334], [145.70833333333, 43.3333333333334], [145.70833333333, 43.3250000000001], [145.68333333333, 43.3250000000001], [145.68333333333, 43.3166666666667], [145.674999999996, 43.3166666666667], [145.674999999996, 43.3083333333334], [145.666666666663, 43.3083333333334], [145.666666666663, 43.3166666666667], [145.624999999996, 43.3166666666667], [145.624999999996, 43.3083333333334], [145.60833333333, 43.3083333333334], [145.60833333333, 43.2916666666667], [145.599999999996, 43.2916666666667], [145.599999999996, 43.2833333333334], [145.591666666663, 43.2833333333334], [145.591666666663, 43.2750000000001], [145.58333333333, 43.2750000000001], [145.58333333333, 43.2833333333334], [145.566666666663, 43.2833333333334], [145.566666666663, 43.2666666666667], [145.55833333333, 43.2666666666667], [145.55833333333, 43.2333333333334], [145.549999999996, 43.2333333333334], [145.549999999996, 43.2250000000001], [145.55833333333, 43.2250000000001], [145.55833333333, 43.2166666666667], [145.549999999996, 43.2166666666667], [145.549999999996, 43.2083333333334], [145.53333333333, 43.2083333333334], [145.53333333333, 43.1833333333334], [145.516666666663, 43.1833333333334], [145.516666666663, 43.1750000000001], [145.524999999996, 43.1750000000001], [145.524999999996, 43.1666666666667], [145.516666666663, 43.1666666666667], [145.516666666663, 43.1583333333334], [145.491666666663, 43.1583333333334], [145.491666666663, 43.1666666666667], [145.499999999996, 43.1666666666667], [145.499999999996, 43.1750000000001], [145.491666666663, 43.1750000000001], [145.491666666663, 43.1833333333334], [145.45833333333, 43.1833333333334], [145.45833333333, 43.1916666666667], [145.449999999996, 43.1916666666667], [145.449999999996, 43.1833333333334], [145.35833333333, 43.1833333333334], [145.35833333333, 43.1750000000001], [145.33333333333, 43.1750000000001], [145.33333333333, 43.1666666666667], [145.324999999997, 43.1666666666667], [145.324999999997, 43.1833333333334], [145.316666666663, 43.1833333333334], [145.316666666663, 43.2000000000001], [145.30833333333, 43.2000000000001], [145.30833333333, 43.2083333333334], [145.28333333333, 43.2083333333334], [145.28333333333, 43.2166666666667], [145.274999999997, 43.2166666666667], [145.274999999997, 43.2250000000001], [145.249999999997, 43.2250000000001], [145.249999999997, 43.2166666666667], [145.23333333333, 43.2166666666667], [145.23333333333, 43.2083333333334], [145.224999999997, 43.2083333333334], [145.224999999997, 43.2166666666667], [145.216666666663, 43.2166666666667], [145.216666666663, 43.2250000000001], [145.20833333333, 43.2250000000001], [145.20833333333, 43.2416666666667]], [[145.491666666663, 43.2583333333334], [145.50833333333, 43.2583333333334], [145.50833333333, 43.2500000000001], [145.516666666663, 43.2500000000001], [145.516666666663, 43.2333333333334], [145.524999999996, 43.2333333333334], [145.524999999996, 43.2583333333334], [145.516666666663, 43.2583333333334], [145.516666666663, 43.2666666666667], [145.491666666663, 43.2666666666667], [145.491666666663, 43.2583333333334]]], [[[145.60833333333, 43.2166666666667], [145.60833333333, 43.2083333333334], [145.591666666663, 43.2083333333334], [145.591666666663, 43.2250000000001], [145.599999999996, 43.2250000000001], [145.599999999996, 43.2166666666667], [145.60833333333, 43.2166666666667]]], [[[145.60833333333, 43.2333333333334], [145.616666666663, 43.2333333333334], [145.616666666663, 43.2250000000001], [145.60833333333, 43.2250000000001], [145.60833333333, 43.2333333333334]]]]}}, {"type": "Feature", "properties": {"id": "森町", "name": "森町"}, "geometry": {"type": "Polygon", "coordinates": [[[140.433333333322, 42.0166666666668], [140.433333333322, 42.0666666666668], [140.424999999989, 42.0666666666668], [140.424999999989, 42.1000000000001], [140.416666666656, 42.1000000000001], [140.416666666656, 42.1166666666668], [140.399999999989, 42.1166666666668], [140.399999999989, 42.1416666666668], [140.408333333322, 42.1416666666668], [140.408333333322, 42.1500000000001], [140.416666666656, 42.1500000000001], [140.416666666656, 42.1583333333335], [140.433333333322, 42.1583333333335], [140.433333333322, 42.1666666666668], [140.449999999989, 42.1666666666668], [140.449999999989, 42.1750000000001], [140.466666666655, 42.1750000000001], [140.466666666655, 42.1666666666668], [140.474999999989, 42.1666666666668], [140.474999999989, 42.1583333333335], [140.491666666655, 42.1583333333335], [140.491666666655, 42.1500000000001], [140.508333333322, 42.1500000000001], [140.508333333322, 42.1416666666668], [140.516666666655, 42.1416666666668], [140.516666666655, 42.1333333333335], [140.524999999989, 42.1333333333335], [140.524999999989, 42.1250000000001], [140.549999999989, 42.1250000000001], [140.549999999989, 42.1166666666668], [140.616666666655, 42.1166666666668], [140.616666666655, 42.1250000000001], [140.641666666655, 42.1250000000001], [140.641666666655, 42.1333333333335], [140.708333333322, 42.1333333333335], [140.708333333322, 42.1416666666668], [140.716666666655, 42.1416666666668], [140.716666666655, 42.1333333333335], [140.733333333322, 42.1333333333335], [140.733333333322, 42.1250000000001], [140.749999999989, 42.1250000000001], [140.749999999989, 42.1166666666668], [140.766666666655, 42.1166666666668], [140.766666666655, 42.1000000000001], [140.758333333322, 42.1000000000001], [140.758333333322, 42.0916666666668], [140.749999999989, 42.0916666666668], [140.749999999989, 42.0833333333335], [140.733333333322, 42.0833333333335], [140.733333333322, 42.0750000000001], [140.691666666655, 42.0750000000001], [140.691666666655, 42.0666666666668], [140.683333333322, 42.0666666666668], [140.683333333322, 42.0416666666668], [140.691666666655, 42.0416666666668], [140.691666666655, 42.0166666666668], [140.699999999989, 42.0166666666668], [140.699999999989, 42.0083333333335], [140.691666666655, 42.0083333333335], [140.691666666655, 42.0000000000001], [140.591666666655, 42.0000000000001], [140.591666666655, 41.9916666666668], [140.583333333322, 41.9916666666668], [140.583333333322, 41.9750000000001], [140.574999999989, 41.9750000000001], [140.574999999989, 41.9666666666668], [140.566666666655, 41.9666666666668], [140.566666666655, 41.9750000000001], [140.549999999989, 41.9750000000001], [140.549999999989, 41.9833333333335], [140.541666666655, 41.9833333333335], [140.541666666655, 41.9916666666668], [140.524999999989, 41.9916666666668], [140.524999999989, 42.0000000000001], [140.516666666655, 42.0000000000001], [140.516666666655, 41.9916666666668], [140.508333333322, 41.9916666666668], [140.508333333322, 41.9833333333335], [140.491666666655, 41.9833333333335], [140.491666666655, 41.9916666666668], [140.466666666655, 41.9916666666668], [140.466666666655, 42.0000000000001], [140.458333333322, 42.0000000000001], [140.458333333322, 42.0083333333335], [140.449999999989, 42.0083333333335], [140.449999999989, 42.0166666666668], [140.433333333322, 42.0166666666668]]]}}, {"type": "Feature", "properties": {"id": "様似町", "name": "様似町"}, "geometry": {"type": "MultiPolygon", "coordinates": [[[[142.924999999987, 42.1166666666668], [142.916666666653, 42.1166666666668], [142.916666666653, 42.1250000000001], [142.88333333332, 42.1250000000001], [142.88333333332, 42.1333333333335], [142.874999999987, 42.1333333333335], [142.874999999987, 42.1250000000001], [142.866666666653, 42.1250000000001], [142.866666666653, 42.1500000000001], [142.874999999987, 42.1500000000001], [142.874999999987, 42.1583333333335], [142.88333333332, 42.1583333333335], [142.88333333332, 42.1750000000001], [142.891666666653, 42.1750000000001], [142.891666666653, 42.1833333333335], [142.90833333332, 42.1833333333335], [142.90833333332, 42.1916666666668], [142.916666666653, 42.1916666666668], [142.916666666653, 42.2000000000001], [142.924999999987, 42.2000000000001], [142.924999999987, 42.2083333333335], [142.974999999987, 42.2083333333335], [142.974999999987, 42.1000000000001], [142.966666666653, 42.1000000000001], [142.966666666653, 42.1083333333335], [142.95833333332, 42.1083333333335], [142.95833333332, 42.1166666666668], [142.93333333332, 42.1166666666668], [142.93333333332, 42.1250000000001], [142.924999999987, 42.1250000000001], [142.924999999987, 42.1166666666668]]], [[[142.974999999999, 42.1000000000001], [142.974999999999, 42.2166666666668], [142.999999999999, 42.2166666666668], [142.999999999999, 42.2250000000001], [143.024999999999, 42.2250000000001], [143.024999999999, 42.2333333333335], [143.033333333332, 42.2333333333335], [143.033333333332, 42.2250000000001], [143.066666666665, 42.2250000000001], [143.066666666665, 42.2333333333335], [143.074999999999, 42.2333333333335], [143.074999999999, 42.2416666666668], [143.091666666665, 42.2416666666668], [143.091666666665, 42.2500000000001], [143.108333333332, 42.2500000000001], [143.108333333332, 42.2583333333335], [143.141666666665, 42.2583333333335], [143.141666666665, 42.2500000000001], [143.149999999999, 42.2500000000001], [143.149999999999, 42.2333333333335], [143.158333333332, 42.2333333333335], [143.158333333332, 42.2250000000001], [143.183333333332, 42.2250000000001], [143.183333333332, 42.2083333333335], [143.191666666665, 42.2083333333335], [143.191666666665, 42.1833333333335], [143.174999999999, 42.1833333333335], [143.174999999999, 42.1583333333335], [143.183333333332, 42.1583333333335], [143.183333333332, 42.1416666666668], [143.191666666665, 42.1416666666668], [143.191666666665, 42.1333333333335], [143.183333333332, 42.1333333333335], [143.183333333332, 42.1250000000001], [143.174999999999, 42.1250000000001], [143.174999999999, 42.1166666666668], [143.183333333332, 42.1166666666668], [143.183333333332, 42.1083333333335], [143.199999999999, 42.1083333333335], [143.199999999999, 42.1000000000001], [143.183333333332, 42.1000000000001], [143.183333333332, 42.0916666666668], [143.174999999999, 42.0916666666668], [143.174999999999, 42.0833333333335], [143.166666666665, 42.0833333333335], [143.166666666665, 42.0750000000001], [143.083333333332, 42.0750000000001], [143.083333333332, 42.0666666666668], [143.066666666665, 42.0666666666668], [143.066666666665, 42.0583333333335], [143.049999999999, 42.0583333333335], [143.049999999999, 42.0666666666668], [143.041666666665, 42.0666666666668], [143.041666666665, 42.0750000000001], [143.008333333332, 42.0750000000001], [143.008333333332, 42.0833333333335], [142.991666666665, 42.0833333333335], [142.991666666665, 42.0916666666668], [142.983333333332, 42.0916666666668], [142.983333333332, 42.1000000000001], [142.974999999999, 42.1000000000001]]]]}}, {"type": "Feature", "properties": {"id": "標津町", "name": "標津町"}, "geometry": {"type": "MultiPolygon", "coordinates": [[[[144.724999999997, 43.7], [144.724999999997, 43.75], [144.716666666664, 43.75], [144.716666666664, 43.7583333333334], [144.791666666664, 43.7583333333334], [144.791666666664, 43.7666666666667], [144.80833333333, 43.7666666666667], [144.80833333333, 43.7916666666667], [144.824999999997, 43.7916666666667], [144.824999999997, 43.8], [144.841666666664, 43.8], [144.841666666664, 43.7916666666667], [144.849999999997, 43.7916666666667], [144.849999999997, 43.7833333333334], [144.85833333333, 43.7833333333334], [144.85833333333, 43.7916666666667], [144.866666666664, 43.7916666666667], [144.866666666664, 43.8166666666667], [144.874999999997, 43.8166666666667], [144.874999999997, 43.8333333333334], [144.891666666664, 43.8333333333334], [144.891666666664, 43.8416666666667], [144.899999999997, 43.8416666666667], [144.899999999997, 43.8666666666667], [144.891666666664, 43.8666666666667], [144.891666666664, 43.875], [144.88333333333, 43.875], [144.88333333333, 43.8833333333334], [144.90833333333, 43.8833333333334], [144.90833333333, 43.8916666666667], [144.924999999997, 43.8916666666667], [144.924999999997, 43.9], [144.966666666664, 43.9], [144.966666666664, 43.8916666666667], [144.999999999997, 43.8916666666667], [144.999999999997, 43.8833333333334], [145.00833333333, 43.8833333333334], [145.00833333333, 43.875], [145.024999999997, 43.875], [145.024999999997, 43.8666666666667], [145.05833333333, 43.8666666666667], [145.05833333333, 43.8583333333334], [145.099999999997, 43.8583333333334], [145.099999999997, 43.85], [145.091666666663, 43.85], [145.091666666663, 43.8166666666667], [145.074999999997, 43.8166666666667], [145.074999999997, 43.8083333333334], [145.066666666664, 43.8083333333334], [145.066666666664, 43.7916666666667], [145.05833333333, 43.7916666666667], [145.05833333333, 43.7833333333334], [145.066666666664, 43.7833333333334], [145.066666666664, 43.7583333333334], [145.074999999997, 43.7583333333334], [145.074999999997, 43.7416666666667], [145.08333333333, 43.7416666666667], [145.08333333333, 43.7333333333334], [145.099999999997, 43.7333333333334], [145.099999999997, 43.7083333333334], [145.116666666663, 43.7083333333334], [145.116666666663, 43.6916666666667], [145.124999999997, 43.6916666666667], [145.124999999997, 43.6833333333334], [145.13333333333, 43.6833333333334], [145.13333333333, 43.6666666666667], [145.141666666663, 43.6666666666667], [145.141666666663, 43.65], [145.15833333333, 43.65], [145.15833333333, 43.6416666666667], [145.18333333333, 43.6416666666667], [145.18333333333, 43.6333333333334], [145.20833333333, 43.6333333333334], [145.20833333333, 43.6166666666667], [145.199999999997, 43.6166666666667], [145.199999999997, 43.6083333333334], [145.174999999997, 43.6083333333334], [145.174999999997, 43.5916666666667], [145.166666666663, 43.5916666666667], [145.166666666663, 43.5833333333334], [145.15833333333, 43.5833333333334], [145.15833333333, 43.575], [145.141666666663, 43.575], [145.141666666663, 43.5666666666667], [145.099999999997, 43.5666666666667], [145.099999999997, 43.575], [145.091666666663, 43.575], [145.091666666663, 43.5833333333334], [145.08333333333, 43.5833333333334], [145.08333333333, 43.5916666666667], [145.074999999997, 43.5916666666667], [145.074999999997, 43.6], [145.066666666664, 43.6], [145.066666666664, 43.6166666666667], [145.074999999997, 43.6166666666667], [145.074999999997, 43.625], [145.08333333333, 43.625], [145.08333333333, 43.6333333333334], [145.066666666664, 43.6333333333334], [145.066666666664, 43.6416666666667], [145.05833333333, 43.6416666666667], [145.05833333333, 43.6333333333334], [145.024999999997, 43.6333333333334], [145.024999999997, 43.625], [145.00833333333, 43.625], [145.00833333333, 43.6333333333334], [144.991666666664, 43.6333333333334], [144.991666666664, 43.6416666666667], [144.966666666664, 43.6416666666667], [144.966666666664, 43.65], [144.941666666664, 43.65], [144.941666666664, 43.6583333333334], [144.916666666664, 43.6583333333334], [144.916666666664, 43.6666666666667], [144.891666666664, 43.6666666666667], [144.891666666664, 43.675], [144.88333333333, 43.675], [144.88333333333, 43.6833333333334], [144.874999999997, 43.6833333333334], [144.874999999997, 43.6916666666667], [144.849999999997, 43.6916666666667], [144.849999999997, 43.7], [144.80833333333, 43.7], [144.80833333333, 43.6916666666667], [144.799999999997, 43.6916666666667], [144.799999999997, 43.7], [144.766666666664, 43.7], [144.766666666664, 43.6916666666667], [144.749999999997, 43.6916666666667], [144.749999999997, 43.6833333333334], [144.73333333333, 43.6833333333334], [144.73333333333, 43.7], [144.724999999997, 43.7]]], [[[145.224999999997, 43.6166666666667], [145.224999999997, 43.625], [145.241666666663, 43.625], [145.241666666663, 43.6166666666667], [145.249999999997, 43.6166666666667], [145.249999999997, 43.6083333333334], [145.23333333333, 43.6083333333334], [145.23333333333, 43.6166666666667], [145.224999999997, 43.6166666666667]]]]}}, {"type": "Feature", "properties": {"id": "標茶町", "name": "標茶町"}, "geometry": {"type": "MultiPolygon", "coordinates": [[[[144.366666666664, 43.2833333333334], [144.366666666664, 43.3250000000001], [144.358333333331, 43.3250000000001], [144.358333333331, 43.3333333333334], [144.349999999997, 43.3333333333334], [144.349999999997, 43.3416666666667], [144.341666666664, 43.3416666666667], [144.341666666664, 43.3583333333334], [144.324999999998, 43.3583333333334], [144.324999999998, 43.3666666666667], [144.291666666664, 43.3666666666667], [144.291666666664, 43.3750000000001], [144.299999999998, 43.3750000000001], [144.299999999998, 43.4083333333334], [144.291666666664, 43.4083333333334], [144.291666666664, 43.4250000000001], [144.274999999998, 43.4250000000001], [144.274999999998, 43.4333333333334], [144.258333333331, 43.4333333333334], [144.258333333331, 43.4416666666667], [144.291666666664, 43.4416666666667], [144.291666666664, 43.4333333333334], [144.316666666664, 43.4333333333334], [144.316666666664, 43.4250000000001], [144.358333333331, 43.4250000000001], [144.358333333331, 43.4166666666667], [144.366666666664, 43.4166666666667], [144.366666666664, 43.4000000000001], [144.391666666664, 43.4000000000001], [144.391666666664, 43.3916666666667], [144.408333333331, 43.3916666666667], [144.408333333331, 43.4000000000001], [144.424999999997, 43.4000000000001], [144.424999999997, 43.4166666666667], [144.433333333331, 43.4166666666667], [144.433333333331, 43.4250000000001], [144.449999999997, 43.4250000000001], [144.449999999997, 43.4166666666667], [144.483333333331, 43.4166666666667], [144.483333333331, 43.4083333333334], [144.508333333331, 43.4083333333334], [144.508333333331, 43.4000000000001], [144.516666666664, 43.4000000000001], [144.516666666664, 43.3916666666667], [144.541666666664, 43.3916666666667], [144.541666666664, 43.4000000000001], [144.533333333331, 43.4000000000001], [144.533333333331, 43.4083333333334], [144.541666666664, 43.4083333333334], [144.541666666664, 43.4166666666667], [144.558333333331, 43.4166666666667], [144.558333333331, 43.4500000000001], [144.566666666664, 43.4500000000001], [144.566666666664, 43.4583333333334], [144.574999999997, 43.4583333333334], [144.574999999997, 43.5000000000001], [144.591666666664, 43.5000000000001], [144.591666666664, 43.5083333333334], [144.583333333331, 43.5083333333334], [144.583333333331, 43.525], [144.574999999997, 43.525], [144.574999999997, 43.5333333333334], [144.566666666664, 43.5333333333334], [144.566666666664, 43.5416666666667], [144.558333333331, 43.5416666666667], [144.558333333331, 43.5583333333334], [144.566666666664, 43.5583333333334], [144.566666666664, 43.5666666666667], [144.574999999997, 43.5666666666667], [144.574999999997, 43.5750000000001], [144.616666666664, 43.5750000000001], [144.616666666664, 43.5666666666667], [144.633333333331, 43.5666666666667], [144.633333333331, 43.5583333333334], [144.649999999997, 43.5583333333334], [144.649999999997, 43.5500000000001], [144.666666666664, 43.5500000000001], [144.666666666664, 43.5416666666667], [144.683333333331, 43.5416666666667], [144.683333333331, 43.5333333333334], [144.691666666664, 43.5333333333334], [144.691666666664, 43.5250000000001], [144.699999999997, 43.5250000000001], [144.699999999997, 43.5166666666667], [144.708333333331, 43.5166666666667], [144.708333333331, 43.5083333333334], [144.724999999997, 43.5083333333334], [144.724999999997, 43.5000000000001], [144.73333333333, 43.5000000000001], [144.73333333333, 43.4916666666667], [144.741666666664, 43.4916666666667], [144.741666666664, 43.4833333333334], [144.73333333333, 43.4833333333334], [144.73333333333, 43.4750000000001], [144.724999999997, 43.4750000000001], [144.724999999997, 43.4666666666667], [144.708333333331, 43.4666666666667], [144.708333333331, 43.4583333333334], [144.699999999997, 43.4583333333334], [144.699999999997, 43.4500000000001], [144.683333333331, 43.4500000000001], [144.683333333331, 43.4416666666667], [144.641666666664, 43.4416666666667], [144.641666666664, 43.4083333333334], [144.649999999997, 43.4083333333334], [144.649999999997, 43.4000000000001], [144.658333333331, 43.4000000000001], [144.658333333331, 43.3833333333334], [144.666666666664, 43.3833333333334], [144.666666666664, 43.3333333333334], [144.674999999997, 43.3333333333334], [144.674999999997, 43.3166666666667], [144.683333333331, 43.3166666666667], [144.683333333331, 43.3000000000001], [144.691666666664, 43.3000000000001], [144.691666666664, 43.2916666666667], [144.699999999997, 43.2916666666667], [144.699999999997, 43.2833333333334], [144.724999999997, 43.2833333333334], [144.724999999997, 43.2750000000001], [144.741666666664, 43.2750000000001], [144.741666666664, 43.2666666666667], [144.749999999997, 43.2666666666667], [144.749999999997, 43.2500000000001], [144.75833333333, 43.2500000000001], [144.75833333333, 43.2250000000001], [144.749999999997, 43.2250000000001], [144.749999999997, 43.2166666666667], [144.766666666664, 43.2166666666667], [144.766666666664, 43.2083333333334], [144.78333333333, 43.2083333333334], [144.78333333333, 43.2000000000001], [144.799999999997, 43.2000000000001], [144.799999999997, 43.1916666666667], [144.80833333333, 43.1916666666667], [144.80833333333, 43.1833333333334], [144.816666666664, 43.1833333333334], [144.816666666664, 43.1750000000001], [144.791666666664, 43.1750000000001], [144.791666666664, 43.1833333333334], [144.75833333333, 43.1833333333334], [144.75833333333, 43.1916666666667], [144.749999999997, 43.1916666666667], [144.749999999997, 43.1833333333334], [144.73333333333, 43.1833333333334], [144.73333333333, 43.1666666666667], [144.724999999997, 43.1666666666667], [144.724999999997, 43.1583333333334], [144.699999999997, 43.1583333333334], [144.699999999997, 43.1500000000001], [144.691666666664, 43.1500000000001], [144.691666666664, 43.1416666666667], [144.674999999997, 43.1416666666667], [144.674999999997, 43.1500000000001], [144.658333333331, 43.1500000000001], [144.658333333331, 43.1416666666667], [144.666666666664, 43.1416666666667], [144.666666666664, 43.1166666666667], [144.674999999997, 43.1166666666667], [144.674999999997, 43.1000000000001], [144.658333333331, 43.1000000000001], [144.658333333331, 43.0916666666667], [144.649999999997, 43.0916666666667], [144.649999999997, 43.0833333333334], [144.641666666664, 43.0833333333334], [144.641666666664, 43.0666666666667], [144.633333333331, 43.0666666666667], [144.633333333331, 43.0583333333334], [144.616666666664, 43.0583333333334], [144.616666666664, 43.0500000000001], [144.591666666664, 43.0500000000001], [144.591666666664, 43.0416666666667], [144.583333333331, 43.0416666666667], [144.583333333331, 43.0333333333334], [144.574999999997, 43.0333333333334], [144.574999999997, 43.0250000000001], [144.549999999997, 43.0250000000001], [144.549999999997, 43.0416666666667], [144.558333333331, 43.0416666666667], [144.558333333331, 43.0583333333334], [144.549999999997, 43.0583333333334], [144.549999999997, 43.0750000000001], [144.541666666664, 43.0750000000001], [144.541666666664, 43.1000000000001], [144.533333333331, 43.1000000000001], [144.533333333331, 43.1083333333334], [144.508333333331, 43.1083333333334], [144.508333333331, 43.1166666666667], [144.424999999997, 43.1166666666667], [144.424999999997, 43.1083333333334], [144.408333333331, 43.1083333333334], [144.408333333331, 43.1166666666667], [144.416666666664, 43.1166666666667], [144.416666666664, 43.1250000000001], [144.433333333331, 43.1250000000001], [144.433333333331, 43.1333333333334], [144.441666666664, 43.1333333333334], [144.441666666664, 43.1416666666667], [144.449999999997, 43.1416666666667], [144.449999999997, 43.1666666666667], [144.441666666664, 43.1666666666667], [144.441666666664, 43.1750000000001], [144.433333333331, 43.1750000000001], [144.433333333331, 43.1916666666667], [144.441666666664, 43.1916666666667], [144.441666666664, 43.2250000000001], [144.433333333331, 43.2250000000001], [144.433333333331, 43.2333333333334], [144.424999999997, 43.2333333333334], [144.424999999997, 43.2416666666667], [144.416666666664, 43.2416666666667], [144.416666666664, 43.2500000000001], [144.399999999997, 43.2500000000001], [144.399999999997, 43.2583333333334], [144.391666666664, 43.2583333333334], [144.391666666664, 43.2666666666667], [144.383333333331, 43.2666666666667], [144.383333333331, 43.2750000000001], [144.374999999997, 43.2750000000001], [144.374999999997, 43.2833333333334], [144.366666666664, 43.2833333333334]]], [[[144.258333333331, 43.4500000000001], [144.258333333331, 43.4416666666667], [144.249999999998, 43.4416666666667], [144.249999999998, 43.4500000000001], [144.258333333331, 43.4500000000001]]]]}}, {"type": "Feature", "properties": {"id": "歌志内市", "name": "歌志内市"}, "geometry": {"type": "Polygon", "coordinates": [[[142.016666666654, 43.4833333333334], [141.966666666654, 43.4833333333334], [141.966666666654, 43.4916666666667], [141.974999999987, 43.4916666666667], [141.974999999987, 43.5000000000001], [141.983333333321, 43.5000000000001], [141.983333333321, 43.5083333333334], [141.991666666654, 43.5083333333334], [141.991666666654, 43.5250000000001], [142.016666666654, 43.5250000000001], [142.016666666654, 43.5333333333334], [142.058333333321, 43.5333333333334], [142.058333333321, 43.5250000000001], [142.083333333321, 43.5250000000001], [142.083333333321, 43.5000000000001], [142.091666666654, 43.5000000000001], [142.091666666654, 43.4916666666667], [142.074999999987, 43.4916666666667], [142.074999999987, 43.4833333333334], [142.066666666654, 43.4833333333334], [142.066666666654, 43.4416666666667], [142.041666666654, 43.4416666666667], [142.041666666654, 43.4500000000001], [142.033333333321, 43.4500000000001], [142.033333333321, 43.4583333333334], [142.024999999987, 43.4583333333334], [142.024999999987, 43.4666666666667], [142.016666666654, 43.4666666666667], [142.016666666654, 43.4833333333334]]]}}, {"type": "Feature", "properties": {"id": "比布町", "name": "比布町"}, "geometry": {"type": "Polygon", "coordinates": [[[142.45833333332, 43.85], [142.449999999987, 43.85], [142.449999999987, 43.8833333333334], [142.441666666654, 43.8833333333334], [142.441666666654, 43.8916666666667], [142.449999999987, 43.8916666666667], [142.449999999987, 43.9], [142.441666666654, 43.9], [142.441666666654, 43.9166666666667], [142.43333333332, 43.9166666666667], [142.43333333332, 43.9333333333334], [142.441666666654, 43.9333333333334], [142.441666666654, 43.9416666666667], [142.43333333332, 43.9416666666667], [142.43333333332, 43.9666666666667], [142.466666666654, 43.9666666666667], [142.466666666654, 43.9583333333334], [142.491666666654, 43.9583333333334], [142.491666666654, 43.9833333333334], [142.516666666654, 43.9833333333334], [142.516666666654, 43.9916666666667], [142.53333333332, 43.9916666666667], [142.53333333332, 43.9833333333334], [142.541666666654, 43.9833333333334], [142.541666666654, 43.975], [142.53333333332, 43.975], [142.53333333332, 43.9666666666667], [142.524999999987, 43.9666666666667], [142.524999999987, 43.9583333333334], [142.50833333332, 43.9583333333334], [142.50833333332, 43.95], [142.516666666654, 43.95], [142.516666666654, 43.9333333333334], [142.524999999987, 43.9333333333334], [142.524999999987, 43.925], [142.53333333332, 43.925], [142.53333333332, 43.9166666666667], [142.541666666654, 43.9166666666667], [142.541666666654, 43.9], [142.524999999987, 43.9], [142.524999999987, 43.8916666666667], [142.516666666654, 43.8916666666667], [142.516666666654, 43.875], [142.50833333332, 43.875], [142.50833333332, 43.8666666666667], [142.499999999987, 43.8666666666667], [142.499999999987, 43.8583333333334], [142.491666666654, 43.8583333333334], [142.491666666654, 43.85], [142.474999999987, 43.85], [142.474999999987, 43.8416666666667], [142.45833333332, 43.8416666666667], [142.45833333332, 43.85]]]}}, {"type": "Feature", "properties": {"id": "江別市", "name": "江別市"}, "geometry": {"type": "Polygon", "coordinates": [[[141.474999999988, 43.0916666666667], [141.466666666655, 43.0916666666667], [141.466666666655, 43.1000000000001], [141.458333333321, 43.1000000000001], [141.458333333321, 43.0916666666667], [141.449999999988, 43.0916666666667], [141.449999999988, 43.1250000000001], [141.458333333321, 43.1250000000001], [141.458333333321, 43.1333333333334], [141.449999999988, 43.1333333333334], [141.449999999988, 43.1666666666667], [141.549999999988, 43.1666666666667], [141.549999999988, 43.1750000000001], [141.574999999988, 43.1750000000001], [141.574999999988, 43.1583333333334], [141.633333333321, 43.1583333333334], [141.633333333321, 43.1500000000001], [141.641666666654, 43.1500000000001], [141.641666666654, 43.1416666666667], [141.649999999988, 43.1416666666667], [141.649999999988, 43.1333333333334], [141.658333333321, 43.1333333333334], [141.658333333321, 43.1250000000001], [141.666666666654, 43.1250000000001], [141.666666666654, 43.1166666666667], [141.649999999988, 43.1166666666667], [141.649999999988, 43.1083333333334], [141.633333333321, 43.1083333333334], [141.633333333321, 43.1000000000001], [141.616666666654, 43.1000000000001], [141.616666666654, 43.0916666666667], [141.599999999988, 43.0916666666667], [141.599999999988, 43.0833333333334], [141.591666666654, 43.0833333333334], [141.591666666654, 43.0583333333334], [141.583333333321, 43.0583333333334], [141.583333333321, 43.0500000000001], [141.574999999988, 43.0500000000001], [141.574999999988, 43.0416666666667], [141.566666666654, 43.0416666666667], [141.566666666654, 43.0250000000001], [141.549999999988, 43.0250000000001], [141.549999999988, 43.0166666666667], [141.508333333321, 43.0166666666667], [141.508333333321, 43.0333333333334], [141.499999999988, 43.0333333333334], [141.499999999988, 43.0583333333334], [141.483333333321, 43.0583333333334], [141.483333333321, 43.0666666666667], [141.474999999988, 43.0666666666667], [141.474999999988, 43.0916666666667]]]}}, {"type": "Feature", "properties": {"id": "江差町", "name": "江差町"}, "geometry": {"type": "Polygon", "coordinates": [[[140.116666666656, 41.8500000000002], [140.124999999989, 41.8500000000002], [140.124999999989, 41.8583333333335], [140.116666666656, 41.8583333333335], [140.116666666656, 41.8750000000001], [140.124999999989, 41.8750000000001], [140.124999999989, 41.8833333333335], [140.133333333322, 41.8833333333335], [140.133333333322, 41.9166666666668], [140.141666666656, 41.9166666666668], [140.141666666656, 41.9250000000001], [140.133333333322, 41.9250000000001], [140.133333333322, 41.9583333333335], [140.208333333322, 41.9583333333335], [140.208333333322, 41.9666666666668], [140.241666666656, 41.9666666666668], [140.241666666656, 41.9750000000001], [140.258333333322, 41.9750000000001], [140.258333333322, 41.9666666666668], [140.249999999989, 41.9666666666668], [140.249999999989, 41.9583333333335], [140.241666666656, 41.9583333333335], [140.241666666656, 41.9500000000001], [140.233333333322, 41.9500000000001], [140.233333333322, 41.9416666666668], [140.224999999989, 41.9416666666668], [140.224999999989, 41.9333333333335], [140.216666666656, 41.9333333333335], [140.216666666656, 41.9250000000001], [140.149999999989, 41.9250000000001], [140.149999999989, 41.9083333333335], [140.174999999989, 41.9083333333335], [140.174999999989, 41.9000000000001], [140.191666666656, 41.9000000000001], [140.191666666656, 41.8916666666668], [140.224999999989, 41.8916666666668], [140.224999999989, 41.8750000000001], [140.216666666656, 41.8750000000001], [140.216666666656, 41.8666666666668], [140.208333333322, 41.8666666666668], [140.208333333322, 41.8416666666668], [140.216666666656, 41.8416666666668], [140.216666666656, 41.8333333333335], [140.224999999989, 41.8333333333335], [140.224999999989, 41.8166666666668], [140.208333333322, 41.8166666666668], [140.208333333322, 41.8083333333335], [140.158333333322, 41.8083333333335], [140.158333333322, 41.8166666666668], [140.124999999989, 41.8166666666668], [140.124999999989, 41.8416666666668], [140.116666666656, 41.8416666666668], [140.116666666656, 41.8500000000002]]]}}, {"type": "Feature", "properties": {"id": "池田町", "name": "池田町"}, "geometry": {"type": "Polygon", "coordinates": [[[143.383333333332, 42.9416666666667], [143.324999999998, 42.9416666666667], [143.324999999998, 42.9666666666668], [143.366666666665, 42.9666666666668], [143.366666666665, 42.9833333333334], [143.374999999998, 42.9833333333334], [143.374999999998, 43.0000000000001], [143.366666666665, 43.0000000000001], [143.366666666665, 43.0166666666667], [143.358333333332, 43.0166666666667], [143.358333333332, 43.0416666666667], [143.349999999998, 43.0416666666667], [143.349999999998, 43.0500000000001], [143.341666666665, 43.0500000000001], [143.341666666665, 43.0750000000001], [143.349999999998, 43.0750000000001], [143.349999999998, 43.0833333333334], [143.383333333332, 43.0833333333334], [143.383333333332, 43.0916666666667], [143.399999999998, 43.0916666666667], [143.399999999998, 43.1000000000001], [143.408333333332, 43.1000000000001], [143.408333333332, 43.1083333333334], [143.416666666665, 43.1083333333334], [143.416666666665, 43.1166666666667], [143.424999999998, 43.1166666666667], [143.424999999998, 43.1083333333334], [143.433333333332, 43.1083333333334], [143.433333333332, 43.1000000000001], [143.449999999998, 43.1000000000001], [143.449999999998, 43.0916666666667], [143.458333333332, 43.0916666666667], [143.458333333332, 43.0833333333334], [143.466666666665, 43.0833333333334], [143.466666666665, 43.0750000000001], [143.483333333332, 43.0750000000001], [143.483333333332, 43.0666666666667], [143.499999999998, 43.0666666666667], [143.499999999998, 43.0583333333334], [143.524999999998, 43.0583333333334], [143.524999999998, 43.0666666666667], [143.541666666665, 43.0666666666667], [143.541666666665, 43.0750000000001], [143.558333333332, 43.0750000000001], [143.558333333332, 43.0583333333334], [143.566666666665, 43.0583333333334], [143.566666666665, 43.0416666666667], [143.583333333332, 43.0416666666667], [143.583333333332, 43.0333333333334], [143.591666666665, 43.0333333333334], [143.591666666665, 43.0250000000001], [143.583333333332, 43.0250000000001], [143.583333333332, 43.0083333333334], [143.574999999998, 43.0083333333334], [143.574999999998, 42.9833333333334], [143.583333333332, 42.9833333333334], [143.583333333332, 42.9750000000001], [143.574999999998, 42.9750000000001], [143.574999999998, 42.9666666666667], [143.566666666665, 42.9666666666667], [143.566666666665, 42.9500000000001], [143.574999999998, 42.9500000000001], [143.574999999998, 42.9166666666667], [143.566666666665, 42.9166666666667], [143.566666666665, 42.9083333333334], [143.558333333332, 42.9083333333334], [143.558333333332, 42.9000000000001], [143.549999999998, 42.9000000000001], [143.549999999998, 42.8916666666668], [143.533333333332, 42.8916666666668], [143.533333333332, 42.8833333333334], [143.499999999998, 42.8833333333334], [143.499999999998, 42.8750000000001], [143.441666666665, 42.8750000000001], [143.441666666665, 42.8833333333334], [143.433333333332, 42.8833333333334], [143.433333333332, 42.8916666666668], [143.424999999998, 42.8916666666668], [143.424999999998, 42.9000000000001], [143.416666666665, 42.9000000000001], [143.416666666665, 42.9083333333334], [143.408333333332, 42.9083333333334], [143.408333333332, 42.9166666666667], [143.391666666665, 42.9166666666667], [143.391666666665, 42.9250000000001], [143.383333333332, 42.9250000000001], [143.383333333332, 42.9416666666667]]]}}, {"type": "Feature", "properties": {"id": "沼田町", "name": "沼田町"}, "geometry": {"type": "Polygon", "coordinates": [[[141.874999999988, 43.8333333333334], [141.866666666654, 43.8333333333334], [141.866666666654, 43.8416666666667], [141.858333333321, 43.8416666666667], [141.858333333321, 43.8666666666667], [141.866666666654, 43.8666666666667], [141.866666666654, 43.8833333333334], [141.874999999988, 43.8833333333334], [141.874999999988, 43.8916666666667], [141.899999999988, 43.8916666666667], [141.899999999988, 43.9083333333334], [141.891666666654, 43.9083333333334], [141.891666666654, 43.9166666666667], [141.883333333321, 43.9166666666667], [141.883333333321, 43.9333333333334], [141.891666666654, 43.9333333333334], [141.891666666654, 43.95], [141.899999999988, 43.95], [141.899999999988, 43.9583333333334], [141.924999999987, 43.9583333333334], [141.924999999987, 43.9666666666667], [141.933333333321, 43.9666666666667], [141.933333333321, 43.9916666666667], [141.941666666654, 43.9916666666667], [141.941666666654, 44.0], [141.974999999987, 44.0], [141.974999999987, 43.9916666666667], [141.991666666654, 43.9916666666667], [141.991666666654, 44.0], [141.999999999987, 44.0], [141.999999999987, 44.0083333333334], [142.016666666654, 44.0083333333334], [142.016666666654, 44.0], [142.033333333321, 44.0], [142.033333333321, 43.9833333333334], [142.024999999987, 43.9833333333334], [142.024999999987, 43.975], [142.033333333321, 43.975], [142.033333333321, 43.9666666666667], [142.024999999987, 43.9666666666667], [142.024999999987, 43.925], [142.033333333321, 43.925], [142.033333333321, 43.9166666666667], [142.041666666654, 43.9166666666667], [142.041666666654, 43.9083333333334], [142.049999999987, 43.9083333333334], [142.049999999987, 43.9], [142.066666666654, 43.9], [142.066666666654, 43.8833333333334], [142.074999999987, 43.8833333333334], [142.074999999987, 43.875], [142.083333333321, 43.875], [142.083333333321, 43.8583333333334], [142.074999999987, 43.8583333333334], [142.074999999987, 43.8416666666667], [142.049999999987, 43.8416666666667], [142.049999999987, 43.8333333333334], [142.041666666654, 43.8333333333334], [142.041666666654, 43.825], [142.033333333321, 43.825], [142.033333333321, 43.8166666666667], [142.016666666654, 43.8166666666667], [142.016666666654, 43.8], [141.999999999987, 43.8], [141.999999999987, 43.8083333333334], [141.958333333321, 43.8083333333334], [141.958333333321, 43.8], [141.941666666654, 43.8], [141.941666666654, 43.7916666666667], [141.933333333321, 43.7916666666667], [141.933333333321, 43.7833333333334], [141.916666666654, 43.7833333333334], [141.916666666654, 43.775], [141.874999999988, 43.775], [141.874999999988, 43.8333333333334]]]}}, {"type": "Feature", "properties": {"id": "泊村", "name": "泊村"}, "geometry": {"type": "Polygon", "coordinates": [[[140.458333333322, 43.0833333333334], [140.458333333322, 43.1000000000001], [140.449999999989, 43.1000000000001], [140.449999999989, 43.1250000000001], [140.458333333322, 43.1250000000001], [140.458333333322, 43.1333333333334], [140.466666666655, 43.1333333333334], [140.466666666655, 43.1416666666667], [140.516666666655, 43.1416666666667], [140.516666666655, 43.1500000000001], [140.533333333322, 43.1500000000001], [140.533333333322, 43.1583333333334], [140.549999999989, 43.1583333333334], [140.549999999989, 43.1416666666667], [140.558333333322, 43.1416666666667], [140.558333333322, 43.1333333333334], [140.549999999989, 43.1333333333334], [140.549999999989, 43.1166666666667], [140.574999999989, 43.1166666666667], [140.574999999989, 43.1083333333334], [140.583333333322, 43.1083333333334], [140.583333333322, 43.1000000000001], [140.591666666655, 43.1000000000001], [140.591666666655, 43.0916666666667], [140.566666666655, 43.0916666666667], [140.566666666655, 43.0833333333334], [140.558333333322, 43.0833333333334], [140.558333333322, 43.0750000000001], [140.541666666655, 43.0750000000001], [140.541666666655, 43.0500000000001], [140.533333333322, 43.0500000000001], [140.533333333322, 43.0333333333334], [140.524999999989, 43.0333333333334], [140.524999999989, 43.0250000000001], [140.508333333322, 43.0250000000001], [140.508333333322, 43.0333333333334], [140.499999999989, 43.0333333333334], [140.499999999989, 43.0500000000001], [140.491666666655, 43.0500000000001], [140.491666666655, 43.0666666666667], [140.483333333322, 43.0666666666667], [140.483333333322, 43.0750000000001], [140.466666666655, 43.0750000000001], [140.466666666655, 43.0833333333334], [140.458333333322, 43.0833333333334]]]}}, {"type": "Feature", "properties": {"id": "洞爺湖町", "name": "洞爺湖町"}, "geometry": {"type": "Polygon", "coordinates": [[[140.766666666655, 42.5166666666668], [140.766666666655, 42.5416666666668], [140.758333333322, 42.5416666666668], [140.758333333322, 42.5500000000001], [140.741666666655, 42.5500000000001], [140.741666666655, 42.5583333333334], [140.733333333322, 42.5583333333334], [140.733333333322, 42.5666666666668], [140.724999999989, 42.5666666666668], [140.724999999989, 42.5750000000001], [140.741666666655, 42.5750000000001], [140.741666666655, 42.5833333333334], [140.749999999989, 42.5833333333334], [140.749999999989, 42.5916666666668], [140.758333333322, 42.5916666666668], [140.758333333322, 42.6000000000001], [140.749999999989, 42.6000000000001], [140.749999999989, 42.6083333333334], [140.741666666655, 42.6083333333334], [140.741666666655, 42.6250000000001], [140.733333333322, 42.6250000000001], [140.733333333322, 42.6416666666668], [140.741666666655, 42.6416666666668], [140.741666666655, 42.6500000000001], [140.749999999989, 42.6500000000001], [140.749999999989, 42.6583333333334], [140.774999999989, 42.6583333333334], [140.774999999989, 42.6666666666668], [140.799999999989, 42.6666666666668], [140.799999999989, 42.6750000000001], [140.816666666655, 42.6750000000001], [140.816666666655, 42.6833333333334], [140.841666666655, 42.6833333333334], [140.841666666655, 42.6916666666668], [140.849999999988, 42.6916666666668], [140.849999999988, 42.7000000000001], [140.866666666655, 42.7000000000001], [140.866666666655, 42.6916666666668], [140.899999999988, 42.6916666666668], [140.899999999988, 42.6833333333334], [140.949999999988, 42.6833333333334], [140.949999999988, 42.6750000000001], [140.966666666655, 42.6750000000001], [140.966666666655, 42.6500000000001], [140.958333333322, 42.6500000000001], [140.958333333322, 42.6416666666668], [140.908333333322, 42.6416666666668], [140.908333333322, 42.6250000000001], [140.899999999988, 42.6250000000001], [140.899999999988, 42.6166666666668], [140.874999999988, 42.6166666666668], [140.874999999988, 42.6083333333334], [140.849999999988, 42.6083333333334], [140.849999999988, 42.6000000000001], [140.841666666655, 42.6000000000001], [140.841666666655, 42.5833333333334], [140.833333333322, 42.5833333333334], [140.833333333322, 42.5583333333334], [140.824999999988, 42.5583333333334], [140.824999999988, 42.5416666666668], [140.808333333322, 42.5416666666668], [140.808333333322, 42.5333333333334], [140.783333333322, 42.5333333333334], [140.783333333322, 42.5250000000001], [140.774999999989, 42.5250000000001], [140.774999999989, 42.5166666666668], [140.766666666655, 42.5166666666668]]]}}, {"type": "Feature", "properties": {"id": "津別町", "name": "津別町"}, "geometry": {"type": "Polygon", "coordinates": [[[143.816666666665, 43.575], [143.816666666665, 43.5833333333334], [143.799999999998, 43.5833333333334], [143.799999999998, 43.5916666666667], [143.791666666665, 43.5916666666667], [143.791666666665, 43.6], [143.783333333331, 43.6], [143.783333333331, 43.6083333333334], [143.774999999998, 43.6083333333334], [143.774999999998, 43.6416666666667], [143.799999999998, 43.6416666666667], [143.799999999998, 43.65], [143.824999999998, 43.65], [143.824999999998, 43.6583333333334], [143.833333333331, 43.6583333333334], [143.833333333331, 43.6666666666667], [143.816666666665, 43.6666666666667], [143.816666666665, 43.6833333333334], [143.824999999998, 43.6833333333334], [143.824999999998, 43.6916666666667], [143.841666666665, 43.6916666666667], [143.841666666665, 43.7], [143.849999999998, 43.7], [143.849999999998, 43.7083333333334], [143.883333333331, 43.7083333333334], [143.883333333331, 43.7], [143.891666666665, 43.7], [143.891666666665, 43.7083333333334], [143.899999999998, 43.7083333333334], [143.899999999998, 43.725], [143.908333333331, 43.725], [143.908333333331, 43.7333333333334], [143.933333333331, 43.7333333333334], [143.933333333331, 43.725], [143.966666666665, 43.725], [143.966666666665, 43.7333333333334], [143.974999999998, 43.7333333333334], [143.974999999998, 43.725], [143.991666666664, 43.725], [143.991666666664, 43.7333333333334], [144.024999999998, 43.7333333333334], [144.024999999998, 43.7416666666667], [144.033333333331, 43.7416666666667], [144.033333333331, 43.75], [144.041666666664, 43.75], [144.041666666664, 43.7583333333334], [144.049999999998, 43.7583333333334], [144.049999999998, 43.7666666666667], [144.066666666664, 43.7666666666667], [144.066666666664, 43.7583333333334], [144.083333333331, 43.7583333333334], [144.083333333331, 43.75], [144.091666666664, 43.75], [144.091666666664, 43.7333333333334], [144.099999999998, 43.7333333333334], [144.099999999998, 43.7166666666667], [144.108333333331, 43.7166666666667], [144.108333333331, 43.7083333333334], [144.116666666664, 43.7083333333334], [144.116666666664, 43.6916666666667], [144.124999999998, 43.6916666666667], [144.124999999998, 43.6416666666667], [144.133333333331, 43.6416666666667], [144.133333333331, 43.6333333333334], [144.141666666664, 43.6333333333334], [144.141666666664, 43.625], [144.174999999998, 43.625], [144.174999999998, 43.6166666666667], [144.183333333331, 43.6166666666667], [144.183333333331, 43.6083333333334], [144.199999999998, 43.6083333333334], [144.199999999998, 43.6000000000001], [144.216666666664, 43.6000000000001], [144.216666666664, 43.5833333333334], [144.224999999998, 43.5833333333334], [144.224999999998, 43.5666666666667], [144.233333333331, 43.5666666666667], [144.233333333331, 43.525], [144.224999999998, 43.525], [144.224999999998, 43.5166666666667], [144.216666666664, 43.5166666666667], [144.216666666664, 43.525], [144.191666666664, 43.525], [144.191666666664, 43.5166666666667], [144.166666666664, 43.5166666666667], [144.166666666664, 43.525], [144.133333333331, 43.525], [144.133333333331, 43.5166666666667], [144.083333333331, 43.5166666666667], [144.083333333331, 43.5083333333334], [144.074999999998, 43.5083333333334], [144.074999999998, 43.4750000000001], [144.049999999998, 43.4750000000001], [144.049999999998, 43.4666666666667], [144.024999999998, 43.4666666666667], [144.024999999998, 43.4583333333334], [144.016666666664, 43.4583333333334], [144.016666666664, 43.4666666666667], [143.974999999998, 43.4666666666667], [143.974999999998, 43.4750000000001], [143.958333333331, 43.4750000000001], [143.958333333331, 43.4833333333334], [143.941666666665, 43.4833333333334], [143.941666666665, 43.5], [143.933333333331, 43.5], [143.933333333331, 43.5166666666667], [143.924999999998, 43.5166666666667], [143.924999999998, 43.525], [143.899999999998, 43.525], [143.899999999998, 43.5333333333334], [143.891666666665, 43.5333333333334], [143.891666666665, 43.525], [143.874999999998, 43.525], [143.874999999998, 43.5333333333334], [143.858333333331, 43.5333333333334], [143.858333333331, 43.5416666666667], [143.849999999998, 43.5416666666667], [143.849999999998, 43.55], [143.833333333331, 43.55], [143.833333333331, 43.5583333333334], [143.824999999998, 43.5583333333334], [143.824999999998, 43.575], [143.816666666665, 43.575]]]}}, {"type": "Feature", "properties": {"id": "浜中町", "name": "浜中町"}, "geometry": {"type": "Polygon", "coordinates": [[[144.974999999997, 43.0750000000001], [144.991666666664, 43.0750000000001], [144.991666666664, 43.1000000000001], [144.98333333333, 43.1000000000001], [144.98333333333, 43.1083333333334], [144.991666666664, 43.1083333333334], [144.991666666664, 43.1166666666667], [144.999999999997, 43.1166666666667], [144.999999999997, 43.1333333333334], [144.95833333333, 43.1333333333334], [144.95833333333, 43.1416666666667], [144.949999999997, 43.1416666666667], [144.949999999997, 43.1583333333334], [144.941666666664, 43.1583333333334], [144.941666666664, 43.1666666666667], [144.924999999997, 43.1666666666667], [144.924999999997, 43.1750000000001], [144.93333333333, 43.1750000000001], [144.93333333333, 43.1833333333334], [144.941666666664, 43.1833333333334], [144.941666666664, 43.2083333333334], [144.949999999997, 43.2083333333334], [144.949999999997, 43.2166666666667], [144.93333333333, 43.2166666666667], [144.93333333333, 43.2250000000001], [144.924999999997, 43.2250000000001], [144.924999999997, 43.2333333333334], [144.916666666664, 43.2333333333334], [144.916666666664, 43.2500000000001], [144.949999999997, 43.2500000000001], [144.949999999997, 43.2416666666667], [144.966666666664, 43.2416666666667], [144.966666666664, 43.2333333333334], [144.991666666664, 43.2333333333334], [144.991666666664, 43.2250000000001], [144.999999999997, 43.2250000000001], [144.999999999997, 43.2166666666667], [145.03333333333, 43.2166666666667], [145.03333333333, 43.2250000000001], [145.041666666664, 43.2250000000001], [145.041666666664, 43.2333333333334], [145.05833333333, 43.2333333333334], [145.05833333333, 43.2416666666667], [145.091666666663, 43.2416666666667], [145.091666666663, 43.2333333333334], [145.13333333333, 43.2333333333334], [145.13333333333, 43.2416666666667], [145.149999999997, 43.2416666666667], [145.149999999997, 43.2500000000001], [145.15833333333, 43.2500000000001], [145.15833333333, 43.2583333333334], [145.199999999997, 43.2583333333334], [145.199999999997, 43.2416666666667], [145.20833333333, 43.2416666666667], [145.20833333333, 43.2250000000001], [145.216666666663, 43.2250000000001], [145.216666666663, 43.2166666666667], [145.224999999997, 43.2166666666667], [145.224999999997, 43.2083333333334], [145.23333333333, 43.2083333333334], [145.23333333333, 43.2166666666667], [145.249999999997, 43.2166666666667], [145.249999999997, 43.2250000000001], [145.274999999997, 43.2250000000001], [145.274999999997, 43.2166666666667], [145.28333333333, 43.2166666666667], [145.28333333333, 43.2083333333334], [145.30833333333, 43.2083333333334], [145.30833333333, 43.2000000000001], [145.316666666663, 43.2000000000001], [145.316666666663, 43.1833333333334], [145.324999999997, 43.1833333333334], [145.324999999997, 43.1666666666667], [145.30833333333, 43.1666666666667], [145.30833333333, 43.1750000000001], [145.299999999997, 43.1750000000001], [145.299999999997, 43.1666666666667], [145.274999999997, 43.1666666666667], [145.274999999997, 43.1583333333334], [145.249999999997, 43.1583333333334], [145.249999999997, 43.1500000000001], [145.23333333333, 43.1500000000001], [145.23333333333, 43.1416666666667], [145.20833333333, 43.1416666666667], [145.20833333333, 43.1333333333334], [145.191666666663, 43.1333333333334], [145.191666666663, 43.1416666666667], [145.174999999997, 43.1416666666667], [145.174999999997, 43.1500000000001], [145.166666666663, 43.1500000000001], [145.166666666663, 43.1416666666667], [145.141666666663, 43.1416666666667], [145.141666666663, 43.1333333333334], [145.124999999997, 43.1333333333334], [145.124999999997, 43.1250000000001], [145.116666666663, 43.1250000000001], [145.116666666663, 43.0833333333334], [145.166666666663, 43.0833333333334], [145.166666666663, 43.0750000000001], [145.149999999997, 43.0750000000001], [145.149999999997, 43.0666666666667], [145.124999999997, 43.0666666666667], [145.124999999997, 43.0750000000001], [145.099999999997, 43.0750000000001], [145.099999999997, 43.0666666666667], [145.091666666663, 43.0666666666667], [145.091666666663, 43.0583333333334], [145.116666666663, 43.0583333333334], [145.116666666663, 43.0500000000001], [145.08333333333, 43.0500000000001], [145.08333333333, 43.0416666666667], [145.05833333333, 43.0416666666667], [145.05833333333, 43.0333333333334], [145.049999999997, 43.0333333333334], [145.049999999997, 43.0250000000001], [145.03333333333, 43.0250000000001], [145.03333333333, 43.0083333333334], [145.024999999997, 43.0083333333334], [145.024999999997, 43.0000000000001], [145.016666666664, 43.0000000000001], [145.016666666664, 42.9916666666667], [144.999999999997, 42.9916666666667], [144.999999999997, 43.0000000000001], [144.991666666664, 43.0000000000001], [144.991666666664, 43.0333333333334], [144.98333333333, 43.0333333333334], [144.98333333333, 43.0416666666667], [144.974999999997, 43.0416666666667], [144.974999999997, 43.0583333333334], [144.966666666664, 43.0583333333334], [144.966666666664, 43.0666666666667], [144.974999999997, 43.0666666666667], [144.974999999997, 43.0750000000001]]]}}, {"type": "Feature", "properties": {"id": "浜頓別町", "name": "浜頓別町"}, "geometry": {"type": "Polygon", "coordinates": [[[142.166666666654, 44.9666666666666], [142.166666666654, 44.9916666666666], [142.158333333321, 44.9916666666666], [142.158333333321, 45.025], [142.166666666654, 45.025], [142.166666666654, 45.0416666666666], [142.158333333321, 45.0416666666666], [142.158333333321, 45.05], [142.174999999987, 45.05], [142.174999999987, 45.0583333333333], [142.183333333321, 45.0583333333333], [142.183333333321, 45.075], [142.191666666654, 45.075], [142.191666666654, 45.0833333333333], [142.199999999987, 45.0833333333333], [142.199999999987, 45.1], [142.191666666654, 45.1], [142.191666666654, 45.1166666666666], [142.183333333321, 45.1166666666666], [142.183333333321, 45.125], [142.174999999987, 45.125], [142.174999999987, 45.1333333333333], [142.166666666654, 45.1333333333333], [142.166666666654, 45.1416666666666], [142.183333333321, 45.1416666666666], [142.183333333321, 45.1666666666666], [142.191666666654, 45.1666666666666], [142.191666666654, 45.175], [142.233333333321, 45.175], [142.233333333321, 45.1833333333333], [142.241666666654, 45.1833333333333], [142.241666666654, 45.1916666666666], [142.258333333321, 45.1916666666666], [142.258333333321, 45.1833333333333], [142.28333333332, 45.1833333333333], [142.28333333332, 45.175], [142.299999999987, 45.175], [142.299999999987, 45.1666666666666], [142.341666666654, 45.1666666666666], [142.341666666654, 45.175], [142.349999999987, 45.175], [142.349999999987, 45.1666666666666], [142.35833333332, 45.1666666666666], [142.35833333332, 45.1583333333333], [142.366666666654, 45.1583333333333], [142.366666666654, 45.15], [142.374999999987, 45.15], [142.374999999987, 45.1416666666666], [142.391666666654, 45.1416666666666], [142.391666666654, 45.1333333333333], [142.40833333332, 45.1333333333333], [142.40833333332, 45.1166666666666], [142.416666666654, 45.1166666666666], [142.416666666654, 45.1083333333333], [142.441666666654, 45.1083333333333], [142.441666666654, 45.1], [142.449999999987, 45.1], [142.449999999987, 45.0833333333333], [142.466666666654, 45.0833333333333], [142.466666666654, 45.075], [142.474999999987, 45.075], [142.474999999987, 45.0666666666666], [142.499999999987, 45.0666666666666], [142.499999999987, 45.0583333333333], [142.491666666654, 45.0583333333333], [142.491666666654, 45.05], [142.474999999987, 45.05], [142.474999999987, 45.0333333333333], [142.48333333332, 45.0333333333333], [142.48333333332, 45.0083333333333], [142.474999999987, 45.0083333333333], [142.474999999987, 45.0], [142.466666666654, 45.0], [142.466666666654, 44.9916666666666], [142.424999999987, 44.9916666666666], [142.424999999987, 44.9833333333333], [142.416666666654, 44.9833333333333], [142.416666666654, 44.975], [142.40833333332, 44.975], [142.40833333332, 44.9833333333333], [142.399999999987, 44.9833333333333], [142.399999999987, 45.0], [142.391666666654, 45.0], [142.391666666654, 45.0083333333333], [142.366666666654, 45.0083333333333], [142.366666666654, 45.0166666666666], [142.30833333332, 45.0166666666666], [142.30833333332, 45.025], [142.28333333332, 45.025], [142.28333333332, 45.0166666666666], [142.266666666654, 45.0166666666666], [142.266666666654, 45.0083333333333], [142.249999999987, 45.0083333333333], [142.249999999987, 45.0], [142.233333333321, 45.0], [142.233333333321, 44.9916666666666], [142.216666666654, 44.9916666666666], [142.216666666654, 44.975], [142.199999999987, 44.975], [142.199999999987, 44.9666666666666], [142.166666666654, 44.9666666666666]]]}}, {"type": "Feature", "properties": {"id": "浦幌町", "name": "浦幌町"}, "geometry": {"type": "Polygon", "coordinates": [[[143.591666666665, 42.7250000000001], [143.591666666665, 42.8083333333334], [143.583333333332, 42.8083333333334], [143.583333333332, 42.8166666666668], [143.574999999998, 42.8166666666668], [143.574999999998, 42.8250000000001], [143.566666666665, 42.8250000000001], [143.566666666665, 42.8416666666668], [143.558333333332, 42.8416666666668], [143.558333333332, 42.8500000000001], [143.566666666665, 42.8500000000001], [143.566666666665, 42.8583333333334], [143.574999999998, 42.8583333333334], [143.574999999998, 42.8666666666668], [143.583333333332, 42.8666666666668], [143.583333333332, 42.8750000000001], [143.566666666665, 42.8750000000001], [143.566666666665, 42.8833333333334], [143.558333333332, 42.8833333333334], [143.558333333332, 42.8916666666668], [143.549999999998, 42.8916666666668], [143.549999999998, 42.9000000000001], [143.558333333332, 42.9000000000001], [143.558333333332, 42.9083333333334], [143.566666666665, 42.9083333333334], [143.566666666665, 42.9166666666668], [143.574999999998, 42.9166666666668], [143.574999999998, 42.9500000000001], [143.566666666665, 42.9500000000001], [143.566666666665, 42.9666666666668], [143.574999999998, 42.9666666666668], [143.574999999998, 42.9750000000001], [143.583333333332, 42.9750000000001], [143.583333333332, 42.9833333333334], [143.574999999998, 42.9833333333334], [143.574999999998, 43.0083333333334], [143.583333333332, 43.0083333333334], [143.583333333332, 43.0250000000001], [143.591666666665, 43.0250000000001], [143.591666666665, 43.0333333333334], [143.583333333332, 43.0333333333334], [143.583333333332, 43.0416666666667], [143.566666666665, 43.0416666666667], [143.566666666665, 43.0583333333334], [143.558333333332, 43.0583333333334], [143.558333333332, 43.0750000000001], [143.566666666665, 43.0750000000001], [143.566666666665, 43.0833333333334], [143.574999999998, 43.0833333333334], [143.574999999998, 43.0916666666667], [143.599999999998, 43.0916666666667], [143.599999999998, 43.1000000000001], [143.608333333332, 43.1000000000001], [143.608333333332, 43.1083333333334], [143.616666666665, 43.1083333333334], [143.616666666665, 43.1166666666667], [143.641666666665, 43.1166666666667], [143.641666666665, 43.1250000000001], [143.658333333331, 43.1250000000001], [143.658333333331, 43.1333333333334], [143.674999999998, 43.1333333333334], [143.674999999998, 43.1416666666667], [143.691666666665, 43.1416666666667], [143.691666666665, 43.1500000000001], [143.716666666665, 43.1500000000001], [143.716666666665, 43.1583333333334], [143.733333333331, 43.1583333333334], [143.733333333331, 43.1666666666667], [143.749999999998, 43.1666666666667], [143.749999999998, 43.1583333333334], [143.758333333331, 43.1583333333334], [143.758333333331, 43.1666666666667], [143.766666666665, 43.1666666666667], [143.766666666665, 43.1583333333334], [143.774999999998, 43.1583333333334], [143.774999999998, 43.1416666666667], [143.766666666665, 43.1416666666667], [143.766666666665, 43.1250000000001], [143.758333333331, 43.1250000000001], [143.758333333331, 43.0833333333334], [143.749999999998, 43.0833333333334], [143.749999999998, 43.0750000000001], [143.741666666665, 43.0750000000001], [143.741666666665, 43.0583333333334], [143.724999999998, 43.0583333333334], [143.724999999998, 43.0500000000001], [143.716666666665, 43.0500000000001], [143.716666666665, 43.0416666666667], [143.708333333331, 43.0416666666667], [143.708333333331, 42.9916666666668], [143.741666666665, 42.9916666666668], [143.741666666665, 42.9833333333334], [143.749999999998, 42.9833333333334], [143.749999999998, 42.9666666666668], [143.758333333331, 42.9666666666668], [143.758333333331, 42.9583333333334], [143.766666666665, 42.9583333333334], [143.766666666665, 42.9166666666668], [143.774999999998, 42.9166666666668], [143.774999999998, 42.9083333333334], [143.783333333331, 42.9083333333334], [143.783333333331, 42.8916666666668], [143.791666666665, 42.8916666666668], [143.791666666665, 42.8833333333334], [143.808333333331, 42.8833333333334], [143.808333333331, 42.8750000000001], [143.824999999998, 42.8750000000001], [143.824999999998, 42.8666666666668], [143.833333333331, 42.8666666666668], [143.833333333331, 42.8583333333334], [143.849999999998, 42.8583333333334], [143.849999999998, 42.8500000000001], [143.866666666665, 42.8500000000001], [143.866666666665, 42.8333333333334], [143.849999999998, 42.8333333333334], [143.849999999998, 42.8166666666668], [143.833333333331, 42.8166666666668], [143.833333333331, 42.8083333333334], [143.824999999998, 42.8083333333334], [143.824999999998, 42.8000000000001], [143.816666666665, 42.8000000000001], [143.816666666665, 42.7916666666668], [143.799999999998, 42.7916666666668], [143.799999999998, 42.7833333333334], [143.783333333331, 42.7833333333334], [143.783333333331, 42.7750000000001], [143.774999999998, 42.7750000000001], [143.774999999998, 42.7666666666668], [143.766666666665, 42.7666666666668], [143.766666666665, 42.7583333333334], [143.749999999998, 42.7583333333334], [143.749999999998, 42.7500000000001], [143.741666666665, 42.7500000000001], [143.741666666665, 42.7416666666668], [143.724999999998, 42.7416666666668], [143.724999999998, 42.7333333333334], [143.716666666665, 42.7333333333334], [143.716666666665, 42.7250000000001], [143.708333333331, 42.7250000000001], [143.708333333331, 42.7166666666668], [143.691666666665, 42.7166666666668], [143.691666666665, 42.7083333333334], [143.649999999998, 42.7083333333334], [143.649999999998, 42.7000000000001], [143.641666666665, 42.7000000000001], [143.641666666665, 42.7083333333334], [143.633333333331, 42.7083333333334], [143.633333333331, 42.7000000000001], [143.608333333332, 42.7000000000001], [143.608333333332, 42.7083333333334], [143.599999999998, 42.7083333333334], [143.599999999998, 42.7250000000001], [143.591666666665, 42.7250000000001]]]}}, {"type": "Feature", "properties": {"id": "浦河町", "name": "浦河町"}, "geometry": {"type": "MultiPolygon", "coordinates": [[[[142.724999999987, 42.1833333333335], [142.691666666653, 42.1833333333335], [142.691666666653, 42.1916666666668], [142.65833333332, 42.1916666666668], [142.65833333332, 42.2000000000001], [142.649999999987, 42.2000000000001], [142.649999999987, 42.2166666666668], [142.666666666653, 42.2166666666668], [142.666666666653, 42.2250000000001], [142.674999999987, 42.2250000000001], [142.674999999987, 42.2333333333335], [142.68333333332, 42.2333333333335], [142.68333333332, 42.2416666666668], [142.70833333332, 42.2416666666668], [142.70833333332, 42.2500000000001], [142.716666666653, 42.2500000000001], [142.716666666653, 42.2583333333335], [142.73333333332, 42.2583333333335], [142.73333333332, 42.2666666666668], [142.741666666653, 42.2666666666668], [142.741666666653, 42.2916666666668], [142.749999999987, 42.2916666666668], [142.749999999987, 42.3083333333335], [142.766666666653, 42.3083333333335], [142.766666666653, 42.3500000000001], [142.774999999987, 42.3500000000001], [142.774999999987, 42.3583333333335], [142.78333333332, 42.3583333333335], [142.78333333332, 42.3750000000001], [142.791666666653, 42.3750000000001], [142.791666666653, 42.3833333333334], [142.78333333332, 42.3833333333334], [142.78333333332, 42.4083333333334], [142.774999999987, 42.4083333333334], [142.774999999987, 42.4250000000001], [142.78333333332, 42.4250000000001], [142.78333333332, 42.4333333333335], [142.80833333332, 42.4333333333335], [142.80833333332, 42.4416666666668], [142.824999999987, 42.4416666666668], [142.824999999987, 42.4500000000001], [142.866666666653, 42.4500000000001], [142.866666666653, 42.4583333333334], [142.874999999987, 42.4583333333334], [142.874999999987, 42.4666666666668], [142.88333333332, 42.4666666666668], [142.88333333332, 42.4583333333334], [142.891666666653, 42.4583333333334], [142.891666666653, 42.4500000000001], [142.899999999987, 42.4500000000001], [142.899999999987, 42.4333333333335], [142.93333333332, 42.4333333333335], [142.93333333332, 42.4250000000001], [142.949999999987, 42.4250000000001], [142.949999999987, 42.4083333333335], [142.966666666653, 42.4083333333335], [142.966666666653, 42.3916666666668], [142.974999999987, 42.3916666666668], [142.974999999987, 42.2083333333335], [142.924999999987, 42.2083333333335], [142.924999999987, 42.2000000000001], [142.916666666653, 42.2000000000001], [142.916666666653, 42.1916666666668], [142.90833333332, 42.1916666666668], [142.90833333332, 42.1833333333335], [142.891666666653, 42.1833333333335], [142.891666666653, 42.1750000000001], [142.88333333332, 42.1750000000001], [142.88333333332, 42.1583333333335], [142.874999999987, 42.1583333333335], [142.874999999987, 42.1500000000001], [142.866666666653, 42.1500000000001], [142.866666666653, 42.1333333333335], [142.841666666653, 42.1333333333335], [142.841666666653, 42.1416666666668], [142.83333333332, 42.1416666666668], [142.83333333332, 42.1333333333335], [142.816666666653, 42.1333333333335], [142.816666666653, 42.1416666666668], [142.799999999987, 42.1416666666668], [142.799999999987, 42.1500000000001], [142.774999999987, 42.1500000000001], [142.774999999987, 42.1583333333335], [142.75833333332, 42.1583333333335], [142.75833333332, 42.1666666666668], [142.749999999987, 42.1666666666668], [142.749999999987, 42.1750000000001], [142.724999999987, 42.1750000000001], [142.724999999987, 42.1833333333335]]], [[[142.974999999999, 42.2166666666668], [142.974999999999, 42.3833333333335], [142.983333333332, 42.3833333333335], [142.983333333332, 42.3750000000001], [142.999999999999, 42.3750000000001], [142.999999999999, 42.3666666666668], [143.008333333332, 42.3666666666668], [143.008333333332, 42.3500000000001], [143.024999999999, 42.3500000000001], [143.024999999999, 42.3416666666668], [143.033333333332, 42.3416666666668], [143.033333333332, 42.3333333333335], [143.041666666665, 42.3333333333335], [143.041666666665, 42.3250000000001], [143.049999999999, 42.3250000000001], [143.049999999999, 42.3166666666668], [143.058333333332, 42.3166666666668], [143.058333333332, 42.3083333333335], [143.066666666665, 42.3083333333335], [143.066666666665, 42.3000000000001], [143.074999999999, 42.3000000000001], [143.074999999999, 42.2916666666668], [143.091666666665, 42.2916666666668], [143.091666666665, 42.2833333333335], [143.108333333332, 42.2833333333335], [143.108333333332, 42.2666666666668], [143.116666666665, 42.2666666666668], [143.116666666665, 42.2583333333335], [143.108333333332, 42.2583333333335], [143.108333333332, 42.2500000000001], [143.091666666665, 42.2500000000001], [143.091666666665, 42.2416666666668], [143.074999999999, 42.2416666666668], [143.074999999999, 42.2333333333335], [143.066666666665, 42.2333333333335], [143.066666666665, 42.2250000000001], [143.033333333332, 42.2250000000001], [143.033333333332, 42.2333333333335], [143.024999999999, 42.2333333333335], [143.024999999999, 42.2250000000001], [142.999999999999, 42.2250000000001], [142.999999999999, 42.2166666666668], [142.974999999999, 42.2166666666668]]]]}}, {"type": "Feature", "properties": {"id": "浦臼町", "name": "浦臼町"}, "geometry": {"type": "MultiPolygon", "coordinates": [[[[141.741666666654, 43.4000000000001], [141.741666666654, 43.4083333333334], [141.733333333321, 43.4083333333334], [141.733333333321, 43.4333333333334], [141.724999999988, 43.4333333333334], [141.724999999988, 43.4416666666667], [141.733333333321, 43.4416666666667], [141.733333333321, 43.4500000000001], [141.724999999988, 43.4500000000001], [141.724999999988, 43.4750000000001], [141.741666666654, 43.4750000000001], [141.741666666654, 43.4833333333334], [141.749999999988, 43.4833333333334], [141.749999999988, 43.4916666666667], [141.758333333321, 43.4916666666667], [141.758333333321, 43.5000000000001], [141.774999999988, 43.5000000000001], [141.774999999988, 43.4916666666667], [141.783333333321, 43.4916666666667], [141.783333333321, 43.4833333333334], [141.791666666654, 43.4833333333334], [141.791666666654, 43.4750000000001], [141.816666666654, 43.4750000000001], [141.816666666654, 43.4833333333334], [141.841666666654, 43.4833333333334], [141.841666666654, 43.4750000000001], [141.849999999988, 43.4750000000001], [141.849999999988, 43.4666666666667], [141.866666666654, 43.4666666666667], [141.866666666654, 43.4416666666667], [141.849999999988, 43.4416666666667], [141.849999999988, 43.4333333333334], [141.841666666654, 43.4333333333334], [141.841666666654, 43.4166666666667], [141.833333333321, 43.4166666666667], [141.833333333321, 43.4083333333334], [141.824999999988, 43.4083333333334], [141.824999999988, 43.3916666666667], [141.816666666654, 43.3916666666667], [141.816666666654, 43.3833333333334], [141.799999999988, 43.3833333333334], [141.799999999988, 43.3750000000001], [141.774999999988, 43.3750000000001], [141.774999999988, 43.3833333333334], [141.766666666654, 43.3833333333334], [141.766666666654, 43.3916666666667], [141.749999999988, 43.3916666666667], [141.749999999988, 43.4000000000001], [141.741666666654, 43.4000000000001]]], [[[141.758333333321, 43.3583333333334], [141.758333333321, 43.3666666666667], [141.766666666654, 43.3666666666667], [141.766666666654, 43.3583333333334], [141.758333333321, 43.3583333333334]]]]}}, {"type": "Feature", "properties": {"id": "深川市", "name": "深川市"}, "geometry": {"type": "MultiPolygon", "coordinates": [[[[141.991666666654, 43.6583333333334], [141.974999999987, 43.6583333333334], [141.974999999987, 43.6666666666667], [141.966666666654, 43.6666666666667], [141.966666666654, 43.675], [141.983333333321, 43.675], [141.983333333321, 43.6833333333334], [141.991666666654, 43.6833333333334], [141.991666666654, 43.7], [141.974999999987, 43.7], [141.974999999987, 43.7166666666667], [141.983333333321, 43.7166666666667], [141.983333333321, 43.725], [141.974999999987, 43.725], [141.974999999987, 43.7416666666667], [141.966666666654, 43.7416666666667], [141.966666666654, 43.75], [141.999999999987, 43.75], [141.999999999987, 43.7666666666667], [142.008333333321, 43.7666666666667], [142.008333333321, 43.8], [142.016666666654, 43.8], [142.016666666654, 43.8166666666667], [142.033333333321, 43.8166666666667], [142.033333333321, 43.825], [142.041666666654, 43.825], [142.041666666654, 43.8333333333334], [142.049999999987, 43.8333333333334], [142.049999999987, 43.8416666666667], [142.074999999987, 43.8416666666667], [142.074999999987, 43.8583333333334], [142.083333333321, 43.8583333333334], [142.083333333321, 43.875], [142.074999999987, 43.875], [142.074999999987, 43.8833333333334], [142.066666666654, 43.8833333333334], [142.066666666654, 43.9], [142.049999999987, 43.9], [142.049999999987, 43.9083333333334], [142.041666666654, 43.9083333333334], [142.041666666654, 43.9166666666667], [142.033333333321, 43.9166666666667], [142.033333333321, 43.925], [142.024999999987, 43.925], [142.024999999987, 43.9666666666667], [142.033333333321, 43.9666666666667], [142.033333333321, 43.975], [142.024999999987, 43.975], [142.024999999987, 43.9833333333334], [142.033333333321, 43.9833333333334], [142.033333333321, 44.0], [142.041666666654, 44.0], [142.041666666654, 44.0083333333334], [142.049999999987, 44.0083333333334], [142.049999999987, 44.0166666666667], [142.058333333321, 44.0166666666667], [142.058333333321, 44.05], [142.091666666654, 44.05], [142.091666666654, 44.0416666666667], [142.099999999987, 44.0416666666667], [142.099999999987, 44.0333333333334], [142.091666666654, 44.0333333333334], [142.091666666654, 44.0083333333334], [142.099999999987, 44.0083333333334], [142.099999999987, 43.9916666666667], [142.108333333321, 43.9916666666667], [142.108333333321, 43.9583333333334], [142.116666666654, 43.9583333333334], [142.116666666654, 43.9416666666667], [142.124999999987, 43.9416666666667], [142.124999999987, 43.925], [142.133333333321, 43.925], [142.133333333321, 43.9166666666667], [142.141666666654, 43.9166666666667], [142.141666666654, 43.9083333333334], [142.149999999987, 43.9083333333334], [142.149999999987, 43.9], [142.158333333321, 43.9], [142.158333333321, 43.875], [142.166666666654, 43.875], [142.166666666654, 43.8666666666667], [142.216666666654, 43.8666666666667], [142.216666666654, 43.8416666666667], [142.208333333321, 43.8416666666667], [142.208333333321, 43.8333333333334], [142.216666666654, 43.8333333333334], [142.216666666654, 43.825], [142.224999999987, 43.825], [142.224999999987, 43.8166666666667], [142.233333333321, 43.8166666666667], [142.233333333321, 43.7916666666667], [142.224999999987, 43.7916666666667], [142.224999999987, 43.775], [142.216666666654, 43.775], [142.216666666654, 43.7666666666667], [142.208333333321, 43.7666666666667], [142.208333333321, 43.7583333333334], [142.199999999987, 43.7583333333334], [142.199999999987, 43.7333333333334], [142.174999999987, 43.7333333333334], [142.174999999987, 43.7166666666667], [142.183333333321, 43.7166666666667], [142.183333333321, 43.7], [142.174999999987, 43.7], [142.174999999987, 43.675], [142.183333333321, 43.675], [142.183333333321, 43.6666666666667], [142.191666666654, 43.6666666666667], [142.191666666654, 43.65], [142.199999999987, 43.65], [142.199999999987, 43.6416666666667], [142.166666666654, 43.6416666666667], [142.166666666654, 43.6333333333334], [142.149999999987, 43.6333333333334], [142.149999999987, 43.6416666666667], [142.116666666654, 43.6416666666667], [142.116666666654, 43.6333333333334], [142.108333333321, 43.6333333333334], [142.108333333321, 43.6416666666667], [142.099999999987, 43.6416666666667], [142.099999999987, 43.65], [142.091666666654, 43.65], [142.091666666654, 43.6416666666667], [142.074999999987, 43.6416666666667], [142.074999999987, 43.6333333333334], [142.016666666654, 43.6333333333334], [142.016666666654, 43.6416666666667], [142.008333333321, 43.6416666666667], [142.008333333321, 43.65], [141.991666666654, 43.65], [141.991666666654, 43.6583333333334]]], [[[142.208333333321, 43.65], [142.241666666654, 43.65], [142.241666666654, 43.6416666666667], [142.216666666654, 43.6416666666667], [142.216666666654, 43.6333333333334], [142.199999999987, 43.6333333333334], [142.199999999987, 43.6416666666667], [142.208333333321, 43.6416666666667], [142.208333333321, 43.65]]]]}}, {"type": "Feature", "properties": {"id": "清水町", "name": "清水町"}, "geometry": {"type": "MultiPolygon", "coordinates": [[[[142.75833333332, 42.8916666666668], [142.75833333332, 42.9083333333334], [142.766666666653, 42.9083333333334], [142.766666666653, 42.9166666666668], [142.774999999987, 42.9166666666668], [142.774999999987, 42.9333333333334], [142.766666666653, 42.9333333333334], [142.766666666653, 42.9416666666667], [142.75833333332, 42.9416666666667], [142.75833333332, 42.9583333333334], [142.749999999987, 42.9583333333334], [142.749999999987, 42.9750000000001], [142.75833333332, 42.9750000000001], [142.75833333332, 42.9916666666667], [142.749999999987, 42.9916666666667], [142.749999999987, 43.0000000000001], [142.741666666653, 43.0000000000001], [142.741666666653, 43.0083333333334], [142.749999999987, 43.0083333333334], [142.749999999987, 43.0166666666668], [142.791666666653, 43.0166666666668], [142.791666666653, 43.0250000000001], [142.799999999987, 43.0250000000001], [142.799999999987, 43.0333333333334], [142.849999999987, 43.0333333333334], [142.849999999987, 43.0416666666667], [142.85833333332, 43.0416666666667], [142.85833333332, 43.0666666666667], [142.891666666653, 43.0666666666667], [142.891666666653, 43.0916666666667], [142.916666666653, 43.0916666666667], [142.916666666653, 43.1166666666667], [142.93333333332, 43.1166666666667], [142.93333333332, 43.1000000000001], [142.941666666653, 43.1000000000001], [142.941666666653, 43.0916666666667], [142.949999999987, 43.0916666666667], [142.949999999987, 43.0833333333334], [142.95833333332, 43.0833333333334], [142.95833333332, 43.0750000000001], [142.966666666653, 43.0750000000001], [142.966666666653, 43.0666666666667], [142.974999999987, 43.0666666666667], [142.974999999987, 42.9583333333334], [142.966666666653, 42.9583333333334], [142.966666666653, 42.9500000000001], [142.974999999987, 42.9500000000001], [142.974999999987, 42.9250000000001], [142.949999999987, 42.9250000000001], [142.949999999987, 42.9083333333334], [142.95833333332, 42.9083333333334], [142.95833333332, 42.9000000000001], [142.949999999987, 42.9000000000001], [142.949999999987, 42.8916666666668], [142.941666666653, 42.8916666666668], [142.941666666653, 42.8833333333334], [142.924999999987, 42.8833333333334], [142.924999999987, 42.8750000000001], [142.93333333332, 42.8750000000001], [142.93333333332, 42.8666666666668], [142.941666666653, 42.8666666666668], [142.941666666653, 42.8500000000001], [142.93333333332, 42.8500000000001], [142.93333333332, 42.8416666666668], [142.916666666653, 42.8416666666668], [142.916666666653, 42.8500000000001], [142.841666666653, 42.8500000000001], [142.841666666653, 42.8583333333334], [142.83333333332, 42.8583333333334], [142.83333333332, 42.8666666666668], [142.80833333332, 42.8666666666668], [142.80833333332, 42.8750000000001], [142.791666666653, 42.8750000000001], [142.791666666653, 42.8666666666668], [142.78333333332, 42.8666666666668], [142.78333333332, 42.8750000000001], [142.766666666653, 42.8750000000001], [142.766666666653, 42.8916666666668], [142.75833333332, 42.8916666666668]]], [[[142.974999999999, 42.9250000000001], [142.974999999999, 42.9500000000001], [142.983333333332, 42.9500000000001], [142.983333333332, 42.9416666666668], [142.991666666665, 42.9416666666668], [142.991666666665, 42.9333333333334], [142.983333333332, 42.9333333333334], [142.983333333332, 42.9250000000001], [142.974999999999, 42.9250000000001]]], [[[142.974999999999, 42.9583333333334], [142.974999999999, 43.0583333333334], [142.991666666665, 43.0583333333334], [142.991666666665, 43.0500000000001], [143.008333333332, 43.0500000000001], [143.008333333332, 43.0416666666667], [143.016666666665, 43.0416666666667], [143.016666666665, 43.0333333333334], [143.024999999999, 43.0333333333334], [143.024999999999, 43.0166666666667], [143.016666666665, 43.0166666666667], [143.016666666665, 43.0083333333334], [142.991666666665, 43.0083333333334], [142.991666666665, 43.0000000000001], [142.999999999999, 43.0000000000001], [142.999999999999, 42.9583333333334], [142.974999999999, 42.9583333333334]]]]}}, {"type": "Feature", "properties": {"id": "清田区", "name": "清田区"}, "geometry": {"type": "Polygon", "coordinates": [[[141.391666666655, 42.9083333333334], [141.391666666655, 42.9333333333334], [141.383333333321, 42.9333333333334], [141.383333333321, 42.9416666666668], [141.391666666655, 42.9416666666668], [141.391666666655, 42.9583333333334], [141.399999999988, 42.9583333333334], [141.399999999988, 42.9666666666668], [141.408333333321, 42.9666666666668], [141.408333333321, 42.9750000000001], [141.416666666655, 42.9750000000001], [141.416666666655, 43.0000000000001], [141.424999999988, 43.0000000000001], [141.424999999988, 43.0166666666668], [141.433333333321, 43.0166666666668], [141.433333333321, 43.0250000000001], [141.449999999988, 43.0250000000001], [141.449999999988, 43.0166666666668], [141.466666666655, 43.0166666666668], [141.466666666655, 43.0083333333334], [141.483333333321, 43.0083333333334], [141.483333333321, 42.9916666666667], [141.474999999988, 42.9916666666667], [141.474999999988, 42.9750000000001], [141.466666666655, 42.9750000000001], [141.466666666655, 42.9583333333334], [141.458333333321, 42.9583333333334], [141.458333333321, 42.9416666666667], [141.449999999988, 42.9416666666667], [141.449999999988, 42.9333333333334], [141.441666666655, 42.9333333333334], [141.441666666655, 42.9250000000001], [141.433333333321, 42.9250000000001], [141.433333333321, 42.9166666666667], [141.424999999988, 42.9166666666667], [141.424999999988, 42.9083333333334], [141.416666666655, 42.9083333333334], [141.416666666655, 42.8916666666668], [141.399999999988, 42.8916666666668], [141.399999999988, 42.9083333333334], [141.391666666655, 42.9083333333334]]]}}, {"type": "Feature", "properties": {"id": "清里町", "name": "清里町"}, "geometry": {"type": "Polygon", "coordinates": [[[144.508333333331, 43.6583333333334], [144.483333333331, 43.6583333333334], [144.483333333331, 43.6833333333334], [144.491666666664, 43.6833333333334], [144.491666666664, 43.6916666666667], [144.483333333331, 43.6916666666667], [144.483333333331, 43.7083333333334], [144.491666666664, 43.7083333333334], [144.491666666664, 43.75], [144.499999999997, 43.75], [144.499999999997, 43.7583333333334], [144.508333333331, 43.7583333333334], [144.508333333331, 43.825], [144.516666666664, 43.825], [144.516666666664, 43.8333333333334], [144.558333333331, 43.8333333333334], [144.558333333331, 43.8833333333334], [144.616666666664, 43.8833333333334], [144.616666666664, 43.85], [144.624999999997, 43.85], [144.624999999997, 43.8333333333334], [144.633333333331, 43.8333333333334], [144.633333333331, 43.825], [144.658333333331, 43.825], [144.658333333331, 43.8166666666667], [144.666666666664, 43.8166666666667], [144.666666666664, 43.8083333333334], [144.674999999997, 43.8083333333334], [144.674999999997, 43.8], [144.683333333331, 43.8], [144.683333333331, 43.7916666666667], [144.691666666664, 43.7916666666667], [144.691666666664, 43.7833333333334], [144.699999999997, 43.7833333333334], [144.699999999997, 43.775], [144.708333333331, 43.775], [144.708333333331, 43.7666666666667], [144.724999999997, 43.7666666666667], [144.724999999997, 43.7583333333334], [144.716666666664, 43.7583333333334], [144.716666666664, 43.75], [144.724999999997, 43.75], [144.724999999997, 43.7], [144.73333333333, 43.7], [144.73333333333, 43.6833333333334], [144.724999999997, 43.6833333333334], [144.724999999997, 43.675], [144.708333333331, 43.675], [144.708333333331, 43.6583333333334], [144.683333333331, 43.6583333333334], [144.683333333331, 43.65], [144.666666666664, 43.65], [144.666666666664, 43.6416666666667], [144.658333333331, 43.6416666666667], [144.658333333331, 43.6333333333334], [144.641666666664, 43.6333333333334], [144.641666666664, 43.625], [144.633333333331, 43.625], [144.633333333331, 43.6333333333334], [144.608333333331, 43.6333333333334], [144.608333333331, 43.625], [144.599999999997, 43.625], [144.599999999997, 43.6166666666667], [144.591666666664, 43.6166666666667], [144.591666666664, 43.6083333333334], [144.583333333331, 43.6083333333334], [144.583333333331, 43.6], [144.566666666664, 43.6], [144.566666666664, 43.6083333333334], [144.533333333331, 43.6083333333334], [144.533333333331, 43.6166666666667], [144.524999999997, 43.6166666666667], [144.524999999997, 43.625], [144.516666666664, 43.625], [144.516666666664, 43.65], [144.508333333331, 43.65], [144.508333333331, 43.6583333333334]]]}}, {"type": "Feature", "properties": {"id": "湧別町", "name": "湧別町"}, "geometry": {"type": "Polygon", "coordinates": [[[143.449999999998, 44.0916666666667], [143.449999999998, 44.0833333333333], [143.441666666665, 44.0833333333333], [143.441666666665, 44.0916666666667], [143.416666666665, 44.0916666666667], [143.416666666665, 44.1333333333333], [143.408333333332, 44.1333333333333], [143.408333333332, 44.1416666666667], [143.416666666665, 44.1416666666667], [143.416666666665, 44.15], [143.424999999998, 44.15], [143.424999999998, 44.1583333333334], [143.433333333332, 44.1583333333334], [143.433333333332, 44.1666666666667], [143.441666666665, 44.1666666666667], [143.441666666665, 44.175], [143.458333333332, 44.175], [143.458333333332, 44.1833333333334], [143.474999999998, 44.1833333333334], [143.474999999998, 44.1916666666667], [143.483333333332, 44.1916666666667], [143.483333333332, 44.2], [143.491666666665, 44.2], [143.491666666665, 44.2083333333333], [143.499999999998, 44.2083333333333], [143.499999999998, 44.2166666666667], [143.508333333332, 44.2166666666667], [143.508333333332, 44.225], [143.516666666665, 44.225], [143.516666666665, 44.2333333333333], [143.524999999998, 44.2333333333333], [143.524999999998, 44.2416666666667], [143.558333333332, 44.2416666666667], [143.558333333332, 44.2583333333333], [143.566666666665, 44.2583333333333], [143.566666666665, 44.25], [143.591666666665, 44.25], [143.591666666665, 44.2416666666667], [143.616666666665, 44.2416666666667], [143.616666666665, 44.2333333333333], [143.641666666665, 44.2333333333333], [143.641666666665, 44.225], [143.666666666665, 44.225], [143.666666666665, 44.2166666666667], [143.691666666665, 44.2166666666667], [143.691666666665, 44.2083333333333], [143.716666666665, 44.2083333333333], [143.716666666665, 44.2], [143.749999999998, 44.2], [143.749999999998, 44.1916666666667], [143.774999999998, 44.1916666666667], [143.774999999998, 44.1833333333333], [143.716666666665, 44.1833333333333], [143.716666666665, 44.1916666666667], [143.674999999998, 44.1916666666667], [143.674999999998, 44.1833333333334], [143.683333333331, 44.1833333333334], [143.683333333331, 44.175], [143.691666666665, 44.175], [143.691666666665, 44.1666666666667], [143.708333333331, 44.1666666666667], [143.708333333331, 44.15], [143.716666666665, 44.15], [143.716666666665, 44.1416666666667], [143.724999999998, 44.1416666666667], [143.724999999998, 44.1166666666667], [143.741666666665, 44.1166666666667], [143.741666666665, 44.0583333333334], [143.733333333331, 44.0583333333334], [143.733333333331, 44.05], [143.724999999998, 44.05], [143.724999999998, 44.0333333333334], [143.716666666665, 44.0333333333334], [143.716666666665, 44.0083333333334], [143.699999999998, 44.0083333333334], [143.699999999998, 44.0166666666667], [143.674999999998, 44.0166666666667], [143.674999999998, 44.0083333333334], [143.658333333331, 44.0083333333334], [143.658333333331, 44.0], [143.649999999998, 44.0], [143.649999999998, 43.9916666666667], [143.566666666665, 43.9916666666667], [143.566666666665, 44.0416666666667], [143.574999999998, 44.0416666666667], [143.574999999998, 44.0916666666667], [143.549999999998, 44.0916666666667], [143.549999999998, 44.1], [143.541666666665, 44.1], [143.541666666665, 44.0916666666667], [143.524999999998, 44.0916666666667], [143.524999999998, 44.0833333333333], [143.474999999998, 44.0833333333333], [143.474999999998, 44.0916666666667], [143.449999999998, 44.0916666666667]]]}}, {"type": "Feature", "properties": {"id": "滝上町", "name": "滝上町"}, "geometry": {"type": "MultiPolygon", "coordinates": [[[[142.88333333332, 43.9416666666667], [142.88333333332, 43.9666666666667], [142.891666666653, 43.9666666666667], [142.891666666653, 43.9833333333334], [142.899999999987, 43.9833333333334], [142.899999999987, 44.0083333333334], [142.891666666653, 44.0083333333334], [142.891666666653, 44.0166666666667], [142.874999999987, 44.0166666666667], [142.874999999987, 44.0333333333334], [142.866666666653, 44.0333333333334], [142.866666666653, 44.0416666666667], [142.874999999987, 44.0416666666667], [142.874999999987, 44.0583333333334], [142.866666666653, 44.0583333333334], [142.866666666653, 44.0833333333333], [142.85833333332, 44.0833333333333], [142.85833333332, 44.1166666666667], [142.849999999987, 44.1166666666667], [142.849999999987, 44.125], [142.841666666653, 44.125], [142.841666666653, 44.15], [142.83333333332, 44.15], [142.83333333332, 44.1583333333334], [142.874999999987, 44.1583333333334], [142.874999999987, 44.1666666666667], [142.88333333332, 44.1666666666667], [142.88333333332, 44.175], [142.874999999987, 44.175], [142.874999999987, 44.2], [142.866666666653, 44.2], [142.866666666653, 44.225], [142.916666666653, 44.225], [142.916666666653, 44.2166666666667], [142.966666666653, 44.2166666666667], [142.966666666653, 44.225], [142.974999999987, 44.225], [142.974999999987, 43.9416666666667], [142.966666666653, 43.9416666666667], [142.966666666653, 43.9333333333334], [142.941666666653, 43.9333333333334], [142.941666666653, 43.925], [142.891666666653, 43.925], [142.891666666653, 43.9416666666667], [142.88333333332, 43.9416666666667]]], [[[142.974999999999, 43.9416666666667], [142.974999999999, 44.2333333333333], [142.991666666665, 44.2333333333333], [142.991666666665, 44.2583333333333], [142.999999999999, 44.2583333333333], [142.999999999999, 44.2666666666667], [143.016666666665, 44.2666666666667], [143.016666666665, 44.275], [143.041666666665, 44.275], [143.041666666665, 44.2833333333333], [143.058333333332, 44.2833333333333], [143.058333333332, 44.2916666666667], [143.091666666665, 44.2916666666667], [143.091666666665, 44.2833333333333], [143.099999999999, 44.2833333333333], [143.099999999999, 44.275], [143.108333333332, 44.275], [143.108333333332, 44.2666666666667], [143.116666666665, 44.2666666666667], [143.116666666665, 44.2583333333333], [143.133333333332, 44.2583333333333], [143.133333333332, 44.25], [143.141666666665, 44.25], [143.141666666665, 44.2416666666667], [143.149999999999, 44.2416666666667], [143.149999999999, 44.2333333333333], [143.183333333332, 44.2333333333333], [143.183333333332, 44.225], [143.191666666665, 44.225], [143.191666666665, 44.2083333333333], [143.199999999999, 44.2083333333333], [143.199999999999, 44.2], [143.191666666665, 44.2], [143.191666666665, 44.1916666666667], [143.174999999999, 44.1916666666667], [143.174999999999, 44.1833333333333], [143.166666666665, 44.1833333333333], [143.166666666665, 44.1583333333333], [143.158333333332, 44.1583333333333], [143.158333333332, 44.15], [143.149999999999, 44.15], [143.149999999999, 44.1416666666667], [143.133333333332, 44.1416666666667], [143.133333333332, 44.125], [143.141666666665, 44.125], [143.141666666665, 44.1083333333334], [143.149999999999, 44.1083333333334], [143.149999999999, 44.0833333333333], [143.141666666665, 44.0833333333333], [143.141666666665, 44.075], [143.133333333332, 44.075], [143.133333333332, 44.0583333333334], [143.124999999999, 44.0583333333334], [143.124999999999, 44.05], [143.133333333332, 44.05], [143.133333333332, 44.0166666666667], [143.124999999999, 44.0166666666667], [143.124999999999, 44.0], [143.099999999999, 44.0], [143.099999999999, 43.9916666666667], [143.091666666665, 43.9916666666667], [143.091666666665, 43.9833333333334], [143.099999999999, 43.9833333333334], [143.099999999999, 43.9666666666667], [143.108333333332, 43.9666666666667], [143.108333333332, 43.9583333333334], [143.099999999999, 43.9583333333334], [143.099999999999, 43.95], [143.091666666665, 43.95], [143.091666666665, 43.9416666666667], [143.083333333332, 43.9416666666667], [143.083333333332, 43.9333333333334], [143.066666666665, 43.9333333333334], [143.066666666665, 43.9166666666667], [143.049999999999, 43.9166666666667], [143.049999999999, 43.925], [142.999999999999, 43.925], [142.999999999999, 43.9333333333334], [142.991666666665, 43.9333333333334], [142.991666666665, 43.9416666666667], [142.974999999999, 43.9416666666667]]]]}}, {"type": "Feature", "properties": {"id": "滝川市", "name": "滝川市"}, "geometry": {"type": "MultiPolygon", "coordinates": [[[[141.883333333321, 43.5583333333334], [141.883333333321, 43.625], [141.891666666654, 43.625], [141.891666666654, 43.6333333333334], [141.899999999988, 43.6333333333334], [141.899999999988, 43.625], [141.908333333321, 43.625], [141.908333333321, 43.6333333333334], [141.916666666654, 43.6333333333334], [141.916666666654, 43.6416666666667], [141.908333333321, 43.6416666666667], [141.908333333321, 43.65], [141.916666666654, 43.65], [141.916666666654, 43.6666666666667], [141.941666666654, 43.6666666666667], [141.941666666654, 43.675], [141.958333333321, 43.675], [141.958333333321, 43.6666666666667], [141.974999999987, 43.6666666666667], [141.974999999987, 43.6583333333334], [141.991666666654, 43.6583333333334], [141.991666666654, 43.65], [142.008333333321, 43.65], [142.008333333321, 43.6416666666667], [142.016666666654, 43.6416666666667], [142.016666666654, 43.6333333333334], [142.074999999987, 43.6333333333334], [142.074999999987, 43.625], [142.058333333321, 43.625], [142.058333333321, 43.6166666666667], [142.049999999987, 43.6166666666667], [142.049999999987, 43.625], [142.033333333321, 43.625], [142.033333333321, 43.6166666666667], [142.016666666654, 43.6166666666667], [142.016666666654, 43.6083333333334], [141.999999999987, 43.6083333333334], [141.999999999987, 43.6], [141.991666666654, 43.6], [141.991666666654, 43.575], [141.983333333321, 43.575], [141.983333333321, 43.5583333333334], [141.958333333321, 43.5583333333334], [141.958333333321, 43.5666666666667], [141.949999999987, 43.5666666666667], [141.949999999987, 43.5583333333334], [141.941666666654, 43.5583333333334], [141.941666666654, 43.55], [141.908333333321, 43.55], [141.908333333321, 43.5333333333334], [141.891666666654, 43.5333333333334], [141.891666666654, 43.5583333333334], [141.883333333321, 43.5583333333334]]], [[[142.074999999987, 43.6333333333334], [142.074999999987, 43.6416666666667], [142.083333333321, 43.6416666666667], [142.083333333321, 43.6333333333334], [142.074999999987, 43.6333333333334]]]]}}, {"type": "Feature", "properties": {"id": "猿払村", "name": "猿払村"}, "geometry": {"type": "Polygon", "coordinates": [[[141.999999999987, 45.125], [141.999999999987, 45.1333333333333], [142.008333333321, 45.1333333333333], [142.008333333321, 45.1416666666666], [142.016666666654, 45.1416666666666], [142.016666666654, 45.1583333333333], [142.008333333321, 45.1583333333333], [142.008333333321, 45.175], [141.999999999987, 45.175], [141.999999999987, 45.1833333333333], [141.991666666654, 45.1833333333333], [141.991666666654, 45.1916666666666], [141.983333333321, 45.1916666666666], [141.983333333321, 45.2083333333333], [141.991666666654, 45.2083333333333], [141.991666666654, 45.2166666666666], [141.999999999987, 45.2166666666666], [141.999999999987, 45.2583333333333], [141.991666666654, 45.2583333333333], [141.991666666654, 45.2833333333333], [141.983333333321, 45.2833333333333], [141.983333333321, 45.2916666666666], [141.966666666654, 45.2916666666666], [141.966666666654, 45.3083333333333], [141.974999999987, 45.3083333333333], [141.974999999987, 45.3249999999999], [141.966666666654, 45.3249999999999], [141.966666666654, 45.3333333333333], [141.958333333321, 45.3333333333333], [141.958333333321, 45.3416666666666], [141.966666666654, 45.3416666666666], [141.966666666654, 45.35], [141.983333333321, 45.35], [141.983333333321, 45.3583333333333], [142.016666666654, 45.3583333333333], [142.016666666654, 45.3666666666666], [142.024999999987, 45.3666666666666], [142.024999999987, 45.375], [142.041666666654, 45.375], [142.041666666654, 45.3833333333333], [142.049999999987, 45.3833333333333], [142.049999999987, 45.3999999999999], [142.066666666654, 45.3999999999999], [142.066666666654, 45.3916666666666], [142.091666666654, 45.3916666666666], [142.091666666654, 45.3833333333333], [142.099999999987, 45.3833333333333], [142.099999999987, 45.375], [142.116666666654, 45.375], [142.116666666654, 45.3666666666666], [142.133333333321, 45.3666666666666], [142.133333333321, 45.3583333333333], [142.149999999987, 45.3583333333333], [142.149999999987, 45.35], [142.166666666654, 45.35], [142.166666666654, 45.3416666666666], [142.174999999987, 45.3416666666666], [142.174999999987, 45.3333333333333], [142.183333333321, 45.3333333333333], [142.183333333321, 45.325], [142.191666666654, 45.325], [142.191666666654, 45.3166666666666], [142.199999999987, 45.3166666666666], [142.199999999987, 45.3083333333333], [142.208333333321, 45.3083333333333], [142.208333333321, 45.3], [142.216666666654, 45.3], [142.216666666654, 45.2916666666666], [142.224999999987, 45.2916666666666], [142.224999999987, 45.2833333333333], [142.241666666654, 45.2833333333333], [142.241666666654, 45.2666666666666], [142.249999999987, 45.2666666666666], [142.249999999987, 45.2583333333333], [142.258333333321, 45.2583333333333], [142.258333333321, 45.25], [142.266666666654, 45.25], [142.266666666654, 45.2416666666666], [142.274999999987, 45.2416666666666], [142.274999999987, 45.2333333333333], [142.28333333332, 45.2333333333333], [142.28333333332, 45.225], [142.291666666654, 45.225], [142.291666666654, 45.2166666666666], [142.299999999987, 45.2166666666666], [142.299999999987, 45.2083333333333], [142.316666666654, 45.2083333333333], [142.316666666654, 45.2], [142.324999999987, 45.2], [142.324999999987, 45.1916666666666], [142.33333333332, 45.1916666666666], [142.33333333332, 45.1833333333333], [142.341666666654, 45.1833333333333], [142.341666666654, 45.1666666666666], [142.299999999987, 45.1666666666666], [142.299999999987, 45.175], [142.28333333332, 45.175], [142.28333333332, 45.1833333333333], [142.258333333321, 45.1833333333333], [142.258333333321, 45.1916666666666], [142.241666666654, 45.1916666666666], [142.241666666654, 45.1833333333333], [142.233333333321, 45.1833333333333], [142.233333333321, 45.175], [142.191666666654, 45.175], [142.191666666654, 45.1666666666666], [142.183333333321, 45.1666666666666], [142.183333333321, 45.1416666666666], [142.166666666654, 45.1416666666666], [142.166666666654, 45.1333333333333], [142.174999999987, 45.1333333333333], [142.174999999987, 45.125], [142.183333333321, 45.125], [142.183333333321, 45.1166666666666], [142.191666666654, 45.1166666666666], [142.191666666654, 45.1], [142.199999999987, 45.1], [142.199999999987, 45.0833333333333], [142.191666666654, 45.0833333333333], [142.191666666654, 45.075], [142.183333333321, 45.075], [142.183333333321, 45.0583333333333], [142.174999999987, 45.0583333333333], [142.174999999987, 45.05], [142.158333333321, 45.05], [142.158333333321, 45.0583333333333], [142.149999999987, 45.0583333333333], [142.149999999987, 45.0666666666666], [142.133333333321, 45.0666666666666], [142.133333333321, 45.0833333333333], [142.108333333321, 45.0833333333333], [142.108333333321, 45.0916666666666], [142.099999999987, 45.0916666666666], [142.099999999987, 45.1], [142.091666666654, 45.1], [142.091666666654, 45.0916666666666], [142.083333333321, 45.0916666666666], [142.083333333321, 45.0833333333333], [142.074999999987, 45.0833333333333], [142.074999999987, 45.075], [142.066666666654, 45.075], [142.066666666654, 45.0666666666666], [142.049999999987, 45.0666666666666], [142.049999999987, 45.075], [142.041666666654, 45.075], [142.041666666654, 45.0833333333333], [142.024999999987, 45.0833333333333], [142.024999999987, 45.0916666666666], [142.008333333321, 45.0916666666666], [142.008333333321, 45.1], [141.991666666654, 45.1], [141.991666666654, 45.125], [141.999999999987, 45.125]]]}}, {"type": "Feature", "properties": {"id": "由仁町", "name": "由仁町"}, "geometry": {"type": "Polygon", "coordinates": [[[141.758333333321, 42.9500000000001], [141.758333333321, 42.9666666666667], [141.749999999988, 42.9666666666667], [141.749999999988, 43.0083333333334], [141.758333333321, 43.0083333333334], [141.758333333321, 43.0166666666667], [141.749999999988, 43.0166666666667], [141.749999999988, 43.0333333333334], [141.758333333321, 43.0333333333334], [141.758333333321, 43.0500000000001], [141.766666666654, 43.0500000000001], [141.766666666654, 43.0333333333334], [141.774999999988, 43.0333333333334], [141.774999999988, 43.0250000000001], [141.808333333321, 43.0250000000001], [141.808333333321, 43.0083333333334], [141.824999999988, 43.0083333333334], [141.824999999988, 43.0000000000001], [141.841666666654, 43.0000000000001], [141.841666666654, 42.9833333333334], [141.858333333321, 42.9833333333334], [141.858333333321, 42.9666666666668], [141.866666666654, 42.9666666666668], [141.866666666654, 42.9583333333334], [141.874999999988, 42.9583333333334], [141.874999999988, 42.9416666666668], [141.891666666654, 42.9416666666668], [141.891666666654, 42.9250000000001], [141.908333333321, 42.9250000000001], [141.908333333321, 42.9166666666668], [141.916666666654, 42.9166666666668], [141.916666666654, 42.9083333333334], [141.924999999987, 42.9083333333334], [141.924999999987, 42.9000000000001], [141.933333333321, 42.9000000000001], [141.933333333321, 42.9083333333334], [141.941666666654, 42.9083333333334], [141.941666666654, 42.9166666666668], [141.966666666654, 42.9166666666668], [141.966666666654, 42.9083333333334], [141.991666666654, 42.9083333333334], [141.991666666654, 42.8916666666668], [141.999999999987, 42.8916666666668], [141.999999999987, 42.8750000000001], [142.008333333321, 42.8750000000001], [142.008333333321, 42.8666666666668], [142.033333333321, 42.8666666666668], [142.033333333321, 42.8583333333334], [142.024999999987, 42.8583333333334], [142.024999999987, 42.8500000000001], [141.991666666654, 42.8500000000001], [141.991666666654, 42.8416666666668], [141.958333333321, 42.8416666666668], [141.958333333321, 42.8500000000001], [141.949999999987, 42.8500000000001], [141.949999999987, 42.8666666666668], [141.941666666654, 42.8666666666668], [141.941666666654, 42.8833333333334], [141.924999999987, 42.8833333333334], [141.924999999987, 42.8916666666668], [141.916666666654, 42.8916666666668], [141.916666666654, 42.9000000000001], [141.899999999988, 42.9000000000001], [141.899999999988, 42.9083333333334], [141.883333333321, 42.9083333333334], [141.883333333321, 42.9166666666667], [141.866666666654, 42.9166666666667], [141.866666666654, 42.9250000000001], [141.858333333321, 42.9250000000001], [141.858333333321, 42.9333333333334], [141.841666666654, 42.9333333333334], [141.841666666654, 42.9250000000001], [141.816666666654, 42.9250000000001], [141.816666666654, 42.9333333333334], [141.774999999988, 42.9333333333334], [141.774999999988, 42.9416666666667], [141.766666666654, 42.9416666666667], [141.766666666654, 42.9500000000001], [141.758333333321, 42.9500000000001]]]}}, {"type": "Feature", "properties": {"id": "留寿都村", "name": "留寿都村"}, "geometry": {"type": "Polygon", "coordinates": [[[140.783333333322, 42.7000000000001], [140.816666666655, 42.7000000000001], [140.816666666655, 42.7333333333334], [140.833333333322, 42.7333333333334], [140.833333333322, 42.7416666666668], [140.841666666655, 42.7416666666668], [140.841666666655, 42.7500000000001], [140.849999999988, 42.7500000000001], [140.849999999988, 42.7583333333334], [140.858333333322, 42.7583333333334], [140.858333333322, 42.7666666666668], [140.891666666655, 42.7666666666668], [140.891666666655, 42.7750000000001], [140.916666666655, 42.7750000000001], [140.916666666655, 42.7666666666668], [140.924999999988, 42.7666666666668], [140.924999999988, 42.7583333333334], [140.941666666655, 42.7583333333334], [140.941666666655, 42.7500000000001], [140.958333333322, 42.7500000000001], [140.958333333322, 42.7416666666668], [140.974999999988, 42.7416666666668], [140.974999999988, 42.7333333333334], [140.983333333322, 42.7333333333334], [140.983333333322, 42.7250000000001], [140.999999999988, 42.7250000000001], [140.999999999988, 42.7166666666668], [141.008333333322, 42.7166666666668], [141.008333333322, 42.7083333333334], [140.999999999988, 42.7083333333334], [140.999999999988, 42.7000000000001], [140.991666666655, 42.7000000000001], [140.991666666655, 42.6833333333334], [140.983333333322, 42.6833333333334], [140.983333333322, 42.6750000000001], [140.949999999988, 42.6750000000001], [140.949999999988, 42.6833333333334], [140.899999999988, 42.6833333333334], [140.899999999988, 42.6916666666668], [140.866666666655, 42.6916666666668], [140.866666666655, 42.7000000000001], [140.849999999988, 42.7000000000001], [140.849999999988, 42.6916666666668], [140.841666666655, 42.6916666666668], [140.841666666655, 42.6833333333334], [140.816666666655, 42.6833333333334], [140.816666666655, 42.6750000000001], [140.799999999989, 42.6750000000001], [140.799999999989, 42.6666666666668], [140.783333333322, 42.6666666666668], [140.783333333322, 42.7000000000001]]]}}, {"type": "Feature", "properties": {"id": "留萌市", "name": "留萌市"}, "geometry": {"type": "Polygon", "coordinates": [[[141.633333333321, 43.8916666666667], [141.633333333321, 43.9], [141.608333333321, 43.9], [141.608333333321, 43.9166666666667], [141.616666666654, 43.9166666666667], [141.616666666654, 43.925], [141.624999999988, 43.925], [141.624999999988, 43.9583333333334], [141.633333333321, 43.9583333333334], [141.633333333321, 43.9666666666667], [141.641666666654, 43.9666666666667], [141.641666666654, 43.9916666666667], [141.658333333321, 43.9916666666667], [141.658333333321, 43.9833333333334], [141.666666666654, 43.9833333333334], [141.666666666654, 43.975], [141.674999999988, 43.975], [141.674999999988, 43.9666666666667], [141.691666666654, 43.9666666666667], [141.691666666654, 43.9583333333334], [141.708333333321, 43.9583333333334], [141.708333333321, 43.95], [141.724999999988, 43.95], [141.724999999988, 43.9416666666667], [141.733333333321, 43.9416666666667], [141.733333333321, 43.9333333333334], [141.783333333321, 43.9333333333334], [141.783333333321, 43.9416666666667], [141.791666666654, 43.9416666666667], [141.791666666654, 43.95], [141.799999999988, 43.95], [141.799999999988, 43.9583333333334], [141.816666666654, 43.9583333333334], [141.816666666654, 43.9666666666667], [141.824999999988, 43.9666666666667], [141.824999999988, 43.9583333333334], [141.833333333321, 43.9583333333334], [141.833333333321, 43.9666666666667], [141.858333333321, 43.9666666666667], [141.858333333321, 43.9583333333334], [141.874999999988, 43.9583333333334], [141.874999999988, 43.95], [141.883333333321, 43.95], [141.883333333321, 43.9416666666667], [141.891666666654, 43.9416666666667], [141.891666666654, 43.9333333333334], [141.883333333321, 43.9333333333334], [141.883333333321, 43.9166666666667], [141.891666666654, 43.9166666666667], [141.891666666654, 43.9083333333334], [141.899999999988, 43.9083333333334], [141.899999999988, 43.8916666666667], [141.874999999988, 43.8916666666667], [141.874999999988, 43.8833333333334], [141.866666666654, 43.8833333333334], [141.866666666654, 43.8666666666667], [141.858333333321, 43.8666666666667], [141.858333333321, 43.85], [141.841666666654, 43.85], [141.841666666654, 43.8416666666667], [141.833333333321, 43.8416666666667], [141.833333333321, 43.8333333333334], [141.799999999988, 43.8333333333334], [141.799999999988, 43.8166666666667], [141.808333333321, 43.8166666666667], [141.808333333321, 43.8083333333334], [141.799999999988, 43.8083333333334], [141.799999999988, 43.8], [141.791666666654, 43.8], [141.791666666654, 43.7916666666667], [141.774999999988, 43.7916666666667], [141.774999999988, 43.7583333333334], [141.758333333321, 43.7583333333334], [141.758333333321, 43.7666666666667], [141.749999999988, 43.7666666666667], [141.749999999988, 43.775], [141.741666666654, 43.775], [141.741666666654, 43.7916666666667], [141.699999999988, 43.7916666666667], [141.699999999988, 43.8083333333334], [141.691666666654, 43.8083333333334], [141.691666666654, 43.8333333333334], [141.683333333321, 43.8333333333334], [141.683333333321, 43.8416666666667], [141.674999999988, 43.8416666666667], [141.674999999988, 43.85], [141.666666666654, 43.85], [141.666666666654, 43.8666666666667], [141.658333333321, 43.8666666666667], [141.658333333321, 43.875], [141.649999999988, 43.875], [141.649999999988, 43.8833333333334], [141.641666666654, 43.8833333333334], [141.641666666654, 43.8916666666667], [141.633333333321, 43.8916666666667]]]}}, {"type": "Feature", "properties": {"id": "登別市", "name": "登別市"}, "geometry": {"type": "Polygon", "coordinates": [[[140.991666666655, 42.4333333333334], [140.991666666655, 42.4416666666668], [140.983333333322, 42.4416666666668], [140.983333333322, 42.4666666666668], [140.974999999988, 42.4666666666668], [140.974999999988, 42.4916666666668], [140.966666666655, 42.4916666666668], [140.966666666655, 42.5000000000001], [140.974999999988, 42.5000000000001], [140.974999999988, 42.5083333333334], [140.999999999988, 42.5083333333334], [140.999999999988, 42.5166666666668], [141.041666666655, 42.5166666666668], [141.041666666655, 42.5250000000001], [141.058333333322, 42.5250000000001], [141.058333333322, 42.5333333333334], [141.066666666655, 42.5333333333334], [141.066666666655, 42.5500000000001], [141.083333333322, 42.5500000000001], [141.083333333322, 42.5583333333334], [141.099999999988, 42.5583333333334], [141.099999999988, 42.5500000000001], [141.116666666655, 42.5500000000001], [141.116666666655, 42.5416666666668], [141.124999999988, 42.5416666666668], [141.124999999988, 42.5250000000001], [141.166666666655, 42.5250000000001], [141.166666666655, 42.5083333333334], [141.158333333322, 42.5083333333334], [141.158333333322, 42.5000000000001], [141.166666666655, 42.5000000000001], [141.166666666655, 42.4750000000001], [141.174999999988, 42.4750000000001], [141.174999999988, 42.4666666666668], [141.183333333321, 42.4666666666668], [141.183333333321, 42.4416666666668], [141.166666666655, 42.4416666666668], [141.166666666655, 42.4333333333334], [141.149999999988, 42.4333333333334], [141.149999999988, 42.4250000000001], [141.133333333322, 42.4250000000001], [141.133333333322, 42.4166666666668], [141.124999999988, 42.4166666666668], [141.124999999988, 42.4083333333334], [141.116666666655, 42.4083333333334], [141.116666666655, 42.4000000000001], [141.099999999988, 42.4000000000001], [141.099999999988, 42.3916666666668], [141.091666666655, 42.3916666666668], [141.091666666655, 42.3833333333334], [141.083333333322, 42.3833333333334], [141.083333333322, 42.3750000000001], [141.074999999988, 42.3750000000001], [141.074999999988, 42.3666666666668], [141.066666666655, 42.3666666666668], [141.066666666655, 42.3583333333334], [141.058333333322, 42.3583333333334], [141.058333333322, 42.3500000000001], [141.049999999988, 42.3500000000001], [141.049999999988, 42.3583333333334], [141.041666666655, 42.3583333333334], [141.041666666655, 42.3750000000001], [141.033333333322, 42.3750000000001], [141.033333333322, 42.4000000000001], [141.024999999988, 42.4000000000001], [141.024999999988, 42.4083333333334], [141.016666666655, 42.4083333333334], [141.016666666655, 42.4333333333334], [140.991666666655, 42.4333333333334]]]}}, {"type": "Feature", "properties": {"id": "白石区", "name": "白石区"}, "geometry": {"type": "Polygon", "coordinates": [[[141.383333333321, 43.0416666666667], [141.383333333321, 43.0500000000001], [141.374999999988, 43.0500000000001], [141.374999999988, 43.0666666666667], [141.399999999988, 43.0666666666667], [141.399999999988, 43.0750000000001], [141.408333333321, 43.0750000000001], [141.408333333321, 43.0833333333334], [141.424999999988, 43.0833333333334], [141.424999999988, 43.0916666666667], [141.458333333321, 43.0916666666667], [141.458333333321, 43.1000000000001], [141.466666666655, 43.1000000000001], [141.466666666655, 43.0833333333334], [141.458333333321, 43.0833333333334], [141.458333333321, 43.0666666666667], [141.449999999988, 43.0666666666667], [141.449999999988, 43.0500000000001], [141.458333333321, 43.0500000000001], [141.458333333321, 43.0333333333334], [141.449999999988, 43.0333333333334], [141.449999999988, 43.0250000000001], [141.424999999988, 43.0250000000001], [141.424999999988, 43.0333333333334], [141.408333333321, 43.0333333333334], [141.408333333321, 43.0416666666667], [141.383333333321, 43.0416666666667]]]}}, {"type": "Feature", "properties": {"id": "白糠町", "name": "白糠町"}, "geometry": {"type": "MultiPolygon", "coordinates": [[[[143.808333333331, 43.1250000000001], [143.766666666665, 43.1250000000001], [143.766666666665, 43.1416666666667], [143.774999999998, 43.1416666666667], [143.774999999998, 43.1583333333334], [143.766666666665, 43.1583333333334], [143.766666666665, 43.1666666666667], [143.783333333331, 43.1666666666667], [143.783333333331, 43.1750000000001], [143.774999999998, 43.1750000000001], [143.774999999998, 43.1833333333334], [143.783333333331, 43.1833333333334], [143.783333333331, 43.1916666666667], [143.791666666665, 43.1916666666667], [143.791666666665, 43.2333333333334], [143.799999999998, 43.2333333333334], [143.799999999998, 43.2500000000001], [143.816666666665, 43.2500000000001], [143.816666666665, 43.2583333333334], [143.824999999998, 43.2583333333334], [143.824999999998, 43.2916666666667], [143.833333333331, 43.2916666666667], [143.833333333331, 43.2833333333334], [143.849999999998, 43.2833333333334], [143.849999999998, 43.2916666666667], [143.858333333331, 43.2916666666667], [143.858333333331, 43.3000000000001], [143.866666666665, 43.3000000000001], [143.866666666665, 43.3083333333334], [143.891666666665, 43.3083333333334], [143.891666666665, 43.3166666666667], [143.899999999998, 43.3166666666667], [143.899999999998, 43.3250000000001], [143.908333333331, 43.3250000000001], [143.908333333331, 43.3333333333334], [143.916666666665, 43.3333333333334], [143.916666666665, 43.3416666666667], [143.941666666665, 43.3416666666667], [143.941666666665, 43.3500000000001], [143.949999999998, 43.3500000000001], [143.949999999998, 43.3583333333334], [143.974999999998, 43.3583333333334], [143.974999999998, 43.3666666666667], [143.999999999998, 43.3666666666667], [143.999999999998, 43.3750000000001], [144.016666666664, 43.3750000000001], [144.016666666664, 43.3666666666667], [144.024999999998, 43.3666666666667], [144.024999999998, 43.3583333333334], [144.033333333331, 43.3583333333334], [144.033333333331, 43.3500000000001], [144.024999999998, 43.3500000000001], [144.024999999998, 43.3333333333334], [144.016666666664, 43.3333333333334], [144.016666666664, 43.3250000000001], [144.008333333331, 43.3250000000001], [144.008333333331, 43.3083333333334], [143.991666666664, 43.3083333333334], [143.991666666664, 43.2916666666667], [143.983333333331, 43.2916666666667], [143.983333333331, 43.2833333333334], [143.966666666665, 43.2833333333334], [143.966666666665, 43.2666666666667], [143.958333333331, 43.2666666666667], [143.958333333331, 43.2583333333334], [143.966666666665, 43.2583333333334], [143.966666666665, 43.2416666666667], [143.974999999998, 43.2416666666667], [143.974999999998, 43.2333333333334], [143.983333333331, 43.2333333333334], [143.983333333331, 43.2083333333334], [143.991666666664, 43.2083333333334], [143.991666666664, 43.1833333333334], [143.999999999998, 43.1833333333334], [143.999999999998, 43.1750000000001], [144.024999999998, 43.1750000000001], [144.024999999998, 43.1666666666667], [144.033333333331, 43.1666666666667], [144.033333333331, 43.1333333333334], [144.049999999998, 43.1333333333334], [144.049999999998, 43.1250000000001], [144.074999999998, 43.1250000000001], [144.074999999998, 43.1166666666667], [144.083333333331, 43.1166666666667], [144.083333333331, 43.0833333333334], [144.091666666664, 43.0833333333334], [144.091666666664, 43.0666666666667], [144.099999999998, 43.0666666666667], [144.099999999998, 43.0583333333334], [144.158333333331, 43.0583333333334], [144.158333333331, 43.0416666666667], [144.183333333331, 43.0416666666667], [144.183333333331, 43.0333333333334], [144.216666666664, 43.0333333333334], [144.216666666664, 43.0083333333334], [144.224999999998, 43.0083333333334], [144.224999999998, 42.9916666666667], [144.191666666664, 42.9916666666667], [144.191666666664, 42.9833333333334], [144.166666666664, 42.9833333333334], [144.166666666664, 42.9750000000001], [144.141666666664, 42.9750000000001], [144.141666666664, 42.9666666666667], [144.124999999998, 42.9666666666667], [144.124999999998, 42.9583333333334], [144.108333333331, 42.9583333333334], [144.108333333331, 42.9500000000001], [144.066666666664, 42.9500000000001], [144.066666666664, 42.9416666666667], [144.041666666664, 42.9416666666667], [144.041666666664, 42.9333333333334], [144.024999999998, 42.9333333333334], [144.024999999998, 42.9250000000001], [144.008333333331, 42.9250000000001], [144.008333333331, 42.9166666666667], [143.999999999998, 42.9166666666667], [143.999999999998, 42.9250000000001], [143.991666666664, 42.9250000000001], [143.991666666664, 42.9416666666667], [143.983333333331, 42.9416666666667], [143.983333333331, 42.9500000000001], [143.974999999998, 42.9500000000001], [143.974999999998, 42.9583333333334], [143.958333333331, 42.9583333333334], [143.958333333331, 42.9666666666667], [143.924999999998, 42.9666666666667], [143.924999999998, 42.9750000000001], [143.916666666665, 42.9750000000001], [143.916666666665, 42.9833333333334], [143.908333333331, 42.9833333333334], [143.908333333331, 42.9916666666667], [143.899999999998, 42.9916666666667], [143.899999999998, 43.0166666666668], [143.908333333331, 43.0166666666668], [143.908333333331, 43.0250000000001], [143.916666666665, 43.0250000000001], [143.916666666665, 43.0500000000001], [143.924999999998, 43.0500000000001], [143.924999999998, 43.0583333333334], [143.916666666665, 43.0583333333334], [143.916666666665, 43.0666666666667], [143.908333333331, 43.0666666666667], [143.908333333331, 43.0750000000001], [143.899999999998, 43.0750000000001], [143.899999999998, 43.0833333333334], [143.883333333331, 43.0833333333334], [143.883333333331, 43.0916666666667], [143.833333333331, 43.0916666666667], [143.833333333331, 43.1000000000001], [143.816666666665, 43.1000000000001], [143.816666666665, 43.1083333333334], [143.808333333331, 43.1083333333334], [143.808333333331, 43.1250000000001]]], [[[143.766666666665, 43.1250000000001], [143.766666666665, 43.1166666666667], [143.758333333331, 43.1166666666667], [143.758333333331, 43.1250000000001], [143.766666666665, 43.1250000000001]]]]}}, {"type": "Feature", "properties": {"id": "白老町", "name": "白老町"}, "geometry": {"type": "Polygon", "coordinates": [[[141.116666666655, 42.5416666666668], [141.116666666655, 42.5500000000001], [141.099999999988, 42.5500000000001], [141.099999999988, 42.5583333333334], [141.083333333322, 42.5583333333334], [141.083333333322, 42.5833333333334], [141.091666666655, 42.5833333333334], [141.091666666655, 42.5916666666668], [141.099999999988, 42.5916666666668], [141.099999999988, 42.6000000000001], [141.108333333322, 42.6000000000001], [141.108333333322, 42.6083333333334], [141.124999999988, 42.6083333333334], [141.124999999988, 42.6166666666668], [141.141666666655, 42.6166666666668], [141.141666666655, 42.6250000000001], [141.149999999988, 42.6250000000001], [141.149999999988, 42.6416666666668], [141.158333333322, 42.6416666666668], [141.158333333322, 42.6666666666668], [141.166666666655, 42.6666666666668], [141.166666666655, 42.6750000000001], [141.183333333321, 42.6750000000001], [141.183333333321, 42.6833333333334], [141.191666666655, 42.6833333333334], [141.191666666655, 42.6916666666668], [141.208333333321, 42.6916666666668], [141.208333333321, 42.7000000000001], [141.249999999988, 42.7000000000001], [141.249999999988, 42.7083333333334], [141.283333333321, 42.7083333333334], [141.283333333321, 42.7000000000001], [141.291666666655, 42.7000000000001], [141.291666666655, 42.6916666666668], [141.308333333321, 42.6916666666668], [141.308333333321, 42.6833333333334], [141.349999999988, 42.6833333333334], [141.349999999988, 42.6750000000001], [141.341666666655, 42.6750000000001], [141.341666666655, 42.6333333333334], [141.349999999988, 42.6333333333334], [141.349999999988, 42.6250000000001], [141.358333333321, 42.6250000000001], [141.358333333321, 42.6166666666668], [141.374999999988, 42.6166666666668], [141.374999999988, 42.6083333333334], [141.391666666655, 42.6083333333334], [141.391666666655, 42.6000000000001], [141.399999999988, 42.6000000000001], [141.399999999988, 42.5916666666668], [141.408333333321, 42.5916666666668], [141.408333333321, 42.5833333333334], [141.424999999988, 42.5833333333334], [141.424999999988, 42.5750000000001], [141.416666666655, 42.5750000000001], [141.416666666655, 42.5666666666668], [141.399999999988, 42.5666666666668], [141.399999999988, 42.5583333333334], [141.374999999988, 42.5583333333334], [141.374999999988, 42.5500000000001], [141.366666666655, 42.5500000000001], [141.366666666655, 42.5416666666668], [141.349999999988, 42.5416666666668], [141.349999999988, 42.5333333333334], [141.333333333321, 42.5333333333334], [141.333333333321, 42.5250000000001], [141.324999999988, 42.5250000000001], [141.324999999988, 42.5166666666668], [141.308333333321, 42.5166666666668], [141.308333333321, 42.5083333333334], [141.291666666655, 42.5083333333334], [141.291666666655, 42.5000000000001], [141.274999999988, 42.5000000000001], [141.274999999988, 42.4916666666668], [141.266666666655, 42.4916666666668], [141.266666666655, 42.4833333333334], [141.249999999988, 42.4833333333334], [141.249999999988, 42.4750000000001], [141.241666666655, 42.4750000000001], [141.241666666655, 42.4666666666668], [141.224999999988, 42.4666666666668], [141.224999999988, 42.4583333333334], [141.216666666655, 42.4583333333334], [141.216666666655, 42.4500000000001], [141.183333333321, 42.4500000000001], [141.183333333321, 42.4666666666668], [141.174999999988, 42.4666666666668], [141.174999999988, 42.4750000000001], [141.166666666655, 42.4750000000001], [141.166666666655, 42.5000000000001], [141.158333333322, 42.5000000000001], [141.158333333322, 42.5083333333334], [141.166666666655, 42.5083333333334], [141.166666666655, 42.5250000000001], [141.124999999988, 42.5250000000001], [141.124999999988, 42.5416666666668], [141.116666666655, 42.5416666666668]]]}}, {"type": "Feature", "properties": {"id": "真狩村", "name": "真狩村"}, "geometry": {"type": "Polygon", "coordinates": [[[140.758333333322, 42.6666666666668], [140.758333333322, 42.7166666666668], [140.766666666655, 42.7166666666668], [140.766666666655, 42.7333333333334], [140.733333333322, 42.7333333333334], [140.733333333322, 42.7416666666668], [140.724999999989, 42.7416666666668], [140.724999999989, 42.7500000000001], [140.716666666655, 42.7500000000001], [140.716666666655, 42.7583333333334], [140.724999999989, 42.7583333333334], [140.724999999989, 42.7750000000001], [140.733333333322, 42.7750000000001], [140.733333333322, 42.7833333333334], [140.758333333322, 42.7833333333334], [140.758333333322, 42.8000000000001], [140.774999999989, 42.8000000000001], [140.774999999989, 42.8083333333334], [140.783333333322, 42.8083333333334], [140.783333333322, 42.8166666666668], [140.799999999989, 42.8166666666668], [140.799999999989, 42.8250000000001], [140.816666666655, 42.8250000000001], [140.816666666655, 42.8166666666668], [140.833333333322, 42.8166666666668], [140.833333333322, 42.8083333333334], [140.849999999988, 42.8083333333334], [140.849999999988, 42.8000000000001], [140.866666666655, 42.8000000000001], [140.866666666655, 42.7916666666668], [140.883333333322, 42.7916666666668], [140.883333333322, 42.7833333333334], [140.899999999988, 42.7833333333334], [140.899999999988, 42.7750000000001], [140.891666666655, 42.7750000000001], [140.891666666655, 42.7666666666668], [140.858333333322, 42.7666666666668], [140.858333333322, 42.7583333333334], [140.849999999988, 42.7583333333334], [140.849999999988, 42.7500000000001], [140.841666666655, 42.7500000000001], [140.841666666655, 42.7416666666668], [140.833333333322, 42.7416666666668], [140.833333333322, 42.7333333333334], [140.816666666655, 42.7333333333334], [140.816666666655, 42.7000000000001], [140.783333333322, 42.7000000000001], [140.783333333322, 42.6666666666668], [140.774999999989, 42.6666666666668], [140.774999999989, 42.6583333333334], [140.749999999989, 42.6583333333334], [140.749999999989, 42.6666666666668], [140.758333333322, 42.6666666666668]]]}}, {"type": "Feature", "properties": {"id": "知内町", "name": "知内町"}, "geometry": {"type": "Polygon", "coordinates": [[[140.249999999989, 41.5833333333335], [140.233333333322, 41.5833333333335], [140.233333333322, 41.5916666666668], [140.216666666656, 41.5916666666668], [140.216666666656, 41.6333333333335], [140.241666666656, 41.6333333333335], [140.241666666656, 41.6416666666668], [140.249999999989, 41.6416666666668], [140.249999999989, 41.6500000000002], [140.266666666656, 41.6500000000002], [140.266666666656, 41.6583333333335], [140.283333333322, 41.6583333333335], [140.283333333322, 41.6666666666668], [140.291666666656, 41.6666666666668], [140.291666666656, 41.6583333333335], [140.316666666656, 41.6583333333335], [140.316666666656, 41.6500000000002], [140.333333333322, 41.6500000000002], [140.333333333322, 41.6583333333335], [140.349999999989, 41.6583333333335], [140.349999999989, 41.6666666666668], [140.399999999989, 41.6666666666668], [140.399999999989, 41.6583333333335], [140.433333333322, 41.6583333333335], [140.433333333322, 41.5583333333335], [140.441666666655, 41.5583333333335], [140.441666666655, 41.5500000000002], [140.433333333322, 41.5500000000002], [140.433333333322, 41.5333333333335], [140.424999999989, 41.5333333333335], [140.424999999989, 41.5250000000002], [140.399999999989, 41.5250000000002], [140.399999999989, 41.5333333333335], [140.391666666656, 41.5333333333335], [140.391666666656, 41.5416666666668], [140.366666666656, 41.5416666666668], [140.366666666656, 41.5333333333335], [140.358333333322, 41.5333333333335], [140.358333333322, 41.5250000000002], [140.349999999989, 41.5250000000002], [140.349999999989, 41.5333333333335], [140.341666666656, 41.5333333333335], [140.341666666656, 41.5250000000002], [140.324999999989, 41.5250000000002], [140.324999999989, 41.5583333333335], [140.316666666656, 41.5583333333335], [140.316666666656, 41.5750000000002], [140.308333333322, 41.5750000000002], [140.308333333322, 41.5916666666668], [140.291666666656, 41.5916666666668], [140.291666666656, 41.5833333333335], [140.274999999989, 41.5833333333335], [140.274999999989, 41.5750000000002], [140.249999999989, 41.5750000000002], [140.249999999989, 41.5833333333335]]]}}, {"type": "Feature", "properties": {"id": "石狩市", "name": "石狩市"}, "geometry": {"type": "Polygon", "coordinates": [[[141.266666666655, 43.1666666666667], [141.266666666655, 43.1750000000001], [141.283333333321, 43.1750000000001], [141.283333333321, 43.1833333333334], [141.291666666655, 43.1833333333334], [141.291666666655, 43.2000000000001], [141.283333333321, 43.2000000000001], [141.283333333321, 43.2083333333334], [141.291666666655, 43.2083333333334], [141.291666666655, 43.2166666666667], [141.299999999988, 43.2166666666667], [141.299999999988, 43.2250000000001], [141.324999999988, 43.2250000000001], [141.324999999988, 43.2333333333334], [141.333333333321, 43.2333333333334], [141.333333333321, 43.2416666666667], [141.341666666655, 43.2416666666667], [141.341666666655, 43.2500000000001], [141.349999999988, 43.2500000000001], [141.349999999988, 43.2583333333334], [141.358333333321, 43.2583333333334], [141.358333333321, 43.2666666666667], [141.366666666655, 43.2666666666667], [141.366666666655, 43.2750000000001], [141.374999999988, 43.2750000000001], [141.374999999988, 43.2833333333334], [141.383333333321, 43.2833333333334], [141.383333333321, 43.2916666666667], [141.391666666655, 43.2916666666667], [141.391666666655, 43.3000000000001], [141.399999999988, 43.3000000000001], [141.399999999988, 43.3166666666667], [141.408333333321, 43.3166666666667], [141.408333333321, 43.3250000000001], [141.416666666655, 43.3250000000001], [141.416666666655, 43.3500000000001], [141.424999999988, 43.3500000000001], [141.424999999988, 43.4250000000001], [141.416666666655, 43.4250000000001], [141.416666666655, 43.4416666666667], [141.408333333321, 43.4416666666667], [141.408333333321, 43.4583333333334], [141.399999999988, 43.4583333333334], [141.399999999988, 43.4666666666667], [141.391666666655, 43.4666666666667], [141.391666666655, 43.4750000000001], [141.383333333321, 43.4750000000001], [141.383333333321, 43.4916666666667], [141.366666666655, 43.4916666666667], [141.366666666655, 43.5083333333334], [141.358333333321, 43.5083333333334], [141.358333333321, 43.5416666666667], [141.366666666655, 43.5416666666667], [141.366666666655, 43.5583333333334], [141.374999999988, 43.5583333333334], [141.374999999988, 43.5833333333334], [141.383333333321, 43.5833333333334], [141.383333333321, 43.6], [141.374999999988, 43.6], [141.374999999988, 43.6083333333334], [141.366666666655, 43.6083333333334], [141.366666666655, 43.6166666666667], [141.358333333321, 43.6166666666667], [141.358333333321, 43.6333333333334], [141.349999999988, 43.6333333333334], [141.349999999988, 43.675], [141.341666666655, 43.675], [141.341666666655, 43.6833333333334], [141.333333333321, 43.6833333333334], [141.333333333321, 43.7083333333334], [141.324999999988, 43.7083333333334], [141.324999999988, 43.725], [141.333333333321, 43.725], [141.333333333321, 43.7333333333334], [141.366666666655, 43.7333333333334], [141.366666666655, 43.725], [141.374999999988, 43.725], [141.374999999988, 43.7333333333334], [141.391666666655, 43.7333333333334], [141.391666666655, 43.7416666666667], [141.399999999988, 43.7416666666667], [141.399999999988, 43.7333333333334], [141.408333333321, 43.7333333333334], [141.408333333321, 43.725], [141.416666666655, 43.725], [141.416666666655, 43.7083333333334], [141.441666666655, 43.7083333333334], [141.441666666655, 43.7], [141.474999999988, 43.7], [141.474999999988, 43.6916666666667], [141.483333333321, 43.6916666666667], [141.483333333321, 43.6833333333334], [141.499999999988, 43.6833333333334], [141.499999999988, 43.675], [141.508333333321, 43.675], [141.508333333321, 43.6666666666667], [141.516666666655, 43.6666666666667], [141.516666666655, 43.6583333333334], [141.524999999988, 43.6583333333334], [141.524999999988, 43.65], [141.533333333321, 43.65], [141.533333333321, 43.6416666666667], [141.541666666654, 43.6416666666667], [141.541666666654, 43.6333333333334], [141.558333333321, 43.6333333333334], [141.558333333321, 43.625], [141.566666666654, 43.625], [141.566666666654, 43.6166666666667], [141.583333333321, 43.6166666666667], [141.583333333321, 43.6000000000001], [141.591666666654, 43.6000000000001], [141.591666666654, 43.5916666666667], [141.599999999988, 43.5916666666667], [141.599999999988, 43.5833333333334], [141.591666666654, 43.5833333333334], [141.591666666654, 43.5666666666667], [141.533333333321, 43.5666666666667], [141.533333333321, 43.575], [141.508333333321, 43.575], [141.508333333321, 43.5500000000001], [141.516666666655, 43.5500000000001], [141.516666666655, 43.5416666666667], [141.524999999988, 43.5416666666667], [141.524999999988, 43.5166666666667], [141.533333333321, 43.5166666666667], [141.533333333321, 43.5083333333334], [141.541666666654, 43.5083333333334], [141.541666666654, 43.5000000000001], [141.558333333321, 43.5000000000001], [141.558333333321, 43.4166666666667], [141.549999999988, 43.4166666666667], [141.549999999988, 43.4000000000001], [141.541666666654, 43.4000000000001], [141.541666666654, 43.3750000000001], [141.533333333321, 43.3750000000001], [141.533333333321, 43.3250000000001], [141.524999999988, 43.3250000000001], [141.524999999988, 43.3083333333334], [141.516666666655, 43.3083333333334], [141.516666666655, 43.3000000000001], [141.499999999988, 43.3000000000001], [141.499999999988, 43.2916666666667], [141.491666666655, 43.2916666666667], [141.491666666655, 43.2750000000001], [141.483333333321, 43.2750000000001], [141.483333333321, 43.2666666666667], [141.474999999988, 43.2666666666667], [141.474999999988, 43.2583333333334], [141.466666666655, 43.2583333333334], [141.466666666655, 43.2500000000001], [141.449999999988, 43.2500000000001], [141.449999999988, 43.2416666666667], [141.441666666655, 43.2416666666667], [141.441666666655, 43.2500000000001], [141.424999999988, 43.2500000000001], [141.424999999988, 43.2416666666667], [141.416666666655, 43.2416666666667], [141.416666666655, 43.2000000000001], [141.408333333321, 43.2000000000001], [141.408333333321, 43.1916666666667], [141.399999999988, 43.1916666666667], [141.399999999988, 43.1833333333334], [141.391666666655, 43.1833333333334], [141.391666666655, 43.1750000000001], [141.349999999988, 43.1750000000001], [141.349999999988, 43.1583333333334], [141.341666666655, 43.1583333333334], [141.341666666655, 43.1500000000001], [141.308333333321, 43.1500000000001], [141.308333333321, 43.1416666666667], [141.291666666655, 43.1416666666667], [141.291666666655, 43.1333333333334], [141.274999999988, 43.1333333333334], [141.274999999988, 43.1416666666667], [141.266666666655, 43.1416666666667], [141.266666666655, 43.1500000000001], [141.258333333321, 43.1500000000001], [141.258333333321, 43.1583333333334], [141.249999999988, 43.1583333333334], [141.249999999988, 43.1666666666667], [141.266666666655, 43.1666666666667]]]}}, {"type": "Feature", "properties": {"id": "砂川市", "name": "砂川市"}, "geometry": {"type": "MultiPolygon", "coordinates": [[[[141.874999999988, 43.4916666666667], [141.891666666654, 43.4916666666667], [141.891666666654, 43.5000000000001], [141.899999999988, 43.5000000000001], [141.899999999988, 43.5333333333334], [141.908333333321, 43.5333333333334], [141.908333333321, 43.5500000000001], [141.941666666654, 43.5500000000001], [141.941666666654, 43.5583333333334], [141.949999999987, 43.5583333333334], [141.949999999987, 43.5666666666667], [141.958333333321, 43.5666666666667], [141.958333333321, 43.5583333333334], [141.974999999987, 43.5583333333334], [141.974999999987, 43.5333333333334], [141.983333333321, 43.5333333333334], [141.983333333321, 43.5250000000001], [141.991666666654, 43.5250000000001], [141.991666666654, 43.5083333333334], [141.983333333321, 43.5083333333334], [141.983333333321, 43.5], [141.974999999987, 43.5], [141.974999999987, 43.4916666666667], [141.966666666654, 43.4916666666667], [141.966666666654, 43.4833333333334], [141.949999999987, 43.4833333333334], [141.949999999987, 43.4750000000001], [141.966666666654, 43.4750000000001], [141.966666666654, 43.4583333333334], [141.949999999987, 43.4583333333334], [141.949999999987, 43.4500000000001], [141.916666666654, 43.4500000000001], [141.916666666654, 43.4583333333334], [141.866666666654, 43.4583333333334], [141.866666666654, 43.4833333333334], [141.874999999988, 43.4833333333334], [141.874999999988, 43.4916666666667]]], [[[141.874999999988, 43.5166666666667], [141.891666666654, 43.5166666666667], [141.891666666654, 43.5083333333334], [141.874999999988, 43.5083333333334], [141.874999999988, 43.5166666666667]]]]}}, {"type": "Feature", "properties": {"id": "礼文町", "name": "礼文町"}, "geometry": {"type": "Polygon", "coordinates": [[[140.999999999988, 45.3333333333333], [140.999999999988, 45.3583333333333], [140.991666666655, 45.3583333333333], [140.991666666655, 45.3666666666666], [140.983333333322, 45.3666666666666], [140.983333333322, 45.3916666666666], [140.991666666655, 45.3916666666666], [140.991666666655, 45.3999999999999], [140.983333333322, 45.3999999999999], [140.983333333322, 45.4333333333333], [140.974999999988, 45.4333333333333], [140.974999999988, 45.4499999999999], [140.966666666655, 45.4499999999999], [140.966666666655, 45.4666666666666], [140.974999999988, 45.4666666666666], [140.974999999988, 45.4583333333333], [140.983333333322, 45.4583333333333], [140.983333333322, 45.4499999999999], [140.991666666655, 45.4499999999999], [140.991666666655, 45.4416666666666], [141.008333333322, 45.4416666666666], [141.008333333322, 45.4333333333333], [141.016666666655, 45.4333333333333], [141.016666666655, 45.4416666666666], [141.033333333322, 45.4416666666666], [141.033333333322, 45.4499999999999], [141.024999999988, 45.4499999999999], [141.024999999988, 45.4666666666666], [141.033333333322, 45.4666666666666], [141.033333333322, 45.4583333333333], [141.049999999988, 45.4583333333333], [141.049999999988, 45.4499999999999], [141.058333333322, 45.4499999999999], [141.058333333322, 45.4416666666666], [141.066666666655, 45.4416666666666], [141.066666666655, 45.4083333333333], [141.058333333322, 45.4083333333333], [141.058333333322, 45.3833333333333], [141.066666666655, 45.3833333333333], [141.066666666655, 45.3499999999999], [141.058333333322, 45.3499999999999], [141.058333333322, 45.2999999999999], [141.049999999988, 45.2999999999999], [141.049999999988, 45.2666666666666], [141.024999999988, 45.2666666666666], [141.024999999988, 45.2833333333333], [141.016666666655, 45.2833333333333], [141.016666666655, 45.2916666666666], [141.024999999988, 45.2916666666666], [141.024999999988, 45.2999999999999], [141.016666666655, 45.2999999999999], [141.016666666655, 45.3249999999999], [141.008333333322, 45.3249999999999], [141.008333333322, 45.3333333333333], [140.999999999988, 45.3333333333333]]]}}, {"type": "Feature", "properties": {"id": "神恵内村", "name": "神恵内村"}, "geometry": {"type": "Polygon", "coordinates": [[[140.349999999989, 43.1916666666667], [140.341666666656, 43.1916666666667], [140.341666666656, 43.2083333333334], [140.324999999989, 43.2083333333334], [140.324999999989, 43.2500000000001], [140.333333333322, 43.2500000000001], [140.333333333322, 43.2666666666667], [140.341666666656, 43.2666666666667], [140.341666666656, 43.2750000000001], [140.358333333322, 43.2750000000001], [140.358333333322, 43.2500000000001], [140.366666666656, 43.2500000000001], [140.366666666656, 43.2416666666667], [140.391666666656, 43.2416666666667], [140.391666666656, 43.2333333333334], [140.416666666656, 43.2333333333334], [140.416666666656, 43.2250000000001], [140.433333333322, 43.2250000000001], [140.433333333322, 43.2333333333334], [140.449999999989, 43.2333333333334], [140.449999999989, 43.2416666666667], [140.466666666655, 43.2416666666667], [140.466666666655, 43.2333333333334], [140.474999999989, 43.2333333333334], [140.474999999989, 43.2250000000001], [140.483333333322, 43.2250000000001], [140.483333333322, 43.2166666666667], [140.533333333322, 43.2166666666667], [140.533333333322, 43.1666666666667], [140.541666666655, 43.1666666666667], [140.541666666655, 43.1583333333334], [140.533333333322, 43.1583333333334], [140.533333333322, 43.1500000000001], [140.516666666655, 43.1500000000001], [140.516666666655, 43.1416666666667], [140.466666666655, 43.1416666666667], [140.466666666655, 43.1333333333334], [140.458333333322, 43.1333333333334], [140.458333333322, 43.1250000000001], [140.449999999989, 43.1250000000001], [140.449999999989, 43.1166666666667], [140.441666666655, 43.1166666666667], [140.441666666655, 43.1250000000001], [140.424999999989, 43.1250000000001], [140.424999999989, 43.1416666666667], [140.416666666656, 43.1416666666667], [140.416666666656, 43.1500000000001], [140.399999999989, 43.1500000000001], [140.399999999989, 43.1583333333334], [140.374999999989, 43.1583333333334], [140.374999999989, 43.1750000000001], [140.358333333322, 43.1750000000001], [140.358333333322, 43.1833333333334], [140.349999999989, 43.1833333333334], [140.349999999989, 43.1916666666667]]]}}, {"type": "Feature", "properties": {"id": "福島町", "name": "福島町"}, "geometry": {"type": "Polygon", "coordinates": [[[140.199999999989, 41.4666666666668], [140.183333333322, 41.4666666666668], [140.183333333322, 41.4916666666668], [140.174999999989, 41.4916666666668], [140.174999999989, 41.5083333333335], [140.166666666656, 41.5083333333335], [140.166666666656, 41.5250000000002], [140.174999999989, 41.5250000000002], [140.174999999989, 41.5333333333335], [140.183333333322, 41.5333333333335], [140.183333333322, 41.5416666666668], [140.174999999989, 41.5416666666668], [140.174999999989, 41.5666666666668], [140.166666666656, 41.5666666666668], [140.166666666656, 41.5833333333335], [140.174999999989, 41.5833333333335], [140.174999999989, 41.5916666666668], [140.191666666656, 41.5916666666668], [140.191666666656, 41.6166666666668], [140.199999999989, 41.6166666666668], [140.199999999989, 41.6250000000002], [140.216666666656, 41.6250000000002], [140.216666666656, 41.5916666666668], [140.233333333322, 41.5916666666668], [140.233333333322, 41.5833333333335], [140.249999999989, 41.5833333333335], [140.249999999989, 41.5750000000002], [140.274999999989, 41.5750000000002], [140.274999999989, 41.5833333333335], [140.291666666656, 41.5833333333335], [140.291666666656, 41.5916666666668], [140.308333333322, 41.5916666666668], [140.308333333322, 41.5750000000002], [140.316666666656, 41.5750000000002], [140.316666666656, 41.5583333333335], [140.324999999989, 41.5583333333335], [140.324999999989, 41.5250000000002], [140.341666666656, 41.5250000000002], [140.341666666656, 41.5333333333335], [140.349999999989, 41.5333333333335], [140.349999999989, 41.5250000000002], [140.358333333322, 41.5250000000002], [140.358333333322, 41.5333333333335], [140.366666666656, 41.5333333333335], [140.366666666656, 41.5416666666668], [140.391666666656, 41.5416666666668], [140.391666666656, 41.5333333333335], [140.399999999989, 41.5333333333335], [140.399999999989, 41.5250000000002], [140.408333333322, 41.5250000000002], [140.408333333322, 41.5166666666668], [140.358333333322, 41.5166666666668], [140.358333333322, 41.5083333333335], [140.349999999989, 41.5083333333335], [140.349999999989, 41.5000000000002], [140.316666666656, 41.5000000000002], [140.316666666656, 41.4916666666668], [140.299999999989, 41.4916666666668], [140.299999999989, 41.4833333333335], [140.266666666656, 41.4833333333335], [140.266666666656, 41.4750000000002], [140.258333333322, 41.4750000000002], [140.258333333322, 41.4583333333335], [140.249999999989, 41.4583333333335], [140.249999999989, 41.4500000000002], [140.241666666656, 41.4500000000002], [140.241666666656, 41.4333333333335], [140.233333333322, 41.4333333333335], [140.233333333322, 41.4250000000002], [140.224999999989, 41.4250000000002], [140.224999999989, 41.4166666666668], [140.216666666656, 41.4166666666668], [140.216666666656, 41.4083333333335], [140.208333333322, 41.4083333333335], [140.208333333322, 41.4333333333335], [140.199999999989, 41.4333333333335], [140.199999999989, 41.4416666666668], [140.191666666656, 41.4416666666668], [140.191666666656, 41.4500000000002], [140.199999999989, 41.4500000000002], [140.199999999989, 41.4666666666668]]]}}, {"type": "Feature", "properties": {"id": "秩父別町", "name": "秩父別町"}, "geometry": {"type": "Polygon", "coordinates": [[[141.899999999988, 43.775], [141.916666666654, 43.775], [141.916666666654, 43.7833333333334], [141.933333333321, 43.7833333333334], [141.933333333321, 43.7916666666667], [141.941666666654, 43.7916666666667], [141.941666666654, 43.8], [141.958333333321, 43.8], [141.958333333321, 43.8083333333334], [141.999999999987, 43.8083333333334], [141.999999999987, 43.8], [142.008333333321, 43.8], [142.008333333321, 43.7666666666667], [141.999999999987, 43.7666666666667], [141.999999999987, 43.75], [141.908333333321, 43.75], [141.908333333321, 43.7416666666667], [141.899999999988, 43.7416666666667], [141.899999999988, 43.775]]]}}, {"type": "Feature", "properties": {"id": "稚内市", "name": "稚内市"}, "geometry": {"type": "Polygon", "coordinates": [[[141.574999999988, 45.2333333333333], [141.566666666654, 45.2333333333333], [141.566666666654, 45.2416666666666], [141.574999999988, 45.2416666666666], [141.574999999988, 45.25], [141.583333333321, 45.25], [141.583333333321, 45.2583333333333], [141.591666666654, 45.2583333333333], [141.591666666654, 45.2666666666666], [141.599999999988, 45.2666666666666], [141.599999999988, 45.275], [141.608333333321, 45.275], [141.608333333321, 45.2833333333333], [141.616666666654, 45.2833333333333], [141.616666666654, 45.3083333333333], [141.608333333321, 45.3083333333333], [141.608333333321, 45.3166666666666], [141.624999999988, 45.3166666666666], [141.624999999988, 45.325], [141.633333333321, 45.325], [141.633333333321, 45.3333333333333], [141.641666666654, 45.3333333333333], [141.641666666654, 45.3416666666666], [141.649999999988, 45.3416666666666], [141.649999999988, 45.3749999999999], [141.641666666654, 45.3749999999999], [141.641666666654, 45.3833333333333], [141.633333333321, 45.3833333333333], [141.633333333321, 45.4416666666666], [141.641666666654, 45.4416666666666], [141.641666666654, 45.4499999999999], [141.658333333321, 45.4499999999999], [141.658333333321, 45.4416666666666], [141.674999999988, 45.4416666666666], [141.674999999988, 45.4249999999999], [141.683333333321, 45.4249999999999], [141.683333333321, 45.4166666666666], [141.691666666654, 45.4166666666666], [141.691666666654, 45.4083333333333], [141.708333333321, 45.4083333333333], [141.708333333321, 45.3999999999999], [141.733333333321, 45.3999999999999], [141.733333333321, 45.4083333333333], [141.741666666654, 45.4083333333333], [141.741666666654, 45.4166666666666], [141.758333333321, 45.4166666666666], [141.758333333321, 45.4083333333333], [141.808333333321, 45.4083333333333], [141.808333333321, 45.4166666666666], [141.833333333321, 45.4166666666666], [141.833333333321, 45.4249999999999], [141.841666666654, 45.4249999999999], [141.841666666654, 45.4333333333333], [141.849999999988, 45.4333333333333], [141.849999999988, 45.4416666666666], [141.858333333321, 45.4416666666666], [141.858333333321, 45.4499999999999], [141.866666666654, 45.4499999999999], [141.866666666654, 45.4583333333333], [141.874999999988, 45.4583333333333], [141.874999999988, 45.4999999999999], [141.883333333321, 45.4999999999999], [141.883333333321, 45.5083333333333], [141.891666666654, 45.5083333333333], [141.891666666654, 45.5166666666666], [141.908333333321, 45.5166666666666], [141.908333333321, 45.5249999999999], [141.958333333321, 45.5249999999999], [141.958333333321, 45.5166666666666], [141.966666666654, 45.5166666666666], [141.966666666654, 45.4833333333333], [141.974999999987, 45.4833333333333], [141.974999999987, 45.4749999999999], [141.983333333321, 45.4749999999999], [141.983333333321, 45.4666666666666], [141.999999999987, 45.4666666666666], [141.999999999987, 45.4583333333333], [142.024999999987, 45.4583333333333], [142.024999999987, 45.4333333333333], [142.033333333321, 45.4333333333333], [142.033333333321, 45.4249999999999], [142.041666666654, 45.4249999999999], [142.041666666654, 45.4166666666666], [142.049999999987, 45.4166666666666], [142.049999999987, 45.3833333333333], [142.041666666654, 45.3833333333333], [142.041666666654, 45.3749999999999], [142.024999999987, 45.3749999999999], [142.024999999987, 45.3666666666666], [142.016666666654, 45.3666666666666], [142.016666666654, 45.3583333333333], [141.983333333321, 45.3583333333333], [141.983333333321, 45.3499999999999], [141.966666666654, 45.3499999999999], [141.966666666654, 45.3416666666666], [141.958333333321, 45.3416666666666], [141.958333333321, 45.3333333333333], [141.966666666654, 45.3333333333333], [141.966666666654, 45.325], [141.974999999987, 45.325], [141.974999999987, 45.3083333333333], [141.966666666654, 45.3083333333333], [141.966666666654, 45.2916666666666], [141.983333333321, 45.2916666666666], [141.983333333321, 45.2833333333333], [141.991666666654, 45.2833333333333], [141.991666666654, 45.2583333333333], [141.999999999987, 45.2583333333333], [141.999999999987, 45.2333333333333], [141.974999999987, 45.2333333333333], [141.974999999987, 45.225], [141.933333333321, 45.225], [141.933333333321, 45.2166666666666], [141.924999999987, 45.2166666666666], [141.924999999987, 45.2083333333333], [141.916666666654, 45.2083333333333], [141.916666666654, 45.2], [141.908333333321, 45.2], [141.908333333321, 45.1916666666666], [141.899999999988, 45.1916666666666], [141.899999999988, 45.175], [141.866666666654, 45.175], [141.866666666654, 45.1833333333333], [141.858333333321, 45.1833333333333], [141.858333333321, 45.1916666666666], [141.824999999988, 45.1916666666666], [141.824999999988, 45.2083333333333], [141.808333333321, 45.2083333333333], [141.808333333321, 45.2], [141.791666666654, 45.2], [141.791666666654, 45.2083333333333], [141.783333333321, 45.2083333333333], [141.783333333321, 45.2166666666666], [141.774999999988, 45.2166666666666], [141.774999999988, 45.2333333333333], [141.783333333321, 45.2333333333333], [141.783333333321, 45.2416666666666], [141.774999999988, 45.2416666666666], [141.774999999988, 45.2583333333333], [141.766666666654, 45.2583333333333], [141.766666666654, 45.2749999999999], [141.749999999988, 45.2749999999999], [141.749999999988, 45.2666666666666], [141.733333333321, 45.2666666666666], [141.733333333321, 45.2416666666666], [141.724999999988, 45.2416666666666], [141.724999999988, 45.2333333333333], [141.699999999988, 45.2333333333333], [141.699999999988, 45.2416666666666], [141.666666666654, 45.2416666666666], [141.666666666654, 45.2333333333333], [141.658333333321, 45.2333333333333], [141.658333333321, 45.225], [141.649999999988, 45.225], [141.649999999988, 45.2166666666666], [141.633333333321, 45.2166666666666], [141.633333333321, 45.2083333333333], [141.608333333321, 45.2083333333333], [141.608333333321, 45.2], [141.599999999988, 45.2], [141.599999999988, 45.175], [141.574999999988, 45.175], [141.574999999988, 45.2], [141.566666666654, 45.2], [141.566666666654, 45.225], [141.574999999988, 45.225], [141.574999999988, 45.2333333333333]]]}}, {"type": "Feature", "properties": {"id": "積丹町", "name": "積丹町"}, "geometry": {"type": "Polygon", "coordinates": [[[140.358333333322, 43.2500000000001], [140.358333333322, 43.2750000000001], [140.341666666656, 43.2750000000001], [140.341666666656, 43.2833333333334], [140.349999999989, 43.2833333333334], [140.349999999989, 43.3166666666667], [140.358333333322, 43.3166666666667], [140.358333333322, 43.3250000000001], [140.349999999989, 43.3250000000001], [140.349999999989, 43.3333333333334], [140.441666666655, 43.3333333333334], [140.441666666655, 43.3416666666667], [140.449999999989, 43.3416666666667], [140.449999999989, 43.3500000000001], [140.458333333322, 43.3500000000001], [140.458333333322, 43.3750000000001], [140.474999999989, 43.3750000000001], [140.474999999989, 43.3833333333334], [140.483333333322, 43.3833333333334], [140.483333333322, 43.3750000000001], [140.508333333322, 43.3750000000001], [140.508333333322, 43.3666666666667], [140.516666666655, 43.3666666666667], [140.516666666655, 43.3583333333334], [140.533333333322, 43.3583333333334], [140.533333333322, 43.3500000000001], [140.541666666655, 43.3500000000001], [140.541666666655, 43.3416666666667], [140.549999999989, 43.3416666666667], [140.549999999989, 43.3333333333334], [140.558333333322, 43.3333333333334], [140.558333333322, 43.3250000000001], [140.574999999989, 43.3250000000001], [140.574999999989, 43.3166666666667], [140.583333333322, 43.3166666666667], [140.583333333322, 43.3083333333334], [140.608333333322, 43.3083333333334], [140.608333333322, 43.3000000000001], [140.624999999989, 43.3000000000001], [140.624999999989, 43.2833333333334], [140.608333333322, 43.2833333333334], [140.608333333322, 43.2750000000001], [140.599999999989, 43.2750000000001], [140.599999999989, 43.2666666666667], [140.591666666655, 43.2666666666667], [140.591666666655, 43.2500000000001], [140.574999999989, 43.2500000000001], [140.574999999989, 43.2416666666667], [140.558333333322, 43.2416666666667], [140.558333333322, 43.2333333333334], [140.533333333322, 43.2333333333334], [140.533333333322, 43.2250000000001], [140.524999999989, 43.2250000000001], [140.524999999989, 43.2166666666667], [140.483333333322, 43.2166666666667], [140.483333333322, 43.2250000000001], [140.474999999989, 43.2250000000001], [140.474999999989, 43.2333333333334], [140.466666666655, 43.2333333333334], [140.466666666655, 43.2416666666667], [140.449999999989, 43.2416666666667], [140.449999999989, 43.2333333333334], [140.433333333322, 43.2333333333334], [140.433333333322, 43.2250000000001], [140.416666666656, 43.2250000000001], [140.416666666656, 43.2333333333334], [140.391666666656, 43.2333333333334], [140.391666666656, 43.2416666666667], [140.366666666656, 43.2416666666667], [140.366666666656, 43.2500000000001], [140.358333333322, 43.2500000000001]]]}}, {"type": "Feature", "properties": {"id": "紋別市", "name": "紋別市"}, "geometry": {"type": "Polygon", "coordinates": [[[143.133333333332, 44.0166666666667], [143.133333333332, 44.05], [143.124999999999, 44.05], [143.124999999999, 44.0583333333334], [143.133333333332, 44.0583333333334], [143.133333333332, 44.075], [143.141666666665, 44.075], [143.141666666665, 44.0833333333334], [143.149999999999, 44.0833333333334], [143.149999999999, 44.1083333333333], [143.141666666665, 44.1083333333333], [143.141666666665, 44.125], [143.133333333332, 44.125], [143.133333333332, 44.1416666666667], [143.149999999999, 44.1416666666667], [143.149999999999, 44.15], [143.158333333332, 44.15], [143.158333333332, 44.1583333333334], [143.166666666665, 44.1583333333334], [143.166666666665, 44.1833333333334], [143.174999999999, 44.1833333333334], [143.174999999999, 44.1916666666667], [143.191666666665, 44.1916666666667], [143.191666666665, 44.2], [143.199999999999, 44.2], [143.199999999999, 44.2083333333333], [143.191666666665, 44.2083333333333], [143.191666666665, 44.225], [143.183333333332, 44.225], [143.183333333332, 44.2333333333333], [143.149999999999, 44.2333333333333], [143.149999999999, 44.2416666666667], [143.141666666665, 44.2416666666667], [143.141666666665, 44.25], [143.133333333332, 44.25], [143.133333333332, 44.2583333333333], [143.116666666665, 44.2583333333333], [143.116666666665, 44.2666666666667], [143.108333333332, 44.2666666666667], [143.108333333332, 44.275], [143.099999999999, 44.275], [143.099999999999, 44.2916666666667], [143.116666666665, 44.2916666666667], [143.116666666665, 44.3083333333333], [143.124999999999, 44.3083333333333], [143.124999999999, 44.3166666666667], [143.149999999999, 44.3166666666667], [143.149999999999, 44.325], [143.158333333332, 44.325], [143.158333333332, 44.3333333333333], [143.208333333332, 44.3333333333333], [143.208333333332, 44.35], [143.241666666665, 44.35], [143.241666666665, 44.3583333333333], [143.249999999998, 44.3583333333333], [143.249999999998, 44.3666666666667], [143.258333333332, 44.3666666666667], [143.258333333332, 44.375], [143.266666666665, 44.375], [143.266666666665, 44.3833333333333], [143.274999999998, 44.3833333333333], [143.274999999998, 44.4], [143.291666666665, 44.4], [143.291666666665, 44.3916666666667], [143.308333333332, 44.3916666666667], [143.308333333332, 44.3833333333333], [143.333333333332, 44.3833333333333], [143.333333333332, 44.375], [143.358333333332, 44.375], [143.358333333332, 44.3666666666667], [143.366666666665, 44.3666666666667], [143.366666666665, 44.3416666666667], [143.374999999998, 44.3416666666667], [143.374999999998, 44.3333333333333], [143.383333333332, 44.3333333333333], [143.383333333332, 44.325], [143.399999999998, 44.325], [143.399999999998, 44.3166666666667], [143.416666666665, 44.3166666666667], [143.416666666665, 44.3083333333333], [143.433333333332, 44.3083333333333], [143.433333333332, 44.3], [143.449999999998, 44.3], [143.449999999998, 44.2916666666667], [143.474999999998, 44.2916666666667], [143.474999999998, 44.2833333333333], [143.483333333332, 44.2833333333333], [143.483333333332, 44.275], [143.516666666665, 44.275], [143.516666666665, 44.2666666666667], [143.533333333332, 44.2666666666667], [143.533333333332, 44.2583333333333], [143.558333333332, 44.2583333333333], [143.558333333332, 44.25], [143.541666666665, 44.25], [143.541666666665, 44.2416666666667], [143.524999999998, 44.2416666666667], [143.524999999998, 44.2333333333333], [143.516666666665, 44.2333333333333], [143.516666666665, 44.225], [143.508333333332, 44.225], [143.508333333332, 44.2166666666667], [143.499999999998, 44.2166666666667], [143.499999999998, 44.2083333333333], [143.491666666665, 44.2083333333333], [143.491666666665, 44.2], [143.483333333332, 44.2], [143.483333333332, 44.1916666666667], [143.474999999998, 44.1916666666667], [143.474999999998, 44.1833333333333], [143.458333333332, 44.1833333333333], [143.458333333332, 44.175], [143.441666666665, 44.175], [143.441666666665, 44.1666666666667], [143.433333333332, 44.1666666666667], [143.433333333332, 44.1583333333333], [143.424999999998, 44.1583333333333], [143.424999999998, 44.15], [143.416666666665, 44.15], [143.416666666665, 44.1416666666667], [143.408333333332, 44.1416666666667], [143.408333333332, 44.1333333333334], [143.416666666665, 44.1333333333334], [143.416666666665, 44.1], [143.408333333332, 44.1], [143.408333333332, 44.1083333333333], [143.374999999998, 44.1083333333333], [143.374999999998, 44.1], [143.366666666665, 44.1], [143.366666666665, 44.0916666666667], [143.358333333332, 44.0916666666667], [143.358333333332, 44.0833333333333], [143.349999999998, 44.0833333333333], [143.349999999998, 44.075], [143.341666666665, 44.075], [143.341666666665, 44.0666666666667], [143.333333333332, 44.0666666666667], [143.333333333332, 44.0583333333334], [143.324999999998, 44.0583333333334], [143.324999999998, 44.05], [143.308333333332, 44.05], [143.308333333332, 44.0416666666667], [143.299999999998, 44.0416666666667], [143.299999999998, 44.0333333333334], [143.266666666665, 44.0333333333334], [143.266666666665, 44.0416666666667], [143.249999999998, 44.0416666666667], [143.249999999998, 44.0333333333334], [143.224999999999, 44.0333333333334], [143.224999999999, 44.025], [143.216666666665, 44.025], [143.216666666665, 44.0166666666667], [143.174999999999, 44.0166666666667], [143.174999999999, 44.0], [143.166666666665, 44.0], [143.166666666665, 43.9916666666667], [143.149999999999, 43.9916666666667], [143.149999999999, 44.0], [143.124999999999, 44.0], [143.124999999999, 44.0166666666667], [143.133333333332, 44.0166666666667]], [[143.516666666665, 44.2666666666667], [143.499999999998, 44.2666666666667], [143.499999999998, 44.25], [143.516666666665, 44.25], [143.516666666665, 44.2666666666667]]]}}, {"type": "Feature", "properties": {"id": "網走市", "name": "網走市"}, "geometry": {"type": "Polygon", "coordinates": [[[144.033333333331, 43.9416666666667], [144.024999999998, 43.9416666666667], [144.024999999998, 43.9666666666667], [144.041666666664, 43.9666666666667], [144.041666666664, 43.9833333333334], [144.049999999998, 43.9833333333334], [144.049999999998, 44.0083333333334], [144.041666666664, 44.0083333333334], [144.041666666664, 44.0166666666667], [144.033333333331, 44.0166666666667], [144.033333333331, 44.025], [144.041666666664, 44.025], [144.041666666664, 44.0333333333334], [144.049999999998, 44.0333333333334], [144.049999999998, 44.0666666666667], [144.058333333331, 44.0666666666667], [144.058333333331, 44.075], [144.066666666664, 44.075], [144.066666666664, 44.0916666666667], [144.074999999998, 44.0916666666667], [144.074999999998, 44.1], [144.083333333331, 44.1], [144.083333333331, 44.1083333333334], [144.116666666664, 44.1083333333334], [144.116666666664, 44.1166666666667], [144.149999999998, 44.1166666666667], [144.149999999998, 44.1083333333334], [144.191666666664, 44.1083333333334], [144.191666666664, 44.1], [144.199999999998, 44.1], [144.199999999998, 44.1083333333334], [144.208333333331, 44.1083333333334], [144.208333333331, 44.1], [144.216666666664, 44.1], [144.216666666664, 44.1083333333334], [144.233333333331, 44.1083333333334], [144.233333333331, 44.1166666666667], [144.249999999998, 44.1166666666667], [144.249999999998, 44.1083333333334], [144.258333333331, 44.1083333333334], [144.258333333331, 44.0583333333334], [144.266666666664, 44.0583333333334], [144.266666666664, 44.0333333333334], [144.274999999998, 44.0333333333334], [144.274999999998, 44.025], [144.291666666664, 44.025], [144.291666666664, 44.0], [144.299999999998, 44.0], [144.299999999998, 43.9833333333334], [144.316666666664, 43.9833333333334], [144.316666666664, 43.975], [144.333333333331, 43.975], [144.333333333331, 43.9666666666667], [144.358333333331, 43.9666666666667], [144.358333333331, 43.95], [144.366666666664, 43.95], [144.366666666664, 43.9416666666667], [144.391666666664, 43.9416666666667], [144.391666666664, 43.9333333333334], [144.383333333331, 43.9333333333334], [144.383333333331, 43.925], [144.399999999997, 43.925], [144.399999999997, 43.9333333333334], [144.424999999997, 43.9333333333334], [144.424999999997, 43.925], [144.433333333331, 43.925], [144.433333333331, 43.9083333333334], [144.424999999997, 43.9083333333334], [144.424999999997, 43.875], [144.416666666664, 43.875], [144.416666666664, 43.8666666666667], [144.408333333331, 43.8666666666667], [144.408333333331, 43.8583333333334], [144.399999999997, 43.8583333333334], [144.399999999997, 43.85], [144.391666666664, 43.85], [144.391666666664, 43.8333333333334], [144.383333333331, 43.8333333333334], [144.383333333331, 43.8083333333334], [144.391666666664, 43.8083333333334], [144.391666666664, 43.7833333333334], [144.383333333331, 43.7833333333334], [144.383333333331, 43.8], [144.374999999997, 43.8], [144.374999999997, 43.8166666666667], [144.366666666664, 43.8166666666667], [144.366666666664, 43.8416666666667], [144.383333333331, 43.8416666666667], [144.383333333331, 43.85], [144.374999999997, 43.85], [144.374999999997, 43.875], [144.349999999997, 43.875], [144.349999999997, 43.8833333333334], [144.324999999998, 43.8833333333334], [144.324999999998, 43.8916666666667], [144.299999999998, 43.8916666666667], [144.299999999998, 43.875], [144.258333333331, 43.875], [144.258333333331, 43.8833333333334], [144.249999999998, 43.8833333333334], [144.249999999998, 43.9], [144.241666666664, 43.9], [144.241666666664, 43.9083333333334], [144.233333333331, 43.9083333333334], [144.233333333331, 43.925], [144.224999999998, 43.925], [144.224999999998, 43.9333333333334], [144.216666666664, 43.9333333333334], [144.216666666664, 43.9416666666667], [144.208333333331, 43.9416666666667], [144.208333333331, 43.9583333333334], [144.191666666664, 43.9583333333334], [144.191666666664, 43.9666666666667], [144.166666666664, 43.9666666666667], [144.166666666664, 43.9583333333334], [144.149999999998, 43.9583333333334], [144.149999999998, 43.95], [144.141666666664, 43.95], [144.141666666664, 43.9416666666667], [144.124999999998, 43.9416666666667], [144.124999999998, 43.9333333333334], [144.108333333331, 43.9333333333334], [144.108333333331, 43.9416666666667], [144.083333333331, 43.9416666666667], [144.083333333331, 43.9333333333334], [144.066666666664, 43.9333333333334], [144.066666666664, 43.9166666666667], [144.041666666664, 43.9166666666667], [144.041666666664, 43.925], [144.033333333331, 43.925], [144.033333333331, 43.9416666666667]], [[144.191666666664, 44.1], [144.166666666664, 44.1], [144.166666666664, 44.0916666666667], [144.124999999998, 44.0916666666667], [144.124999999998, 44.0833333333333], [144.116666666664, 44.0833333333333], [144.116666666664, 44.0666666666667], [144.108333333331, 44.0666666666667], [144.108333333331, 44.0333333333334], [144.099999999998, 44.0333333333334], [144.099999999998, 44.025], [144.116666666664, 44.025], [144.116666666664, 44.0166666666667], [144.158333333331, 44.0166666666667], [144.158333333331, 44.025], [144.174999999998, 44.025], [144.174999999998, 44.0416666666667], [144.183333333331, 44.0416666666667], [144.183333333331, 44.05], [144.191666666664, 44.05], [144.191666666664, 44.0666666666667], [144.199999999998, 44.0666666666667], [144.199999999998, 44.075], [144.191666666664, 44.075], [144.191666666664, 44.1]], [[144.349999999997, 43.95], [144.349999999997, 43.9416666666667], [144.358333333331, 43.9416666666667], [144.358333333331, 43.95], [144.349999999997, 43.95]]]}}, {"type": "Feature", "properties": {"id": "置戸町", "name": "置戸町"}, "geometry": {"type": "Polygon", "coordinates": [[[143.208333333332, 43.5833333333334], [143.183333333332, 43.5833333333334], [143.183333333332, 43.5916666666667], [143.174999999999, 43.5916666666667], [143.174999999999, 43.6000000000001], [143.183333333332, 43.6000000000001], [143.183333333332, 43.625], [143.199999999999, 43.625], [143.199999999999, 43.6333333333334], [143.224999999999, 43.6333333333334], [143.224999999999, 43.6416666666667], [143.258333333332, 43.6416666666667], [143.258333333332, 43.65], [143.316666666665, 43.65], [143.316666666665, 43.6416666666667], [143.366666666665, 43.6416666666667], [143.366666666665, 43.65], [143.383333333332, 43.65], [143.383333333332, 43.6583333333334], [143.399999999998, 43.6583333333334], [143.399999999998, 43.6666666666667], [143.424999999998, 43.6666666666667], [143.424999999998, 43.675], [143.433333333332, 43.675], [143.433333333332, 43.6916666666667], [143.449999999998, 43.6916666666667], [143.449999999998, 43.7], [143.508333333332, 43.7], [143.508333333332, 43.7083333333334], [143.524999999998, 43.7083333333334], [143.524999999998, 43.7333333333334], [143.533333333332, 43.7333333333334], [143.533333333332, 43.7416666666667], [143.558333333332, 43.7416666666667], [143.558333333332, 43.75], [143.574999999998, 43.75], [143.574999999998, 43.7583333333334], [143.633333333331, 43.7583333333334], [143.633333333331, 43.7666666666667], [143.649999999998, 43.7666666666667], [143.649999999998, 43.775], [143.658333333331, 43.775], [143.658333333331, 43.7416666666667], [143.666666666665, 43.7416666666667], [143.666666666665, 43.725], [143.674999999998, 43.725], [143.674999999998, 43.7083333333334], [143.666666666665, 43.7083333333334], [143.666666666665, 43.6916666666667], [143.674999999998, 43.6916666666667], [143.674999999998, 43.6666666666667], [143.658333333331, 43.6666666666667], [143.658333333331, 43.6583333333334], [143.633333333331, 43.6583333333334], [143.633333333331, 43.65], [143.624999999998, 43.65], [143.624999999998, 43.625], [143.633333333331, 43.625], [143.633333333331, 43.6166666666667], [143.616666666665, 43.6166666666667], [143.616666666665, 43.6083333333334], [143.608333333332, 43.6083333333334], [143.608333333332, 43.6], [143.566666666665, 43.6], [143.566666666665, 43.5916666666667], [143.558333333332, 43.5916666666667], [143.558333333332, 43.6], [143.541666666665, 43.6], [143.541666666665, 43.5916666666667], [143.533333333332, 43.5916666666667], [143.533333333332, 43.575], [143.524999999998, 43.575], [143.524999999998, 43.5583333333334], [143.516666666665, 43.5583333333334], [143.516666666665, 43.55], [143.499999999998, 43.55], [143.499999999998, 43.5416666666667], [143.483333333332, 43.5416666666667], [143.483333333332, 43.5333333333334], [143.474999999998, 43.5333333333334], [143.474999999998, 43.525], [143.466666666665, 43.525], [143.466666666665, 43.5083333333334], [143.449999999998, 43.5083333333334], [143.449999999998, 43.5166666666667], [143.433333333332, 43.5166666666667], [143.433333333332, 43.525], [143.424999999998, 43.525], [143.424999999998, 43.5333333333334], [143.408333333332, 43.5333333333334], [143.408333333332, 43.5416666666667], [143.399999999998, 43.5416666666667], [143.399999999998, 43.55], [143.274999999998, 43.55], [143.274999999998, 43.5583333333334], [143.241666666665, 43.5583333333334], [143.241666666665, 43.55], [143.224999999999, 43.55], [143.224999999999, 43.575], [143.208333333332, 43.575], [143.208333333332, 43.5833333333334]]]}}, {"type": "Feature", "properties": {"id": "羅臼町", "name": "羅臼町"}, "geometry": {"type": "Polygon", "coordinates": [[[144.999999999997, 43.8833333333334], [144.999999999997, 43.8916666666667], [144.966666666664, 43.8916666666667], [144.966666666664, 43.9], [144.924999999997, 43.9], [144.924999999997, 43.8916666666667], [144.90833333333, 43.8916666666667], [144.90833333333, 43.8833333333334], [144.899999999997, 43.8833333333334], [144.899999999997, 43.9], [144.90833333333, 43.9], [144.90833333333, 43.9083333333334], [144.916666666664, 43.9083333333334], [144.916666666664, 43.9166666666667], [144.95833333333, 43.9166666666667], [144.95833333333, 43.925], [144.974999999997, 43.925], [144.974999999997, 43.9333333333334], [144.98333333333, 43.9333333333334], [144.98333333333, 43.9416666666667], [144.999999999997, 43.9416666666667], [144.999999999997, 43.975], [145.00833333333, 43.975], [145.00833333333, 43.9916666666667], [145.016666666664, 43.9916666666667], [145.016666666664, 44.0], [145.024999999997, 44.0], [145.024999999997, 44.0083333333334], [145.049999999997, 44.0083333333334], [145.049999999997, 44.025], [145.05833333333, 44.025], [145.05833333333, 44.0416666666667], [145.091666666663, 44.0416666666667], [145.091666666663, 44.05], [145.10833333333, 44.05], [145.10833333333, 44.0583333333334], [145.116666666663, 44.0583333333334], [145.116666666663, 44.075], [145.124999999997, 44.075], [145.124999999997, 44.0833333333334], [145.13333333333, 44.0833333333334], [145.13333333333, 44.0916666666667], [145.141666666663, 44.0916666666667], [145.141666666663, 44.1083333333334], [145.15833333333, 44.1083333333334], [145.15833333333, 44.1166666666667], [145.166666666663, 44.1166666666667], [145.166666666663, 44.125], [145.174999999997, 44.125], [145.174999999997, 44.1333333333334], [145.18333333333, 44.1333333333334], [145.18333333333, 44.1416666666667], [145.216666666663, 44.1416666666667], [145.216666666663, 44.15], [145.224999999997, 44.15], [145.224999999997, 44.1583333333334], [145.241666666663, 44.1583333333334], [145.241666666663, 44.1666666666667], [145.274999999997, 44.1666666666667], [145.274999999997, 44.1833333333334], [145.28333333333, 44.1833333333334], [145.28333333333, 44.2083333333333], [145.274999999997, 44.2083333333333], [145.274999999997, 44.225], [145.28333333333, 44.225], [145.28333333333, 44.2333333333333], [145.291666666663, 44.2333333333333], [145.291666666663, 44.2416666666667], [145.299999999997, 44.2416666666667], [145.299999999997, 44.25], [145.30833333333, 44.25], [145.30833333333, 44.2583333333333], [145.316666666663, 44.2583333333333], [145.316666666663, 44.2916666666667], [145.324999999997, 44.2916666666667], [145.324999999997, 44.3333333333333], [145.33333333333, 44.3333333333333], [145.33333333333, 44.3416666666667], [145.341666666663, 44.3416666666667], [145.341666666663, 44.325], [145.349999999997, 44.325], [145.349999999997, 44.2916666666667], [145.35833333333, 44.2916666666667], [145.35833333333, 44.275], [145.366666666663, 44.275], [145.366666666663, 44.25], [145.349999999997, 44.25], [145.349999999997, 44.225], [145.341666666663, 44.225], [145.341666666663, 44.2], [145.33333333333, 44.2], [145.33333333333, 44.1833333333333], [145.324999999997, 44.1833333333333], [145.324999999997, 44.175], [145.316666666663, 44.175], [145.316666666663, 44.1666666666667], [145.30833333333, 44.1666666666667], [145.30833333333, 44.1583333333333], [145.299999999997, 44.1583333333333], [145.299999999997, 44.15], [145.28333333333, 44.15], [145.28333333333, 44.1416666666667], [145.274999999997, 44.1416666666667], [145.274999999997, 44.1333333333333], [145.266666666663, 44.1333333333333], [145.266666666663, 44.125], [145.25833333333, 44.125], [145.25833333333, 44.1083333333333], [145.249999999997, 44.1083333333333], [145.249999999997, 44.0916666666667], [145.241666666663, 44.0916666666667], [145.241666666663, 44.0833333333334], [145.249999999997, 44.0833333333334], [145.249999999997, 44.0583333333334], [145.241666666663, 44.0583333333334], [145.241666666663, 44.05], [145.23333333333, 44.05], [145.23333333333, 44.0416666666667], [145.224999999997, 44.0416666666667], [145.224999999997, 44.0333333333334], [145.216666666663, 44.0333333333334], [145.216666666663, 44.025], [145.20833333333, 44.025], [145.20833333333, 44.0166666666667], [145.199999999997, 44.0166666666667], [145.199999999997, 44.0083333333334], [145.18333333333, 44.0083333333334], [145.18333333333, 43.9916666666667], [145.174999999997, 43.9916666666667], [145.174999999997, 43.9833333333334], [145.15833333333, 43.9833333333334], [145.15833333333, 43.9666666666667], [145.141666666663, 43.9666666666667], [145.141666666663, 43.95], [145.13333333333, 43.95], [145.13333333333, 43.9333333333334], [145.124999999997, 43.9333333333334], [145.124999999997, 43.925], [145.116666666663, 43.925], [145.116666666663, 43.9083333333334], [145.10833333333, 43.9083333333334], [145.10833333333, 43.9], [145.099999999997, 43.9], [145.099999999997, 43.8583333333334], [145.05833333333, 43.8583333333334], [145.05833333333, 43.8666666666667], [145.024999999997, 43.8666666666667], [145.024999999997, 43.875], [145.00833333333, 43.875], [145.00833333333, 43.8833333333334], [144.999999999997, 43.8833333333334]]]}}, {"type": "Feature", "properties": {"id": "美唄市", "name": "美唄市"}, "geometry": {"type": "Polygon", "coordinates": [[[141.758333333321, 43.3083333333334], [141.741666666654, 43.3083333333334], [141.741666666654, 43.3166666666667], [141.724999999988, 43.3166666666667], [141.724999999988, 43.3250000000001], [141.699999999988, 43.3250000000001], [141.699999999988, 43.3416666666667], [141.708333333321, 43.3416666666667], [141.708333333321, 43.3500000000001], [141.741666666654, 43.3500000000001], [141.741666666654, 43.3583333333334], [141.749999999988, 43.3583333333334], [141.749999999988, 43.3500000000001], [141.758333333321, 43.3500000000001], [141.758333333321, 43.3583333333334], [141.766666666654, 43.3583333333334], [141.766666666654, 43.3750000000001], [141.799999999988, 43.3750000000001], [141.799999999988, 43.3833333333334], [141.816666666654, 43.3833333333334], [141.816666666654, 43.3916666666667], [141.824999999988, 43.3916666666667], [141.824999999988, 43.4000000000001], [141.883333333321, 43.4000000000001], [141.883333333321, 43.3916666666667], [141.924999999987, 43.3916666666667], [141.924999999987, 43.3833333333334], [141.933333333321, 43.3833333333334], [141.933333333321, 43.3750000000001], [141.974999999987, 43.3750000000001], [141.974999999987, 43.3833333333334], [141.983333333321, 43.3833333333334], [141.983333333321, 43.3916666666667], [141.991666666654, 43.3916666666667], [141.991666666654, 43.4000000000001], [142.008333333321, 43.4000000000001], [142.008333333321, 43.4083333333334], [142.016666666654, 43.4083333333334], [142.016666666654, 43.4166666666667], [142.041666666654, 43.4166666666667], [142.041666666654, 43.4083333333334], [142.049999999987, 43.4083333333334], [142.049999999987, 43.3833333333334], [142.058333333321, 43.3833333333334], [142.058333333321, 43.3500000000001], [142.041666666654, 43.3500000000001], [142.041666666654, 43.3583333333334], [142.016666666654, 43.3583333333334], [142.016666666654, 43.3416666666667], [142.008333333321, 43.3416666666667], [142.008333333321, 43.3166666666667], [141.999999999987, 43.3166666666667], [141.999999999987, 43.3083333333334], [141.974999999987, 43.3083333333334], [141.974999999987, 43.3000000000001], [141.949999999987, 43.3000000000001], [141.949999999987, 43.2916666666667], [141.899999999988, 43.2916666666667], [141.899999999988, 43.2833333333334], [141.883333333321, 43.2833333333334], [141.883333333321, 43.2750000000001], [141.874999999988, 43.2750000000001], [141.874999999988, 43.2666666666667], [141.866666666654, 43.2666666666667], [141.866666666654, 43.2583333333334], [141.833333333321, 43.2583333333334], [141.833333333321, 43.2500000000001], [141.808333333321, 43.2500000000001], [141.808333333321, 43.2583333333334], [141.799999999988, 43.2583333333334], [141.799999999988, 43.2750000000001], [141.791666666654, 43.2750000000001], [141.791666666654, 43.2833333333334], [141.783333333321, 43.2833333333334], [141.783333333321, 43.2916666666667], [141.766666666654, 43.2916666666667], [141.766666666654, 43.3000000000001], [141.758333333321, 43.3000000000001], [141.758333333321, 43.3083333333334]]]}}, {"type": "Feature", "properties": {"id": "美幌町", "name": "美幌町"}, "geometry": {"type": "Polygon", "coordinates": [[[143.916666666665, 43.75], [143.933333333331, 43.75], [143.933333333331, 43.7583333333334], [143.941666666665, 43.7583333333334], [143.941666666665, 43.775], [143.958333333331, 43.775], [143.958333333331, 43.7666666666667], [143.974999999998, 43.7666666666667], [143.974999999998, 43.7833333333334], [143.983333333331, 43.7833333333334], [143.983333333331, 43.8], [143.991666666664, 43.8], [143.991666666664, 43.8166666666667], [143.999999999998, 43.8166666666667], [143.999999999998, 43.825], [144.008333333331, 43.825], [144.008333333331, 43.85], [144.016666666664, 43.85], [144.016666666664, 43.8583333333334], [144.024999999998, 43.8583333333334], [144.024999999998, 43.8666666666667], [144.033333333331, 43.8666666666667], [144.033333333331, 43.875], [144.058333333331, 43.875], [144.058333333331, 43.8916666666667], [144.074999999998, 43.8916666666667], [144.074999999998, 43.8833333333334], [144.083333333331, 43.8833333333334], [144.083333333331, 43.875], [144.091666666664, 43.875], [144.091666666664, 43.8583333333334], [144.116666666664, 43.8583333333334], [144.116666666664, 43.8666666666667], [144.124999999998, 43.8666666666667], [144.124999999998, 43.875], [144.141666666664, 43.875], [144.141666666664, 43.8666666666667], [144.166666666664, 43.8666666666667], [144.166666666664, 43.8583333333334], [144.191666666664, 43.8583333333334], [144.191666666664, 43.85], [144.183333333331, 43.85], [144.183333333331, 43.8416666666667], [144.191666666664, 43.8416666666667], [144.191666666664, 43.8333333333334], [144.199999999998, 43.8333333333334], [144.199999999998, 43.825], [144.216666666664, 43.825], [144.216666666664, 43.8], [144.233333333331, 43.8], [144.233333333331, 43.7833333333334], [144.241666666664, 43.7833333333334], [144.241666666664, 43.775], [144.249999999998, 43.775], [144.249999999998, 43.7333333333334], [144.258333333331, 43.7333333333334], [144.258333333331, 43.7166666666667], [144.266666666664, 43.7166666666667], [144.266666666664, 43.7083333333334], [144.324999999998, 43.7083333333334], [144.324999999998, 43.7], [144.308333333331, 43.7], [144.308333333331, 43.6916666666667], [144.291666666664, 43.6916666666667], [144.291666666664, 43.6833333333334], [144.274999999998, 43.6833333333334], [144.274999999998, 43.6666666666667], [144.266666666664, 43.6666666666667], [144.266666666664, 43.6583333333334], [144.258333333331, 43.6583333333334], [144.258333333331, 43.65], [144.249999999998, 43.65], [144.249999999998, 43.6416666666667], [144.241666666664, 43.6416666666667], [144.241666666664, 43.6333333333334], [144.224999999998, 43.6333333333334], [144.224999999998, 43.6083333333334], [144.216666666664, 43.6083333333334], [144.216666666664, 43.6], [144.199999999998, 43.6], [144.199999999998, 43.6083333333334], [144.183333333331, 43.6083333333334], [144.183333333331, 43.6166666666667], [144.174999999998, 43.6166666666667], [144.174999999998, 43.625], [144.141666666664, 43.625], [144.141666666664, 43.6333333333334], [144.133333333331, 43.6333333333334], [144.133333333331, 43.6416666666667], [144.124999999998, 43.6416666666667], [144.124999999998, 43.6916666666667], [144.116666666664, 43.6916666666667], [144.116666666664, 43.7083333333334], [144.108333333331, 43.7083333333334], [144.108333333331, 43.7166666666667], [144.099999999998, 43.7166666666667], [144.099999999998, 43.7333333333334], [144.091666666664, 43.7333333333334], [144.091666666664, 43.75], [144.083333333331, 43.75], [144.083333333331, 43.7583333333334], [144.066666666664, 43.7583333333334], [144.066666666664, 43.7666666666667], [144.049999999998, 43.7666666666667], [144.049999999998, 43.7583333333334], [144.041666666664, 43.7583333333334], [144.041666666664, 43.75], [144.033333333331, 43.75], [144.033333333331, 43.7416666666667], [144.024999999998, 43.7416666666667], [144.024999999998, 43.7333333333334], [143.991666666664, 43.7333333333334], [143.991666666664, 43.725], [143.974999999998, 43.725], [143.974999999998, 43.7333333333334], [143.966666666665, 43.7333333333334], [143.966666666665, 43.725], [143.933333333331, 43.725], [143.933333333331, 43.7333333333334], [143.916666666665, 43.7333333333334], [143.916666666665, 43.75]]]}}, {"type": "Feature", "properties": {"id": "美深町", "name": "美深町"}, "geometry": {"type": "Polygon", "coordinates": [[[142.199999999987, 44.45], [142.199999999987, 44.4583333333333], [142.191666666654, 44.4583333333333], [142.191666666654, 44.4666666666667], [142.199999999987, 44.4666666666667], [142.199999999987, 44.475], [142.208333333321, 44.475], [142.208333333321, 44.5], [142.224999999987, 44.5], [142.224999999987, 44.5166666666667], [142.216666666654, 44.5166666666667], [142.216666666654, 44.5333333333333], [142.208333333321, 44.5333333333333], [142.208333333321, 44.5416666666667], [142.199999999987, 44.5416666666667], [142.199999999987, 44.55], [142.208333333321, 44.55], [142.208333333321, 44.5666666666667], [142.191666666654, 44.5666666666667], [142.191666666654, 44.575], [142.183333333321, 44.575], [142.183333333321, 44.6], [142.199999999987, 44.6], [142.199999999987, 44.6083333333333], [142.208333333321, 44.6083333333333], [142.208333333321, 44.6166666666667], [142.216666666654, 44.6166666666667], [142.216666666654, 44.625], [142.224999999987, 44.625], [142.224999999987, 44.6333333333333], [142.258333333321, 44.6333333333333], [142.258333333321, 44.6416666666667], [142.266666666654, 44.6416666666667], [142.266666666654, 44.65], [142.28333333332, 44.65], [142.28333333332, 44.6583333333333], [142.341666666654, 44.6583333333333], [142.341666666654, 44.6666666666667], [142.38333333332, 44.6666666666667], [142.38333333332, 44.6583333333333], [142.399999999987, 44.6583333333333], [142.399999999987, 44.6666666666667], [142.40833333332, 44.6666666666667], [142.40833333332, 44.6416666666667], [142.416666666654, 44.6416666666667], [142.416666666654, 44.6333333333333], [142.424999999987, 44.6333333333333], [142.424999999987, 44.625], [142.43333333332, 44.625], [142.43333333332, 44.6166666666667], [142.474999999987, 44.6166666666667], [142.474999999987, 44.5916666666667], [142.491666666654, 44.5916666666667], [142.491666666654, 44.5833333333333], [142.50833333332, 44.5833333333333], [142.50833333332, 44.5916666666667], [142.516666666654, 44.5916666666667], [142.516666666654, 44.6], [142.524999999987, 44.6], [142.524999999987, 44.6083333333333], [142.53333333332, 44.6083333333333], [142.53333333332, 44.6166666666667], [142.55833333332, 44.6166666666667], [142.55833333332, 44.6083333333333], [142.566666666654, 44.6083333333333], [142.566666666654, 44.6], [142.591666666654, 44.6], [142.591666666654, 44.5916666666667], [142.599999999987, 44.5916666666667], [142.599999999987, 44.6], [142.616666666654, 44.6], [142.616666666654, 44.5916666666667], [142.63333333332, 44.5916666666667], [142.63333333332, 44.6], [142.641666666653, 44.6], [142.641666666653, 44.5916666666667], [142.649999999987, 44.5916666666667], [142.649999999987, 44.5583333333333], [142.641666666653, 44.5583333333333], [142.641666666653, 44.55], [142.63333333332, 44.55], [142.63333333332, 44.5416666666667], [142.641666666653, 44.5416666666667], [142.641666666653, 44.525], [142.624999999987, 44.525], [142.624999999987, 44.5166666666667], [142.616666666654, 44.5166666666667], [142.616666666654, 44.4916666666667], [142.599999999987, 44.4916666666667], [142.599999999987, 44.4583333333333], [142.591666666654, 44.4583333333333], [142.591666666654, 44.45], [142.53333333332, 44.45], [142.53333333332, 44.4416666666667], [142.516666666654, 44.4416666666667], [142.516666666654, 44.45], [142.491666666654, 44.45], [142.491666666654, 44.4583333333333], [142.48333333332, 44.4583333333333], [142.48333333332, 44.4666666666667], [142.474999999987, 44.4666666666667], [142.474999999987, 44.475], [142.43333333332, 44.475], [142.43333333332, 44.4666666666667], [142.424999999987, 44.4666666666667], [142.424999999987, 44.475], [142.416666666654, 44.475], [142.416666666654, 44.4833333333333], [142.399999999987, 44.4833333333333], [142.399999999987, 44.475], [142.391666666654, 44.475], [142.391666666654, 44.4666666666667], [142.374999999987, 44.4666666666667], [142.374999999987, 44.4583333333333], [142.33333333332, 44.4583333333333], [142.33333333332, 44.45], [142.324999999987, 44.45], [142.324999999987, 44.4416666666667], [142.30833333332, 44.4416666666667], [142.30833333332, 44.4166666666667], [142.316666666654, 44.4166666666667], [142.316666666654, 44.4], [142.291666666654, 44.4], [142.291666666654, 44.3916666666667], [142.28333333332, 44.3916666666667], [142.28333333332, 44.4], [142.266666666654, 44.4], [142.266666666654, 44.4083333333333], [142.249999999987, 44.4083333333333], [142.249999999987, 44.4166666666667], [142.241666666654, 44.4166666666667], [142.241666666654, 44.425], [142.233333333321, 44.425], [142.233333333321, 44.4333333333333], [142.224999999987, 44.4333333333333], [142.224999999987, 44.4416666666667], [142.216666666654, 44.4416666666667], [142.216666666654, 44.45], [142.199999999987, 44.45]]]}}, {"type": "Feature", "properties": {"id": "美瑛町", "name": "美瑛町"}, "geometry": {"type": "Polygon", "coordinates": [[[142.366666666654, 43.4916666666667], [142.35833333332, 43.4916666666667], [142.35833333332, 43.5], [142.349999999987, 43.5], [142.349999999987, 43.5083333333334], [142.33333333332, 43.5083333333334], [142.33333333332, 43.525], [142.324999999987, 43.525], [142.324999999987, 43.5833333333334], [142.341666666654, 43.5833333333334], [142.341666666654, 43.6000000000001], [142.349999999987, 43.6000000000001], [142.349999999987, 43.6166666666667], [142.38333333332, 43.6166666666667], [142.38333333332, 43.625], [142.391666666654, 43.625], [142.391666666654, 43.6416666666667], [142.399999999987, 43.6416666666667], [142.399999999987, 43.65], [142.391666666654, 43.65], [142.391666666654, 43.6583333333334], [142.399999999987, 43.6583333333334], [142.399999999987, 43.6666666666667], [142.424999999987, 43.6666666666667], [142.424999999987, 43.6583333333334], [142.441666666654, 43.6583333333334], [142.441666666654, 43.65], [142.449999999987, 43.65], [142.449999999987, 43.6333333333334], [142.45833333332, 43.6333333333334], [142.45833333332, 43.625], [142.541666666654, 43.625], [142.541666666654, 43.6333333333334], [142.591666666654, 43.6333333333334], [142.591666666654, 43.625], [142.68333333332, 43.625], [142.68333333332, 43.6333333333334], [142.699999999987, 43.6333333333334], [142.699999999987, 43.625], [142.749999999987, 43.625], [142.749999999987, 43.6166666666667], [142.78333333332, 43.6166666666667], [142.78333333332, 43.625], [142.83333333332, 43.625], [142.83333333332, 43.6166666666667], [142.841666666653, 43.6166666666667], [142.841666666653, 43.625], [142.866666666653, 43.625], [142.866666666653, 43.6333333333334], [142.874999999987, 43.6333333333334], [142.874999999987, 43.6416666666667], [142.88333333332, 43.6416666666667], [142.88333333332, 43.65], [142.891666666653, 43.65], [142.891666666653, 43.6583333333334], [142.899999999987, 43.6583333333334], [142.899999999987, 43.6666666666667], [142.90833333332, 43.6666666666667], [142.90833333332, 43.6333333333334], [142.899999999987, 43.6333333333334], [142.899999999987, 43.5916666666667], [142.891666666653, 43.5916666666667], [142.891666666653, 43.5666666666667], [142.85833333332, 43.5666666666667], [142.85833333332, 43.55], [142.849999999987, 43.55], [142.849999999987, 43.525], [142.816666666653, 43.525], [142.816666666653, 43.5166666666667], [142.80833333332, 43.5166666666667], [142.80833333332, 43.5083333333334], [142.799999999987, 43.5083333333334], [142.799999999987, 43.5], [142.78333333332, 43.5], [142.78333333332, 43.4916666666667], [142.774999999987, 43.4916666666667], [142.774999999987, 43.4833333333334], [142.75833333332, 43.4833333333334], [142.75833333332, 43.4750000000001], [142.749999999987, 43.4750000000001], [142.749999999987, 43.4666666666667], [142.73333333332, 43.4666666666667], [142.73333333332, 43.4583333333334], [142.724999999987, 43.4583333333334], [142.724999999987, 43.4500000000001], [142.716666666653, 43.4500000000001], [142.716666666653, 43.4416666666667], [142.70833333332, 43.4416666666667], [142.70833333332, 43.4250000000001], [142.691666666653, 43.4250000000001], [142.691666666653, 43.4166666666667], [142.674999999987, 43.4166666666667], [142.674999999987, 43.4333333333334], [142.649999999987, 43.4333333333334], [142.649999999987, 43.4500000000001], [142.641666666653, 43.4500000000001], [142.641666666653, 43.4583333333334], [142.624999999987, 43.4583333333334], [142.624999999987, 43.4666666666667], [142.60833333332, 43.4666666666667], [142.60833333332, 43.4750000000001], [142.599999999987, 43.4750000000001], [142.599999999987, 43.4833333333334], [142.591666666654, 43.4833333333334], [142.591666666654, 43.5083333333334], [142.574999999987, 43.5083333333334], [142.574999999987, 43.5166666666667], [142.566666666654, 43.5166666666667], [142.566666666654, 43.5083333333334], [142.50833333332, 43.5083333333334], [142.50833333332, 43.5], [142.491666666654, 43.5], [142.491666666654, 43.5083333333334], [142.466666666654, 43.5083333333334], [142.466666666654, 43.525], [142.449999999987, 43.525], [142.449999999987, 43.5333333333334], [142.441666666654, 43.5333333333334], [142.441666666654, 43.55], [142.43333333332, 43.55], [142.43333333332, 43.5416666666667], [142.424999999987, 43.5416666666667], [142.424999999987, 43.5333333333334], [142.416666666654, 43.5333333333334], [142.416666666654, 43.5416666666667], [142.40833333332, 43.5416666666667], [142.40833333332, 43.5333333333334], [142.399999999987, 43.5333333333334], [142.399999999987, 43.4750000000001], [142.38333333332, 43.4750000000001], [142.38333333332, 43.4666666666667], [142.35833333332, 43.4666666666667], [142.35833333332, 43.4833333333334], [142.366666666654, 43.4833333333334], [142.366666666654, 43.4916666666667]], [[142.816666666653, 43.5250000000001], [142.816666666653, 43.5333333333334], [142.80833333332, 43.5333333333334], [142.80833333332, 43.5250000000001], [142.816666666653, 43.5250000000001]]]}}, {"type": "Feature", "properties": {"id": "羽幌町", "name": "羽幌町"}, "geometry": {"type": "MultiPolygon", "coordinates": [[[[141.716666666654, 44.3333333333333], [141.708333333321, 44.3333333333333], [141.708333333321, 44.3416666666667], [141.691666666654, 44.3416666666667], [141.691666666654, 44.35], [141.683333333321, 44.35], [141.683333333321, 44.3666666666667], [141.691666666654, 44.3666666666667], [141.691666666654, 44.375], [141.699999999988, 44.375], [141.699999999988, 44.3916666666667], [141.708333333321, 44.3916666666667], [141.708333333321, 44.4], [141.716666666654, 44.4], [141.716666666654, 44.4083333333333], [141.724999999988, 44.4083333333333], [141.724999999988, 44.4166666666667], [141.733333333321, 44.4166666666667], [141.733333333321, 44.425], [141.741666666654, 44.425], [141.741666666654, 44.4333333333333], [141.758333333321, 44.4333333333333], [141.758333333321, 44.425], [141.774999999988, 44.425], [141.774999999988, 44.4166666666667], [141.783333333321, 44.4166666666667], [141.783333333321, 44.4], [141.808333333321, 44.4], [141.808333333321, 44.3916666666667], [141.874999999988, 44.3916666666667], [141.874999999988, 44.4083333333333], [141.883333333321, 44.4083333333333], [141.883333333321, 44.4333333333333], [141.908333333321, 44.4333333333333], [141.908333333321, 44.4416666666667], [141.933333333321, 44.4416666666667], [141.933333333321, 44.45], [141.966666666654, 44.45], [141.966666666654, 44.4416666666667], [141.974999999987, 44.4416666666667], [141.974999999987, 44.425], [141.991666666654, 44.425], [141.991666666654, 44.4166666666667], [141.999999999987, 44.4166666666667], [141.999999999987, 44.3916666666667], [142.008333333321, 44.3916666666667], [142.008333333321, 44.3666666666667], [142.016666666654, 44.3666666666667], [142.016666666654, 44.3583333333333], [142.033333333321, 44.3583333333333], [142.033333333321, 44.35], [142.041666666654, 44.35], [142.041666666654, 44.3416666666667], [142.058333333321, 44.3416666666667], [142.058333333321, 44.2916666666667], [142.041666666654, 44.2916666666667], [142.041666666654, 44.2833333333333], [142.033333333321, 44.2833333333333], [142.033333333321, 44.2583333333333], [142.058333333321, 44.2583333333333], [142.058333333321, 44.25], [142.066666666654, 44.25], [142.066666666654, 44.2333333333333], [142.049999999987, 44.2333333333333], [142.049999999987, 44.225], [142.041666666654, 44.225], [142.041666666654, 44.2333333333333], [142.024999999987, 44.2333333333333], [142.024999999987, 44.2166666666667], [141.999999999987, 44.2166666666667], [141.999999999987, 44.2083333333333], [141.983333333321, 44.2083333333333], [141.983333333321, 44.2166666666667], [141.974999999987, 44.2166666666667], [141.974999999987, 44.225], [141.941666666654, 44.225], [141.941666666654, 44.2333333333333], [141.933333333321, 44.2333333333333], [141.933333333321, 44.2416666666667], [141.924999999987, 44.2416666666667], [141.924999999987, 44.25], [141.908333333321, 44.25], [141.908333333321, 44.2583333333333], [141.874999999988, 44.2583333333333], [141.874999999988, 44.2666666666667], [141.841666666654, 44.2666666666667], [141.841666666654, 44.275], [141.833333333321, 44.275], [141.833333333321, 44.2666666666667], [141.824999999988, 44.2666666666667], [141.824999999988, 44.275], [141.783333333321, 44.275], [141.783333333321, 44.2833333333333], [141.766666666654, 44.2833333333333], [141.766666666654, 44.3], [141.741666666654, 44.3], [141.741666666654, 44.3083333333333], [141.724999999988, 44.3083333333333], [141.724999999988, 44.325], [141.716666666654, 44.325], [141.716666666654, 44.3333333333333]]], [[[141.316666666655, 44.4333333333333], [141.316666666655, 44.4416666666667], [141.333333333321, 44.4416666666667], [141.333333333321, 44.4333333333333], [141.341666666655, 44.4333333333333], [141.341666666655, 44.425], [141.333333333321, 44.425], [141.333333333321, 44.4166666666667], [141.299999999988, 44.4166666666667], [141.299999999988, 44.4083333333333], [141.291666666655, 44.4083333333333], [141.291666666655, 44.425], [141.308333333321, 44.425], [141.308333333321, 44.4333333333333], [141.316666666655, 44.4333333333333]]], [[[141.408333333321, 44.4333333333333], [141.391666666655, 44.4333333333333], [141.391666666655, 44.425], [141.383333333321, 44.425], [141.383333333321, 44.4416666666667], [141.408333333321, 44.4416666666667], [141.408333333321, 44.45], [141.433333333321, 44.45], [141.433333333321, 44.425], [141.408333333321, 44.425], [141.408333333321, 44.4333333333333]]]]}}, {"type": "Feature", "properties": {"id": "興部町", "name": "興部町"}, "geometry": {"type": "MultiPolygon", "coordinates": [[[[142.916666666653, 44.4], [142.88333333332, 44.4], [142.88333333332, 44.4166666666667], [142.874999999987, 44.4166666666667], [142.874999999987, 44.425], [142.85833333332, 44.425], [142.85833333332, 44.4416666666667], [142.891666666653, 44.4416666666667], [142.891666666653, 44.45], [142.899999999987, 44.45], [142.899999999987, 44.4583333333333], [142.90833333332, 44.4583333333333], [142.90833333332, 44.4666666666667], [142.916666666653, 44.4666666666667], [142.916666666653, 44.4583333333333], [142.924999999987, 44.4583333333333], [142.924999999987, 44.45], [142.95833333332, 44.45], [142.95833333332, 44.4416666666667], [142.974999999987, 44.4416666666667], [142.974999999987, 44.3916666666667], [142.941666666653, 44.3916666666667], [142.941666666653, 44.3833333333333], [142.93333333332, 44.3833333333333], [142.93333333332, 44.3916666666667], [142.916666666653, 44.3916666666667], [142.916666666653, 44.4]]], [[[143.033333333332, 44.3416666666667], [143.033333333332, 44.375], [143.024999999999, 44.375], [143.024999999999, 44.3833333333333], [143.016666666665, 44.3833333333333], [143.016666666665, 44.3916666666667], [143.008333333332, 44.3916666666667], [143.008333333332, 44.4], [142.999999999999, 44.4], [142.999999999999, 44.3916666666667], [142.974999999999, 44.3916666666667], [142.974999999999, 44.4416666666667], [142.999999999999, 44.4416666666667], [142.999999999999, 44.45], [143.008333333332, 44.45], [143.008333333332, 44.4583333333333], [143.033333333332, 44.4583333333333], [143.033333333332, 44.45], [143.049999999999, 44.45], [143.049999999999, 44.4583333333333], [143.058333333332, 44.4583333333333], [143.058333333332, 44.4666666666667], [143.074999999999, 44.4666666666667], [143.074999999999, 44.475], [143.091666666665, 44.475], [143.091666666665, 44.4916666666667], [143.099999999999, 44.4916666666667], [143.099999999999, 44.5], [143.116666666665, 44.5], [143.116666666665, 44.4916666666667], [143.124999999999, 44.4916666666667], [143.124999999999, 44.4833333333333], [143.149999999999, 44.4833333333333], [143.149999999999, 44.475], [143.158333333332, 44.475], [143.158333333332, 44.4666666666667], [143.174999999999, 44.4666666666667], [143.174999999999, 44.4583333333333], [143.191666666665, 44.4583333333333], [143.191666666665, 44.45], [143.208333333332, 44.45], [143.208333333332, 44.4416666666667], [143.233333333332, 44.4416666666667], [143.233333333332, 44.425], [143.241666666665, 44.425], [143.241666666665, 44.4166666666667], [143.258333333332, 44.4166666666667], [143.258333333332, 44.4083333333333], [143.274999999998, 44.4083333333333], [143.274999999998, 44.3833333333333], [143.266666666665, 44.3833333333333], [143.266666666665, 44.375], [143.258333333332, 44.375], [143.258333333332, 44.3666666666667], [143.249999999998, 44.3666666666667], [143.249999999998, 44.3583333333333], [143.241666666665, 44.3583333333333], [143.241666666665, 44.35], [143.208333333332, 44.35], [143.208333333332, 44.3333333333333], [143.158333333332, 44.3333333333333], [143.158333333332, 44.325], [143.149999999999, 44.325], [143.149999999999, 44.3166666666667], [143.124999999999, 44.3166666666667], [143.124999999999, 44.3083333333333], [143.116666666665, 44.3083333333333], [143.116666666665, 44.2916666666667], [143.099999999999, 44.2916666666667], [143.099999999999, 44.2833333333333], [143.091666666665, 44.2833333333333], [143.091666666665, 44.2916666666667], [143.058333333332, 44.2916666666667], [143.058333333332, 44.3], [143.049999999999, 44.3], [143.049999999999, 44.3083333333333], [143.041666666665, 44.3083333333333], [143.041666666665, 44.3166666666667], [143.033333333332, 44.3166666666667], [143.033333333332, 44.3333333333333], [143.024999999999, 44.3333333333333], [143.024999999999, 44.3416666666667], [143.033333333332, 44.3416666666667]]]]}}, {"type": "Feature", "properties": {"id": "芦別市", "name": "芦別市"}, "geometry": {"type": "Polygon", "coordinates": [[[142.083333333321, 43.2666666666667], [142.083333333321, 43.2750000000001], [142.074999999987, 43.2750000000001], [142.074999999987, 43.2916666666667], [142.058333333321, 43.2916666666667], [142.058333333321, 43.3000000000001], [142.049999999987, 43.3000000000001], [142.049999999987, 43.3250000000001], [142.058333333321, 43.3250000000001], [142.058333333321, 43.3416666666667], [142.049999999987, 43.3416666666667], [142.049999999987, 43.3500000000001], [142.058333333321, 43.3500000000001], [142.058333333321, 43.3833333333334], [142.049999999987, 43.3833333333334], [142.049999999987, 43.4250000000001], [142.058333333321, 43.4250000000001], [142.058333333321, 43.4333333333334], [142.066666666654, 43.4333333333334], [142.066666666654, 43.4833333333334], [142.074999999987, 43.4833333333334], [142.074999999987, 43.4916666666667], [142.091666666654, 43.4916666666667], [142.091666666654, 43.4833333333334], [142.108333333321, 43.4833333333334], [142.108333333321, 43.5000000000001], [142.116666666654, 43.5000000000001], [142.116666666654, 43.5083333333334], [142.124999999987, 43.5083333333334], [142.124999999987, 43.5166666666667], [142.141666666654, 43.5166666666667], [142.141666666654, 43.5416666666667], [142.099999999987, 43.5416666666667], [142.099999999987, 43.5500000000001], [142.108333333321, 43.5500000000001], [142.108333333321, 43.5583333333334], [142.116666666654, 43.5583333333334], [142.116666666654, 43.5666666666667], [142.124999999987, 43.5666666666667], [142.124999999987, 43.575], [142.116666666654, 43.575], [142.116666666654, 43.6166666666667], [142.108333333321, 43.6166666666667], [142.108333333321, 43.6333333333334], [142.116666666654, 43.6333333333334], [142.116666666654, 43.6416666666667], [142.149999999987, 43.6416666666667], [142.149999999987, 43.6333333333334], [142.166666666654, 43.6333333333334], [142.166666666654, 43.6416666666667], [142.199999999987, 43.6416666666667], [142.199999999987, 43.6333333333334], [142.216666666654, 43.6333333333334], [142.216666666654, 43.6416666666667], [142.241666666654, 43.6416666666667], [142.241666666654, 43.65], [142.249999999987, 43.65], [142.249999999987, 43.6583333333334], [142.274999999987, 43.6583333333334], [142.274999999987, 43.65], [142.28333333332, 43.65], [142.28333333332, 43.6416666666667], [142.291666666654, 43.6416666666667], [142.291666666654, 43.6083333333334], [142.28333333332, 43.6083333333334], [142.28333333332, 43.5833333333334], [142.291666666654, 43.5833333333334], [142.291666666654, 43.5666666666667], [142.299999999987, 43.5666666666667], [142.299999999987, 43.5500000000001], [142.316666666654, 43.5500000000001], [142.316666666654, 43.5416666666667], [142.324999999987, 43.5416666666667], [142.324999999987, 43.5250000000001], [142.33333333332, 43.5250000000001], [142.33333333332, 43.5083333333334], [142.349999999987, 43.5083333333334], [142.349999999987, 43.5000000000001], [142.35833333332, 43.5000000000001], [142.35833333332, 43.4916666666667], [142.366666666654, 43.4916666666667], [142.366666666654, 43.4833333333334], [142.35833333332, 43.4833333333334], [142.35833333332, 43.4416666666667], [142.366666666654, 43.4416666666667], [142.366666666654, 43.4250000000001], [142.35833333332, 43.4250000000001], [142.35833333332, 43.4083333333334], [142.349999999987, 43.4083333333334], [142.349999999987, 43.3916666666667], [142.341666666654, 43.3916666666667], [142.341666666654, 43.3833333333334], [142.349999999987, 43.3833333333334], [142.349999999987, 43.3750000000001], [142.33333333332, 43.3750000000001], [142.33333333332, 43.3666666666667], [142.316666666654, 43.3666666666667], [142.316666666654, 43.3583333333334], [142.299999999987, 43.3583333333334], [142.299999999987, 43.3500000000001], [142.291666666654, 43.3500000000001], [142.291666666654, 43.3250000000001], [142.28333333332, 43.3250000000001], [142.28333333332, 43.3166666666667], [142.274999999987, 43.3166666666667], [142.274999999987, 43.2916666666667], [142.28333333332, 43.2916666666667], [142.28333333332, 43.2333333333334], [142.274999999987, 43.2333333333334], [142.274999999987, 43.2250000000001], [142.249999999987, 43.2250000000001], [142.249999999987, 43.2166666666667], [142.241666666654, 43.2166666666667], [142.241666666654, 43.2083333333334], [142.183333333321, 43.2083333333334], [142.183333333321, 43.2166666666667], [142.166666666654, 43.2166666666667], [142.166666666654, 43.2250000000001], [142.108333333321, 43.2250000000001], [142.108333333321, 43.2416666666667], [142.099999999987, 43.2416666666667], [142.099999999987, 43.2500000000001], [142.091666666654, 43.2500000000001], [142.091666666654, 43.2666666666667], [142.083333333321, 43.2666666666667]]]}}, {"type": "Feature", "properties": {"id": "芽室町", "name": "芽室町"}, "geometry": {"type": "MultiPolygon", "coordinates": [[[[142.774999999987, 42.7750000000001], [142.716666666653, 42.7750000000001], [142.716666666653, 42.8000000000001], [142.724999999987, 42.8000000000001], [142.724999999987, 42.8166666666668], [142.73333333332, 42.8166666666668], [142.73333333332, 42.8416666666668], [142.741666666653, 42.8416666666668], [142.741666666653, 42.8500000000001], [142.774999999987, 42.8500000000001], [142.774999999987, 42.8583333333334], [142.78333333332, 42.8583333333334], [142.78333333332, 42.8666666666668], [142.791666666653, 42.8666666666668], [142.791666666653, 42.8750000000001], [142.80833333332, 42.8750000000001], [142.80833333332, 42.8666666666668], [142.83333333332, 42.8666666666668], [142.83333333332, 42.8583333333334], [142.841666666653, 42.8583333333334], [142.841666666653, 42.8500000000001], [142.916666666653, 42.8500000000001], [142.916666666653, 42.8416666666668], [142.93333333332, 42.8416666666668], [142.93333333332, 42.8500000000001], [142.941666666653, 42.8500000000001], [142.941666666653, 42.8666666666668], [142.93333333332, 42.8666666666668], [142.93333333332, 42.8750000000001], [142.924999999987, 42.8750000000001], [142.924999999987, 42.8833333333334], [142.941666666653, 42.8833333333334], [142.941666666653, 42.8916666666668], [142.949999999987, 42.8916666666668], [142.949999999987, 42.9000000000001], [142.95833333332, 42.9000000000001], [142.95833333332, 42.9083333333334], [142.949999999987, 42.9083333333334], [142.949999999987, 42.9250000000001], [142.974999999987, 42.9250000000001], [142.974999999987, 42.7500000000001], [142.95833333332, 42.7500000000001], [142.95833333332, 42.7416666666668], [142.949999999987, 42.7416666666668], [142.949999999987, 42.7333333333334], [142.941666666653, 42.7333333333334], [142.941666666653, 42.7250000000001], [142.916666666653, 42.7250000000001], [142.916666666653, 42.7333333333334], [142.899999999987, 42.7333333333334], [142.899999999987, 42.7500000000001], [142.874999999987, 42.7500000000001], [142.874999999987, 42.7583333333334], [142.816666666653, 42.7583333333334], [142.816666666653, 42.7666666666668], [142.774999999987, 42.7666666666668], [142.774999999987, 42.7750000000001]]], [[[142.974999999999, 42.7583333333334], [142.974999999999, 42.9250000000001], [142.983333333332, 42.9250000000001], [142.983333333332, 42.9333333333334], [142.991666666665, 42.9333333333334], [142.991666666665, 42.9416666666667], [142.983333333332, 42.9416666666667], [142.983333333332, 42.9500000000001], [142.974999999999, 42.9500000000001], [142.974999999999, 42.9583333333334], [142.999999999999, 42.9583333333334], [142.999999999999, 43.0000000000001], [142.991666666665, 43.0000000000001], [142.991666666665, 43.0083333333334], [143.016666666665, 43.0083333333334], [143.016666666665, 43.0166666666668], [143.024999999999, 43.0166666666668], [143.024999999999, 43.0333333333334], [143.033333333332, 43.0333333333334], [143.033333333332, 43.0250000000001], [143.049999999999, 43.0250000000001], [143.049999999999, 43.0166666666668], [143.066666666665, 43.0166666666668], [143.066666666665, 43.0083333333334], [143.091666666665, 43.0083333333334], [143.091666666665, 43.0000000000001], [143.108333333332, 43.0000000000001], [143.108333333332, 42.9916666666668], [143.116666666665, 42.9916666666668], [143.116666666665, 42.9833333333334], [143.124999999999, 42.9833333333334], [143.124999999999, 42.9666666666668], [143.133333333332, 42.9666666666668], [143.133333333332, 42.9583333333334], [143.141666666665, 42.9583333333334], [143.141666666665, 42.9500000000001], [143.124999999999, 42.9500000000001], [143.124999999999, 42.9416666666667], [143.116666666665, 42.9416666666667], [143.116666666665, 42.9333333333334], [143.108333333332, 42.9333333333334], [143.108333333332, 42.9000000000001], [143.141666666665, 42.9000000000001], [143.141666666665, 42.8833333333334], [143.133333333332, 42.8833333333334], [143.133333333332, 42.8666666666668], [143.124999999999, 42.8666666666668], [143.124999999999, 42.8583333333334], [143.116666666665, 42.8583333333334], [143.116666666665, 42.8500000000001], [143.108333333332, 42.8500000000001], [143.108333333332, 42.8416666666668], [143.099999999999, 42.8416666666668], [143.099999999999, 42.8333333333334], [143.091666666665, 42.8333333333334], [143.091666666665, 42.8250000000001], [143.083333333332, 42.8250000000001], [143.083333333332, 42.8166666666668], [143.074999999999, 42.8166666666668], [143.074999999999, 42.8083333333334], [143.066666666665, 42.8083333333334], [143.066666666665, 42.8000000000001], [143.049999999999, 42.8000000000001], [143.049999999999, 42.7916666666668], [143.033333333332, 42.7916666666668], [143.033333333332, 42.7833333333334], [142.999999999999, 42.7833333333334], [142.999999999999, 42.7750000000001], [142.991666666665, 42.7750000000001], [142.991666666665, 42.7666666666668], [142.983333333332, 42.7666666666668], [142.983333333332, 42.7583333333334], [142.974999999999, 42.7583333333334]]], [[[142.974999999987, 42.9583333333334], [142.974999999987, 42.9500000000001], [142.966666666653, 42.9500000000001], [142.966666666653, 42.9583333333334], [142.974999999987, 42.9583333333334]]]]}}, {"type": "Feature", "properties": {"id": "苫前町", "name": "苫前町"}, "geometry": {"type": "Polygon", "coordinates": [[[141.649999999988, 44.2083333333333], [141.649999999988, 44.2833333333333], [141.641666666654, 44.2833333333333], [141.641666666654, 44.3166666666667], [141.658333333321, 44.3166666666667], [141.658333333321, 44.325], [141.674999999988, 44.325], [141.674999999988, 44.35], [141.691666666654, 44.35], [141.691666666654, 44.3416666666667], [141.708333333321, 44.3416666666667], [141.708333333321, 44.3333333333333], [141.716666666654, 44.3333333333333], [141.716666666654, 44.325], [141.724999999988, 44.325], [141.724999999988, 44.3083333333333], [141.741666666654, 44.3083333333333], [141.741666666654, 44.3], [141.766666666654, 44.3], [141.766666666654, 44.2833333333333], [141.783333333321, 44.2833333333333], [141.783333333321, 44.275], [141.824999999988, 44.275], [141.824999999988, 44.2666666666667], [141.833333333321, 44.2666666666667], [141.833333333321, 44.275], [141.841666666654, 44.275], [141.841666666654, 44.2666666666667], [141.874999999988, 44.2666666666667], [141.874999999988, 44.2583333333333], [141.908333333321, 44.2583333333333], [141.908333333321, 44.25], [141.924999999987, 44.25], [141.924999999987, 44.2416666666667], [141.933333333321, 44.2416666666667], [141.933333333321, 44.2333333333333], [141.941666666654, 44.2333333333333], [141.941666666654, 44.225], [141.974999999987, 44.225], [141.974999999987, 44.2166666666667], [141.983333333321, 44.2166666666667], [141.983333333321, 44.2083333333333], [141.999999999987, 44.2083333333333], [141.999999999987, 44.2166666666667], [142.024999999987, 44.2166666666667], [142.024999999987, 44.2333333333333], [142.041666666654, 44.2333333333333], [142.041666666654, 44.225], [142.049999999987, 44.225], [142.049999999987, 44.2166666666667], [142.041666666654, 44.2166666666667], [142.041666666654, 44.2083333333333], [142.049999999987, 44.2083333333333], [142.049999999987, 44.2], [142.066666666654, 44.2], [142.066666666654, 44.1916666666667], [142.083333333321, 44.1916666666667], [142.083333333321, 44.175], [142.074999999987, 44.175], [142.074999999987, 44.1666666666667], [142.049999999987, 44.1666666666667], [142.049999999987, 44.1583333333333], [142.041666666654, 44.1583333333333], [142.041666666654, 44.15], [142.008333333321, 44.15], [142.008333333321, 44.1416666666667], [141.999999999987, 44.1416666666667], [141.999999999987, 44.15], [141.974999999987, 44.15], [141.974999999987, 44.1416666666667], [141.958333333321, 44.1416666666667], [141.958333333321, 44.15], [141.949999999987, 44.15], [141.949999999987, 44.1166666666667], [141.933333333321, 44.1166666666667], [141.933333333321, 44.125], [141.916666666654, 44.125], [141.916666666654, 44.1166666666667], [141.908333333321, 44.1166666666667], [141.908333333321, 44.1083333333333], [141.858333333321, 44.1083333333333], [141.858333333321, 44.1166666666667], [141.833333333321, 44.1166666666667], [141.833333333321, 44.1083333333333], [141.824999999988, 44.1083333333333], [141.824999999988, 44.0916666666667], [141.799999999988, 44.0916666666667], [141.799999999988, 44.1], [141.774999999988, 44.1], [141.774999999988, 44.1416666666667], [141.766666666654, 44.1416666666667], [141.766666666654, 44.15], [141.758333333321, 44.15], [141.758333333321, 44.1583333333333], [141.749999999988, 44.1583333333333], [141.749999999988, 44.1666666666667], [141.724999999988, 44.1666666666667], [141.724999999988, 44.1833333333334], [141.733333333321, 44.1833333333334], [141.733333333321, 44.1916666666667], [141.716666666654, 44.1916666666667], [141.716666666654, 44.2], [141.708333333321, 44.2], [141.708333333321, 44.2083333333333], [141.691666666654, 44.2083333333333], [141.691666666654, 44.2166666666667], [141.666666666654, 44.2166666666667], [141.666666666654, 44.2083333333333], [141.649999999988, 44.2083333333333]]]}}, {"type": "Feature", "properties": {"id": "苫小牧市", "name": "苫小牧市"}, "geometry": {"type": "Polygon", "coordinates": [[[141.374999999988, 42.6083333333334], [141.374999999988, 42.6166666666668], [141.358333333321, 42.6166666666668], [141.358333333321, 42.6250000000001], [141.349999999988, 42.6250000000001], [141.349999999988, 42.6333333333334], [141.341666666655, 42.6333333333334], [141.341666666655, 42.6750000000001], [141.349999999988, 42.6750000000001], [141.349999999988, 42.6833333333334], [141.374999999988, 42.6833333333334], [141.374999999988, 42.6916666666668], [141.391666666655, 42.6916666666668], [141.391666666655, 42.7083333333334], [141.399999999988, 42.7083333333334], [141.399999999988, 42.7166666666668], [141.408333333321, 42.7166666666668], [141.408333333321, 42.7666666666668], [141.424999999988, 42.7666666666668], [141.424999999988, 42.7583333333334], [141.466666666655, 42.7583333333334], [141.466666666655, 42.7500000000001], [141.558333333321, 42.7500000000001], [141.558333333321, 42.7416666666668], [141.574999999988, 42.7416666666668], [141.574999999988, 42.7500000000001], [141.583333333321, 42.7500000000001], [141.583333333321, 42.7583333333334], [141.591666666654, 42.7583333333334], [141.591666666654, 42.7666666666668], [141.608333333321, 42.7666666666668], [141.608333333321, 42.7750000000001], [141.724999999988, 42.7750000000001], [141.724999999988, 42.7833333333334], [141.741666666654, 42.7833333333334], [141.741666666654, 42.7333333333334], [141.749999999988, 42.7333333333334], [141.749999999988, 42.7250000000001], [141.758333333321, 42.7250000000001], [141.758333333321, 42.7166666666668], [141.774999999988, 42.7166666666668], [141.774999999988, 42.7083333333334], [141.783333333321, 42.7083333333334], [141.783333333321, 42.7000000000001], [141.824999999988, 42.7000000000001], [141.824999999988, 42.6666666666668], [141.816666666654, 42.6666666666668], [141.816666666654, 42.6250000000001], [141.808333333321, 42.6250000000001], [141.808333333321, 42.6166666666668], [141.799999999988, 42.6166666666668], [141.799999999988, 42.6000000000001], [141.791666666654, 42.6000000000001], [141.791666666654, 42.6083333333334], [141.783333333321, 42.6083333333334], [141.783333333321, 42.6166666666668], [141.724999999988, 42.6166666666668], [141.724999999988, 42.6250000000001], [141.674999999988, 42.6250000000001], [141.674999999988, 42.6416666666668], [141.649999999988, 42.6416666666668], [141.649999999988, 42.6333333333334], [141.624999999988, 42.6333333333334], [141.624999999988, 42.6250000000001], [141.599999999988, 42.6250000000001], [141.599999999988, 42.6166666666668], [141.549999999988, 42.6166666666668], [141.549999999988, 42.6083333333334], [141.508333333321, 42.6083333333334], [141.508333333321, 42.6000000000001], [141.491666666655, 42.6000000000001], [141.491666666655, 42.5916666666668], [141.458333333321, 42.5916666666668], [141.458333333321, 42.5833333333334], [141.433333333321, 42.5833333333334], [141.433333333321, 42.5750000000001], [141.424999999988, 42.5750000000001], [141.424999999988, 42.5833333333334], [141.408333333321, 42.5833333333334], [141.408333333321, 42.5916666666668], [141.399999999988, 42.5916666666668], [141.399999999988, 42.6000000000001], [141.391666666655, 42.6000000000001], [141.391666666655, 42.6083333333334], [141.374999999988, 42.6083333333334]]]}}, {"type": "Feature", "properties": {"id": "蘭越町", "name": "蘭越町"}, "geometry": {"type": "Polygon", "coordinates": [[[140.366666666656, 42.7416666666668], [140.358333333322, 42.7416666666668], [140.358333333322, 42.7583333333334], [140.366666666656, 42.7583333333334], [140.366666666656, 42.7666666666668], [140.374999999989, 42.7666666666668], [140.374999999989, 42.8416666666668], [140.366666666656, 42.8416666666668], [140.366666666656, 42.8750000000001], [140.358333333322, 42.8750000000001], [140.358333333322, 42.8833333333334], [140.366666666656, 42.8833333333334], [140.366666666656, 42.8916666666668], [140.374999999989, 42.8916666666668], [140.374999999989, 42.9083333333334], [140.466666666655, 42.9083333333334], [140.466666666655, 42.9000000000001], [140.483333333322, 42.9000000000001], [140.483333333322, 42.9083333333334], [140.499999999989, 42.9083333333334], [140.499999999989, 42.9166666666668], [140.508333333322, 42.9166666666668], [140.508333333322, 42.9000000000001], [140.574999999989, 42.9000000000001], [140.574999999989, 42.8916666666668], [140.616666666655, 42.8916666666668], [140.616666666655, 42.8833333333334], [140.641666666655, 42.8833333333334], [140.641666666655, 42.8750000000001], [140.633333333322, 42.8750000000001], [140.633333333322, 42.8666666666668], [140.624999999989, 42.8666666666668], [140.624999999989, 42.8166666666668], [140.633333333322, 42.8166666666668], [140.633333333322, 42.8083333333334], [140.624999999989, 42.8083333333334], [140.624999999989, 42.8000000000001], [140.599999999989, 42.8000000000001], [140.599999999989, 42.7750000000001], [140.591666666655, 42.7750000000001], [140.591666666655, 42.7666666666668], [140.583333333322, 42.7666666666668], [140.583333333322, 42.7416666666668], [140.574999999989, 42.7416666666668], [140.574999999989, 42.7333333333334], [140.566666666655, 42.7333333333334], [140.566666666655, 42.6833333333334], [140.574999999989, 42.6833333333334], [140.574999999989, 42.6666666666668], [140.566666666655, 42.6666666666668], [140.566666666655, 42.6500000000001], [140.558333333322, 42.6500000000001], [140.558333333322, 42.6416666666668], [140.541666666655, 42.6416666666668], [140.541666666655, 42.6500000000001], [140.533333333322, 42.6500000000001], [140.533333333322, 42.6583333333334], [140.516666666655, 42.6583333333334], [140.516666666655, 42.6833333333334], [140.508333333322, 42.6833333333334], [140.508333333322, 42.6916666666668], [140.516666666655, 42.6916666666668], [140.516666666655, 42.7000000000001], [140.483333333322, 42.7000000000001], [140.483333333322, 42.6916666666668], [140.449999999989, 42.6916666666668], [140.449999999989, 42.7000000000001], [140.433333333322, 42.7000000000001], [140.433333333322, 42.7083333333334], [140.391666666656, 42.7083333333334], [140.391666666656, 42.7166666666668], [140.383333333322, 42.7166666666668], [140.383333333322, 42.7250000000001], [140.374999999989, 42.7250000000001], [140.374999999989, 42.7333333333334], [140.366666666656, 42.7333333333334], [140.366666666656, 42.7416666666668]]]}}, {"type": "Feature", "properties": {"id": "西区", "name": "西区"}, "geometry": {"type": "Polygon", "coordinates": [[[141.183333333321, 43.0333333333334], [141.183333333321, 43.0500000000001], [141.174999999988, 43.0500000000001], [141.174999999988, 43.0583333333334], [141.158333333322, 43.0583333333334], [141.158333333322, 43.0750000000001], [141.166666666655, 43.0750000000001], [141.166666666655, 43.0833333333334], [141.174999999988, 43.0833333333334], [141.174999999988, 43.0750000000001], [141.216666666655, 43.0750000000001], [141.216666666655, 43.0833333333334], [141.233333333321, 43.0833333333334], [141.233333333321, 43.0916666666667], [141.266666666655, 43.0916666666667], [141.266666666655, 43.1000000000001], [141.274999999988, 43.1000000000001], [141.274999999988, 43.1083333333334], [141.283333333321, 43.1083333333334], [141.283333333321, 43.1166666666667], [141.291666666655, 43.1166666666667], [141.291666666655, 43.1083333333334], [141.299999999988, 43.1083333333334], [141.299999999988, 43.1000000000001], [141.316666666655, 43.1000000000001], [141.316666666655, 43.0916666666667], [141.324999999988, 43.0916666666667], [141.324999999988, 43.0750000000001], [141.316666666655, 43.0750000000001], [141.316666666655, 43.0666666666667], [141.299999999988, 43.0666666666667], [141.299999999988, 43.0583333333334], [141.283333333321, 43.0583333333334], [141.283333333321, 43.0333333333334], [141.274999999988, 43.0333333333334], [141.274999999988, 43.0416666666667], [141.249999999988, 43.0416666666667], [141.249999999988, 43.0333333333334], [141.241666666655, 43.0333333333334], [141.241666666655, 43.0250000000001], [141.233333333321, 43.0250000000001], [141.233333333321, 43.0166666666667], [141.199999999988, 43.0166666666667], [141.199999999988, 43.0250000000001], [141.191666666655, 43.0250000000001], [141.191666666655, 43.0333333333334], [141.183333333321, 43.0333333333334]]]}}, {"type": "Feature", "properties": {"id": "西興部村", "name": "西興部村"}, "geometry": {"type": "MultiPolygon", "coordinates": [[[[142.824999999987, 44.275], [142.824999999987, 44.3333333333333], [142.799999999987, 44.3333333333333], [142.799999999987, 44.3416666666667], [142.80833333332, 44.3416666666667], [142.80833333332, 44.35], [142.816666666653, 44.35], [142.816666666653, 44.3666666666667], [142.824999999987, 44.3666666666667], [142.824999999987, 44.3916666666667], [142.83333333332, 44.3916666666667], [142.83333333332, 44.4], [142.824999999987, 44.4], [142.824999999987, 44.4083333333333], [142.816666666653, 44.4083333333333], [142.816666666653, 44.4166666666667], [142.824999999987, 44.4166666666667], [142.824999999987, 44.425], [142.841666666653, 44.425], [142.841666666653, 44.4333333333333], [142.849999999987, 44.4333333333333], [142.849999999987, 44.4416666666667], [142.85833333332, 44.4416666666667], [142.85833333332, 44.425], [142.874999999987, 44.425], [142.874999999987, 44.4166666666667], [142.88333333332, 44.4166666666667], [142.88333333332, 44.4], [142.916666666653, 44.4], [142.916666666653, 44.3916666666667], [142.93333333332, 44.3916666666667], [142.93333333332, 44.3833333333333], [142.941666666653, 44.3833333333333], [142.941666666653, 44.3916666666667], [142.974999999987, 44.3916666666667], [142.974999999987, 44.225], [142.966666666653, 44.225], [142.966666666653, 44.2166666666667], [142.916666666653, 44.2166666666667], [142.916666666653, 44.225], [142.874999999987, 44.225], [142.874999999987, 44.2333333333333], [142.866666666653, 44.2333333333333], [142.866666666653, 44.25], [142.85833333332, 44.25], [142.85833333332, 44.2583333333333], [142.849999999987, 44.2583333333333], [142.849999999987, 44.2666666666667], [142.83333333332, 44.2666666666667], [142.83333333332, 44.275], [142.824999999987, 44.275]]], [[[142.974999999999, 44.2333333333333], [142.974999999999, 44.3916666666667], [142.999999999999, 44.3916666666667], [142.999999999999, 44.4], [143.008333333332, 44.4], [143.008333333332, 44.3916666666667], [143.016666666665, 44.3916666666667], [143.016666666665, 44.3833333333333], [143.024999999999, 44.3833333333333], [143.024999999999, 44.375], [143.033333333332, 44.375], [143.033333333332, 44.3416666666667], [143.024999999999, 44.3416666666667], [143.024999999999, 44.3333333333333], [143.033333333332, 44.3333333333333], [143.033333333332, 44.3166666666667], [143.041666666665, 44.3166666666667], [143.041666666665, 44.3083333333333], [143.049999999999, 44.3083333333333], [143.049999999999, 44.3], [143.058333333332, 44.3], [143.058333333332, 44.2833333333333], [143.041666666665, 44.2833333333333], [143.041666666665, 44.275], [143.016666666665, 44.275], [143.016666666665, 44.2666666666667], [142.999999999999, 44.2666666666667], [142.999999999999, 44.2583333333333], [142.991666666665, 44.2583333333333], [142.991666666665, 44.2333333333333], [142.974999999999, 44.2333333333333]]]]}}, {"type": "Feature", "properties": {"id": "訓子府町", "name": "訓子府町"}, "geometry": {"type": "Polygon", "coordinates": [[[143.641666666665, 43.6416666666667], [143.624999999998, 43.6416666666667], [143.624999999998, 43.65], [143.633333333331, 43.65], [143.633333333331, 43.6583333333334], [143.658333333331, 43.6583333333334], [143.658333333331, 43.6666666666667], [143.674999999998, 43.6666666666667], [143.674999999998, 43.6916666666667], [143.666666666665, 43.6916666666667], [143.666666666665, 43.7083333333334], [143.674999999998, 43.7083333333334], [143.674999999998, 43.725], [143.666666666665, 43.725], [143.666666666665, 43.7416666666667], [143.658333333331, 43.7416666666667], [143.658333333331, 43.775], [143.674999999998, 43.775], [143.674999999998, 43.7666666666667], [143.683333333331, 43.7666666666667], [143.683333333331, 43.775], [143.724999999998, 43.775], [143.724999999998, 43.7833333333334], [143.799999999998, 43.7833333333334], [143.799999999998, 43.7083333333334], [143.791666666665, 43.7083333333334], [143.791666666665, 43.6916666666667], [143.799999999998, 43.6916666666667], [143.799999999998, 43.6833333333334], [143.808333333331, 43.6833333333334], [143.808333333331, 43.675], [143.816666666665, 43.675], [143.816666666665, 43.6666666666667], [143.833333333331, 43.6666666666667], [143.833333333331, 43.6583333333334], [143.824999999998, 43.6583333333334], [143.824999999998, 43.65], [143.799999999998, 43.65], [143.799999999998, 43.6416666666667], [143.774999999998, 43.6416666666667], [143.774999999998, 43.625], [143.766666666665, 43.625], [143.766666666665, 43.6166666666667], [143.741666666665, 43.6166666666667], [143.741666666665, 43.6333333333334], [143.733333333331, 43.6333333333334], [143.733333333331, 43.6416666666667], [143.716666666665, 43.6416666666667], [143.716666666665, 43.6333333333334], [143.683333333331, 43.6333333333334], [143.683333333331, 43.625], [143.658333333331, 43.625], [143.658333333331, 43.6333333333334], [143.641666666665, 43.6333333333334], [143.641666666665, 43.6416666666667]]]}}, {"type": "Feature", "properties": {"id": "豊富町", "name": "豊富町"}, "geometry": {"type": "Polygon", "coordinates": [[[141.616666666654, 45.0916666666666], [141.616666666654, 45.1083333333333], [141.608333333321, 45.1083333333333], [141.608333333321, 45.125], [141.599999999988, 45.125], [141.599999999988, 45.1416666666666], [141.591666666654, 45.1416666666666], [141.591666666654, 45.1583333333333], [141.583333333321, 45.1583333333333], [141.583333333321, 45.175], [141.599999999988, 45.175], [141.599999999988, 45.2], [141.608333333321, 45.2], [141.608333333321, 45.2083333333333], [141.633333333321, 45.2083333333333], [141.633333333321, 45.2166666666666], [141.649999999988, 45.2166666666666], [141.649999999988, 45.225], [141.658333333321, 45.225], [141.658333333321, 45.2333333333333], [141.666666666654, 45.2333333333333], [141.666666666654, 45.2416666666666], [141.699999999988, 45.2416666666666], [141.699999999988, 45.2333333333333], [141.724999999988, 45.2333333333333], [141.724999999988, 45.2416666666666], [141.733333333321, 45.2416666666666], [141.733333333321, 45.2666666666666], [141.749999999988, 45.2666666666666], [141.749999999988, 45.275], [141.766666666654, 45.275], [141.766666666654, 45.2583333333333], [141.774999999988, 45.2583333333333], [141.774999999988, 45.2416666666666], [141.783333333321, 45.2416666666666], [141.783333333321, 45.2333333333333], [141.774999999988, 45.2333333333333], [141.774999999988, 45.2166666666666], [141.783333333321, 45.2166666666666], [141.783333333321, 45.2083333333333], [141.791666666654, 45.2083333333333], [141.791666666654, 45.2], [141.808333333321, 45.2], [141.808333333321, 45.2083333333333], [141.824999999988, 45.2083333333333], [141.824999999988, 45.1916666666666], [141.858333333321, 45.1916666666666], [141.858333333321, 45.1833333333333], [141.866666666654, 45.1833333333333], [141.866666666654, 45.175], [141.899999999988, 45.175], [141.899999999988, 45.1916666666666], [141.908333333321, 45.1916666666666], [141.908333333321, 45.2], [141.916666666654, 45.2], [141.916666666654, 45.2083333333333], [141.924999999987, 45.2083333333333], [141.924999999987, 45.2166666666666], [141.933333333321, 45.2166666666666], [141.933333333321, 45.225], [141.974999999987, 45.225], [141.974999999987, 45.2333333333333], [141.999999999987, 45.2333333333333], [141.999999999987, 45.2166666666666], [141.991666666654, 45.2166666666666], [141.991666666654, 45.2083333333333], [141.983333333321, 45.2083333333333], [141.983333333321, 45.1916666666666], [141.991666666654, 45.1916666666666], [141.991666666654, 45.1833333333333], [141.999999999987, 45.1833333333333], [141.999999999987, 45.175], [142.008333333321, 45.175], [142.008333333321, 45.1583333333333], [142.016666666654, 45.1583333333333], [142.016666666654, 45.1416666666666], [142.008333333321, 45.1416666666666], [142.008333333321, 45.1333333333333], [141.999999999987, 45.1333333333333], [141.999999999987, 45.125], [141.991666666654, 45.125], [141.991666666654, 45.1], [142.008333333321, 45.1], [142.008333333321, 45.0916666666666], [141.999999999987, 45.0916666666666], [141.999999999987, 45.0833333333333], [141.974999999987, 45.0833333333333], [141.974999999987, 45.075], [141.941666666654, 45.075], [141.941666666654, 45.0833333333333], [141.899999999988, 45.0833333333333], [141.899999999988, 45.075], [141.883333333321, 45.075], [141.883333333321, 45.0833333333333], [141.866666666654, 45.0833333333333], [141.866666666654, 45.075], [141.858333333321, 45.075], [141.858333333321, 45.0666666666666], [141.849999999988, 45.0666666666666], [141.849999999988, 45.0583333333333], [141.841666666654, 45.0583333333333], [141.841666666654, 45.05], [141.783333333321, 45.05], [141.783333333321, 45.0583333333333], [141.766666666654, 45.0583333333333], [141.766666666654, 45.075], [141.749999999988, 45.075], [141.749999999988, 45.0833333333333], [141.733333333321, 45.0833333333333], [141.733333333321, 45.075], [141.716666666654, 45.075], [141.716666666654, 45.0666666666666], [141.699999999988, 45.0666666666666], [141.699999999988, 45.0583333333333], [141.683333333321, 45.0583333333333], [141.683333333321, 45.05], [141.674999999988, 45.05], [141.674999999988, 45.0416666666666], [141.666666666654, 45.0416666666666], [141.666666666654, 45.0333333333333], [141.658333333321, 45.0333333333333], [141.658333333321, 45.0416666666666], [141.649999999988, 45.0416666666666], [141.649999999988, 45.0583333333333], [141.641666666654, 45.0583333333333], [141.641666666654, 45.0666666666666], [141.633333333321, 45.0666666666666], [141.633333333321, 45.075], [141.624999999988, 45.075], [141.624999999988, 45.0916666666666], [141.616666666654, 45.0916666666666]]]}}, {"type": "Feature", "properties": {"id": "豊平区", "name": "豊平区"}, "geometry": {"type": "Polygon", "coordinates": [[[141.366666666655, 42.9333333333334], [141.366666666655, 42.9916666666668], [141.374999999988, 42.9916666666668], [141.374999999988, 43.0166666666667], [141.349999999988, 43.0166666666667], [141.349999999988, 43.0250000000001], [141.358333333321, 43.0250000000001], [141.358333333321, 43.0500000000001], [141.366666666655, 43.0500000000001], [141.366666666655, 43.0583333333334], [141.374999999988, 43.0583333333334], [141.374999999988, 43.0500000000001], [141.383333333321, 43.0500000000001], [141.383333333321, 43.0416666666667], [141.408333333321, 43.0416666666667], [141.408333333321, 43.0333333333334], [141.424999999988, 43.0333333333334], [141.424999999988, 43.0250000000001], [141.433333333321, 43.0250000000001], [141.433333333321, 43.0166666666667], [141.424999999988, 43.0166666666667], [141.424999999988, 43.0000000000001], [141.416666666655, 43.0000000000001], [141.416666666655, 42.9750000000001], [141.408333333321, 42.9750000000001], [141.408333333321, 42.9666666666667], [141.399999999988, 42.9666666666667], [141.399999999988, 42.9583333333334], [141.391666666655, 42.9583333333334], [141.391666666655, 42.9416666666667], [141.383333333321, 42.9416666666667], [141.383333333321, 42.9333333333334], [141.366666666655, 42.9333333333334]]]}}, {"type": "Feature", "properties": {"id": "豊浦町", "name": "豊浦町"}, "geometry": {"type": "Polygon", "coordinates": [[[140.566666666655, 42.5750000000001], [140.549999999989, 42.5750000000001], [140.549999999989, 42.5833333333334], [140.533333333322, 42.5833333333334], [140.533333333322, 42.5916666666668], [140.541666666655, 42.5916666666668], [140.541666666655, 42.6083333333334], [140.533333333322, 42.6083333333334], [140.533333333322, 42.6166666666668], [140.541666666655, 42.6166666666668], [140.541666666655, 42.6250000000001], [140.549999999989, 42.6250000000001], [140.549999999989, 42.6333333333334], [140.558333333322, 42.6333333333334], [140.558333333322, 42.6500000000001], [140.566666666655, 42.6500000000001], [140.566666666655, 42.6666666666668], [140.574999999989, 42.6666666666668], [140.574999999989, 42.6833333333334], [140.566666666655, 42.6833333333334], [140.566666666655, 42.7166666666668], [140.583333333322, 42.7166666666668], [140.583333333322, 42.7083333333334], [140.683333333322, 42.7083333333334], [140.683333333322, 42.7166666666668], [140.741666666655, 42.7166666666668], [140.741666666655, 42.7083333333334], [140.758333333322, 42.7083333333334], [140.758333333322, 42.6666666666668], [140.749999999989, 42.6666666666668], [140.749999999989, 42.6500000000001], [140.741666666655, 42.6500000000001], [140.741666666655, 42.6416666666668], [140.733333333322, 42.6416666666668], [140.733333333322, 42.6250000000001], [140.741666666655, 42.6250000000001], [140.741666666655, 42.6083333333334], [140.749999999989, 42.6083333333334], [140.749999999989, 42.6000000000001], [140.758333333322, 42.6000000000001], [140.758333333322, 42.5916666666668], [140.749999999989, 42.5916666666668], [140.749999999989, 42.5833333333334], [140.741666666655, 42.5833333333334], [140.741666666655, 42.5750000000001], [140.699999999989, 42.5750000000001], [140.699999999989, 42.5833333333334], [140.624999999989, 42.5833333333334], [140.624999999989, 42.5750000000001], [140.599999999989, 42.5750000000001], [140.599999999989, 42.5666666666668], [140.566666666655, 42.5666666666668], [140.566666666655, 42.5750000000001]]]}}, {"type": "Feature", "properties": {"id": "豊頃町", "name": "豊頃町"}, "geometry": {"type": "Polygon", "coordinates": [[[143.333333333332, 42.6583333333334], [143.333333333332, 42.7250000000001], [143.341666666665, 42.7250000000001], [143.341666666665, 42.7333333333334], [143.349999999998, 42.7333333333334], [143.349999999998, 42.7833333333334], [143.358333333332, 42.7833333333334], [143.358333333332, 42.7916666666668], [143.366666666665, 42.7916666666668], [143.366666666665, 42.8000000000001], [143.383333333332, 42.8000000000001], [143.383333333332, 42.8083333333334], [143.391666666665, 42.8083333333334], [143.391666666665, 42.8166666666668], [143.399999999998, 42.8166666666668], [143.399999999998, 42.8250000000001], [143.391666666665, 42.8250000000001], [143.391666666665, 42.8666666666668], [143.399999999998, 42.8666666666668], [143.399999999998, 42.8750000000001], [143.499999999998, 42.8750000000001], [143.499999999998, 42.8833333333334], [143.533333333332, 42.8833333333334], [143.533333333332, 42.8916666666668], [143.558333333332, 42.8916666666668], [143.558333333332, 42.8833333333334], [143.566666666665, 42.8833333333334], [143.566666666665, 42.8750000000001], [143.583333333332, 42.8750000000001], [143.583333333332, 42.8666666666668], [143.574999999998, 42.8666666666668], [143.574999999998, 42.8583333333334], [143.566666666665, 42.8583333333334], [143.566666666665, 42.8500000000001], [143.558333333332, 42.8500000000001], [143.558333333332, 42.8416666666668], [143.566666666665, 42.8416666666668], [143.566666666665, 42.8250000000001], [143.574999999998, 42.8250000000001], [143.574999999998, 42.8166666666668], [143.583333333332, 42.8166666666668], [143.583333333332, 42.8083333333334], [143.591666666665, 42.8083333333334], [143.591666666665, 42.7250000000001], [143.599999999998, 42.7250000000001], [143.599999999998, 42.7083333333334], [143.608333333332, 42.7083333333334], [143.608333333332, 42.7000000000001], [143.633333333331, 42.7000000000001], [143.633333333331, 42.7083333333334], [143.641666666665, 42.7083333333334], [143.641666666665, 42.7000000000001], [143.649999999998, 42.7000000000001], [143.649999999998, 42.7083333333334], [143.683333333331, 42.7083333333334], [143.683333333331, 42.7000000000001], [143.666666666665, 42.7000000000001], [143.666666666665, 42.6916666666668], [143.658333333331, 42.6916666666668], [143.658333333331, 42.6833333333334], [143.649999999998, 42.6833333333334], [143.649999999998, 42.6750000000001], [143.633333333331, 42.6750000000001], [143.633333333331, 42.6666666666668], [143.624999999998, 42.6666666666668], [143.624999999998, 42.6583333333334], [143.616666666665, 42.6583333333334], [143.616666666665, 42.6500000000001], [143.608333333332, 42.6500000000001], [143.608333333332, 42.6416666666668], [143.599999999998, 42.6416666666668], [143.599999999998, 42.6333333333334], [143.591666666665, 42.6333333333334], [143.591666666665, 42.6250000000001], [143.574999999998, 42.6250000000001], [143.574999999998, 42.6166666666668], [143.566666666665, 42.6166666666668], [143.566666666665, 42.6083333333334], [143.558333333332, 42.6083333333334], [143.558333333332, 42.6000000000001], [143.549999999998, 42.6000000000001], [143.549999999998, 42.5916666666668], [143.541666666665, 42.5916666666668], [143.541666666665, 42.5833333333334], [143.533333333332, 42.5833333333334], [143.533333333332, 42.5750000000001], [143.516666666665, 42.5750000000001], [143.516666666665, 42.6000000000001], [143.499999999998, 42.6000000000001], [143.499999999998, 42.6083333333334], [143.491666666665, 42.6083333333334], [143.491666666665, 42.6166666666668], [143.483333333332, 42.6166666666668], [143.483333333332, 42.6333333333334], [143.458333333332, 42.6333333333334], [143.458333333332, 42.6416666666668], [143.449999999998, 42.6416666666668], [143.449999999998, 42.6500000000001], [143.441666666665, 42.6500000000001], [143.441666666665, 42.6666666666668], [143.424999999998, 42.6666666666668], [143.424999999998, 42.6750000000001], [143.408333333332, 42.6750000000001], [143.408333333332, 42.6666666666668], [143.399999999998, 42.6666666666668], [143.399999999998, 42.6583333333334], [143.391666666665, 42.6583333333334], [143.391666666665, 42.6500000000001], [143.358333333332, 42.6500000000001], [143.358333333332, 42.6583333333334], [143.333333333332, 42.6583333333334]]]}}, {"type": "Feature", "properties": {"id": "赤井川村", "name": "赤井川村"}, "geometry": {"type": "Polygon", "coordinates": [[[140.824999999988, 43.0083333333334], [140.824999999988, 43.0250000000001], [140.816666666655, 43.0250000000001], [140.816666666655, 43.0416666666667], [140.799999999989, 43.0416666666667], [140.799999999989, 43.0500000000001], [140.791666666655, 43.0500000000001], [140.791666666655, 43.0583333333334], [140.766666666655, 43.0583333333334], [140.766666666655, 43.0833333333334], [140.758333333322, 43.0833333333334], [140.758333333322, 43.0916666666667], [140.766666666655, 43.0916666666667], [140.766666666655, 43.1000000000001], [140.774999999989, 43.1000000000001], [140.774999999989, 43.1083333333334], [140.808333333322, 43.1083333333334], [140.808333333322, 43.1166666666667], [140.841666666655, 43.1166666666667], [140.841666666655, 43.1083333333334], [140.849999999988, 43.1083333333334], [140.849999999988, 43.1166666666667], [140.858333333322, 43.1166666666667], [140.858333333322, 43.1250000000001], [140.908333333322, 43.1250000000001], [140.908333333322, 43.1333333333334], [140.924999999988, 43.1333333333334], [140.924999999988, 43.1250000000001], [140.933333333322, 43.1250000000001], [140.933333333322, 43.1333333333334], [140.958333333322, 43.1333333333334], [140.958333333322, 43.1250000000001], [140.991666666655, 43.1250000000001], [140.991666666655, 43.1333333333334], [140.999999999988, 43.1333333333334], [140.999999999988, 43.0916666666667], [141.008333333322, 43.0916666666667], [141.008333333322, 43.0833333333334], [141.016666666655, 43.0833333333334], [141.016666666655, 43.0750000000001], [141.024999999988, 43.0750000000001], [141.024999999988, 43.0666666666667], [141.041666666655, 43.0666666666667], [141.041666666655, 43.0416666666667], [141.024999999988, 43.0416666666667], [141.024999999988, 43.0333333333334], [141.008333333322, 43.0333333333334], [141.008333333322, 43.0250000000001], [140.991666666655, 43.0250000000001], [140.991666666655, 43.0166666666668], [140.999999999988, 43.0166666666668], [140.999999999988, 43.0000000000001], [140.991666666655, 43.0000000000001], [140.991666666655, 42.9916666666668], [140.999999999988, 42.9916666666668], [140.999999999988, 42.9833333333334], [140.966666666655, 42.9833333333334], [140.966666666655, 42.9750000000001], [140.941666666655, 42.9750000000001], [140.941666666655, 42.9666666666667], [140.924999999988, 42.9666666666667], [140.924999999988, 42.9583333333334], [140.908333333322, 42.9583333333334], [140.908333333322, 42.9750000000001], [140.858333333322, 42.9750000000001], [140.858333333322, 42.9833333333334], [140.849999999988, 42.9833333333334], [140.849999999988, 42.9916666666667], [140.841666666655, 42.9916666666667], [140.841666666655, 43.0000000000001], [140.833333333322, 43.0000000000001], [140.833333333322, 43.0083333333334], [140.824999999988, 43.0083333333334]]]}}, {"type": "Feature", "properties": {"id": "赤平市", "name": "赤平市"}, "geometry": {"type": "Polygon", "coordinates": [[[141.974999999987, 43.5333333333334], [141.974999999987, 43.5583333333334], [141.983333333321, 43.5583333333334], [141.983333333321, 43.5750000000001], [141.991666666654, 43.5750000000001], [141.991666666654, 43.6000000000001], [141.999999999987, 43.6000000000001], [141.999999999987, 43.6083333333334], [142.016666666654, 43.6083333333334], [142.016666666654, 43.6166666666667], [142.033333333321, 43.6166666666667], [142.033333333321, 43.625], [142.049999999987, 43.625], [142.049999999987, 43.6166666666667], [142.058333333321, 43.6166666666667], [142.058333333321, 43.625], [142.074999999987, 43.625], [142.074999999987, 43.6333333333334], [142.083333333321, 43.6333333333334], [142.083333333321, 43.6416666666667], [142.091666666654, 43.6416666666667], [142.091666666654, 43.65], [142.099999999987, 43.65], [142.099999999987, 43.6416666666667], [142.108333333321, 43.6416666666667], [142.108333333321, 43.6166666666667], [142.116666666654, 43.6166666666667], [142.116666666654, 43.5750000000001], [142.124999999987, 43.5750000000001], [142.124999999987, 43.5666666666667], [142.116666666654, 43.5666666666667], [142.116666666654, 43.5583333333334], [142.108333333321, 43.5583333333334], [142.108333333321, 43.55], [142.099999999987, 43.55], [142.099999999987, 43.5416666666667], [142.141666666654, 43.5416666666667], [142.141666666654, 43.5166666666667], [142.124999999987, 43.5166666666667], [142.124999999987, 43.5083333333334], [142.116666666654, 43.5083333333334], [142.116666666654, 43.5], [142.108333333321, 43.5], [142.108333333321, 43.4833333333334], [142.091666666654, 43.4833333333334], [142.091666666654, 43.5], [142.083333333321, 43.5], [142.083333333321, 43.525], [142.058333333321, 43.525], [142.058333333321, 43.5333333333334], [142.016666666654, 43.5333333333334], [142.016666666654, 43.525], [141.983333333321, 43.525], [141.983333333321, 43.5333333333334], [141.974999999987, 43.5333333333334]]]}}, {"type": "Feature", "properties": {"id": "足寄町", "name": "足寄町"}, "geometry": {"type": "Polygon", "coordinates": [[[143.241666666665, 43.3833333333334], [143.241666666665, 43.4166666666667], [143.233333333332, 43.4166666666667], [143.233333333332, 43.4333333333334], [143.224999999999, 43.4333333333334], [143.224999999999, 43.4416666666667], [143.216666666665, 43.4416666666667], [143.216666666665, 43.4833333333334], [143.224999999999, 43.4833333333334], [143.224999999999, 43.4916666666667], [143.233333333332, 43.4916666666667], [143.233333333332, 43.525], [143.224999999999, 43.525], [143.224999999999, 43.5416666666667], [143.233333333332, 43.5416666666667], [143.233333333332, 43.5500000000001], [143.241666666665, 43.5500000000001], [143.241666666665, 43.5583333333334], [143.274999999998, 43.5583333333334], [143.274999999998, 43.5500000000001], [143.399999999998, 43.5500000000001], [143.399999999998, 43.5416666666667], [143.408333333332, 43.5416666666667], [143.408333333332, 43.5333333333334], [143.424999999998, 43.5333333333334], [143.424999999998, 43.5250000000001], [143.433333333332, 43.5250000000001], [143.433333333332, 43.5166666666667], [143.449999999998, 43.5166666666667], [143.449999999998, 43.5083333333334], [143.458333333332, 43.5083333333334], [143.458333333332, 43.4500000000001], [143.499999999998, 43.4500000000001], [143.499999999998, 43.4583333333334], [143.566666666665, 43.4583333333334], [143.566666666665, 43.4500000000001], [143.583333333332, 43.4500000000001], [143.583333333332, 43.4583333333334], [143.599999999998, 43.4583333333334], [143.599999999998, 43.4666666666667], [143.633333333331, 43.4666666666667], [143.633333333331, 43.4583333333334], [143.658333333331, 43.4583333333334], [143.658333333331, 43.4500000000001], [143.666666666665, 43.4500000000001], [143.666666666665, 43.4416666666667], [143.733333333331, 43.4416666666667], [143.733333333331, 43.4333333333334], [143.724999999998, 43.4333333333334], [143.724999999998, 43.4250000000001], [143.716666666665, 43.4250000000001], [143.716666666665, 43.4166666666667], [143.708333333331, 43.4166666666667], [143.708333333331, 43.4000000000001], [143.699999999998, 43.4000000000001], [143.699999999998, 43.3916666666667], [143.683333333331, 43.3916666666667], [143.683333333331, 43.3833333333334], [143.666666666665, 43.3833333333334], [143.666666666665, 43.3750000000001], [143.658333333331, 43.3750000000001], [143.658333333331, 43.3666666666667], [143.674999999998, 43.3666666666667], [143.674999999998, 43.3583333333334], [143.683333333331, 43.3583333333334], [143.683333333331, 43.3500000000001], [143.716666666665, 43.3500000000001], [143.716666666665, 43.3583333333334], [143.733333333331, 43.3583333333334], [143.733333333331, 43.3666666666667], [143.749999999998, 43.3666666666667], [143.749999999998, 43.3750000000001], [143.758333333331, 43.3750000000001], [143.758333333331, 43.3833333333334], [143.774999999998, 43.3833333333334], [143.774999999998, 43.3916666666667], [143.783333333331, 43.3916666666667], [143.783333333331, 43.4000000000001], [143.799999999998, 43.4000000000001], [143.799999999998, 43.4083333333334], [143.808333333331, 43.4083333333334], [143.808333333331, 43.4250000000001], [143.799999999998, 43.4250000000001], [143.799999999998, 43.4333333333334], [143.808333333331, 43.4333333333334], [143.808333333331, 43.4416666666667], [143.816666666665, 43.4416666666667], [143.816666666665, 43.4500000000001], [143.824999999998, 43.4500000000001], [143.824999999998, 43.4666666666667], [143.816666666665, 43.4666666666667], [143.816666666665, 43.4750000000001], [143.833333333331, 43.4750000000001], [143.833333333331, 43.4833333333334], [143.824999999998, 43.4833333333334], [143.824999999998, 43.4916666666667], [143.858333333331, 43.4916666666667], [143.858333333331, 43.4833333333334], [143.874999999998, 43.4833333333334], [143.874999999998, 43.4750000000001], [143.916666666665, 43.4750000000001], [143.916666666665, 43.4833333333334], [143.958333333331, 43.4833333333334], [143.958333333331, 43.4750000000001], [143.974999999998, 43.4750000000001], [143.974999999998, 43.4666666666667], [143.999999999998, 43.4666666666667], [143.999999999998, 43.4333333333334], [144.016666666664, 43.4333333333334], [144.016666666664, 43.4250000000001], [144.024999999998, 43.4250000000001], [144.024999999998, 43.4166666666667], [144.033333333331, 43.4166666666667], [144.033333333331, 43.4083333333334], [144.024999999998, 43.4083333333334], [144.024999999998, 43.3916666666667], [144.016666666664, 43.3916666666667], [144.016666666664, 43.3833333333334], [144.008333333331, 43.3833333333334], [144.008333333331, 43.3750000000001], [143.999999999998, 43.3750000000001], [143.999999999998, 43.3666666666667], [143.974999999998, 43.3666666666667], [143.974999999998, 43.3583333333334], [143.949999999998, 43.3583333333334], [143.949999999998, 43.3500000000001], [143.941666666665, 43.3500000000001], [143.941666666665, 43.3416666666667], [143.916666666665, 43.3416666666667], [143.916666666665, 43.3333333333334], [143.908333333331, 43.3333333333334], [143.908333333331, 43.3250000000001], [143.899999999998, 43.3250000000001], [143.899999999998, 43.3166666666667], [143.891666666665, 43.3166666666667], [143.891666666665, 43.3083333333334], [143.866666666665, 43.3083333333334], [143.866666666665, 43.3000000000001], [143.858333333331, 43.3000000000001], [143.858333333331, 43.2916666666667], [143.849999999998, 43.2916666666667], [143.849999999998, 43.2833333333334], [143.833333333331, 43.2833333333334], [143.833333333331, 43.2916666666667], [143.824999999998, 43.2916666666667], [143.824999999998, 43.2583333333334], [143.816666666665, 43.2583333333334], [143.816666666665, 43.2500000000001], [143.799999999998, 43.2500000000001], [143.799999999998, 43.2333333333334], [143.791666666665, 43.2333333333334], [143.791666666665, 43.2000000000001], [143.783333333331, 43.2000000000001], [143.783333333331, 43.2083333333334], [143.733333333331, 43.2083333333334], [143.733333333331, 43.2000000000001], [143.716666666665, 43.2000000000001], [143.716666666665, 43.2083333333334], [143.699999999998, 43.2083333333334], [143.699999999998, 43.2166666666667], [143.683333333331, 43.2166666666667], [143.683333333331, 43.2250000000001], [143.666666666665, 43.2250000000001], [143.666666666665, 43.2333333333334], [143.633333333331, 43.2333333333334], [143.633333333331, 43.2250000000001], [143.616666666665, 43.2250000000001], [143.616666666665, 43.2166666666667], [143.599999999998, 43.2166666666667], [143.599999999998, 43.2083333333334], [143.583333333332, 43.2083333333334], [143.583333333332, 43.1916666666667], [143.566666666665, 43.1916666666667], [143.566666666665, 43.2083333333334], [143.558333333332, 43.2083333333334], [143.558333333332, 43.2166666666667], [143.549999999998, 43.2166666666667], [143.549999999998, 43.2250000000001], [143.541666666665, 43.2250000000001], [143.541666666665, 43.2333333333334], [143.483333333332, 43.2333333333334], [143.483333333332, 43.2416666666667], [143.408333333332, 43.2416666666667], [143.408333333332, 43.2500000000001], [143.399999999998, 43.2500000000001], [143.399999999998, 43.2583333333334], [143.408333333332, 43.2583333333334], [143.408333333332, 43.2916666666667], [143.399999999998, 43.2916666666667], [143.399999999998, 43.3000000000001], [143.383333333332, 43.3000000000001], [143.383333333332, 43.3083333333334], [143.324999999998, 43.3083333333334], [143.324999999998, 43.3166666666667], [143.316666666665, 43.3166666666667], [143.316666666665, 43.3333333333334], [143.308333333332, 43.3333333333334], [143.308333333332, 43.3416666666667], [143.299999999998, 43.3416666666667], [143.299999999998, 43.3500000000001], [143.291666666665, 43.3500000000001], [143.291666666665, 43.3583333333334], [143.283333333332, 43.3583333333334], [143.283333333332, 43.3750000000001], [143.249999999998, 43.3750000000001], [143.249999999998, 43.3833333333334], [143.241666666665, 43.3833333333334]]]}}, {"type": "Feature", "properties": {"id": "遠別町", "name": "遠別町"}, "geometry": {"type": "Polygon", "coordinates": [[[141.783333333321, 44.6583333333333], [141.783333333321, 44.7166666666666], [141.774999999988, 44.7166666666666], [141.774999999988, 44.7666666666666], [141.766666666654, 44.7666666666666], [141.766666666654, 44.8083333333333], [141.791666666654, 44.8083333333333], [141.791666666654, 44.8166666666666], [141.841666666654, 44.8166666666666], [141.841666666654, 44.825], [141.849999999988, 44.825], [141.849999999988, 44.8416666666666], [141.866666666654, 44.8416666666666], [141.866666666654, 44.8166666666666], [141.874999999988, 44.8166666666666], [141.874999999988, 44.8083333333333], [141.883333333321, 44.8083333333333], [141.883333333321, 44.7916666666667], [141.891666666654, 44.7916666666667], [141.891666666654, 44.7666666666667], [141.941666666654, 44.7666666666667], [141.941666666654, 44.775], [141.991666666654, 44.775], [141.991666666654, 44.7583333333333], [141.983333333321, 44.7583333333333], [141.983333333321, 44.75], [141.974999999987, 44.75], [141.974999999987, 44.7416666666667], [141.983333333321, 44.7416666666667], [141.983333333321, 44.725], [141.999999999987, 44.725], [141.999999999987, 44.7166666666666], [141.991666666654, 44.7166666666666], [141.991666666654, 44.7083333333333], [141.999999999987, 44.7083333333333], [141.999999999987, 44.6916666666666], [141.991666666654, 44.6916666666666], [141.991666666654, 44.6666666666667], [141.999999999987, 44.6666666666667], [141.999999999987, 44.6583333333333], [142.008333333321, 44.6583333333333], [142.008333333321, 44.6166666666667], [142.016666666654, 44.6166666666667], [142.016666666654, 44.6083333333333], [142.008333333321, 44.6083333333333], [142.008333333321, 44.6], [142.016666666654, 44.6], [142.016666666654, 44.5916666666667], [142.033333333321, 44.5916666666667], [142.033333333321, 44.5833333333333], [142.041666666654, 44.5833333333333], [142.041666666654, 44.5666666666667], [142.049999999987, 44.5666666666667], [142.049999999987, 44.5333333333333], [142.041666666654, 44.5333333333333], [142.041666666654, 44.525], [142.049999999987, 44.525], [142.049999999987, 44.5166666666667], [142.058333333321, 44.5166666666667], [142.058333333321, 44.5083333333333], [142.066666666654, 44.5083333333333], [142.066666666654, 44.5], [142.074999999987, 44.5], [142.074999999987, 44.4916666666667], [142.108333333321, 44.4916666666667], [142.108333333321, 44.4833333333333], [142.116666666654, 44.4833333333333], [142.116666666654, 44.4583333333333], [142.108333333321, 44.4583333333333], [142.108333333321, 44.4416666666667], [142.099999999987, 44.4416666666667], [142.099999999987, 44.4333333333333], [142.083333333321, 44.4333333333333], [142.083333333321, 44.425], [142.066666666654, 44.425], [142.066666666654, 44.4166666666667], [142.058333333321, 44.4166666666667], [142.058333333321, 44.4083333333333], [142.041666666654, 44.4083333333333], [142.041666666654, 44.4], [142.024999999987, 44.4], [142.024999999987, 44.375], [142.033333333321, 44.375], [142.033333333321, 44.3583333333333], [142.016666666654, 44.3583333333333], [142.016666666654, 44.3666666666667], [142.008333333321, 44.3666666666667], [142.008333333321, 44.3916666666667], [141.999999999987, 44.3916666666667], [141.999999999987, 44.4166666666667], [141.991666666654, 44.4166666666667], [141.991666666654, 44.425], [141.974999999987, 44.425], [141.974999999987, 44.4416666666667], [141.966666666654, 44.4416666666667], [141.966666666654, 44.45], [141.933333333321, 44.45], [141.933333333321, 44.4583333333333], [141.924999999987, 44.4583333333333], [141.924999999987, 44.4666666666667], [141.908333333321, 44.4666666666667], [141.908333333321, 44.4916666666667], [141.899999999988, 44.4916666666667], [141.899999999988, 44.5083333333333], [141.908333333321, 44.5083333333333], [141.908333333321, 44.5166666666667], [141.924999999987, 44.5166666666667], [141.924999999987, 44.55], [141.933333333321, 44.55], [141.933333333321, 44.575], [141.924999999987, 44.575], [141.924999999987, 44.6], [141.858333333321, 44.6], [141.858333333321, 44.6083333333333], [141.833333333321, 44.6083333333333], [141.833333333321, 44.6166666666667], [141.824999999988, 44.6166666666667], [141.824999999988, 44.625], [141.816666666654, 44.625], [141.816666666654, 44.6333333333333], [141.799999999988, 44.6333333333333], [141.799999999988, 44.6416666666667], [141.791666666654, 44.6416666666667], [141.791666666654, 44.6583333333333], [141.783333333321, 44.6583333333333]]]}}, {"type": "Feature", "properties": {"id": "遠軽町", "name": "遠軽町"}, "geometry": {"type": "Polygon", "coordinates": [[[143.049999999999, 43.75], [143.016666666665, 43.75], [143.016666666665, 43.7583333333334], [143.008333333332, 43.7583333333334], [143.008333333332, 43.7833333333334], [143.016666666665, 43.7833333333334], [143.016666666665, 43.8], [143.024999999999, 43.8], [143.024999999999, 43.8083333333334], [143.041666666665, 43.8083333333334], [143.041666666665, 43.8166666666667], [143.016666666665, 43.8166666666667], [143.016666666665, 43.825], [143.008333333332, 43.825], [143.008333333332, 43.8416666666667], [143.016666666665, 43.8416666666667], [143.016666666665, 43.875], [143.024999999999, 43.875], [143.024999999999, 43.8916666666667], [143.033333333332, 43.8916666666667], [143.033333333332, 43.9], [143.041666666665, 43.9], [143.041666666665, 43.9083333333334], [143.049999999999, 43.9083333333334], [143.049999999999, 43.9166666666667], [143.066666666665, 43.9166666666667], [143.066666666665, 43.9333333333334], [143.083333333332, 43.9333333333334], [143.083333333332, 43.9416666666667], [143.091666666665, 43.9416666666667], [143.091666666665, 43.95], [143.099999999999, 43.95], [143.099999999999, 43.9583333333334], [143.108333333332, 43.9583333333334], [143.108333333332, 43.9666666666667], [143.099999999999, 43.9666666666667], [143.099999999999, 43.9833333333334], [143.091666666665, 43.9833333333334], [143.091666666665, 43.9916666666667], [143.099999999999, 43.9916666666667], [143.099999999999, 44.0], [143.149999999999, 44.0], [143.149999999999, 43.9916666666667], [143.166666666665, 43.9916666666667], [143.166666666665, 44.0], [143.174999999999, 44.0], [143.174999999999, 44.0166666666667], [143.216666666665, 44.0166666666667], [143.216666666665, 44.025], [143.224999999999, 44.025], [143.224999999999, 44.0333333333334], [143.249999999998, 44.0333333333334], [143.249999999998, 44.0416666666667], [143.266666666665, 44.0416666666667], [143.266666666665, 44.0333333333334], [143.299999999998, 44.0333333333334], [143.299999999998, 44.0416666666667], [143.308333333332, 44.0416666666667], [143.308333333332, 44.05], [143.324999999998, 44.05], [143.324999999998, 44.0583333333334], [143.333333333332, 44.0583333333334], [143.333333333332, 44.0666666666667], [143.341666666665, 44.0666666666667], [143.341666666665, 44.075], [143.349999999998, 44.075], [143.349999999998, 44.0833333333334], [143.358333333332, 44.0833333333334], [143.358333333332, 44.0916666666667], [143.366666666665, 44.0916666666667], [143.366666666665, 44.1], [143.374999999998, 44.1], [143.374999999998, 44.1083333333334], [143.408333333332, 44.1083333333334], [143.408333333332, 44.1], [143.416666666665, 44.1], [143.416666666665, 44.0916666666667], [143.441666666665, 44.0916666666667], [143.441666666665, 44.0833333333334], [143.449999999998, 44.0833333333334], [143.449999999998, 44.0916666666667], [143.474999999998, 44.0916666666667], [143.474999999998, 44.0833333333334], [143.524999999998, 44.0833333333334], [143.524999999998, 44.0916666666667], [143.541666666665, 44.0916666666667], [143.541666666665, 44.1], [143.549999999998, 44.1], [143.549999999998, 44.0916666666667], [143.574999999998, 44.0916666666667], [143.574999999998, 44.0416666666667], [143.566666666665, 44.0416666666667], [143.566666666665, 43.9916666666667], [143.591666666665, 43.9916666666667], [143.591666666665, 43.9833333333334], [143.583333333332, 43.9833333333334], [143.583333333332, 43.9666666666667], [143.574999999998, 43.9666666666667], [143.574999999998, 43.95], [143.583333333332, 43.95], [143.583333333332, 43.9416666666667], [143.591666666665, 43.9416666666667], [143.591666666665, 43.925], [143.583333333332, 43.925], [143.583333333332, 43.8833333333334], [143.574999999998, 43.8833333333334], [143.574999999998, 43.875], [143.566666666665, 43.875], [143.566666666665, 43.8416666666667], [143.533333333332, 43.8416666666667], [143.533333333332, 43.8333333333334], [143.524999999998, 43.8333333333334], [143.524999999998, 43.8166666666667], [143.499999999998, 43.8166666666667], [143.499999999998, 43.8083333333334], [143.474999999998, 43.8083333333334], [143.474999999998, 43.8166666666667], [143.466666666665, 43.8166666666667], [143.466666666665, 43.8083333333334], [143.441666666665, 43.8083333333334], [143.441666666665, 43.8], [143.408333333332, 43.8], [143.408333333332, 43.7916666666667], [143.399999999998, 43.7916666666667], [143.399999999998, 43.8], [143.374999999998, 43.8], [143.374999999998, 43.7916666666667], [143.366666666665, 43.7916666666667], [143.366666666665, 43.7833333333334], [143.358333333332, 43.7833333333334], [143.358333333332, 43.775], [143.341666666665, 43.775], [143.341666666665, 43.7666666666667], [143.308333333332, 43.7666666666667], [143.308333333332, 43.7583333333334], [143.274999999998, 43.7583333333334], [143.274999999998, 43.75], [143.266666666665, 43.75], [143.266666666665, 43.7416666666667], [143.249999999998, 43.7416666666667], [143.249999999998, 43.725], [143.258333333332, 43.725], [143.258333333332, 43.7166666666667], [143.249999999998, 43.7166666666667], [143.249999999998, 43.7083333333334], [143.241666666665, 43.7083333333334], [143.241666666665, 43.7], [143.183333333332, 43.7], [143.183333333332, 43.7083333333334], [143.166666666665, 43.7083333333334], [143.166666666665, 43.725], [143.174999999999, 43.725], [143.174999999999, 43.75], [143.166666666665, 43.75], [143.166666666665, 43.7583333333334], [143.158333333332, 43.7583333333334], [143.158333333332, 43.7666666666667], [143.149999999999, 43.7666666666667], [143.149999999999, 43.7583333333334], [143.124999999999, 43.7583333333334], [143.124999999999, 43.75], [143.099999999999, 43.75], [143.099999999999, 43.7416666666667], [143.066666666665, 43.7416666666667], [143.066666666665, 43.75], [143.058333333332, 43.75], [143.058333333332, 43.7416666666667], [143.049999999999, 43.7416666666667], [143.049999999999, 43.75]]]}}, {"type": "Feature", "properties": {"id": "釧路市", "name": "釧路市"}, "geometry": {"type": "MultiPolygon", "coordinates": [[[[143.766666666665, 42.9166666666667], [143.766666666665, 42.9583333333334], [143.758333333331, 42.9583333333334], [143.758333333331, 42.9666666666667], [143.749999999998, 42.9666666666667], [143.749999999998, 42.9833333333334], [143.741666666665, 42.9833333333334], [143.741666666665, 42.9916666666667], [143.708333333331, 42.9916666666667], [143.708333333331, 43.0416666666667], [143.716666666665, 43.0416666666667], [143.716666666665, 43.0500000000001], [143.724999999998, 43.0500000000001], [143.724999999998, 43.0583333333334], [143.741666666665, 43.0583333333334], [143.741666666665, 43.0750000000001], [143.749999999998, 43.0750000000001], [143.749999999998, 43.0833333333334], [143.758333333331, 43.0833333333334], [143.758333333331, 43.1166666666667], [143.766666666665, 43.1166666666667], [143.766666666665, 43.1250000000001], [143.808333333331, 43.1250000000001], [143.808333333331, 43.1083333333334], [143.816666666665, 43.1083333333334], [143.816666666665, 43.1000000000001], [143.833333333331, 43.1000000000001], [143.833333333331, 43.0916666666667], [143.883333333331, 43.0916666666667], [143.883333333331, 43.0833333333334], [143.899999999998, 43.0833333333334], [143.899999999998, 43.0750000000001], [143.908333333331, 43.0750000000001], [143.908333333331, 43.0666666666667], [143.916666666665, 43.0666666666667], [143.916666666665, 43.0583333333334], [143.924999999998, 43.0583333333334], [143.924999999998, 43.0500000000001], [143.916666666665, 43.0500000000001], [143.916666666665, 43.0250000000001], [143.908333333331, 43.0250000000001], [143.908333333331, 43.0166666666667], [143.899999999998, 43.0166666666667], [143.899999999998, 42.9916666666668], [143.908333333331, 42.9916666666668], [143.908333333331, 42.9833333333334], [143.916666666665, 42.9833333333334], [143.916666666665, 42.9750000000001], [143.924999999998, 42.9750000000001], [143.924999999998, 42.9666666666668], [143.958333333331, 42.9666666666668], [143.958333333331, 42.9583333333334], [143.974999999998, 42.9583333333334], [143.974999999998, 42.9500000000001], [143.983333333331, 42.9500000000001], [143.983333333331, 42.9416666666668], [143.991666666664, 42.9416666666668], [143.991666666664, 42.9250000000001], [143.999999999998, 42.9250000000001], [143.999999999998, 42.9166666666667], [143.991666666664, 42.9166666666667], [143.991666666664, 42.9083333333334], [143.983333333331, 42.9083333333334], [143.983333333331, 42.9000000000001], [143.966666666665, 42.9000000000001], [143.966666666665, 42.8916666666668], [143.949999999998, 42.8916666666668], [143.949999999998, 42.8833333333334], [143.924999999998, 42.8833333333334], [143.924999999998, 42.8750000000001], [143.916666666665, 42.8750000000001], [143.916666666665, 42.8666666666668], [143.908333333331, 42.8666666666668], [143.908333333331, 42.8583333333334], [143.891666666665, 42.8583333333334], [143.891666666665, 42.8500000000001], [143.883333333331, 42.8500000000001], [143.883333333331, 42.8416666666668], [143.866666666665, 42.8416666666668], [143.866666666665, 42.8500000000001], [143.849999999998, 42.8500000000001], [143.849999999998, 42.8583333333334], [143.833333333331, 42.8583333333334], [143.833333333331, 42.8666666666668], [143.824999999998, 42.8666666666668], [143.824999999998, 42.8750000000001], [143.808333333331, 42.8750000000001], [143.808333333331, 42.8833333333334], [143.791666666665, 42.8833333333334], [143.791666666665, 42.8916666666668], [143.783333333331, 42.8916666666668], [143.783333333331, 42.9083333333334], [143.774999999998, 42.9083333333334], [143.774999999998, 42.9166666666667], [143.766666666665, 42.9166666666667]]], [[[143.991666666664, 43.2083333333334], [143.983333333331, 43.2083333333334], [143.983333333331, 43.2333333333334], [143.974999999998, 43.2333333333334], [143.974999999998, 43.2416666666667], [143.966666666665, 43.2416666666667], [143.966666666665, 43.2583333333334], [143.958333333331, 43.2583333333334], [143.958333333331, 43.2666666666667], [143.966666666665, 43.2666666666667], [143.966666666665, 43.2833333333334], [143.983333333331, 43.2833333333334], [143.983333333331, 43.2916666666667], [143.991666666664, 43.2916666666667], [143.991666666664, 43.3083333333334], [144.008333333331, 43.3083333333334], [144.008333333331, 43.3250000000001], [144.016666666664, 43.3250000000001], [144.016666666664, 43.3333333333334], [144.024999999998, 43.3333333333334], [144.024999999998, 43.3500000000001], [144.033333333331, 43.3500000000001], [144.033333333331, 43.3583333333334], [144.024999999998, 43.3583333333334], [144.024999999998, 43.3666666666667], [144.016666666664, 43.3666666666667], [144.016666666664, 43.3750000000001], [144.008333333331, 43.3750000000001], [144.008333333331, 43.3833333333334], [144.016666666664, 43.3833333333334], [144.016666666664, 43.3916666666667], [144.024999999998, 43.3916666666667], [144.024999999998, 43.4083333333334], [144.033333333331, 43.4083333333334], [144.033333333331, 43.4166666666667], [144.024999999998, 43.4166666666667], [144.024999999998, 43.4250000000001], [144.016666666664, 43.4250000000001], [144.016666666664, 43.4333333333334], [143.999999999998, 43.4333333333334], [143.999999999998, 43.4666666666667], [144.016666666664, 43.4666666666667], [144.016666666664, 43.4583333333334], [144.024999999998, 43.4583333333334], [144.024999999998, 43.4666666666667], [144.049999999998, 43.4666666666667], [144.049999999998, 43.4750000000001], [144.074999999998, 43.4750000000001], [144.074999999998, 43.5083333333334], [144.083333333331, 43.5083333333334], [144.083333333331, 43.5166666666667], [144.133333333331, 43.5166666666667], [144.133333333331, 43.5250000000001], [144.166666666664, 43.5250000000001], [144.166666666664, 43.5166666666667], [144.191666666664, 43.5166666666667], [144.191666666664, 43.5250000000001], [144.216666666664, 43.5250000000001], [144.216666666664, 43.5166666666667], [144.241666666664, 43.5166666666667], [144.241666666664, 43.5], [144.233333333331, 43.5], [144.233333333331, 43.4583333333334], [144.241666666664, 43.4583333333334], [144.241666666664, 43.4500000000001], [144.233333333331, 43.4500000000001], [144.233333333331, 43.4333333333334], [144.224999999998, 43.4333333333334], [144.224999999998, 43.4250000000001], [144.216666666664, 43.4250000000001], [144.216666666664, 43.4166666666667], [144.208333333331, 43.4166666666667], [144.208333333331, 43.4083333333334], [144.199999999998, 43.4083333333334], [144.199999999998, 43.4000000000001], [144.183333333331, 43.4000000000001], [144.183333333331, 43.3833333333334], [144.174999999998, 43.3833333333334], [144.174999999998, 43.3750000000001], [144.166666666664, 43.3750000000001], [144.166666666664, 43.3666666666667], [144.158333333331, 43.3666666666667], [144.158333333331, 43.3583333333334], [144.149999999998, 43.3583333333334], [144.149999999998, 43.3333333333334], [144.141666666664, 43.3333333333334], [144.141666666664, 43.3250000000001], [144.133333333331, 43.3250000000001], [144.133333333331, 43.3000000000001], [144.141666666664, 43.3000000000001], [144.141666666664, 43.2916666666667], [144.149999999998, 43.2916666666667], [144.149999999998, 43.2750000000001], [144.158333333331, 43.2750000000001], [144.158333333331, 43.2666666666667], [144.174999999998, 43.2666666666667], [144.174999999998, 43.2583333333334], [144.191666666664, 43.2583333333334], [144.191666666664, 43.2500000000001], [144.199999999998, 43.2500000000001], [144.199999999998, 43.2416666666667], [144.208333333331, 43.2416666666667], [144.208333333331, 43.2333333333334], [144.216666666664, 43.2333333333334], [144.216666666664, 43.2166666666667], [144.224999999998, 43.2166666666667], [144.224999999998, 43.1916666666667], [144.233333333331, 43.1916666666667], [144.233333333331, 43.1833333333334], [144.241666666664, 43.1833333333334], [144.241666666664, 43.1666666666667], [144.249999999998, 43.1666666666667], [144.249999999998, 43.1416666666667], [144.258333333331, 43.1416666666667], [144.258333333331, 43.1250000000001], [144.266666666664, 43.1250000000001], [144.266666666664, 43.1083333333334], [144.274999999998, 43.1083333333334], [144.274999999998, 43.0916666666667], [144.283333333331, 43.0916666666667], [144.283333333331, 43.0833333333334], [144.299999999998, 43.0833333333334], [144.299999999998, 43.0750000000001], [144.316666666664, 43.0750000000001], [144.316666666664, 43.0833333333334], [144.358333333331, 43.0833333333334], [144.358333333331, 43.0750000000001], [144.399999999997, 43.0750000000001], [144.399999999997, 43.0666666666667], [144.408333333331, 43.0666666666667], [144.408333333331, 43.0583333333334], [144.416666666664, 43.0583333333334], [144.416666666664, 43.0500000000001], [144.424999999997, 43.0500000000001], [144.424999999997, 43.0250000000001], [144.416666666664, 43.0250000000001], [144.416666666664, 43.0166666666667], [144.399999999997, 43.0166666666667], [144.399999999997, 43.0000000000001], [144.433333333331, 43.0000000000001], [144.433333333331, 42.9916666666668], [144.441666666664, 42.9916666666668], [144.441666666664, 42.9833333333334], [144.458333333331, 42.9833333333334], [144.458333333331, 42.9750000000001], [144.466666666664, 42.9750000000001], [144.466666666664, 42.9666666666668], [144.474999999997, 42.9666666666668], [144.474999999997, 42.9583333333334], [144.483333333331, 42.9583333333334], [144.483333333331, 42.9333333333334], [144.474999999997, 42.9333333333334], [144.474999999997, 42.9416666666667], [144.433333333331, 42.9416666666667], [144.433333333331, 42.9500000000001], [144.399999999997, 42.9500000000001], [144.399999999997, 42.9583333333334], [144.391666666664, 42.9583333333334], [144.391666666664, 42.9666666666667], [144.358333333331, 42.9666666666667], [144.358333333331, 42.9750000000001], [144.366666666664, 42.9750000000001], [144.366666666664, 42.9833333333334], [144.358333333331, 42.9833333333334], [144.358333333331, 42.9916666666667], [144.316666666664, 42.9916666666667], [144.316666666664, 43.0000000000001], [144.233333333331, 43.0000000000001], [144.233333333331, 42.9916666666667], [144.224999999998, 42.9916666666667], [144.224999999998, 43.0083333333334], [144.216666666664, 43.0083333333334], [144.216666666664, 43.0333333333334], [144.183333333331, 43.0333333333334], [144.183333333331, 43.0416666666667], [144.158333333331, 43.0416666666667], [144.158333333331, 43.0583333333334], [144.099999999998, 43.0583333333334], [144.099999999998, 43.0666666666667], [144.091666666664, 43.0666666666667], [144.091666666664, 43.0833333333334], [144.083333333331, 43.0833333333334], [144.083333333331, 43.1166666666667], [144.074999999998, 43.1166666666667], [144.074999999998, 43.1250000000001], [144.049999999998, 43.1250000000001], [144.049999999998, 43.1333333333334], [144.033333333331, 43.1333333333334], [144.033333333331, 43.1666666666667], [144.024999999998, 43.1666666666667], [144.024999999998, 43.1750000000001], [143.999999999998, 43.1750000000001], [143.999999999998, 43.1833333333334], [143.991666666664, 43.1833333333334], [143.991666666664, 43.2083333333334]]]]}}, {"type": "Feature", "properties": {"id": "釧路町", "name": "釧路町"}, "geometry": {"type": "Polygon", "coordinates": [[[144.433333333331, 43.0000000000001], [144.399999999997, 43.0000000000001], [144.399999999997, 43.0166666666668], [144.416666666664, 43.0166666666668], [144.416666666664, 43.0250000000001], [144.424999999997, 43.0250000000001], [144.424999999997, 43.0500000000001], [144.416666666664, 43.0500000000001], [144.416666666664, 43.0583333333334], [144.408333333331, 43.0583333333334], [144.408333333331, 43.0666666666667], [144.399999999997, 43.0666666666667], [144.399999999997, 43.1083333333334], [144.424999999997, 43.1083333333334], [144.424999999997, 43.1166666666667], [144.508333333331, 43.1166666666667], [144.508333333331, 43.1083333333334], [144.533333333331, 43.1083333333334], [144.533333333331, 43.1000000000001], [144.541666666664, 43.1000000000001], [144.541666666664, 43.0750000000001], [144.549999999997, 43.0750000000001], [144.549999999997, 43.0583333333334], [144.558333333331, 43.0583333333334], [144.558333333331, 43.0416666666667], [144.549999999997, 43.0416666666667], [144.549999999997, 43.0250000000001], [144.574999999997, 43.0250000000001], [144.574999999997, 42.9833333333334], [144.591666666664, 42.9833333333334], [144.591666666664, 42.9916666666668], [144.608333333331, 42.9916666666668], [144.608333333331, 42.9833333333334], [144.616666666664, 42.9833333333334], [144.616666666664, 42.9750000000001], [144.633333333331, 42.9750000000001], [144.633333333331, 42.9666666666668], [144.658333333331, 42.9666666666668], [144.658333333331, 42.9583333333334], [144.674999999997, 42.9583333333334], [144.674999999997, 42.9750000000001], [144.683333333331, 42.9750000000001], [144.683333333331, 42.9833333333334], [144.691666666664, 42.9833333333334], [144.691666666664, 42.9916666666668], [144.716666666664, 42.9916666666668], [144.716666666664, 43.0000000000001], [144.724999999997, 43.0000000000001], [144.724999999997, 42.9750000000001], [144.73333333333, 42.9750000000001], [144.73333333333, 42.9666666666668], [144.741666666664, 42.9666666666668], [144.741666666664, 42.9583333333334], [144.75833333333, 42.9583333333334], [144.75833333333, 42.9500000000001], [144.774999999997, 42.9500000000001], [144.774999999997, 42.9416666666668], [144.78333333333, 42.9416666666668], [144.78333333333, 42.9333333333334], [144.691666666664, 42.9333333333334], [144.691666666664, 42.9416666666667], [144.683333333331, 42.9416666666667], [144.683333333331, 42.9333333333334], [144.674999999997, 42.9333333333334], [144.674999999997, 42.9416666666667], [144.658333333331, 42.9416666666667], [144.658333333331, 42.9500000000001], [144.649999999997, 42.9500000000001], [144.649999999997, 42.9416666666667], [144.641666666664, 42.9416666666667], [144.641666666664, 42.9500000000001], [144.558333333331, 42.9500000000001], [144.558333333331, 42.9416666666667], [144.541666666664, 42.9416666666667], [144.541666666664, 42.9500000000001], [144.524999999997, 42.9500000000001], [144.524999999997, 42.9416666666667], [144.499999999997, 42.9416666666667], [144.499999999997, 42.9333333333334], [144.483333333331, 42.9333333333334], [144.483333333331, 42.9583333333334], [144.474999999997, 42.9583333333334], [144.474999999997, 42.9666666666667], [144.466666666664, 42.9666666666667], [144.466666666664, 42.9750000000001], [144.458333333331, 42.9750000000001], [144.458333333331, 42.9833333333334], [144.441666666664, 42.9833333333334], [144.441666666664, 42.9916666666667], [144.433333333331, 42.9916666666667], [144.433333333331, 43.0000000000001]]]}}, {"type": "Feature", "properties": {"id": "長万部町", "name": "長万部町"}, "geometry": {"type": "MultiPolygon", "coordinates": [[[[140.224999999989, 42.4166666666668], [140.224999999989, 42.4416666666668], [140.216666666656, 42.4416666666668], [140.216666666656, 42.4666666666668], [140.208333333322, 42.4666666666668], [140.208333333322, 42.4750000000001], [140.216666666656, 42.4750000000001], [140.216666666656, 42.4833333333334], [140.224999999989, 42.4833333333334], [140.224999999989, 42.4916666666668], [140.233333333322, 42.4916666666668], [140.233333333322, 42.5083333333334], [140.241666666656, 42.5083333333334], [140.241666666656, 42.5166666666668], [140.249999999989, 42.5166666666668], [140.249999999989, 42.5250000000001], [140.258333333322, 42.5250000000001], [140.258333333322, 42.5416666666668], [140.266666666656, 42.5416666666668], [140.266666666656, 42.5500000000001], [140.249999999989, 42.5500000000001], [140.249999999989, 42.5666666666668], [140.233333333322, 42.5666666666668], [140.233333333322, 42.5750000000001], [140.199999999989, 42.5750000000001], [140.199999999989, 42.5833333333334], [140.191666666656, 42.5833333333334], [140.191666666656, 42.6083333333334], [140.216666666656, 42.6083333333334], [140.216666666656, 42.6000000000001], [140.266666666656, 42.6000000000001], [140.266666666656, 42.6083333333334], [140.283333333322, 42.6083333333334], [140.283333333322, 42.6166666666668], [140.291666666656, 42.6166666666668], [140.291666666656, 42.6250000000001], [140.341666666656, 42.6250000000001], [140.341666666656, 42.6166666666668], [140.358333333322, 42.6166666666668], [140.358333333322, 42.6083333333334], [140.366666666656, 42.6083333333334], [140.366666666656, 42.6000000000001], [140.383333333322, 42.6000000000001], [140.383333333322, 42.5916666666668], [140.416666666656, 42.5916666666668], [140.416666666656, 42.6000000000001], [140.424999999989, 42.6000000000001], [140.424999999989, 42.6083333333334], [140.466666666655, 42.6083333333334], [140.466666666655, 42.6000000000001], [140.483333333322, 42.6000000000001], [140.483333333322, 42.5916666666668], [140.516666666655, 42.5916666666668], [140.516666666655, 42.5833333333334], [140.466666666655, 42.5833333333334], [140.466666666655, 42.5750000000001], [140.449999999989, 42.5750000000001], [140.449999999989, 42.5666666666668], [140.441666666655, 42.5666666666668], [140.441666666655, 42.5583333333334], [140.424999999989, 42.5583333333334], [140.424999999989, 42.5416666666668], [140.408333333322, 42.5416666666668], [140.408333333322, 42.5333333333334], [140.399999999989, 42.5333333333334], [140.399999999989, 42.5166666666668], [140.391666666656, 42.5166666666668], [140.391666666656, 42.5083333333334], [140.383333333322, 42.5083333333334], [140.383333333322, 42.5000000000001], [140.374999999989, 42.5000000000001], [140.374999999989, 42.4916666666668], [140.366666666656, 42.4916666666668], [140.366666666656, 42.4833333333334], [140.358333333322, 42.4833333333334], [140.358333333322, 42.4750000000001], [140.349999999989, 42.4750000000001], [140.349999999989, 42.4666666666668], [140.341666666656, 42.4666666666668], [140.341666666656, 42.4500000000001], [140.333333333322, 42.4500000000001], [140.333333333322, 42.4333333333334], [140.324999999989, 42.4333333333334], [140.324999999989, 42.4250000000001], [140.316666666656, 42.4250000000001], [140.316666666656, 42.4000000000001], [140.308333333322, 42.4000000000001], [140.308333333322, 42.3916666666668], [140.299999999989, 42.3916666666668], [140.299999999989, 42.3750000000001], [140.291666666656, 42.3750000000001], [140.291666666656, 42.3833333333334], [140.224999999989, 42.3833333333334], [140.224999999989, 42.4000000000001], [140.233333333322, 42.4000000000001], [140.233333333322, 42.4166666666668], [140.224999999989, 42.4166666666668]]], [[[140.524999999989, 42.5916666666668], [140.533333333322, 42.5916666666668], [140.533333333322, 42.5833333333334], [140.524999999989, 42.5833333333334], [140.524999999989, 42.5916666666668]]], [[[140.533333333322, 42.6000000000001], [140.541666666655, 42.6000000000001], [140.541666666655, 42.5916666666668], [140.533333333322, 42.5916666666668], [140.533333333322, 42.6000000000001]]]]}}, {"type": "Feature", "properties": {"id": "長沼町", "name": "長沼町"}, "geometry": {"type": "Polygon", "coordinates": [[[141.649999999988, 42.9083333333334], [141.658333333321, 42.9083333333334], [141.658333333321, 42.9250000000001], [141.649999999988, 42.9250000000001], [141.649999999988, 42.9500000000001], [141.633333333321, 42.9500000000001], [141.633333333321, 42.9750000000001], [141.624999999988, 42.9750000000001], [141.624999999988, 42.9833333333334], [141.591666666654, 42.9833333333334], [141.591666666654, 43.0000000000001], [141.616666666654, 43.0000000000001], [141.616666666654, 43.0083333333334], [141.624999999988, 43.0083333333334], [141.624999999988, 43.0166666666668], [141.633333333321, 43.0166666666668], [141.633333333321, 43.0250000000001], [141.649999999988, 43.0250000000001], [141.649999999988, 43.0333333333334], [141.666666666654, 43.0333333333334], [141.666666666654, 43.0416666666667], [141.674999999988, 43.0416666666667], [141.674999999988, 43.0500000000001], [141.683333333321, 43.0500000000001], [141.683333333321, 43.0666666666667], [141.699999999988, 43.0666666666667], [141.699999999988, 43.0750000000001], [141.708333333321, 43.0750000000001], [141.708333333321, 43.0833333333334], [141.741666666654, 43.0833333333334], [141.741666666654, 43.0750000000001], [141.758333333321, 43.0750000000001], [141.758333333321, 43.0666666666667], [141.766666666654, 43.0666666666667], [141.766666666654, 43.0500000000001], [141.758333333321, 43.0500000000001], [141.758333333321, 43.0333333333334], [141.749999999988, 43.0333333333334], [141.749999999988, 43.0166666666668], [141.758333333321, 43.0166666666668], [141.758333333321, 43.0083333333334], [141.749999999988, 43.0083333333334], [141.749999999988, 42.9666666666668], [141.758333333321, 42.9666666666668], [141.758333333321, 42.9416666666667], [141.749999999988, 42.9416666666667], [141.749999999988, 42.9333333333334], [141.741666666654, 42.9333333333334], [141.741666666654, 42.9250000000001], [141.724999999988, 42.9250000000001], [141.724999999988, 42.9166666666667], [141.708333333321, 42.9166666666667], [141.708333333321, 42.9000000000001], [141.691666666654, 42.9000000000001], [141.691666666654, 42.9083333333334], [141.674999999988, 42.9083333333334], [141.674999999988, 42.8916666666668], [141.666666666654, 42.8916666666668], [141.666666666654, 42.8833333333334], [141.658333333321, 42.8833333333334], [141.658333333321, 42.8916666666668], [141.649999999988, 42.8916666666668], [141.649999999988, 42.9083333333334]]]}}, {"type": "Feature", "properties": {"id": "陸別町", "name": "陸別町"}, "geometry": {"type": "Polygon", "coordinates": [[[143.458333333332, 43.5083333333334], [143.466666666665, 43.5083333333334], [143.466666666665, 43.5250000000001], [143.474999999998, 43.5250000000001], [143.474999999998, 43.5333333333334], [143.483333333332, 43.5333333333334], [143.483333333332, 43.5416666666667], [143.499999999998, 43.5416666666667], [143.499999999998, 43.5500000000001], [143.516666666665, 43.5500000000001], [143.516666666665, 43.5583333333334], [143.524999999998, 43.5583333333334], [143.524999999998, 43.5750000000001], [143.533333333332, 43.5750000000001], [143.533333333332, 43.5916666666667], [143.541666666665, 43.5916666666667], [143.541666666665, 43.6000000000001], [143.558333333332, 43.6000000000001], [143.558333333332, 43.5916666666667], [143.566666666665, 43.5916666666667], [143.566666666665, 43.6000000000001], [143.608333333332, 43.6000000000001], [143.608333333332, 43.6083333333334], [143.616666666665, 43.6083333333334], [143.616666666665, 43.6166666666667], [143.633333333331, 43.6166666666667], [143.633333333331, 43.625], [143.624999999998, 43.625], [143.624999999998, 43.6416666666667], [143.641666666665, 43.6416666666667], [143.641666666665, 43.6333333333334], [143.658333333331, 43.6333333333334], [143.658333333331, 43.625], [143.683333333331, 43.625], [143.683333333331, 43.6333333333334], [143.716666666665, 43.6333333333334], [143.716666666665, 43.6416666666667], [143.733333333331, 43.6416666666667], [143.733333333331, 43.6333333333334], [143.741666666665, 43.6333333333334], [143.741666666665, 43.6166666666667], [143.766666666665, 43.6166666666667], [143.766666666665, 43.625], [143.774999999998, 43.625], [143.774999999998, 43.6083333333334], [143.783333333331, 43.6083333333334], [143.783333333331, 43.6000000000001], [143.791666666665, 43.6000000000001], [143.791666666665, 43.5916666666667], [143.799999999998, 43.5916666666667], [143.799999999998, 43.5833333333334], [143.816666666665, 43.5833333333334], [143.816666666665, 43.5750000000001], [143.824999999998, 43.5750000000001], [143.824999999998, 43.5583333333334], [143.833333333331, 43.5583333333334], [143.833333333331, 43.5500000000001], [143.849999999998, 43.5500000000001], [143.849999999998, 43.5416666666667], [143.858333333331, 43.5416666666667], [143.858333333331, 43.5333333333334], [143.874999999998, 43.5333333333334], [143.874999999998, 43.5250000000001], [143.891666666665, 43.5250000000001], [143.891666666665, 43.5333333333334], [143.899999999998, 43.5333333333334], [143.899999999998, 43.5250000000001], [143.924999999998, 43.5250000000001], [143.924999999998, 43.5166666666667], [143.933333333331, 43.5166666666667], [143.933333333331, 43.5000000000001], [143.941666666665, 43.5000000000001], [143.941666666665, 43.4833333333334], [143.916666666665, 43.4833333333334], [143.916666666665, 43.4750000000001], [143.874999999998, 43.4750000000001], [143.874999999998, 43.4833333333334], [143.858333333331, 43.4833333333334], [143.858333333331, 43.4916666666667], [143.824999999998, 43.4916666666667], [143.824999999998, 43.4833333333334], [143.833333333331, 43.4833333333334], [143.833333333331, 43.4750000000001], [143.816666666665, 43.4750000000001], [143.816666666665, 43.4666666666667], [143.824999999998, 43.4666666666667], [143.824999999998, 43.4500000000001], [143.816666666665, 43.4500000000001], [143.816666666665, 43.4416666666667], [143.808333333331, 43.4416666666667], [143.808333333331, 43.4333333333334], [143.799999999998, 43.4333333333334], [143.799999999998, 43.4250000000001], [143.808333333331, 43.4250000000001], [143.808333333331, 43.4083333333334], [143.799999999998, 43.4083333333334], [143.799999999998, 43.4000000000001], [143.783333333331, 43.4000000000001], [143.783333333331, 43.3916666666667], [143.774999999998, 43.3916666666667], [143.774999999998, 43.3833333333334], [143.758333333331, 43.3833333333334], [143.758333333331, 43.3750000000001], [143.749999999998, 43.3750000000001], [143.749999999998, 43.3666666666667], [143.733333333331, 43.3666666666667], [143.733333333331, 43.3583333333334], [143.716666666665, 43.3583333333334], [143.716666666665, 43.3500000000001], [143.683333333331, 43.3500000000001], [143.683333333331, 43.3583333333334], [143.674999999998, 43.3583333333334], [143.674999999998, 43.3666666666667], [143.658333333331, 43.3666666666667], [143.658333333331, 43.3750000000001], [143.666666666665, 43.3750000000001], [143.666666666665, 43.3833333333334], [143.683333333331, 43.3833333333334], [143.683333333331, 43.3916666666667], [143.699999999998, 43.3916666666667], [143.699999999998, 43.4000000000001], [143.708333333331, 43.4000000000001], [143.708333333331, 43.4166666666667], [143.716666666665, 43.4166666666667], [143.716666666665, 43.4250000000001], [143.724999999998, 43.4250000000001], [143.724999999998, 43.4333333333334], [143.733333333331, 43.4333333333334], [143.733333333331, 43.4416666666667], [143.666666666665, 43.4416666666667], [143.666666666665, 43.4500000000001], [143.658333333331, 43.4500000000001], [143.658333333331, 43.4583333333334], [143.633333333331, 43.4583333333334], [143.633333333331, 43.4666666666667], [143.599999999998, 43.4666666666667], [143.599999999998, 43.4583333333334], [143.583333333332, 43.4583333333334], [143.583333333332, 43.4500000000001], [143.566666666665, 43.4500000000001], [143.566666666665, 43.4583333333334], [143.499999999998, 43.4583333333334], [143.499999999998, 43.4500000000001], [143.458333333332, 43.4500000000001], [143.458333333332, 43.5083333333334]]]}}, {"type": "Feature", "properties": {"id": "雄武町", "name": "雄武町"}, "geometry": {"type": "MultiPolygon", "coordinates": [[[[142.649999999987, 44.4333333333333], [142.58333333332, 44.4333333333333], [142.58333333332, 44.45], [142.591666666654, 44.45], [142.591666666654, 44.4583333333333], [142.599999999987, 44.4583333333333], [142.599999999987, 44.4916666666667], [142.616666666654, 44.4916666666667], [142.616666666654, 44.5166666666667], [142.624999999987, 44.5166666666667], [142.624999999987, 44.525], [142.641666666653, 44.525], [142.641666666653, 44.5416666666667], [142.63333333332, 44.5416666666667], [142.63333333332, 44.55], [142.641666666653, 44.55], [142.641666666653, 44.5583333333333], [142.649999999987, 44.5583333333333], [142.649999999987, 44.5916666666667], [142.65833333332, 44.5916666666667], [142.65833333332, 44.6], [142.68333333332, 44.6], [142.68333333332, 44.6166666666667], [142.691666666653, 44.6166666666667], [142.691666666653, 44.625], [142.699999999987, 44.625], [142.699999999987, 44.6333333333333], [142.73333333332, 44.6333333333333], [142.73333333332, 44.6416666666667], [142.75833333332, 44.6416666666667], [142.75833333332, 44.6333333333333], [142.766666666653, 44.6333333333333], [142.766666666653, 44.6416666666667], [142.799999999987, 44.6416666666667], [142.799999999987, 44.65], [142.80833333332, 44.65], [142.80833333332, 44.6583333333333], [142.816666666653, 44.6583333333333], [142.816666666653, 44.6666666666667], [142.83333333332, 44.6666666666667], [142.83333333332, 44.6833333333333], [142.85833333332, 44.6833333333333], [142.85833333332, 44.675], [142.866666666653, 44.675], [142.866666666653, 44.6666666666667], [142.88333333332, 44.6666666666667], [142.88333333332, 44.6583333333333], [142.891666666653, 44.6583333333333], [142.891666666653, 44.65], [142.899999999987, 44.65], [142.899999999987, 44.6416666666667], [142.916666666653, 44.6416666666667], [142.916666666653, 44.6333333333333], [142.924999999987, 44.6333333333333], [142.924999999987, 44.625], [142.93333333332, 44.625], [142.93333333332, 44.6166666666667], [142.949999999987, 44.6166666666667], [142.949999999987, 44.6], [142.966666666653, 44.6], [142.966666666653, 44.5833333333333], [142.974999999987, 44.5833333333333], [142.974999999987, 44.4416666666667], [142.95833333332, 44.4416666666667], [142.95833333332, 44.45], [142.924999999987, 44.45], [142.924999999987, 44.4583333333333], [142.916666666653, 44.4583333333333], [142.916666666653, 44.4666666666667], [142.90833333332, 44.4666666666667], [142.90833333332, 44.4583333333333], [142.899999999987, 44.4583333333333], [142.899999999987, 44.45], [142.891666666653, 44.45], [142.891666666653, 44.4416666666667], [142.841666666653, 44.4416666666667], [142.841666666653, 44.4583333333333], [142.774999999987, 44.4583333333333], [142.774999999987, 44.4666666666667], [142.75833333332, 44.4666666666667], [142.75833333332, 44.4583333333333], [142.724999999987, 44.4583333333333], [142.724999999987, 44.4666666666667], [142.716666666653, 44.4666666666667], [142.716666666653, 44.4833333333333], [142.691666666653, 44.4833333333333], [142.691666666653, 44.475], [142.68333333332, 44.475], [142.68333333332, 44.4666666666667], [142.674999999987, 44.4666666666667], [142.674999999987, 44.4583333333333], [142.666666666653, 44.4583333333333], [142.666666666653, 44.45], [142.65833333332, 44.45], [142.65833333332, 44.4416666666667], [142.649999999987, 44.4416666666667], [142.649999999987, 44.4333333333333]]], [[[142.974999999999, 44.4416666666667], [142.974999999999, 44.575], [142.983333333332, 44.575], [142.983333333332, 44.5666666666667], [142.991666666665, 44.5666666666667], [142.991666666665, 44.5583333333333], [143.008333333332, 44.5583333333333], [143.008333333332, 44.55], [143.024999999999, 44.55], [143.024999999999, 44.5416666666667], [143.041666666665, 44.5416666666667], [143.041666666665, 44.5333333333333], [143.066666666665, 44.5333333333333], [143.066666666665, 44.525], [143.074999999999, 44.525], [143.074999999999, 44.5166666666667], [143.083333333332, 44.5166666666667], [143.083333333332, 44.5083333333333], [143.099999999999, 44.5083333333333], [143.099999999999, 44.4916666666667], [143.091666666665, 44.4916666666667], [143.091666666665, 44.475], [143.074999999999, 44.475], [143.074999999999, 44.4666666666667], [143.058333333332, 44.4666666666667], [143.058333333332, 44.4583333333333], [143.049999999999, 44.4583333333333], [143.049999999999, 44.45], [143.033333333332, 44.45], [143.033333333332, 44.4583333333333], [143.008333333332, 44.4583333333333], [143.008333333332, 44.45], [142.999999999999, 44.45], [142.999999999999, 44.4416666666667], [142.974999999999, 44.4416666666667]]]]}}, {"type": "Feature", "properties": {"id": "雨竜町", "name": "雨竜町"}, "geometry": {"type": "Polygon", "coordinates": [[[141.599999999988, 43.675], [141.599999999988, 43.6833333333334], [141.583333333321, 43.6833333333334], [141.583333333321, 43.6916666666667], [141.566666666654, 43.6916666666667], [141.566666666654, 43.7], [141.533333333321, 43.7], [141.533333333321, 43.7083333333334], [141.566666666654, 43.7083333333334], [141.566666666654, 43.7166666666667], [141.574999999988, 43.7166666666667], [141.574999999988, 43.725], [141.599999999988, 43.725], [141.599999999988, 43.7333333333334], [141.624999999988, 43.7333333333334], [141.624999999988, 43.7416666666667], [141.666666666654, 43.7416666666667], [141.666666666654, 43.7333333333334], [141.674999999988, 43.7333333333334], [141.674999999988, 43.7416666666667], [141.691666666654, 43.7416666666667], [141.691666666654, 43.75], [141.699999999988, 43.75], [141.699999999988, 43.7416666666667], [141.716666666654, 43.7416666666667], [141.716666666654, 43.7333333333334], [141.766666666654, 43.7333333333334], [141.766666666654, 43.725], [141.791666666654, 43.725], [141.791666666654, 43.7166666666667], [141.808333333321, 43.7166666666667], [141.808333333321, 43.7083333333334], [141.833333333321, 43.7083333333334], [141.833333333321, 43.7166666666667], [141.858333333321, 43.7166666666667], [141.858333333321, 43.725], [141.874999999988, 43.725], [141.874999999988, 43.7166666666667], [141.908333333321, 43.7166666666667], [141.908333333321, 43.7083333333334], [141.916666666654, 43.7083333333334], [141.916666666654, 43.6916666666667], [141.899999999988, 43.6916666666667], [141.899999999988, 43.6833333333334], [141.908333333321, 43.6833333333334], [141.908333333321, 43.675], [141.916666666654, 43.675], [141.916666666654, 43.65], [141.908333333321, 43.65], [141.908333333321, 43.6416666666667], [141.916666666654, 43.6416666666667], [141.916666666654, 43.6333333333334], [141.908333333321, 43.6333333333334], [141.908333333321, 43.625], [141.899999999988, 43.625], [141.899999999988, 43.6333333333334], [141.891666666654, 43.6333333333334], [141.891666666654, 43.625], [141.883333333321, 43.625], [141.883333333321, 43.6083333333334], [141.874999999988, 43.6083333333334], [141.874999999988, 43.6166666666667], [141.866666666654, 43.6166666666667], [141.866666666654, 43.625], [141.858333333321, 43.625], [141.858333333321, 43.6583333333334], [141.849999999988, 43.6583333333334], [141.849999999988, 43.6666666666667], [141.774999999988, 43.6666666666667], [141.774999999988, 43.675], [141.749999999988, 43.675], [141.749999999988, 43.6833333333334], [141.733333333321, 43.6833333333334], [141.733333333321, 43.7], [141.708333333321, 43.7], [141.708333333321, 43.6916666666667], [141.691666666654, 43.6916666666667], [141.691666666654, 43.6833333333334], [141.683333333321, 43.6833333333334], [141.683333333321, 43.675], [141.674999999988, 43.675], [141.674999999988, 43.6666666666667], [141.641666666654, 43.6666666666667], [141.641666666654, 43.6583333333334], [141.633333333321, 43.6583333333334], [141.633333333321, 43.6666666666667], [141.608333333321, 43.6666666666667], [141.608333333321, 43.675], [141.599999999988, 43.675]]]}}, {"type": "Feature", "properties": {"id": "音威子府村", "name": "音威子府村"}, "geometry": {"type": "Polygon", "coordinates": [[[142.158333333321, 44.6583333333333], [142.149999999987, 44.6583333333333], [142.149999999987, 44.675], [142.158333333321, 44.675], [142.158333333321, 44.6916666666666], [142.141666666654, 44.6916666666666], [142.141666666654, 44.7166666666667], [142.149999999987, 44.7166666666667], [142.149999999987, 44.725], [142.158333333321, 44.725], [142.158333333321, 44.7333333333333], [142.149999999987, 44.7333333333333], [142.149999999987, 44.75], [142.158333333321, 44.75], [142.158333333321, 44.7666666666667], [142.166666666654, 44.7666666666667], [142.166666666654, 44.7916666666667], [142.174999999987, 44.7916666666667], [142.174999999987, 44.8], [142.199999999987, 44.8], [142.199999999987, 44.8083333333333], [142.208333333321, 44.8083333333333], [142.208333333321, 44.825], [142.249999999987, 44.825], [142.249999999987, 44.8166666666666], [142.28333333332, 44.8166666666666], [142.28333333332, 44.7916666666667], [142.291666666654, 44.7916666666667], [142.291666666654, 44.7833333333333], [142.30833333332, 44.7833333333333], [142.30833333332, 44.7583333333333], [142.299999999987, 44.7583333333333], [142.299999999987, 44.75], [142.30833333332, 44.75], [142.30833333332, 44.7416666666667], [142.316666666654, 44.7416666666667], [142.316666666654, 44.7333333333333], [142.324999999987, 44.7333333333333], [142.324999999987, 44.7083333333333], [142.366666666654, 44.7083333333333], [142.366666666654, 44.7], [142.399999999987, 44.7], [142.399999999987, 44.6916666666667], [142.40833333332, 44.6916666666667], [142.40833333332, 44.6833333333333], [142.416666666654, 44.6833333333333], [142.416666666654, 44.6666666666667], [142.399999999987, 44.6666666666667], [142.399999999987, 44.6583333333333], [142.38333333332, 44.6583333333333], [142.38333333332, 44.6666666666667], [142.341666666654, 44.6666666666667], [142.341666666654, 44.6583333333333], [142.28333333332, 44.6583333333333], [142.28333333332, 44.65], [142.266666666654, 44.65], [142.266666666654, 44.6416666666667], [142.258333333321, 44.6416666666667], [142.258333333321, 44.6333333333333], [142.224999999987, 44.6333333333333], [142.224999999987, 44.625], [142.216666666654, 44.625], [142.216666666654, 44.6166666666667], [142.208333333321, 44.6166666666667], [142.208333333321, 44.6083333333333], [142.199999999987, 44.6083333333333], [142.199999999987, 44.6], [142.191666666654, 44.6], [142.191666666654, 44.6166666666667], [142.183333333321, 44.6166666666667], [142.183333333321, 44.625], [142.174999999987, 44.625], [142.174999999987, 44.6333333333333], [142.166666666654, 44.6333333333333], [142.166666666654, 44.65], [142.158333333321, 44.65], [142.158333333321, 44.6583333333333]]]}}, {"type": "Feature", "properties": {"id": "音更町", "name": "音更町"}, "geometry": {"type": "Polygon", "coordinates": [[[143.091666666665, 43.0083333333334], [143.066666666665, 43.0083333333334], [143.066666666665, 43.0583333333334], [143.058333333332, 43.0583333333334], [143.058333333332, 43.0666666666667], [143.041666666665, 43.0666666666667], [143.041666666665, 43.0833333333334], [143.049999999999, 43.0833333333334], [143.049999999999, 43.1083333333334], [143.058333333332, 43.1083333333334], [143.058333333332, 43.1333333333334], [143.066666666665, 43.1333333333334], [143.066666666665, 43.1583333333334], [143.074999999999, 43.1583333333334], [143.074999999999, 43.1666666666667], [143.099999999999, 43.1666666666667], [143.099999999999, 43.1583333333334], [143.149999999999, 43.1583333333334], [143.149999999999, 43.1500000000001], [143.183333333332, 43.1500000000001], [143.183333333332, 43.1416666666667], [143.208333333332, 43.1416666666667], [143.208333333332, 43.1333333333334], [143.216666666665, 43.1333333333334], [143.216666666665, 43.1166666666667], [143.208333333332, 43.1166666666667], [143.208333333332, 43.1000000000001], [143.199999999999, 43.1000000000001], [143.199999999999, 43.0916666666667], [143.208333333332, 43.0916666666667], [143.208333333332, 43.0833333333334], [143.241666666665, 43.0833333333334], [143.241666666665, 43.1083333333334], [143.249999999998, 43.1083333333334], [143.249999999998, 43.1250000000001], [143.274999999998, 43.1250000000001], [143.274999999998, 43.1166666666667], [143.324999999998, 43.1166666666667], [143.324999999998, 43.0833333333334], [143.341666666665, 43.0833333333334], [143.341666666665, 43.0500000000001], [143.349999999998, 43.0500000000001], [143.349999999998, 43.0416666666667], [143.358333333332, 43.0416666666667], [143.358333333332, 43.0166666666668], [143.366666666665, 43.0166666666668], [143.366666666665, 43.0000000000001], [143.374999999998, 43.0000000000001], [143.374999999998, 42.9833333333334], [143.366666666665, 42.9833333333334], [143.366666666665, 42.9666666666667], [143.324999999998, 42.9666666666667], [143.324999999998, 42.9416666666667], [143.316666666665, 42.9416666666667], [143.316666666665, 42.9250000000001], [143.299999999998, 42.9250000000001], [143.299999999998, 42.9333333333334], [143.241666666665, 42.9333333333334], [143.241666666665, 42.9416666666667], [143.216666666665, 42.9416666666667], [143.216666666665, 42.9333333333334], [143.199999999999, 42.9333333333334], [143.199999999999, 42.9416666666667], [143.191666666665, 42.9416666666667], [143.191666666665, 42.9500000000001], [143.174999999999, 42.9500000000001], [143.174999999999, 42.9416666666667], [143.166666666665, 42.9416666666667], [143.166666666665, 42.9500000000001], [143.158333333332, 42.9500000000001], [143.158333333332, 42.9416666666667], [143.149999999999, 42.9416666666667], [143.149999999999, 42.9500000000001], [143.141666666665, 42.9500000000001], [143.141666666665, 42.9583333333334], [143.133333333332, 42.9583333333334], [143.133333333332, 42.9666666666667], [143.124999999999, 42.9666666666667], [143.124999999999, 42.9833333333334], [143.116666666665, 42.9833333333334], [143.116666666665, 42.9916666666667], [143.108333333332, 42.9916666666667], [143.108333333332, 43.0000000000001], [143.091666666665, 43.0000000000001], [143.091666666665, 43.0083333333334]]]}}, {"type": "Feature", "properties": {"id": "鶴居村", "name": "鶴居村"}, "geometry": {"type": "Polygon", "coordinates": [[[144.158333333331, 43.2750000000001], [144.149999999998, 43.2750000000001], [144.149999999998, 43.2916666666667], [144.141666666664, 43.2916666666667], [144.141666666664, 43.3000000000001], [144.133333333331, 43.3000000000001], [144.133333333331, 43.3250000000001], [144.141666666664, 43.3250000000001], [144.141666666664, 43.3333333333334], [144.149999999998, 43.3333333333334], [144.149999999998, 43.3583333333334], [144.158333333331, 43.3583333333334], [144.158333333331, 43.3666666666667], [144.166666666664, 43.3666666666667], [144.166666666664, 43.3750000000001], [144.174999999998, 43.3750000000001], [144.174999999998, 43.3833333333334], [144.183333333331, 43.3833333333334], [144.183333333331, 43.4000000000001], [144.199999999998, 43.4000000000001], [144.199999999998, 43.4083333333334], [144.208333333331, 43.4083333333334], [144.208333333331, 43.4166666666667], [144.216666666664, 43.4166666666667], [144.216666666664, 43.4250000000001], [144.224999999998, 43.4250000000001], [144.224999999998, 43.4333333333334], [144.233333333331, 43.4333333333334], [144.233333333331, 43.4500000000001], [144.249999999998, 43.4500000000001], [144.249999999998, 43.4416666666667], [144.258333333331, 43.4416666666667], [144.258333333331, 43.4333333333334], [144.274999999998, 43.4333333333334], [144.274999999998, 43.4250000000001], [144.291666666664, 43.4250000000001], [144.291666666664, 43.4083333333334], [144.299999999998, 43.4083333333334], [144.299999999998, 43.3750000000001], [144.291666666664, 43.3750000000001], [144.291666666664, 43.3666666666667], [144.324999999998, 43.3666666666667], [144.324999999998, 43.3583333333334], [144.341666666664, 43.3583333333334], [144.341666666664, 43.3416666666667], [144.349999999997, 43.3416666666667], [144.349999999997, 43.3333333333334], [144.358333333331, 43.3333333333334], [144.358333333331, 43.3250000000001], [144.366666666664, 43.3250000000001], [144.366666666664, 43.2833333333334], [144.374999999997, 43.2833333333334], [144.374999999997, 43.2750000000001], [144.383333333331, 43.2750000000001], [144.383333333331, 43.2666666666667], [144.391666666664, 43.2666666666667], [144.391666666664, 43.2583333333334], [144.399999999997, 43.2583333333334], [144.399999999997, 43.2500000000001], [144.416666666664, 43.2500000000001], [144.416666666664, 43.2416666666667], [144.424999999997, 43.2416666666667], [144.424999999997, 43.2333333333334], [144.433333333331, 43.2333333333334], [144.433333333331, 43.2250000000001], [144.441666666664, 43.2250000000001], [144.441666666664, 43.1916666666667], [144.433333333331, 43.1916666666667], [144.433333333331, 43.1750000000001], [144.441666666664, 43.1750000000001], [144.441666666664, 43.1666666666667], [144.449999999997, 43.1666666666667], [144.449999999997, 43.1416666666667], [144.441666666664, 43.1416666666667], [144.441666666664, 43.1333333333334], [144.433333333331, 43.1333333333334], [144.433333333331, 43.1250000000001], [144.416666666664, 43.1250000000001], [144.416666666664, 43.1166666666667], [144.408333333331, 43.1166666666667], [144.408333333331, 43.1083333333334], [144.399999999997, 43.1083333333334], [144.399999999997, 43.0750000000001], [144.358333333331, 43.0750000000001], [144.358333333331, 43.0833333333334], [144.316666666664, 43.0833333333334], [144.316666666664, 43.0750000000001], [144.299999999998, 43.0750000000001], [144.299999999998, 43.0833333333334], [144.283333333331, 43.0833333333334], [144.283333333331, 43.0916666666667], [144.274999999998, 43.0916666666667], [144.274999999998, 43.1083333333334], [144.266666666664, 43.1083333333334], [144.266666666664, 43.1250000000001], [144.258333333331, 43.1250000000001], [144.258333333331, 43.1416666666667], [144.249999999998, 43.1416666666667], [144.249999999998, 43.1666666666667], [144.241666666664, 43.1666666666667], [144.241666666664, 43.1833333333334], [144.233333333331, 43.1833333333334], [144.233333333331, 43.1916666666667], [144.224999999998, 43.1916666666667], [144.224999999998, 43.2166666666667], [144.216666666664, 43.2166666666667], [144.216666666664, 43.2333333333334], [144.208333333331, 43.2333333333334], [144.208333333331, 43.2416666666667], [144.199999999998, 43.2416666666667], [144.199999999998, 43.2500000000001], [144.191666666664, 43.2500000000001], [144.191666666664, 43.2583333333334], [144.174999999998, 43.2583333333334], [144.174999999998, 43.2666666666667], [144.158333333331, 43.2666666666667], [144.158333333331, 43.2750000000001]]]}}, {"type": "Feature", "properties": {"id": "鷹栖町", "name": "鷹栖町"}, "geometry": {"type": "Polygon", "coordinates": [[[142.291666666654, 43.7916666666667], [142.291666666654, 43.8416666666667], [142.28333333332, 43.8416666666667], [142.28333333332, 43.8666666666667], [142.291666666654, 43.8666666666667], [142.291666666654, 43.875], [142.28333333332, 43.875], [142.28333333332, 43.8833333333334], [142.274999999987, 43.8833333333334], [142.274999999987, 43.925], [142.28333333332, 43.925], [142.28333333332, 43.9416666666667], [142.299999999987, 43.9416666666667], [142.299999999987, 43.95], [142.30833333332, 43.95], [142.30833333332, 43.9583333333334], [142.399999999987, 43.9583333333334], [142.399999999987, 43.95], [142.416666666654, 43.95], [142.416666666654, 43.9333333333334], [142.40833333332, 43.9333333333334], [142.40833333332, 43.925], [142.399999999987, 43.925], [142.399999999987, 43.9083333333334], [142.391666666654, 43.9083333333334], [142.391666666654, 43.875], [142.38333333332, 43.875], [142.38333333332, 43.8666666666667], [142.374999999987, 43.8666666666667], [142.374999999987, 43.85], [142.391666666654, 43.85], [142.391666666654, 43.8416666666667], [142.374999999987, 43.8416666666667], [142.374999999987, 43.8333333333334], [142.35833333332, 43.8333333333334], [142.35833333332, 43.825], [142.341666666654, 43.825], [142.341666666654, 43.8166666666667], [142.33333333332, 43.8166666666667], [142.33333333332, 43.8083333333334], [142.324999999987, 43.8083333333334], [142.324999999987, 43.8], [142.316666666654, 43.8], [142.316666666654, 43.7916666666667], [142.291666666654, 43.7916666666667]]]}}, {"type": "Feature", "properties": {"id": "鹿追町", "name": "鹿追町"}, "geometry": {"type": "MultiPolygon", "coordinates": [[[[142.974999999999, 43.0583333333334], [142.974999999999, 43.2250000000001], [142.983333333332, 43.2250000000001], [142.983333333332, 43.2416666666667], [142.974999999999, 43.2416666666667], [142.974999999999, 43.2750000000001], [142.983333333332, 43.2750000000001], [142.983333333332, 43.2833333333334], [142.974999999999, 43.2833333333334], [142.974999999999, 43.2916666666667], [142.983333333332, 43.2916666666667], [142.983333333332, 43.3000000000001], [142.991666666665, 43.3000000000001], [142.991666666665, 43.3166666666667], [143.008333333332, 43.3166666666667], [143.008333333332, 43.3500000000001], [142.999999999999, 43.3500000000001], [142.999999999999, 43.3583333333334], [143.008333333332, 43.3583333333334], [143.008333333332, 43.3750000000001], [143.016666666665, 43.3750000000001], [143.016666666665, 43.3833333333334], [143.024999999999, 43.3833333333334], [143.024999999999, 43.3916666666667], [143.049999999999, 43.3916666666667], [143.049999999999, 43.3833333333334], [143.074999999999, 43.3833333333334], [143.074999999999, 43.3916666666667], [143.091666666665, 43.3916666666667], [143.091666666665, 43.3833333333334], [143.099999999999, 43.3833333333334], [143.099999999999, 43.3750000000001], [143.108333333332, 43.3750000000001], [143.108333333332, 43.3583333333334], [143.116666666665, 43.3583333333334], [143.116666666665, 43.3500000000001], [143.133333333332, 43.3500000000001], [143.133333333332, 43.3333333333334], [143.141666666665, 43.3333333333334], [143.141666666665, 43.3166666666667], [143.133333333332, 43.3166666666667], [143.133333333332, 43.3083333333334], [143.124999999999, 43.3083333333334], [143.124999999999, 43.3000000000001], [143.116666666665, 43.3000000000001], [143.116666666665, 43.2666666666667], [143.108333333332, 43.2666666666667], [143.108333333332, 43.2500000000001], [143.099999999999, 43.2500000000001], [143.099999999999, 43.2333333333334], [143.108333333332, 43.2333333333334], [143.108333333332, 43.2166666666667], [143.116666666665, 43.2166666666667], [143.116666666665, 43.1750000000001], [143.124999999999, 43.1750000000001], [143.124999999999, 43.1666666666667], [143.133333333332, 43.1666666666667], [143.133333333332, 43.1583333333334], [143.099999999999, 43.1583333333334], [143.099999999999, 43.1666666666667], [143.074999999999, 43.1666666666667], [143.074999999999, 43.1583333333334], [143.066666666665, 43.1583333333334], [143.066666666665, 43.1333333333334], [143.058333333332, 43.1333333333334], [143.058333333332, 43.1083333333334], [143.049999999999, 43.1083333333334], [143.049999999999, 43.0833333333334], [143.041666666665, 43.0833333333334], [143.041666666665, 43.0666666666667], [143.058333333332, 43.0666666666667], [143.058333333332, 43.0583333333334], [143.066666666665, 43.0583333333334], [143.066666666665, 43.0166666666667], [143.049999999999, 43.0166666666667], [143.049999999999, 43.0250000000001], [143.033333333332, 43.0250000000001], [143.033333333332, 43.0333333333334], [143.016666666665, 43.0333333333334], [143.016666666665, 43.0416666666667], [143.008333333332, 43.0416666666667], [143.008333333332, 43.0500000000001], [142.991666666665, 43.0500000000001], [142.991666666665, 43.0583333333334], [142.974999999999, 43.0583333333334]]], [[[142.941666666653, 43.1000000000001], [142.93333333332, 43.1000000000001], [142.93333333332, 43.1166666666667], [142.924999999987, 43.1166666666667], [142.924999999987, 43.1666666666667], [142.93333333332, 43.1666666666667], [142.93333333332, 43.1750000000001], [142.949999999987, 43.1750000000001], [142.949999999987, 43.2000000000001], [142.974999999987, 43.2000000000001], [142.974999999987, 43.0666666666667], [142.966666666653, 43.0666666666667], [142.966666666653, 43.0750000000001], [142.95833333332, 43.0750000000001], [142.95833333332, 43.0833333333334], [142.949999999987, 43.0833333333334], [142.949999999987, 43.0916666666667], [142.941666666653, 43.0916666666667], [142.941666666653, 43.1000000000001]]], [[[142.966666666653, 43.2166666666667], [142.974999999987, 43.2166666666667], [142.974999999987, 43.2083333333334], [142.966666666653, 43.2083333333334], [142.966666666653, 43.2166666666667]]]]}}, {"type": "Feature", "properties": {"id": "鹿部町", "name": "鹿部町"}, "geometry": {"type": "Polygon", "coordinates": [[[140.733333333322, 42.0250000000001], [140.733333333322, 42.0416666666668], [140.716666666655, 42.0416666666668], [140.716666666655, 42.0500000000001], [140.699999999989, 42.0500000000001], [140.699999999989, 42.0583333333335], [140.683333333322, 42.0583333333335], [140.683333333322, 42.0666666666668], [140.691666666655, 42.0666666666668], [140.691666666655, 42.0750000000001], [140.733333333322, 42.0750000000001], [140.733333333322, 42.0833333333335], [140.749999999989, 42.0833333333335], [140.749999999989, 42.0916666666668], [140.758333333322, 42.0916666666668], [140.758333333322, 42.1000000000001], [140.766666666655, 42.1000000000001], [140.766666666655, 42.0916666666668], [140.774999999989, 42.0916666666668], [140.774999999989, 42.0833333333335], [140.808333333322, 42.0833333333335], [140.808333333322, 42.0583333333335], [140.816666666655, 42.0583333333335], [140.816666666655, 42.0416666666668], [140.824999999988, 42.0416666666668], [140.824999999988, 42.0333333333335], [140.841666666655, 42.0333333333335], [140.841666666655, 42.0250000000001], [140.849999999988, 42.0250000000001], [140.849999999988, 42.0166666666668], [140.866666666655, 42.0166666666668], [140.866666666655, 42.0083333333335], [140.858333333322, 42.0083333333335], [140.858333333322, 42.0000000000001], [140.841666666655, 42.0000000000001], [140.841666666655, 41.9583333333335], [140.833333333322, 41.9583333333335], [140.833333333322, 41.9500000000001], [140.816666666655, 41.9500000000001], [140.816666666655, 41.9416666666668], [140.808333333322, 41.9416666666668], [140.808333333322, 41.9333333333335], [140.799999999989, 41.9333333333335], [140.799999999989, 41.9250000000001], [140.791666666655, 41.9250000000001], [140.791666666655, 41.9333333333335], [140.783333333322, 41.9333333333335], [140.783333333322, 41.9916666666668], [140.774999999989, 41.9916666666668], [140.774999999989, 42.0000000000001], [140.749999999989, 42.0000000000001], [140.749999999989, 42.0083333333335], [140.741666666655, 42.0083333333335], [140.741666666655, 42.0250000000001], [140.733333333322, 42.0250000000001]]]}}, {"type": "Feature", "properties": {"id": "黒松内町", "name": "黒松内町"}, "geometry": {"type": "Polygon", "coordinates": [[[140.224999999989, 42.6083333333334], [140.224999999989, 42.6333333333334], [140.233333333322, 42.6333333333334], [140.233333333322, 42.6416666666668], [140.224999999989, 42.6416666666668], [140.224999999989, 42.6500000000001], [140.216666666656, 42.6500000000001], [140.216666666656, 42.6583333333334], [140.208333333322, 42.6583333333334], [140.208333333322, 42.6833333333334], [140.216666666656, 42.6833333333334], [140.216666666656, 42.6916666666668], [140.208333333322, 42.6916666666668], [140.208333333322, 42.7083333333334], [140.199999999989, 42.7083333333334], [140.199999999989, 42.7250000000001], [140.208333333322, 42.7250000000001], [140.208333333322, 42.7333333333334], [140.216666666656, 42.7333333333334], [140.216666666656, 42.7416666666668], [140.233333333322, 42.7416666666668], [140.233333333322, 42.7333333333334], [140.241666666656, 42.7333333333334], [140.241666666656, 42.7250000000001], [140.258333333322, 42.7250000000001], [140.258333333322, 42.7333333333334], [140.283333333322, 42.7333333333334], [140.283333333322, 42.7250000000001], [140.291666666656, 42.7250000000001], [140.291666666656, 42.7166666666668], [140.299999999989, 42.7166666666668], [140.299999999989, 42.7416666666668], [140.291666666656, 42.7416666666668], [140.291666666656, 42.7583333333334], [140.283333333322, 42.7583333333334], [140.283333333322, 42.7750000000001], [140.299999999989, 42.7750000000001], [140.299999999989, 42.7666666666668], [140.358333333322, 42.7666666666668], [140.358333333322, 42.7416666666668], [140.366666666656, 42.7416666666668], [140.366666666656, 42.7333333333334], [140.374999999989, 42.7333333333334], [140.374999999989, 42.7250000000001], [140.383333333322, 42.7250000000001], [140.383333333322, 42.7166666666668], [140.391666666656, 42.7166666666668], [140.391666666656, 42.7083333333334], [140.433333333322, 42.7083333333334], [140.433333333322, 42.7000000000001], [140.449999999989, 42.7000000000001], [140.449999999989, 42.6916666666668], [140.483333333322, 42.6916666666668], [140.483333333322, 42.7000000000001], [140.516666666655, 42.7000000000001], [140.516666666655, 42.6916666666668], [140.508333333322, 42.6916666666668], [140.508333333322, 42.6833333333334], [140.516666666655, 42.6833333333334], [140.516666666655, 42.6583333333334], [140.533333333322, 42.6583333333334], [140.533333333322, 42.6500000000001], [140.541666666655, 42.6500000000001], [140.541666666655, 42.6416666666668], [140.558333333322, 42.6416666666668], [140.558333333322, 42.6333333333334], [140.549999999989, 42.6333333333334], [140.549999999989, 42.6250000000001], [140.541666666655, 42.6250000000001], [140.541666666655, 42.6166666666668], [140.533333333322, 42.6166666666668], [140.533333333322, 42.6083333333334], [140.541666666655, 42.6083333333334], [140.541666666655, 42.6000000000001], [140.533333333322, 42.6000000000001], [140.533333333322, 42.5916666666668], [140.483333333322, 42.5916666666668], [140.483333333322, 42.6000000000001], [140.466666666655, 42.6000000000001], [140.466666666655, 42.6083333333334], [140.424999999989, 42.6083333333334], [140.424999999989, 42.6000000000001], [140.416666666656, 42.6000000000001], [140.416666666656, 42.5916666666668], [140.383333333322, 42.5916666666668], [140.383333333322, 42.6000000000001], [140.366666666656, 42.6000000000001], [140.366666666656, 42.6083333333334], [140.358333333322, 42.6083333333334], [140.358333333322, 42.6166666666668], [140.341666666656, 42.6166666666668], [140.341666666656, 42.6250000000001], [140.291666666656, 42.6250000000001], [140.291666666656, 42.6166666666668], [140.283333333322, 42.6166666666668], [140.283333333322, 42.6083333333334], [140.266666666656, 42.6083333333334], [140.266666666656, 42.6000000000001], [140.216666666656, 42.6000000000001], [140.216666666656, 42.6083333333334], [140.224999999989, 42.6083333333334]]]}}]}