z_id,coupling_type,times,lats,lons,winds
EQ-202408091957003541139161353__TC-TY2407,EQ-TY,2024-08-11T12:00:00Z,21.7,134.9,0.0
EQ-202408091957003541139161353__TC-TY2407,EQ-TY,2024-08-11T18:00:00Z,22.0,135.4,0.0
EQ-202408091957003541139161353__TC-TY2407,EQ-TY,2024-08-12T00:00:00Z,22.4,135.8,0.0
EQ-202408091957003541139161353__TC-TY2407,EQ-TY,2024-08-12T06:00:00Z,22.7,136.1,0.0
EQ-202408091957003541139161353__TC-TY2407,EQ-TY,2024-08-12T12:00:00Z,23.1,136.6,18.00554
EQ-202408091957003541139161353__TC-TY2407,EQ-TY,2024-08-12T18:00:00Z,23.6,137.1,18.00554
EQ-202408091957003541139161353__TC-TY2407,EQ-TY,2024-08-13T00:00:00Z,24.2,137.9,20.57776
EQ-202408091957003541139161353__TC-TY2407,EQ-TY,2024-08-13T06:00:00Z,24.7,138.7,23.14998
EQ-202408091957003541139161353__TC-TY2407,EQ-TY,2024-08-13T12:00:00Z,25.3,139.0,28.29442
EQ-202408091957003541139161353__TC-TY2407,EQ-TY,2024-08-13T18:00:00Z,25.5,139.4,30.86664
EQ-202408091957003541139161353__TC-TY2407,EQ-TY,2024-08-14T00:00:00Z,26.1,140.3,30.86664
EQ-202408091957003541139161353__TC-TY2407,EQ-TY,2024-08-14T06:00:00Z,26.8,140.9,30.86664
EQ-202408091957003541139161353__TC-TY2407,EQ-TY,2024-08-14T12:00:00Z,27.5,141.3,30.86664
EQ-202408091957003541139161353__TC-TY2407,EQ-TY,2024-08-14T18:00:00Z,28.5,141.3,30.86664
EQ-202408091957003541139161353__TC-TY2407,EQ-TY,2024-08-15T00:00:00Z,29.5,141.2,33.43886
EQ-202408091957003541139161353__TC-TY2407,EQ-TY,2024-08-15T06:00:00Z,30.6,141.1,36.01108
EQ-202408091957003541139161353__TC-TY2407,EQ-TY,2024-08-15T09:00:00Z,31.1,141.0,41.15552
EQ-202408091957003541139161353__TC-TY2407,EQ-TY,2024-08-15T12:00:00Z,31.6,140.8,43.72774
EQ-202408091957003541139161353__TC-TY2407,EQ-TY,2024-08-15T15:00:00Z,32.0,140.8,43.72774
EQ-202408091957003541139161353__TC-TY2407,EQ-TY,2024-08-15T18:00:00Z,32.6,140.8,43.72774
EQ-202408091957003541139161353__TC-TY2407,EQ-TY,2024-08-15T21:00:00Z,33.2,140.9,43.72774
EQ-202408091957003541139161353__TC-TY2407,EQ-TY,2024-08-16T00:00:00Z,33.5,140.7,43.72774
EQ-202408091957003541139161353__TC-TY2407,EQ-TY,2024-08-16T03:00:00Z,33.8,140.8,43.72774
EQ-202408091957003541139161353__TC-TY2407,EQ-TY,2024-08-16T06:00:00Z,34.1,141.1,43.72774
EQ-202408091957003541139161353__TC-TY2407,EQ-TY,2024-08-16T09:00:00Z,34.5,141.7,43.72774
EQ-202408091957003541139161353__TC-TY2407,EQ-TY,2024-08-16T12:00:00Z,35.0,142.0,43.72774
EQ-202408091957003541139161353__TC-TY2407,EQ-TY,2024-08-16T15:00:00Z,35.5,142.3,43.72774
EQ-202408091957003541139161353__TC-TY2407,EQ-TY,2024-08-16T18:00:00Z,35.9,142.9,43.72774
EQ-202408091957003541139161353__TC-TY2407,EQ-TY,2024-08-17T00:00:00Z,36.6,143.8,43.72774
EQ-202408091957003541139161353__TC-TY2407,EQ-TY,2024-08-17T06:00:00Z,37.3,145.6,36.01108
EQ-202408091957003541139161353__TC-TY2407,EQ-TY,2024-08-17T12:00:00Z,37.3,148.2,33.43886
EQ-202408091957003541139161353__TC-TY2407,EQ-TY,2024-08-17T18:00:00Z,38.3,150.1,30.86664
EQ-202408091957003541139161353__TC-TY2407,EQ-TY,2024-08-18T00:00:00Z,39.5,152.8,28.29442
EQ-202408091957003541139161353__TC-TY2407,EQ-TY,2024-08-18T06:00:00Z,40.5,155.3,28.29442
EQ-202408091957003541139161353__TC-TY2407,EQ-TY,2024-08-18T12:00:00Z,41.8,158.0,25.7222
EQ-202408091957003541139161353__TC-TY2407,EQ-TY,2024-08-18T18:00:00Z,43.1,160.7,25.7222
EQ-202408091957003541139161353__TC-TY2407,EQ-TY,2024-08-19T00:00:00Z,44.2,162.5,0.0
EQ-202408091957003541139161353__TC-TY2407,EQ-TY,2024-08-19T06:00:00Z,46.1,164.8,0.0
EQ-202408091957003541139161353__TC-TY2407,EQ-TY,2024-08-19T12:00:00Z,47.9,167.8,0.0
EQ-202408091957003541139161353__TC-TY2407,EQ-TY,2024-08-19T18:00:00Z,50.7,170.4,0.0
EQ-202408091957003541139161353__TC-TY2407,EQ-TY,2024-08-20T00:00:00Z,53.9,170.6,0.0
EQ-202408091957003541139161353__TC-TY2407,EQ-TY,2024-08-20T06:00:00Z,55.5,170.5,0.0
EQ-202408091957003541139161353__TC-TY2407,EQ-TY,2024-08-20T12:00:00Z,56.9,171.4,0.0
EQ-202408091957003541139161353__TC-TY2407,EQ-TY,2024-08-20T18:00:00Z,57.8,172.3,0.0
EQ-202408091957003541139161353__TC-TY2407,EQ-TY,2024-08-21T00:00:00Z,59.1,174.8,0.0
EQ-202408091957003541139161353__TC-TY2407,EQ-TY,2024-08-21T06:00:00Z,60.4,178.1,0.0
EQ-202311110550003132813080310450__TC-TY2306,TY-EQ,2023-07-26T18:00:00Z,10.5,138.1,0.0
EQ-202311110550003132813080310450__TC-TY2306,TY-EQ,2023-07-27T00:00:00Z,10.9,137.7,0.0
EQ-202311110550003132813080310450__TC-TY2306,TY-EQ,2023-07-27T06:00:00Z,11.2,137.2,0.0
EQ-202311110550003132813080310450__TC-TY2306,TY-EQ,2023-07-27T12:00:00Z,11.6,136.9,0.0
EQ-202311110550003132813080310450__TC-TY2306,TY-EQ,2023-07-27T18:00:00Z,12.2,136.6,0.0
EQ-202311110550003132813080310450__TC-TY2306,TY-EQ,2023-07-28T00:00:00Z,12.8,136.3,18.00554
EQ-202311110550003132813080310450__TC-TY2306,TY-EQ,2023-07-28T06:00:00Z,13.5,135.9,18.00554
EQ-202311110550003132813080310450__TC-TY2306,TY-EQ,2023-07-28T12:00:00Z,14.1,135.5,18.00554
EQ-202311110550003132813080310450__TC-TY2306,TY-EQ,2023-07-28T18:00:00Z,14.9,134.7,20.57776
EQ-202311110550003132813080310450__TC-TY2306,TY-EQ,2023-07-29T00:00:00Z,15.6,134.1,20.57776
EQ-202311110550003132813080310450__TC-TY2306,TY-EQ,2023-07-29T06:00:00Z,16.1,133.8,23.14998
EQ-202311110550003132813080310450__TC-TY2306,TY-EQ,2023-07-29T12:00:00Z,16.8,133.6,25.7222
EQ-202311110550003132813080310450__TC-TY2306,TY-EQ,2023-07-29T18:00:00Z,17.6,133.1,28.29442
EQ-202311110550003132813080310450__TC-TY2306,TY-EQ,2023-07-30T00:00:00Z,18.4,132.9,33.43886
EQ-202311110550003132813080310450__TC-TY2306,TY-EQ,2023-07-30T06:00:00Z,19.6,132.7,36.01108
EQ-202311110550003132813080310450__TC-TY2306,TY-EQ,2023-07-30T12:00:00Z,20.3,132.4,38.5833
EQ-202311110550003132813080310450__TC-TY2306,TY-EQ,2023-07-30T18:00:00Z,21.1,132.1,41.15552
EQ-202311110550003132813080310450__TC-TY2306,TY-EQ,2023-07-30T21:00:00Z,21.5,132.1,41.15552
EQ-202311110550003132813080310450__TC-TY2306,TY-EQ,2023-07-31T00:00:00Z,22.0,132.0,43.72774
EQ-202311110550003132813080310450__TC-TY2306,TY-EQ,2023-07-31T03:00:00Z,22.4,131.8,43.72774
EQ-202311110550003132813080310450__TC-TY2306,TY-EQ,2023-07-31T06:00:00Z,22.8,131.6,43.72774
EQ-202311110550003132813080310450__TC-TY2306,TY-EQ,2023-07-31T09:00:00Z,23.1,131.3,43.72774
EQ-202311110550003132813080310450__TC-TY2306,TY-EQ,2023-07-31T12:00:00Z,23.4,131.1,46.29996
EQ-202311110550003132813080310450__TC-TY2306,TY-EQ,2023-07-31T15:00:00Z,23.8,130.7,46.29996
EQ-202311110550003132813080310450__TC-TY2306,TY-EQ,2023-07-31T18:00:00Z,24.1,130.3,46.29996
EQ-202311110550003132813080310450__TC-TY2306,TY-EQ,2023-07-31T21:00:00Z,24.4,129.8,46.29996
EQ-202311110550003132813080310450__TC-TY2306,TY-EQ,2023-08-01T00:00:00Z,24.6,129.4,48.87218
EQ-202311110550003132813080310450__TC-TY2306,TY-EQ,2023-08-01T03:00:00Z,24.8,129.0,48.87218
EQ-202311110550003132813080310450__TC-TY2306,TY-EQ,2023-08-01T06:00:00Z,25.0,128.7,48.87218
EQ-202311110550003132813080310450__TC-TY2306,TY-EQ,2023-08-01T09:00:00Z,25.2,128.4,48.87218
EQ-202311110550003132813080310450__TC-TY2306,TY-EQ,2023-08-01T12:00:00Z,25.3,128.0,48.87218
EQ-202311110550003132813080310450__TC-TY2306,TY-EQ,2023-08-01T15:00:00Z,25.3,127.6,48.87218
EQ-202311110550003132813080310450__TC-TY2306,TY-EQ,2023-08-01T18:00:00Z,25.5,127.4,46.29996
EQ-202311110550003132813080310450__TC-TY2306,TY-EQ,2023-08-01T21:00:00Z,25.7,127.0,46.29996
EQ-202311110550003132813080310450__TC-TY2306,TY-EQ,2023-08-02T00:00:00Z,25.7,126.9,46.29996
EQ-202311110550003132813080310450__TC-TY2306,TY-EQ,2023-08-02T03:00:00Z,26.1,126.5,46.29996
EQ-202311110550003132813080310450__TC-TY2306,TY-EQ,2023-08-02T06:00:00Z,26.1,126.1,46.29996
EQ-202311110550003132813080310450__TC-TY2306,TY-EQ,2023-08-02T09:00:00Z,26.1,125.8,46.29996
EQ-202311110550003132813080310450__TC-TY2306,TY-EQ,2023-08-02T12:00:00Z,26.2,125.6,46.29996
EQ-202311110550003132813080310450__TC-TY2306,TY-EQ,2023-08-02T15:00:00Z,26.2,125.3,46.29996
EQ-202311110550003132813080310450__TC-TY2306,TY-EQ,2023-08-02T18:00:00Z,26.5,125.0,46.29996
EQ-202311110550003132813080310450__TC-TY2306,TY-EQ,2023-08-02T21:00:00Z,26.5,124.8,46.29996
EQ-202311110550003132813080310450__TC-TY2306,TY-EQ,2023-08-03T00:00:00Z,26.6,124.7,43.72774
EQ-202311110550003132813080310450__TC-TY2306,TY-EQ,2023-08-03T03:00:00Z,26.7,124.5,43.72774
EQ-202311110550003132813080310450__TC-TY2306,TY-EQ,2023-08-03T06:00:00Z,26.6,124.2,41.15552
EQ-202311110550003132813080310450__TC-TY2306,TY-EQ,2023-08-03T09:00:00Z,26.6,124.2,41.15552
EQ-202311110550003132813080310450__TC-TY2306,TY-EQ,2023-08-03T12:00:00Z,26.6,124.2,36.01108
EQ-202311110550003132813080310450__TC-TY2306,TY-EQ,2023-08-03T15:00:00Z,26.7,124.3,36.01108
EQ-202311110550003132813080310450__TC-TY2306,TY-EQ,2023-08-03T18:00:00Z,26.8,124.3,33.43886
EQ-202311110550003132813080310450__TC-TY2306,TY-EQ,2023-08-03T21:00:00Z,26.9,124.4,33.43886
EQ-202311110550003132813080310450__TC-TY2306,TY-EQ,2023-08-04T00:00:00Z,27.0,124.5,30.86664
EQ-202311110550003132813080310450__TC-TY2306,TY-EQ,2023-08-04T03:00:00Z,27.0,124.8,30.86664
EQ-202311110550003132813080310450__TC-TY2306,TY-EQ,2023-08-04T06:00:00Z,27.2,125.1,30.86664
EQ-202311110550003132813080310450__TC-TY2306,TY-EQ,2023-08-04T09:00:00Z,27.3,125.5,30.86664
EQ-202311110550003132813080310450__TC-TY2306,TY-EQ,2023-08-04T12:00:00Z,27.5,125.7,30.86664
EQ-202311110550003132813080310450__TC-TY2306,TY-EQ,2023-08-04T15:00:00Z,27.5,126.0,30.86664
EQ-202311110550003132813080310450__TC-TY2306,TY-EQ,2023-08-04T18:00:00Z,27.7,126.4,28.29442
EQ-202311110550003132813080310450__TC-TY2306,TY-EQ,2023-08-04T21:00:00Z,27.8,126.6,28.29442
EQ-202311110550003132813080310450__TC-TY2306,TY-EQ,2023-08-05T00:00:00Z,27.7,126.8,28.29442
EQ-202311110550003132813080310450__TC-TY2306,TY-EQ,2023-08-05T03:00:00Z,27.7,127.2,28.29442
EQ-202311110550003132813080310450__TC-TY2306,TY-EQ,2023-08-05T06:00:00Z,27.8,127.6,25.7222
EQ-202311110550003132813080310450__TC-TY2306,TY-EQ,2023-08-05T09:00:00Z,27.8,128.1,25.7222
EQ-202311110550003132813080310450__TC-TY2306,TY-EQ,2023-08-05T12:00:00Z,27.8,128.4,25.7222
EQ-202311110550003132813080310450__TC-TY2306,TY-EQ,2023-08-05T15:00:00Z,27.9,128.7,25.7222
EQ-202311110550003132813080310450__TC-TY2306,TY-EQ,2023-08-05T18:00:00Z,28.0,128.9,25.7222
EQ-202311110550003132813080310450__TC-TY2306,TY-EQ,2023-08-05T21:00:00Z,27.9,129.0,25.7222
EQ-202311110550003132813080310450__TC-TY2306,TY-EQ,2023-08-06T00:00:00Z,27.8,129.5,25.7222
EQ-202311110550003132813080310450__TC-TY2306,TY-EQ,2023-08-06T03:00:00Z,27.8,129.7,25.7222
EQ-202311110550003132813080310450__TC-TY2306,TY-EQ,2023-08-06T06:00:00Z,27.8,129.9,25.7222
EQ-202311110550003132813080310450__TC-TY2306,TY-EQ,2023-08-06T09:00:00Z,27.8,130.3,25.7222
EQ-202311110550003132813080310450__TC-TY2306,TY-EQ,2023-08-06T12:00:00Z,27.4,130.4,25.7222
EQ-202311110550003132813080310450__TC-TY2306,TY-EQ,2023-08-06T15:00:00Z,27.4,130.7,25.7222
EQ-202311110550003132813080310450__TC-TY2306,TY-EQ,2023-08-06T18:00:00Z,27.5,130.9,25.7222
EQ-202311110550003132813080310450__TC-TY2306,TY-EQ,2023-08-06T21:00:00Z,27.6,131.0,25.7222
EQ-202311110550003132813080310450__TC-TY2306,TY-EQ,2023-08-07T00:00:00Z,27.8,131.2,25.7222
EQ-202311110550003132813080310450__TC-TY2306,TY-EQ,2023-08-07T03:00:00Z,27.9,131.2,25.7222
EQ-202311110550003132813080310450__TC-TY2306,TY-EQ,2023-08-07T06:00:00Z,27.9,131.1,25.7222
EQ-202311110550003132813080310450__TC-TY2306,TY-EQ,2023-08-07T09:00:00Z,28.0,131.1,25.7222
EQ-202311110550003132813080310450__TC-TY2306,TY-EQ,2023-08-07T12:00:00Z,28.2,131.1,23.14998
EQ-202311110550003132813080310450__TC-TY2306,TY-EQ,2023-08-07T15:00:00Z,28.3,131.1,23.14998
EQ-202311110550003132813080310450__TC-TY2306,TY-EQ,2023-08-07T18:00:00Z,28.4,131.1,23.14998
EQ-202311110550003132813080310450__TC-TY2306,TY-EQ,2023-08-07T21:00:00Z,28.6,131.1,23.14998
EQ-202311110550003132813080310450__TC-TY2306,TY-EQ,2023-08-08T00:00:00Z,28.9,131.0,23.14998
EQ-202311110550003132813080310450__TC-TY2306,TY-EQ,2023-08-08T03:00:00Z,29.1,130.9,23.14998
EQ-202311110550003132813080310450__TC-TY2306,TY-EQ,2023-08-08T06:00:00Z,29.4,130.7,25.7222
EQ-202311110550003132813080310450__TC-TY2306,TY-EQ,2023-08-08T09:00:00Z,29.7,130.6,25.7222
EQ-202311110550003132813080310450__TC-TY2306,TY-EQ,2023-08-08T12:00:00Z,29.9,130.4,25.7222
EQ-202311110550003132813080310450__TC-TY2306,TY-EQ,2023-08-08T15:00:00Z,30.2,130.1,25.7222
EQ-202311110550003132813080310450__TC-TY2306,TY-EQ,2023-08-08T18:00:00Z,30.4,129.7,25.7222
EQ-202311110550003132813080310450__TC-TY2306,TY-EQ,2023-08-08T21:00:00Z,30.6,129.5,25.7222
EQ-202311110550003132813080310450__TC-TY2306,TY-EQ,2023-08-09T00:00:00Z,30.9,129.3,25.7222
EQ-202311110550003132813080310450__TC-TY2306,TY-EQ,2023-08-09T03:00:00Z,31.3,129.0,25.7222
EQ-202311110550003132813080310450__TC-TY2306,TY-EQ,2023-08-09T06:00:00Z,31.6,128.9,25.7222
EQ-202311110550003132813080310450__TC-TY2306,TY-EQ,2023-08-09T09:00:00Z,31.9,128.8,25.7222
EQ-202311110550003132813080310450__TC-TY2306,TY-EQ,2023-08-09T12:00:00Z,32.4,128.8,25.7222
EQ-202311110550003132813080310450__TC-TY2306,TY-EQ,2023-08-09T15:00:00Z,32.7,128.6,25.7222
EQ-202311110550003132813080310450__TC-TY2306,TY-EQ,2023-08-09T18:00:00Z,33.4,128.6,25.7222
EQ-202311110550003132813080310450__TC-TY2306,TY-EQ,2023-08-09T21:00:00Z,34.1,128.6,25.7222
EQ-202311110550003132813080310450__TC-TY2306,TY-EQ,2023-08-10T00:00:00Z,34.8,128.7,23.14998
EQ-202311110550003132813080310450__TC-TY2306,TY-EQ,2023-08-10T06:00:00Z,36.6,128.1,0.0
EQ-202311110550003132813080310450__TC-TY2306,TY-EQ,2023-08-10T12:00:00Z,38.0,128.3,0.0
EQ-202311110550003132813080310450__TC-TY2306,TY-EQ,2023-08-10T18:00:00Z,38.4,126.5,0.0
EQ-202311110550003132813080310450__TC-TY2306,TY-EQ,2023-08-11T00:00:00Z,38.7,125.9,0.0
EQ-202311110550003132813080310450__TC-TY2306,TY-EQ,2023-08-11T06:00:00Z,39.2,124.9,0.0
EQ-202311110550003132813080310450__TC-TY2306,TY-EQ,2023-08-11T12:00:00Z,38.8,124.0,0.0
EQ-202311110550003132813080310450__TC-TY2306,TY-EQ,2023-08-11T18:00:00Z,37.6,124.9,0.0
EQ-2022072212020040551414178653__TC-TY2214,EQ-TY,2022-09-12T12:00:00Z,22.3,138.7,0.0
EQ-2022072212020040551414178653__TC-TY2214,EQ-TY,2022-09-12T18:00:00Z,22.4,138.2,0.0
EQ-2022072212020040551414178653__TC-TY2214,EQ-TY,2022-09-13T00:00:00Z,22.0,138.3,0.0
EQ-2022072212020040551414178653__TC-TY2214,EQ-TY,2022-09-13T06:00:00Z,22.0,138.9,0.0
EQ-2022072212020040551414178653__TC-TY2214,EQ-TY,2022-09-13T12:00:00Z,22.2,139.6,0.0
EQ-2022072212020040551414178653__TC-TY2214,EQ-TY,2022-09-13T18:00:00Z,22.4,140.1,18.00554
EQ-2022072212020040551414178653__TC-TY2214,EQ-TY,2022-09-14T00:00:00Z,22.5,140.6,18.00554
EQ-2022072212020040551414178653__TC-TY2214,EQ-TY,2022-09-14T06:00:00Z,22.8,140.8,18.00554
EQ-2022072212020040551414178653__TC-TY2214,EQ-TY,2022-09-14T12:00:00Z,22.8,140.3,20.57776
EQ-2022072212020040551414178653__TC-TY2214,EQ-TY,2022-09-14T18:00:00Z,23.1,139.7,23.14998
EQ-2022072212020040551414178653__TC-TY2214,EQ-TY,2022-09-15T00:00:00Z,23.2,138.7,25.7222
EQ-2022072212020040551414178653__TC-TY2214,EQ-TY,2022-09-15T06:00:00Z,23.3,137.9,28.29442
EQ-2022072212020040551414178653__TC-TY2214,EQ-TY,2022-09-15T12:00:00Z,23.4,137.3,33.43886
EQ-2022072212020040551414178653__TC-TY2214,EQ-TY,2022-09-15T18:00:00Z,23.4,136.4,38.5833
EQ-2022072212020040551414178653__TC-TY2214,EQ-TY,2022-09-16T00:00:00Z,23.8,135.9,43.72774
EQ-2022072212020040551414178653__TC-TY2214,EQ-TY,2022-09-16T06:00:00Z,24.2,135.5,46.29996
EQ-2022072212020040551414178653__TC-TY2214,EQ-TY,2022-09-16T12:00:00Z,24.9,134.7,48.87218
EQ-2022072212020040551414178653__TC-TY2214,EQ-TY,2022-09-16T15:00:00Z,25.2,134.2,51.4444
EQ-2022072212020040551414178653__TC-TY2214,EQ-TY,2022-09-16T18:00:00Z,25.5,133.8,54.01662
EQ-2022072212020040551414178653__TC-TY2214,EQ-TY,2022-09-16T21:00:00Z,25.7,133.4,54.01662
EQ-2022072212020040551414178653__TC-TY2214,EQ-TY,2022-09-17T00:00:00Z,26.1,133.1,54.01662
EQ-2022072212020040551414178653__TC-TY2214,EQ-TY,2022-09-17T03:00:00Z,26.5,132.8,54.01662
EQ-2022072212020040551414178653__TC-TY2214,EQ-TY,2022-09-17T06:00:00Z,26.8,132.5,54.01662
EQ-2022072212020040551414178653__TC-TY2214,EQ-TY,2022-09-17T09:00:00Z,27.1,132.3,54.01662
EQ-2022072212020040551414178653__TC-TY2214,EQ-TY,2022-09-17T12:00:00Z,27.5,132.0,54.01662
EQ-2022072212020040551414178653__TC-TY2214,EQ-TY,2022-09-17T15:00:00Z,28.0,131.7,51.4444
EQ-2022072212020040551414178653__TC-TY2214,EQ-TY,2022-09-17T18:00:00Z,28.5,131.4,48.87218
EQ-2022072212020040551414178653__TC-TY2214,EQ-TY,2022-09-17T21:00:00Z,29.1,131.4,48.87218
EQ-2022072212020040551414178653__TC-TY2214,EQ-TY,2022-09-18T00:00:00Z,29.7,131.0,46.29996
EQ-2022072212020040551414178653__TC-TY2214,EQ-TY,2022-09-18T03:00:00Z,30.2,130.7,46.29996
EQ-2022072212020040551414178653__TC-TY2214,EQ-TY,2022-09-18T04:00:00Z,30.3,130.6,46.29996
EQ-2022072212020040551414178653__TC-TY2214,EQ-TY,2022-09-18T06:00:00Z,30.7,130.7,46.29996
EQ-2022072212020040551414178653__TC-TY2214,EQ-TY,2022-09-18T08:00:00Z,31.1,130.6,43.72774
EQ-2022072212020040551414178653__TC-TY2214,EQ-TY,2022-09-18T09:00:00Z,31.3,130.6,43.72774
EQ-2022072212020040551414178653__TC-TY2214,EQ-TY,2022-09-18T10:00:00Z,31.5,130.5,43.72774
EQ-2022072212020040551414178653__TC-TY2214,EQ-TY,2022-09-18T12:00:00Z,31.9,130.5,38.5833
EQ-2022072212020040551414178653__TC-TY2214,EQ-TY,2022-09-18T15:00:00Z,32.7,130.4,36.01108
EQ-2022072212020040551414178653__TC-TY2214,EQ-TY,2022-09-18T18:00:00Z,33.2,130.4,36.01108
EQ-2022072212020040551414178653__TC-TY2214,EQ-TY,2022-09-18T21:00:00Z,33.6,130.6,33.43886
EQ-2022072212020040551414178653__TC-TY2214,EQ-TY,2022-09-19T00:00:00Z,33.9,130.8,30.86664
EQ-2022072212020040551414178653__TC-TY2214,EQ-TY,2022-09-19T03:00:00Z,34.4,131.6,30.86664
EQ-2022072212020040551414178653__TC-TY2214,EQ-TY,2022-09-19T06:00:00Z,35.3,132.4,30.86664
EQ-2022072212020040551414178653__TC-TY2214,EQ-TY,2022-09-19T09:00:00Z,36.0,133.0,28.29442
EQ-2022072212020040551414178653__TC-TY2214,EQ-TY,2022-09-19T12:00:00Z,36.6,134.4,28.29442
EQ-2022072212020040551414178653__TC-TY2214,EQ-TY,2022-09-19T15:00:00Z,37.4,136.3,28.29442
EQ-2022072212020040551414178653__TC-TY2214,EQ-TY,2022-09-19T18:00:00Z,37.6,138.4,0.0
EQ-2022072212020040551414178653__TC-TY2214,EQ-TY,2022-09-20T00:00:00Z,39.0,143.0,0.0
EQ-20220619150800375151372751354__TC-TY2211,EQ-TY,2022-08-27T18:00:00Z,23.8,151.1,0.0
EQ-20220619150800375151372751354__TC-TY2211,EQ-TY,2022-08-28T00:00:00Z,24.9,150.3,0.0
EQ-20220619150800375151372751354__TC-TY2211,EQ-TY,2022-08-28T06:00:00Z,25.9,149.5,18.00554
EQ-20220619150800375151372751354__TC-TY2211,EQ-TY,2022-08-28T12:00:00Z,26.9,148.5,20.57776
EQ-20220619150800375151372751354__TC-TY2211,EQ-TY,2022-08-28T18:00:00Z,27.2,146.9,28.29442
EQ-20220619150800375151372751354__TC-TY2211,EQ-TY,2022-08-29T00:00:00Z,27.3,145.3,36.01108
EQ-20220619150800375151372751354__TC-TY2211,EQ-TY,2022-08-29T03:00:00Z,27.4,144.4,36.01108
EQ-20220619150800375151372751354__TC-TY2211,EQ-TY,2022-08-29T06:00:00Z,27.4,143.2,38.5833
EQ-20220619150800375151372751354__TC-TY2211,EQ-TY,2022-08-29T09:00:00Z,27.4,142.3,41.15552
EQ-20220619150800375151372751354__TC-TY2211,EQ-TY,2022-08-29T12:00:00Z,27.3,141.3,43.72774
EQ-20220619150800375151372751354__TC-TY2211,EQ-TY,2022-08-29T15:00:00Z,27.2,140.3,43.72774
EQ-20220619150800375151372751354__TC-TY2211,EQ-TY,2022-08-29T18:00:00Z,27.1,139.2,46.29996
EQ-20220619150800375151372751354__TC-TY2211,EQ-TY,2022-08-30T00:00:00Z,26.8,137.3,48.87218
EQ-20220619150800375151372751354__TC-TY2211,EQ-TY,2022-08-30T06:00:00Z,26.8,135.4,51.4444
EQ-20220619150800375151372751354__TC-TY2211,EQ-TY,2022-08-30T12:00:00Z,26.6,133.6,54.01662
EQ-20220619150800375151372751354__TC-TY2211,EQ-TY,2022-08-30T15:00:00Z,26.5,132.7,54.01662
EQ-20220619150800375151372751354__TC-TY2211,EQ-TY,2022-08-30T18:00:00Z,26.3,131.9,54.01662
EQ-20220619150800375151372751354__TC-TY2211,EQ-TY,2022-08-30T21:00:00Z,26.1,131.1,54.01662
EQ-20220619150800375151372751354__TC-TY2211,EQ-TY,2022-08-31T00:00:00Z,25.9,130.3,51.4444
EQ-20220619150800375151372751354__TC-TY2211,EQ-TY,2022-08-31T03:00:00Z,25.7,129.6,51.4444
EQ-20220619150800375151372751354__TC-TY2211,EQ-TY,2022-08-31T06:00:00Z,25.4,129.0,51.4444
EQ-20220619150800375151372751354__TC-TY2211,EQ-TY,2022-08-31T09:00:00Z,25.1,128.4,51.4444
EQ-20220619150800375151372751354__TC-TY2211,EQ-TY,2022-08-31T12:00:00Z,24.7,127.7,51.4444
EQ-20220619150800375151372751354__TC-TY2211,EQ-TY,2022-08-31T18:00:00Z,23.7,126.3,51.4444
EQ-20220619150800375151372751354__TC-TY2211,EQ-TY,2022-09-01T00:00:00Z,22.6,125.7,51.4444
EQ-20220619150800375151372751354__TC-TY2211,EQ-TY,2022-09-01T06:00:00Z,21.8,125.5,51.4444
EQ-20220619150800375151372751354__TC-TY2211,EQ-TY,2022-09-01T12:00:00Z,21.3,125.5,51.4444
EQ-20220619150800375151372751354__TC-TY2211,EQ-TY,2022-09-01T18:00:00Z,21.3,125.5,46.29996
EQ-20220619150800375151372751354__TC-TY2211,EQ-TY,2022-09-02T00:00:00Z,21.5,125.5,41.15552
EQ-20220619150800375151372751354__TC-TY2211,EQ-TY,2022-09-02T06:00:00Z,21.9,125.0,38.5833
EQ-20220619150800375151372751354__TC-TY2211,EQ-TY,2022-09-02T12:00:00Z,22.1,124.6,38.5833
EQ-20220619150800375151372751354__TC-TY2211,EQ-TY,2022-09-02T18:00:00Z,22.5,124.6,38.5833
EQ-20220619150800375151372751354__TC-TY2211,EQ-TY,2022-09-02T21:00:00Z,22.7,124.6,38.5833
EQ-20220619150800375151372751354__TC-TY2211,EQ-TY,2022-09-03T00:00:00Z,23.0,124.6,38.5833
EQ-20220619150800375151372751354__TC-TY2211,EQ-TY,2022-09-03T03:00:00Z,23.3,124.6,38.5833
EQ-20220619150800375151372751354__TC-TY2211,EQ-TY,2022-09-03T06:00:00Z,23.8,124.7,38.5833
EQ-20220619150800375151372751354__TC-TY2211,EQ-TY,2022-09-03T09:00:00Z,24.0,124.8,38.5833
EQ-20220619150800375151372751354__TC-TY2211,EQ-TY,2022-09-03T12:00:00Z,24.3,124.9,41.15552
EQ-20220619150800375151372751354__TC-TY2211,EQ-TY,2022-09-03T15:00:00Z,24.8,124.7,41.15552
EQ-20220619150800375151372751354__TC-TY2211,EQ-TY,2022-09-03T18:00:00Z,25.1,124.6,41.15552
EQ-20220619150800375151372751354__TC-TY2211,EQ-TY,2022-09-03T21:00:00Z,25.5,124.6,41.15552
EQ-20220619150800375151372751354__TC-TY2211,EQ-TY,2022-09-04T00:00:00Z,26.0,124.6,43.72774
EQ-20220619150800375151372751354__TC-TY2211,EQ-TY,2022-09-04T03:00:00Z,26.3,124.5,43.72774
EQ-20220619150800375151372751354__TC-TY2211,EQ-TY,2022-09-04T06:00:00Z,27.0,124.7,46.29996
EQ-20220619150800375151372751354__TC-TY2211,EQ-TY,2022-09-04T09:00:00Z,27.5,124.4,46.29996
EQ-20220619150800375151372751354__TC-TY2211,EQ-TY,2022-09-04T12:00:00Z,27.7,124.5,46.29996
EQ-20220619150800375151372751354__TC-TY2211,EQ-TY,2022-09-04T18:00:00Z,28.6,124.7,46.29996
EQ-20220619150800375151372751354__TC-TY2211,EQ-TY,2022-09-05T00:00:00Z,29.8,124.9,43.72774
EQ-20220619150800375151372751354__TC-TY2211,EQ-TY,2022-09-05T03:00:00Z,30.2,125.1,43.72774
EQ-20220619150800375151372751354__TC-TY2211,EQ-TY,2022-09-05T06:00:00Z,31.0,125.5,41.15552
EQ-20220619150800375151372751354__TC-TY2211,EQ-TY,2022-09-05T09:00:00Z,31.6,126.0,41.15552
EQ-20220619150800375151372751354__TC-TY2211,EQ-TY,2022-09-05T12:00:00Z,32.3,126.6,38.5833
EQ-20220619150800375151372751354__TC-TY2211,EQ-TY,2022-09-05T15:00:00Z,33.3,127.2,38.5833
EQ-20220619150800375151372751354__TC-TY2211,EQ-TY,2022-09-05T18:00:00Z,34.2,128.1,36.01108
EQ-20220619150800375151372751354__TC-TY2211,EQ-TY,2022-09-05T21:00:00Z,35.1,129.1,36.01108
EQ-20220619150800375151372751354__TC-TY2211,EQ-TY,2022-09-06T00:00:00Z,36.4,130.7,33.43886
EQ-20220619150800375151372751354__TC-TY2211,EQ-TY,2022-09-06T03:00:00Z,37.8,131.9,33.43886
EQ-20220619150800375151372751354__TC-TY2211,EQ-TY,2022-09-06T06:00:00Z,39.8,133.6,30.86664
EQ-20220619150800375151372751354__TC-TY2211,EQ-TY,2022-09-06T12:00:00Z,44.0,137.0,0.0
EQ-20220619150800375151372751354__TC-TY2211,EQ-TY,2022-09-06T18:00:00Z,47.5,139.4,0.0
EQ-20220619150800375151372751354__TC-TY2211,EQ-TY,2022-09-07T00:00:00Z,52.6,138.4,0.0
EQ-20220619150800375151372751354__TC-TY2211,EQ-TY,2022-09-07T06:00:00Z,54.8,139.1,0.0
EQ-20220619150800375151372751354__TC-TY2211,EQ-TY,2022-09-07T12:00:00Z,55.8,139.1,0.0
EQ-20220619150800375151372751354__TC-TY2211,EQ-TY,2022-09-07T18:00:00Z,56.7,140.8,0.0
EQ-20220619150800375151372751354__TC-TY2211,EQ-TY,2022-09-08T00:00:00Z,58.0,142.9,0.0
EQ-20220619150800375151372751354__TC-TY2211,EQ-TY,2022-09-08T06:00:00Z,58.2,145.0,0.0
EQ-20220619150800375151372751354__TC-TY2211,EQ-TY,2022-09-08T12:00:00Z,58.9,147.0,0.0
EQ-20220619150800375151372751354__TC-TY2211,EQ-TY,2022-09-08T18:00:00Z,59.9,149.2,0.0
EQ-20220619150800375151372751354__TC-TY2211,EQ-TY,2022-09-09T00:00:00Z,61.7,149.9,0.0
EQ-20220419081600368771403479354__TC-TY2208,EQ-TY,2022-08-08T18:00:00Z,23.9,148.8,0.0
EQ-20220419081600368771403479354__TC-TY2208,EQ-TY,2022-08-09T00:00:00Z,24.1,146.3,0.0
EQ-20220419081600368771403479354__TC-TY2208,EQ-TY,2022-08-09T06:00:00Z,24.6,144.5,0.0
EQ-20220419081600368771403479354__TC-TY2208,EQ-TY,2022-08-09T12:00:00Z,24.9,142.8,0.0
EQ-20220419081600368771403479354__TC-TY2208,EQ-TY,2022-08-09T18:00:00Z,25.1,141.6,0.0
EQ-20220419081600368771403479354__TC-TY2208,EQ-TY,2022-08-10T00:00:00Z,26.0,140.3,0.0
EQ-20220419081600368771403479354__TC-TY2208,EQ-TY,2022-08-10T06:00:00Z,26.9,139.5,0.0
EQ-20220419081600368771403479354__TC-TY2208,EQ-TY,2022-08-10T12:00:00Z,27.6,138.5,0.0
EQ-20220419081600368771403479354__TC-TY2208,EQ-TY,2022-08-10T18:00:00Z,28.2,137.6,0.0
EQ-20220419081600368771403479354__TC-TY2208,EQ-TY,2022-08-11T00:00:00Z,28.8,136.3,0.0
EQ-20220419081600368771403479354__TC-TY2208,EQ-TY,2022-08-11T06:00:00Z,28.8,135.9,0.0
EQ-20220419081600368771403479354__TC-TY2208,EQ-TY,2022-08-11T12:00:00Z,28.8,135.6,18.00554
EQ-20220419081600368771403479354__TC-TY2208,EQ-TY,2022-08-11T18:00:00Z,29.6,135.9,18.00554
EQ-20220419081600368771403479354__TC-TY2208,EQ-TY,2022-08-12T00:00:00Z,30.5,136.2,18.00554
EQ-20220419081600368771403479354__TC-TY2208,EQ-TY,2022-08-12T06:00:00Z,30.8,136.4,18.00554
EQ-20220419081600368771403479354__TC-TY2208,EQ-TY,2022-08-12T12:00:00Z,31.9,136.7,20.57776
EQ-20220419081600368771403479354__TC-TY2208,EQ-TY,2022-08-12T18:00:00Z,32.8,136.7,20.57776
EQ-20220419081600368771403479354__TC-TY2208,EQ-TY,2022-08-13T00:00:00Z,33.8,137.2,20.57776
EQ-20220419081600368771403479354__TC-TY2208,EQ-TY,2022-08-13T05:00:00Z,34.5,138.0,20.57776
EQ-20220419081600368771403479354__TC-TY2208,EQ-TY,2022-08-13T06:00:00Z,34.7,138.2,20.57776
EQ-20220419081600368771403479354__TC-TY2208,EQ-TY,2022-08-13T08:00:00Z,35.0,138.7,20.57776
EQ-20220419081600368771403479354__TC-TY2208,EQ-TY,2022-08-13T12:00:00Z,35.8,140.3,20.57776
EQ-20220419081600368771403479354__TC-TY2208,EQ-TY,2022-08-13T18:00:00Z,37.4,142.6,20.57776
EQ-20220419081600368771403479354__TC-TY2208,EQ-TY,2022-08-14T00:00:00Z,39.2,144.7,20.57776
EQ-20220419081600368771403479354__TC-TY2208,EQ-TY,2022-08-14T06:00:00Z,41.0,146.9,20.57776
EQ-20220419081600368771403479354__TC-TY2208,EQ-TY,2022-08-14T12:00:00Z,44.0,150.0,0.0
EQ-20220419081600368771403479354__TC-TY2208,EQ-TY,2022-08-14T18:00:00Z,46.8,151.5,0.0
EQ-20220419081600368771403479354__TC-TY2208,EQ-TY,2022-08-15T00:00:00Z,49.8,152.2,0.0
EQ-20220419081600368771403479354__TC-TY2208,EQ-TY,2022-08-15T06:00:00Z,51.9,152.6,0.0
EQ-20220419081600368771403479354__TC-TY2208,EQ-TY,2022-08-15T12:00:00Z,53.2,153.9,0.0
EQ-20220419081600368771403479354__TC-TY2208,EQ-TY,2022-08-15T18:00:00Z,55.0,155.1,0.0
EQ-20220419081600368771403479354__TC-TY2208,EQ-TY,2022-08-16T00:00:00Z,57.8,155.7,0.0
EQ-20220419081600368771403479354__TC-TY2208,EQ-TY,2022-08-16T06:00:00Z,59.1,157.4,0.0
EQ-20220419081600368771403479354__TC-TY2208,EQ-TY,2022-08-16T12:00:00Z,59.9,157.2,0.0
EQ-20220419081600368771403479354__TC-TY2208,EQ-TY,2022-08-16T18:00:00Z,60.1,156.0,0.0
EQ-2021100722410035591401037559__TC-TY2116,TY-EQ,2021-09-22T12:00:00Z,11.2,148.6,0.0
EQ-2021100722410035591401037559__TC-TY2116,TY-EQ,2021-09-22T18:00:00Z,12.0,147.7,0.0
EQ-2021100722410035591401037559__TC-TY2116,TY-EQ,2021-09-23T00:00:00Z,12.7,146.2,0.0
EQ-2021100722410035591401037559__TC-TY2116,TY-EQ,2021-09-23T06:00:00Z,13.3,144.5,0.0
EQ-2021100722410035591401037559__TC-TY2116,TY-EQ,2021-09-23T12:00:00Z,13.6,143.3,18.00554
EQ-2021100722410035591401037559__TC-TY2116,TY-EQ,2021-09-23T18:00:00Z,14.1,142.0,18.00554
EQ-2021100722410035591401037559__TC-TY2116,TY-EQ,2021-09-24T00:00:00Z,14.5,141.1,20.57776
EQ-2021100722410035591401037559__TC-TY2116,TY-EQ,2021-09-24T06:00:00Z,15.2,140.3,23.14998
EQ-2021100722410035591401037559__TC-TY2116,TY-EQ,2021-09-24T12:00:00Z,15.9,139.3,25.7222
EQ-2021100722410035591401037559__TC-TY2116,TY-EQ,2021-09-24T18:00:00Z,16.6,138.6,30.86664
EQ-2021100722410035591401037559__TC-TY2116,TY-EQ,2021-09-25T00:00:00Z,17.1,138.1,36.01108
EQ-2021100722410035591401037559__TC-TY2116,TY-EQ,2021-09-25T06:00:00Z,17.7,137.7,41.15552
EQ-2021100722410035591401037559__TC-TY2116,TY-EQ,2021-09-25T12:00:00Z,18.2,137.4,43.72774
EQ-2021100722410035591401037559__TC-TY2116,TY-EQ,2021-09-25T18:00:00Z,18.5,137.0,43.72774
EQ-2021100722410035591401037559__TC-TY2116,TY-EQ,2021-09-26T00:00:00Z,18.6,136.8,51.4444
EQ-2021100722410035591401037559__TC-TY2116,TY-EQ,2021-09-26T06:00:00Z,18.8,136.7,54.01662
EQ-2021100722410035591401037559__TC-TY2116,TY-EQ,2021-09-26T12:00:00Z,19.0,136.7,54.01662
EQ-2021100722410035591401037559__TC-TY2116,TY-EQ,2021-09-26T18:00:00Z,19.4,136.7,54.01662
EQ-2021100722410035591401037559__TC-TY2116,TY-EQ,2021-09-27T00:00:00Z,19.6,136.7,48.87218
EQ-2021100722410035591401037559__TC-TY2116,TY-EQ,2021-09-27T06:00:00Z,19.9,136.6,43.72774
EQ-2021100722410035591401037559__TC-TY2116,TY-EQ,2021-09-27T12:00:00Z,20.2,136.4,43.72774
EQ-2021100722410035591401037559__TC-TY2116,TY-EQ,2021-09-27T18:00:00Z,20.5,136.3,43.72774
EQ-2021100722410035591401037559__TC-TY2116,TY-EQ,2021-09-28T00:00:00Z,21.0,136.1,43.72774
EQ-2021100722410035591401037559__TC-TY2116,TY-EQ,2021-09-28T06:00:00Z,21.6,135.7,43.72774
EQ-2021100722410035591401037559__TC-TY2116,TY-EQ,2021-09-28T12:00:00Z,21.9,135.4,43.72774
EQ-2021100722410035591401037559__TC-TY2116,TY-EQ,2021-09-28T18:00:00Z,22.6,135.5,43.72774
EQ-2021100722410035591401037559__TC-TY2116,TY-EQ,2021-09-29T00:00:00Z,23.4,135.4,43.72774
EQ-2021100722410035591401037559__TC-TY2116,TY-EQ,2021-09-29T06:00:00Z,24.3,135.4,46.29996
EQ-2021100722410035591401037559__TC-TY2116,TY-EQ,2021-09-29T12:00:00Z,25.0,135.6,46.29996
EQ-2021100722410035591401037559__TC-TY2116,TY-EQ,2021-09-29T18:00:00Z,25.8,135.9,46.29996
EQ-2021100722410035591401037559__TC-TY2116,TY-EQ,2021-09-30T00:00:00Z,26.6,136.4,46.29996
EQ-2021100722410035591401037559__TC-TY2116,TY-EQ,2021-09-30T06:00:00Z,28.0,137.2,43.72774
EQ-2021100722410035591401037559__TC-TY2116,TY-EQ,2021-09-30T12:00:00Z,29.1,138.1,43.72774
EQ-2021100722410035591401037559__TC-TY2116,TY-EQ,2021-09-30T15:00:00Z,29.8,138.6,43.72774
EQ-2021100722410035591401037559__TC-TY2116,TY-EQ,2021-09-30T18:00:00Z,30.4,139.2,43.72774
EQ-2021100722410035591401037559__TC-TY2116,TY-EQ,2021-09-30T21:00:00Z,31.1,140.0,43.72774
EQ-2021100722410035591401037559__TC-TY2116,TY-EQ,2021-10-01T00:00:00Z,31.9,140.7,41.15552
EQ-2021100722410035591401037559__TC-TY2116,TY-EQ,2021-10-01T03:00:00Z,32.8,141.4,41.15552
EQ-2021100722410035591401037559__TC-TY2116,TY-EQ,2021-10-01T06:00:00Z,33.7,142.2,38.5833
EQ-2021100722410035591401037559__TC-TY2116,TY-EQ,2021-10-01T09:00:00Z,34.7,142.8,38.5833
EQ-2021100722410035591401037559__TC-TY2116,TY-EQ,2021-10-01T12:00:00Z,35.6,143.9,36.01108
EQ-2021100722410035591401037559__TC-TY2116,TY-EQ,2021-10-01T18:00:00Z,37.2,145.6,33.43886
EQ-2021100722410035591401037559__TC-TY2116,TY-EQ,2021-10-02T00:00:00Z,39.4,147.8,0.0
EQ-2021100722410035591401037559__TC-TY2116,TY-EQ,2021-10-02T06:00:00Z,41.6,150.1,0.0
EQ-2021100722410035591401037559__TC-TY2116,TY-EQ,2021-10-02T12:00:00Z,43.8,152.6,0.0
EQ-2021100722410035591401037559__TC-TY2116,TY-EQ,2021-10-02T18:00:00Z,46.0,155.5,0.0
EQ-2021100722410035591401037559__TC-TY2116,TY-EQ,2021-10-03T00:00:00Z,48.8,157.9,0.0
EQ-2021100722410035591401037559__TC-TY2116,TY-EQ,2021-10-03T06:00:00Z,51.2,160.1,0.0
EQ-2021100722410035591401037559__TC-TY2116,TY-EQ,2021-10-03T12:00:00Z,53.6,162.2,0.0
EQ-2021100722410035591401037559__TC-TY2116,TY-EQ,2021-10-03T18:00:00Z,55.6,164.3,0.0
EQ-2021100722410035591401037559__TC-TY2116,TY-EQ,2021-10-04T00:00:00Z,57.1,166.1,0.0
EQ-2021100722410035591401037559__TC-TY2116,TY-EQ,2021-10-04T06:00:00Z,58.3,168.5,0.0
EQ-2021100722410035591401037559__TC-TY2116,TY-EQ,2021-10-04T12:00:00Z,58.9,169.8,0.0
EQ-2021100722410035591401037559__TC-TY2116,TY-EQ,2021-10-04T18:00:00Z,59.3,171.3,0.0
EQ-2021100722410035591401037559__TC-TY2116,TY-EQ,2021-10-05T00:00:00Z,59.6,173.4,0.0
EQ-2021100722410035591401037559__TC-TY2116,TY-EQ,2021-10-05T06:00:00Z,59.9,175.4,0.0
EQ-2021100722410035591401037559__TC-TY2116,TY-EQ,2021-10-05T12:00:00Z,60.4,177.9,0.0
EQ-2021091917180036345137623053__TC-TY2114,Simultaneous,2021-09-05T06:00:00Z,12.4,140.5,0.0
EQ-2021091917180036345137623053__TC-TY2114,Simultaneous,2021-09-05T12:00:00Z,13.0,139.9,0.0
EQ-2021091917180036345137623053__TC-TY2114,Simultaneous,2021-09-05T18:00:00Z,13.4,139.5,0.0
EQ-2021091917180036345137623053__TC-TY2114,Simultaneous,2021-09-06T00:00:00Z,13.5,139.0,0.0
EQ-2021091917180036345137623053__TC-TY2114,Simultaneous,2021-09-06T06:00:00Z,13.9,138.6,0.0
EQ-2021091917180036345137623053__TC-TY2114,Simultaneous,2021-09-06T12:00:00Z,14.6,138.0,18.00554
EQ-2021091917180036345137623053__TC-TY2114,Simultaneous,2021-09-06T18:00:00Z,15.3,137.4,18.00554
EQ-2021091917180036345137623053__TC-TY2114,Simultaneous,2021-09-07T00:00:00Z,15.7,136.4,23.14998
EQ-2021091917180036345137623053__TC-TY2114,Simultaneous,2021-09-07T06:00:00Z,16.1,135.6,28.29442
EQ-2021091917180036345137623053__TC-TY2114,Simultaneous,2021-09-07T12:00:00Z,16.3,134.5,33.43886
EQ-2021091917180036345137623053__TC-TY2114,Simultaneous,2021-09-07T18:00:00Z,16.3,133.5,41.15552
EQ-2021091917180036345137623053__TC-TY2114,Simultaneous,2021-09-08T00:00:00Z,16.0,132.4,46.29996
EQ-2021091917180036345137623053__TC-TY2114,Simultaneous,2021-09-08T06:00:00Z,15.7,131.4,48.87218
EQ-2021091917180036345137623053__TC-TY2114,Simultaneous,2021-09-08T12:00:00Z,15.6,130.3,48.87218
EQ-2021091917180036345137623053__TC-TY2114,Simultaneous,2021-09-08T18:00:00Z,15.4,129.1,51.4444
EQ-2021091917180036345137623053__TC-TY2114,Simultaneous,2021-09-09T00:00:00Z,15.5,128.0,51.4444
EQ-2021091917180036345137623053__TC-TY2114,Simultaneous,2021-09-09T06:00:00Z,15.8,127.1,51.4444
EQ-2021091917180036345137623053__TC-TY2114,Simultaneous,2021-09-09T12:00:00Z,16.1,125.9,51.4444
EQ-2021091917180036345137623053__TC-TY2114,Simultaneous,2021-09-09T18:00:00Z,16.6,124.9,51.4444
EQ-2021091917180036345137623053__TC-TY2114,Simultaneous,2021-09-10T00:00:00Z,17.1,124.1,54.01662
EQ-2021091917180036345137623053__TC-TY2114,Simultaneous,2021-09-10T06:00:00Z,17.8,123.5,59.16106
EQ-2021091917180036345137623053__TC-TY2114,Simultaneous,2021-09-10T12:00:00Z,18.7,122.9,59.16106
EQ-2021091917180036345137623053__TC-TY2114,Simultaneous,2021-09-10T18:00:00Z,19.5,122.3,59.16106
EQ-2021091917180036345137623053__TC-TY2114,Simultaneous,2021-09-11T00:00:00Z,20.3,121.9,59.16106
EQ-2021091917180036345137623053__TC-TY2114,Simultaneous,2021-09-11T06:00:00Z,21.0,121.5,56.58884
EQ-2021091917180036345137623053__TC-TY2114,Simultaneous,2021-09-11T12:00:00Z,21.8,121.8,54.01662
EQ-2021091917180036345137623053__TC-TY2114,Simultaneous,2021-09-11T18:00:00Z,22.8,122.0,51.4444
EQ-2021091917180036345137623053__TC-TY2114,Simultaneous,2021-09-11T21:00:00Z,23.3,122.1,51.4444
EQ-2021091917180036345137623053__TC-TY2114,Simultaneous,2021-09-12T00:00:00Z,23.8,122.3,51.4444
EQ-2021091917180036345137623053__TC-TY2114,Simultaneous,2021-09-12T03:00:00Z,24.6,122.4,48.87218
EQ-2021091917180036345137623053__TC-TY2114,Simultaneous,2021-09-12T06:00:00Z,25.2,122.3,46.29996
EQ-2021091917180036345137623053__TC-TY2114,Simultaneous,2021-09-12T09:00:00Z,25.7,122.4,43.72774
EQ-2021091917180036345137623053__TC-TY2114,Simultaneous,2021-09-12T12:00:00Z,26.2,122.6,41.15552
EQ-2021091917180036345137623053__TC-TY2114,Simultaneous,2021-09-12T18:00:00Z,27.6,123.0,43.72774
EQ-2021091917180036345137623053__TC-TY2114,Simultaneous,2021-09-13T00:00:00Z,29.1,123.5,43.72774
EQ-2021091917180036345137623053__TC-TY2114,Simultaneous,2021-09-13T06:00:00Z,30.7,123.3,41.15552
EQ-2021091917180036345137623053__TC-TY2114,Simultaneous,2021-09-13T12:00:00Z,30.9,123.2,38.5833
EQ-2021091917180036345137623053__TC-TY2114,Simultaneous,2021-09-13T18:00:00Z,31.4,123.5,36.01108
EQ-2021091917180036345137623053__TC-TY2114,Simultaneous,2021-09-14T00:00:00Z,31.3,123.8,33.43886
EQ-2021091917180036345137623053__TC-TY2114,Simultaneous,2021-09-14T06:00:00Z,30.9,124.2,28.29442
EQ-2021091917180036345137623053__TC-TY2114,Simultaneous,2021-09-14T12:00:00Z,30.5,124.7,25.7222
EQ-2021091917180036345137623053__TC-TY2114,Simultaneous,2021-09-14T18:00:00Z,30.2,125.1,23.14998
EQ-2021091917180036345137623053__TC-TY2114,Simultaneous,2021-09-15T00:00:00Z,30.3,125.7,23.14998
EQ-2021091917180036345137623053__TC-TY2114,Simultaneous,2021-09-15T06:00:00Z,30.4,125.9,23.14998
EQ-2021091917180036345137623053__TC-TY2114,Simultaneous,2021-09-15T12:00:00Z,30.2,125.7,23.14998
EQ-2021091917180036345137623053__TC-TY2114,Simultaneous,2021-09-15T18:00:00Z,30.2,125.3,25.7222
EQ-2021091917180036345137623053__TC-TY2114,Simultaneous,2021-09-16T00:00:00Z,30.4,125.0,25.7222
EQ-2021091917180036345137623053__TC-TY2114,Simultaneous,2021-09-16T06:00:00Z,31.1,125.3,25.7222
EQ-2021091917180036345137623053__TC-TY2114,Simultaneous,2021-09-16T12:00:00Z,31.7,125.8,25.7222
EQ-2021091917180036345137623053__TC-TY2114,Simultaneous,2021-09-16T15:00:00Z,31.9,126.0,25.7222
EQ-2021091917180036345137623053__TC-TY2114,Simultaneous,2021-09-16T18:00:00Z,32.3,126.4,25.7222
EQ-2021091917180036345137623053__TC-TY2114,Simultaneous,2021-09-16T21:00:00Z,32.6,126.8,25.7222
EQ-2021091917180036345137623053__TC-TY2114,Simultaneous,2021-09-17T00:00:00Z,32.9,127.5,25.7222
EQ-2021091917180036345137623053__TC-TY2114,Simultaneous,2021-09-17T03:00:00Z,33.3,128.3,25.7222
EQ-2021091917180036345137623053__TC-TY2114,Simultaneous,2021-09-17T06:00:00Z,33.5,129.2,25.7222
EQ-2021091917180036345137623053__TC-TY2114,Simultaneous,2021-09-17T09:00:00Z,33.8,130.2,25.7222
EQ-2021091917180036345137623053__TC-TY2114,Simultaneous,2021-09-17T12:00:00Z,33.8,131.6,23.14998
EQ-2021091917180036345137623053__TC-TY2114,Simultaneous,2021-09-17T15:00:00Z,33.8,132.5,23.14998
EQ-2021091917180036345137623053__TC-TY2114,Simultaneous,2021-09-17T18:00:00Z,33.8,134.1,23.14998
EQ-2021091917180036345137623053__TC-TY2114,Simultaneous,2021-09-17T21:00:00Z,34.0,135.1,20.57776
EQ-2021091917180036345137623053__TC-TY2114,Simultaneous,2021-09-18T00:00:00Z,34.5,136.5,18.00554
EQ-2021091917180036345137623053__TC-TY2114,Simultaneous,2021-09-18T03:00:00Z,34.3,137.1,18.00554
EQ-2021091917180036345137623053__TC-TY2114,Simultaneous,2021-09-18T06:00:00Z,34.4,137.6,0.0
EQ-2021091917180036345137623053__TC-TY2114,Simultaneous,2021-09-18T12:00:00Z,34.4,139.1,0.0
EQ-2021091917180036345137623053__TC-TY2114,Simultaneous,2021-09-18T18:00:00Z,34.0,140.4,0.0
EQ-2021091917180036345137623053__TC-TY2114,Simultaneous,2021-09-19T00:00:00Z,33.6,140.9,0.0
EQ-2021091917180036345137623053__TC-TY2114,Simultaneous,2021-09-19T06:00:00Z,33.0,141.1,0.0
EQ-2021091917180036345137623053__TC-TY2114,Simultaneous,2021-09-19T12:00:00Z,32.5,141.2,0.0
EQ-2021091917180036345137623053__TC-TY2114,Simultaneous,2021-09-19T18:00:00Z,32.2,141.0,0.0
EQ-2021091917180036345137623053__TC-TY2114,Simultaneous,2021-09-20T00:00:00Z,31.8,140.7,0.0
EQ-2020090409100036115136188750__TC-TY2010,EQ-TY,2020-08-30T12:00:00Z,24.9,145.5,0.0
EQ-2020090409100036115136188750__TC-TY2010,EQ-TY,2020-08-30T18:00:00Z,24.5,145.9,0.0
EQ-2020090409100036115136188750__TC-TY2010,EQ-TY,2020-08-31T00:00:00Z,23.9,146.1,0.0
EQ-2020090409100036115136188750__TC-TY2010,EQ-TY,2020-08-31T06:00:00Z,23.2,146.1,0.0
EQ-2020090409100036115136188750__TC-TY2010,EQ-TY,2020-08-31T12:00:00Z,22.6,145.9,18.00554
EQ-2020090409100036115136188750__TC-TY2010,EQ-TY,2020-08-31T18:00:00Z,22.1,145.6,18.00554
EQ-2020090409100036115136188750__TC-TY2010,EQ-TY,2020-09-01T00:00:00Z,21.2,144.8,18.00554
EQ-2020090409100036115136188750__TC-TY2010,EQ-TY,2020-09-01T06:00:00Z,20.9,144.5,20.57776
EQ-2020090409100036115136188750__TC-TY2010,EQ-TY,2020-09-01T12:00:00Z,20.5,144.0,23.14998
EQ-2020090409100036115136188750__TC-TY2010,EQ-TY,2020-09-01T18:00:00Z,20.0,143.3,25.7222
EQ-2020090409100036115136188750__TC-TY2010,EQ-TY,2020-09-02T00:00:00Z,19.4,142.5,28.29442
EQ-2020090409100036115136188750__TC-TY2010,EQ-TY,2020-09-02T06:00:00Z,19.3,141.5,33.43886
EQ-2020090409100036115136188750__TC-TY2010,EQ-TY,2020-09-02T12:00:00Z,19.7,140.4,36.01108
EQ-2020090409100036115136188750__TC-TY2010,EQ-TY,2020-09-02T18:00:00Z,20.0,139.4,36.01108
EQ-2020090409100036115136188750__TC-TY2010,EQ-TY,2020-09-03T00:00:00Z,20.2,138.5,38.5833
EQ-2020090409100036115136188750__TC-TY2010,EQ-TY,2020-09-03T06:00:00Z,20.6,137.5,41.15552
EQ-2020090409100036115136188750__TC-TY2010,EQ-TY,2020-09-03T12:00:00Z,21.0,136.6,43.72774
EQ-2020090409100036115136188750__TC-TY2010,EQ-TY,2020-09-03T18:00:00Z,21.2,135.8,48.87218
EQ-2020090409100036115136188750__TC-TY2010,EQ-TY,2020-09-04T00:00:00Z,21.8,135.1,51.4444
EQ-2020090409100036115136188750__TC-TY2010,EQ-TY,2020-09-04T06:00:00Z,22.3,134.3,51.4444
EQ-2020090409100036115136188750__TC-TY2010,EQ-TY,2020-09-04T12:00:00Z,22.7,133.5,54.01662
EQ-2020090409100036115136188750__TC-TY2010,EQ-TY,2020-09-04T18:00:00Z,23.2,132.6,54.01662
EQ-2020090409100036115136188750__TC-TY2010,EQ-TY,2020-09-04T21:00:00Z,23.5,132.3,54.01662
EQ-2020090409100036115136188750__TC-TY2010,EQ-TY,2020-09-05T00:00:00Z,24.0,132.0,51.4444
EQ-2020090409100036115136188750__TC-TY2010,EQ-TY,2020-09-05T03:00:00Z,24.2,131.6,51.4444
EQ-2020090409100036115136188750__TC-TY2010,EQ-TY,2020-09-05T06:00:00Z,24.7,131.5,51.4444
EQ-2020090409100036115136188750__TC-TY2010,EQ-TY,2020-09-05T09:00:00Z,25.0,131.2,51.4444
EQ-2020090409100036115136188750__TC-TY2010,EQ-TY,2020-09-05T12:00:00Z,25.4,131.0,51.4444
EQ-2020090409100036115136188750__TC-TY2010,EQ-TY,2020-09-05T15:00:00Z,25.8,130.9,51.4444
EQ-2020090409100036115136188750__TC-TY2010,EQ-TY,2020-09-05T18:00:00Z,26.4,130.9,48.87218
EQ-2020090409100036115136188750__TC-TY2010,EQ-TY,2020-09-05T21:00:00Z,27.1,130.8,48.87218
EQ-2020090409100036115136188750__TC-TY2010,EQ-TY,2020-09-06T00:00:00Z,27.7,130.5,46.29996
EQ-2020090409100036115136188750__TC-TY2010,EQ-TY,2020-09-06T03:00:00Z,28.5,130.3,46.29996
EQ-2020090409100036115136188750__TC-TY2010,EQ-TY,2020-09-06T06:00:00Z,29.4,130.1,46.29996
EQ-2020090409100036115136188750__TC-TY2010,EQ-TY,2020-09-06T09:00:00Z,30.3,129.8,46.29996
EQ-2020090409100036115136188750__TC-TY2010,EQ-TY,2020-09-06T12:00:00Z,31.0,129.4,43.72774
EQ-2020090409100036115136188750__TC-TY2010,EQ-TY,2020-09-06T15:00:00Z,31.9,129.2,43.72774
EQ-2020090409100036115136188750__TC-TY2010,EQ-TY,2020-09-06T18:00:00Z,32.9,129.0,43.72774
EQ-2020090409100036115136188750__TC-TY2010,EQ-TY,2020-09-06T21:00:00Z,34.1,129.1,41.15552
EQ-2020090409100036115136188750__TC-TY2010,EQ-TY,2020-09-07T00:00:00Z,35.5,129.2,36.01108
EQ-2020090409100036115136188750__TC-TY2010,EQ-TY,2020-09-07T03:00:00Z,36.9,129.3,30.86664
EQ-2020090409100036115136188750__TC-TY2010,EQ-TY,2020-09-07T06:00:00Z,38.4,129.1,28.29442
EQ-2020090409100036115136188750__TC-TY2010,EQ-TY,2020-09-07T12:00:00Z,39.8,128.9,23.14998
EQ-2020090409100036115136188750__TC-TY2010,EQ-TY,2020-09-07T18:00:00Z,42.2,129.0,0.0
EQ-2020090409100036115136188750__TC-TY2010,EQ-TY,2020-09-08T00:00:00Z,44.0,128.3,0.0
EQ-2020090409100036115136188750__TC-TY2010,EQ-TY,2020-09-08T06:00:00Z,45.3,127.9,0.0
EQ-2020090409100036115136188750__TC-TY2010,EQ-TY,2020-09-08T12:00:00Z,45.8,127.1,0.0
EQ-2020090409100036115136188750__TC-TY2010,EQ-TY,2020-09-08T18:00:00Z,45.8,127.1,0.0
EQ-2020090409100036115136188750__TC-TY2010,EQ-TY,2020-09-09T00:00:00Z,45.6,126.9,0.0
EQ-2020090409100036115136188750__TC-TY2010,EQ-TY,2020-09-09T06:00:00Z,45.4,126.8,0.0
EQ-2020090409100036115136188750__TC-TY2010,EQ-TY,2020-09-09T12:00:00Z,44.7,125.5,0.0
EQ-2020090409100036115136188750__TC-TY2010,EQ-TY,2020-09-09T18:00:00Z,43.6,125.1,0.0
EQ-2020090409100036115136188750__TC-TY2010,EQ-TY,2020-09-10T00:00:00Z,42.9,124.4,0.0
EQ-2020090409100036115136188750__TC-TY2010,EQ-TY,2020-09-10T06:00:00Z,42.0,124.0,0.0
EQ-2020060106020036191403439752__TC-TY2012,EQ-TY,2020-09-19T12:00:00Z,21.6,135.0,0.0
EQ-2020060106020036191403439752__TC-TY2012,EQ-TY,2020-09-19T18:00:00Z,22.3,134.5,0.0
EQ-2020060106020036191403439752__TC-TY2012,EQ-TY,2020-09-20T00:00:00Z,22.9,134.2,0.0
EQ-2020060106020036191403439752__TC-TY2012,EQ-TY,2020-09-20T06:00:00Z,23.6,134.0,0.0
EQ-2020060106020036191403439752__TC-TY2012,EQ-TY,2020-09-20T12:00:00Z,24.0,134.3,0.0
EQ-2020060106020036191403439752__TC-TY2012,EQ-TY,2020-09-20T18:00:00Z,24.2,134.7,0.0
EQ-2020060106020036191403439752__TC-TY2012,EQ-TY,2020-09-21T00:00:00Z,24.9,134.8,20.57776
EQ-2020060106020036191403439752__TC-TY2012,EQ-TY,2020-09-21T06:00:00Z,25.3,135.0,20.57776
EQ-2020060106020036191403439752__TC-TY2012,EQ-TY,2020-09-21T12:00:00Z,25.7,135.0,20.57776
EQ-2020060106020036191403439752__TC-TY2012,EQ-TY,2020-09-21T18:00:00Z,26.1,135.2,23.14998
EQ-2020060106020036191403439752__TC-TY2012,EQ-TY,2020-09-22T00:00:00Z,26.9,135.3,25.7222
EQ-2020060106020036191403439752__TC-TY2012,EQ-TY,2020-09-22T06:00:00Z,28.1,135.8,30.86664
EQ-2020060106020036191403439752__TC-TY2012,EQ-TY,2020-09-22T12:00:00Z,29.3,136.3,30.86664
EQ-2020060106020036191403439752__TC-TY2012,EQ-TY,2020-09-22T18:00:00Z,30.1,137.0,30.86664
EQ-2020060106020036191403439752__TC-TY2012,EQ-TY,2020-09-23T00:00:00Z,31.2,137.9,30.86664
EQ-2020060106020036191403439752__TC-TY2012,EQ-TY,2020-09-23T06:00:00Z,32.1,139.3,28.29442
EQ-2020060106020036191403439752__TC-TY2012,EQ-TY,2020-09-23T09:00:00Z,32.7,140.1,25.7222
EQ-2020060106020036191403439752__TC-TY2012,EQ-TY,2020-09-23T12:00:00Z,32.9,140.8,25.7222
EQ-2020060106020036191403439752__TC-TY2012,EQ-TY,2020-09-23T15:00:00Z,32.9,141.1,25.7222
EQ-2020060106020036191403439752__TC-TY2012,EQ-TY,2020-09-23T18:00:00Z,32.9,141.3,25.7222
EQ-2020060106020036191403439752__TC-TY2012,EQ-TY,2020-09-23T21:00:00Z,32.9,141.5,25.7222
EQ-2020060106020036191403439752__TC-TY2012,EQ-TY,2020-09-24T00:00:00Z,32.9,141.8,23.14998
EQ-2020060106020036191403439752__TC-TY2012,EQ-TY,2020-09-24T03:00:00Z,32.7,142.0,23.14998
EQ-2020060106020036191403439752__TC-TY2012,EQ-TY,2020-09-24T06:00:00Z,32.7,142.4,0.0
EQ-2020060106020036191403439752__TC-TY2012,EQ-TY,2020-09-24T12:00:00Z,33.2,142.5,0.0
EQ-2020060106020036191403439752__TC-TY2012,EQ-TY,2020-09-24T18:00:00Z,33.7,142.5,0.0
EQ-2020060106020036191403439752__TC-TY2012,EQ-TY,2020-09-25T00:00:00Z,34.0,141.7,0.0
EQ-2020060106020036191403439752__TC-TY2012,EQ-TY,2020-09-25T06:00:00Z,35.5,142.1,0.0
EQ-2020060106020036191403439752__TC-TY2012,EQ-TY,2020-09-25T12:00:00Z,37.2,142.8,0.0
EQ-2020060106020036191403439752__TC-TY2012,EQ-TY,2020-09-25T18:00:00Z,38.9,144.0,0.0
EQ-2020060106020036191403439752__TC-TY2012,EQ-TY,2020-09-26T00:00:00Z,40.2,145.4,0.0
EQ-2020060106020036191403439752__TC-TY2012,EQ-TY,2020-09-26T06:00:00Z,40.9,146.0,0.0
EQ-2020060106020036191403439752__TC-TY2012,EQ-TY,2020-09-26T12:00:00Z,41.6,146.8,0.0
EQ-2020060106020036191403439752__TC-TY2012,EQ-TY,2020-09-26T18:00:00Z,42.0,147.1,0.0
EQ-2020060106020036191403439752__TC-TY2012,EQ-TY,2020-09-27T00:00:00Z,42.7,147.4,0.0
EQ-2020060106020036191403439752__TC-TY2012,EQ-TY,2020-09-27T06:00:00Z,43.5,147.9,0.0
EQ-2020060106020036191403439752__TC-TY2012,EQ-TY,2020-09-27T12:00:00Z,44.6,148.4,0.0
EQ-2020060106020036191403439752__TC-TY2012,EQ-TY,2020-09-27T18:00:00Z,45.5,149.7,0.0
EQ-2020060106020036191403439752__TC-TY2012,EQ-TY,2020-09-28T00:00:00Z,47.3,151.7,0.0
EQ-2020060106020036191403439752__TC-TY2012,EQ-TY,2020-09-28T06:00:00Z,48.8,152.9,0.0
EQ-2020060106020036191403439752__TC-TY2012,EQ-TY,2020-09-28T12:00:00Z,49.5,154.1,0.0
EQ-2020060106020036191403439752__TC-TY2012,EQ-TY,2020-09-28T18:00:00Z,50.1,157.9,0.0
EQ-2020060106020036191403439752__TC-TY2012,EQ-TY,2020-09-29T00:00:00Z,50.7,161.9,0.0
EQ-2020060106020036191403439752__TC-TY2012,EQ-TY,2020-09-29T06:00:00Z,50.6,165.8,0.0
EQ-2020060106020036191403439752__TC-TY2012,EQ-TY,2020-09-29T12:00:00Z,50.2,167.5,0.0
EQ-2020060106020036191403439752__TC-TY2012,EQ-TY,2020-09-29T18:00:00Z,49.9,168.9,0.0
EQ-20200201020700359681400636353__TC-TY1919,TY-EQ,2019-10-04T18:00:00Z,15.7,164.4,0.0
EQ-20200201020700359681400636353__TC-TY1919,TY-EQ,2019-10-05T00:00:00Z,15.0,162.7,0.0
EQ-20200201020700359681400636353__TC-TY1919,TY-EQ,2019-10-05T06:00:00Z,15.3,161.1,0.0
EQ-20200201020700359681400636353__TC-TY1919,TY-EQ,2019-10-05T12:00:00Z,15.2,159.4,0.0
EQ-20200201020700359681400636353__TC-TY1919,TY-EQ,2019-10-05T18:00:00Z,15.1,157.4,18.00554
EQ-20200201020700359681400636353__TC-TY1919,TY-EQ,2019-10-06T00:00:00Z,14.4,155.6,23.14998
EQ-20200201020700359681400636353__TC-TY1919,TY-EQ,2019-10-06T06:00:00Z,14.3,154.1,28.29442
EQ-20200201020700359681400636353__TC-TY1919,TY-EQ,2019-10-06T12:00:00Z,14.6,153.0,36.01108
EQ-20200201020700359681400636353__TC-TY1919,TY-EQ,2019-10-06T18:00:00Z,14.9,151.2,41.15552
EQ-20200201020700359681400636353__TC-TY1919,TY-EQ,2019-10-07T00:00:00Z,15.1,149.6,46.29996
EQ-20200201020700359681400636353__TC-TY1919,TY-EQ,2019-10-07T06:00:00Z,15.5,148.2,51.4444
EQ-20200201020700359681400636353__TC-TY1919,TY-EQ,2019-10-07T12:00:00Z,16.1,146.6,54.01662
EQ-20200201020700359681400636353__TC-TY1919,TY-EQ,2019-10-07T18:00:00Z,16.5,144.9,54.01662
EQ-20200201020700359681400636353__TC-TY1919,TY-EQ,2019-10-08T00:00:00Z,16.9,143.8,54.01662
EQ-20200201020700359681400636353__TC-TY1919,TY-EQ,2019-10-08T06:00:00Z,17.7,142.7,54.01662
EQ-20200201020700359681400636353__TC-TY1919,TY-EQ,2019-10-08T12:00:00Z,18.4,141.8,54.01662
EQ-20200201020700359681400636353__TC-TY1919,TY-EQ,2019-10-08T18:00:00Z,19.3,140.9,54.01662
EQ-20200201020700359681400636353__TC-TY1919,TY-EQ,2019-10-09T00:00:00Z,19.8,140.4,54.01662
EQ-20200201020700359681400636353__TC-TY1919,TY-EQ,2019-10-09T06:00:00Z,20.6,140.0,54.01662
EQ-20200201020700359681400636353__TC-TY1919,TY-EQ,2019-10-09T12:00:00Z,21.2,139.6,54.01662
EQ-20200201020700359681400636353__TC-TY1919,TY-EQ,2019-10-09T18:00:00Z,22.0,139.7,54.01662
EQ-20200201020700359681400636353__TC-TY1919,TY-EQ,2019-10-10T00:00:00Z,23.2,139.9,54.01662
EQ-20200201020700359681400636353__TC-TY1919,TY-EQ,2019-10-10T06:00:00Z,24.4,139.5,54.01662
EQ-20200201020700359681400636353__TC-TY1919,TY-EQ,2019-10-10T12:00:00Z,25.3,139.0,51.4444
EQ-20200201020700359681400636353__TC-TY1919,TY-EQ,2019-10-10T18:00:00Z,26.3,138.6,48.87218
EQ-20200201020700359681400636353__TC-TY1919,TY-EQ,2019-10-11T00:00:00Z,27.5,138.1,46.29996
EQ-20200201020700359681400636353__TC-TY1919,TY-EQ,2019-10-11T06:00:00Z,28.8,137.5,46.29996
EQ-20200201020700359681400636353__TC-TY1919,TY-EQ,2019-10-11T12:00:00Z,29.9,137.1,43.72774
EQ-20200201020700359681400636353__TC-TY1919,TY-EQ,2019-10-11T15:00:00Z,30.3,137.0,43.72774
EQ-20200201020700359681400636353__TC-TY1919,TY-EQ,2019-10-11T18:00:00Z,30.8,137.1,43.72774
EQ-20200201020700359681400636353__TC-TY1919,TY-EQ,2019-10-11T21:00:00Z,31.4,137.1,43.72774
EQ-20200201020700359681400636353__TC-TY1919,TY-EQ,2019-10-12T00:00:00Z,32.0,137.4,41.15552
EQ-20200201020700359681400636353__TC-TY1919,TY-EQ,2019-10-12T03:00:00Z,32.8,137.6,41.15552
EQ-20200201020700359681400636353__TC-TY1919,TY-EQ,2019-10-12T06:00:00Z,33.7,138.2,41.15552
EQ-20200201020700359681400636353__TC-TY1919,TY-EQ,2019-10-12T09:00:00Z,34.6,138.7,41.15552
EQ-20200201020700359681400636353__TC-TY1919,TY-EQ,2019-10-12T12:00:00Z,35.6,139.6,36.01108
EQ-20200201020700359681400636353__TC-TY1919,TY-EQ,2019-10-12T15:00:00Z,36.9,140.6,33.43886
EQ-20200201020700359681400636353__TC-TY1919,TY-EQ,2019-10-12T18:00:00Z,38.2,141.8,30.86664
EQ-20200201020700359681400636353__TC-TY1919,TY-EQ,2019-10-12T21:00:00Z,39.5,143.5,30.86664
EQ-20200201020700359681400636353__TC-TY1919,TY-EQ,2019-10-13T00:00:00Z,40.1,145.1,30.86664
EQ-20200201020700359681400636353__TC-TY1919,TY-EQ,2019-10-13T03:00:00Z,41.0,147.0,0.0
EQ-20200201020700359681400636353__TC-TY1919,TY-EQ,2019-10-13T06:00:00Z,41.9,149.8,0.0
EQ-20200201020700359681400636353__TC-TY1919,TY-EQ,2019-10-13T12:00:00Z,44.0,155.9,0.0
EQ-20200201020700359681400636353__TC-TY1919,TY-EQ,2019-10-13T18:00:00Z,47.0,163.3,0.0
EQ-20200201020700359681400636353__TC-TY1919,TY-EQ,2019-10-14T00:00:00Z,51.6,170.6,0.0
EQ-20200201020700359681400636353__TC-TY1919,TY-EQ,2019-10-14T06:00:00Z,54.3,175.9,0.0
EQ-20200201020700359681400636353__TC-TY1919,TY-EQ,2019-10-14T12:00:00Z,56.4,179.7,0.0
EQ-20200201020700359681400636353__TC-TY1919,TY-EQ,2019-10-14T18:00:00Z,57.4,182.0,0.0
EQ-20190815143300407921413389355__TC-TY1910,Simultaneous,2019-08-05T00:00:00Z,15.6,147.7,0.0
EQ-20190815143300407921413389355__TC-TY1910,Simultaneous,2019-08-05T06:00:00Z,16.1,146.5,0.0
EQ-20190815143300407921413389355__TC-TY1910,Simultaneous,2019-08-05T12:00:00Z,16.8,145.2,0.0
EQ-20190815143300407921413389355__TC-TY1910,Simultaneous,2019-08-05T18:00:00Z,17.5,144.0,0.0
EQ-20190815143300407921413389355__TC-TY1910,Simultaneous,2019-08-06T00:00:00Z,18.0,143.4,0.0
EQ-20190815143300407921413389355__TC-TY1910,Simultaneous,2019-08-06T06:00:00Z,18.5,142.8,18.00554
EQ-20190815143300407921413389355__TC-TY1910,Simultaneous,2019-08-06T12:00:00Z,18.9,142.4,20.57776
EQ-20190815143300407921413389355__TC-TY1910,Simultaneous,2019-08-06T18:00:00Z,19.7,142.1,23.14998
EQ-20190815143300407921413389355__TC-TY1910,Simultaneous,2019-08-07T00:00:00Z,20.5,141.9,25.7222
EQ-20190815143300407921413389355__TC-TY1910,Simultaneous,2019-08-07T06:00:00Z,21.1,141.4,25.7222
EQ-20190815143300407921413389355__TC-TY1910,Simultaneous,2019-08-07T12:00:00Z,21.5,141.0,30.86664
EQ-20190815143300407921413389355__TC-TY1910,Simultaneous,2019-08-07T18:00:00Z,21.7,140.8,33.43886
EQ-20190815143300407921413389355__TC-TY1910,Simultaneous,2019-08-08T00:00:00Z,21.9,140.5,36.01108
EQ-20190815143300407921413389355__TC-TY1910,Simultaneous,2019-08-08T06:00:00Z,22.1,140.6,38.5833
EQ-20190815143300407921413389355__TC-TY1910,Simultaneous,2019-08-08T12:00:00Z,22.1,140.7,38.5833
EQ-20190815143300407921413389355__TC-TY1910,Simultaneous,2019-08-08T18:00:00Z,22.0,141.0,38.5833
EQ-20190815143300407921413389355__TC-TY1910,Simultaneous,2019-08-09T00:00:00Z,22.0,141.1,38.5833
EQ-20190815143300407921413389355__TC-TY1910,Simultaneous,2019-08-09T06:00:00Z,22.0,141.3,38.5833
EQ-20190815143300407921413389355__TC-TY1910,Simultaneous,2019-08-09T12:00:00Z,22.2,141.4,38.5833
EQ-20190815143300407921413389355__TC-TY1910,Simultaneous,2019-08-09T18:00:00Z,22.3,141.4,36.01108
EQ-20190815143300407921413389355__TC-TY1910,Simultaneous,2019-08-10T00:00:00Z,22.7,141.3,36.01108
EQ-20190815143300407921413389355__TC-TY1910,Simultaneous,2019-08-10T06:00:00Z,22.9,141.0,33.43886
EQ-20190815143300407921413389355__TC-TY1910,Simultaneous,2019-08-10T12:00:00Z,22.8,140.7,33.43886
EQ-20190815143300407921413389355__TC-TY1910,Simultaneous,2019-08-10T18:00:00Z,22.7,140.5,33.43886
EQ-20190815143300407921413389355__TC-TY1910,Simultaneous,2019-08-11T00:00:00Z,23.1,140.3,33.43886
EQ-20190815143300407921413389355__TC-TY1910,Simultaneous,2019-08-11T06:00:00Z,23.6,139.8,33.43886
EQ-20190815143300407921413389355__TC-TY1910,Simultaneous,2019-08-11T12:00:00Z,24.0,139.2,30.86664
EQ-20190815143300407921413389355__TC-TY1910,Simultaneous,2019-08-11T18:00:00Z,24.2,138.5,30.86664
EQ-20190815143300407921413389355__TC-TY1910,Simultaneous,2019-08-12T00:00:00Z,24.7,138.0,30.86664
EQ-20190815143300407921413389355__TC-TY1910,Simultaneous,2019-08-12T06:00:00Z,25.0,137.7,25.7222
EQ-20190815143300407921413389355__TC-TY1910,Simultaneous,2019-08-12T12:00:00Z,25.9,137.1,25.7222
EQ-20190815143300407921413389355__TC-TY1910,Simultaneous,2019-08-12T18:00:00Z,26.8,136.4,25.7222
EQ-20190815143300407921413389355__TC-TY1910,Simultaneous,2019-08-13T00:00:00Z,27.4,135.2,25.7222
EQ-20190815143300407921413389355__TC-TY1910,Simultaneous,2019-08-13T06:00:00Z,27.6,134.7,25.7222
EQ-20190815143300407921413389355__TC-TY1910,Simultaneous,2019-08-13T12:00:00Z,28.1,134.3,25.7222
EQ-20190815143300407921413389355__TC-TY1910,Simultaneous,2019-08-13T18:00:00Z,28.3,133.5,28.29442
EQ-20190815143300407921413389355__TC-TY1910,Simultaneous,2019-08-13T21:00:00Z,28.4,133.4,28.29442
EQ-20190815143300407921413389355__TC-TY1910,Simultaneous,2019-08-14T00:00:00Z,28.8,133.2,28.29442
EQ-20190815143300407921413389355__TC-TY1910,Simultaneous,2019-08-14T03:00:00Z,29.1,133.1,28.29442
EQ-20190815143300407921413389355__TC-TY1910,Simultaneous,2019-08-14T06:00:00Z,29.6,133.1,28.29442
EQ-20190815143300407921413389355__TC-TY1910,Simultaneous,2019-08-14T09:00:00Z,30.1,133.0,28.29442
EQ-20190815143300407921413389355__TC-TY1910,Simultaneous,2019-08-14T12:00:00Z,30.6,132.9,28.29442
EQ-20190815143300407921413389355__TC-TY1910,Simultaneous,2019-08-14T15:00:00Z,30.8,132.7,28.29442
EQ-20190815143300407921413389355__TC-TY1910,Simultaneous,2019-08-14T18:00:00Z,31.7,132.6,28.29442
EQ-20190815143300407921413389355__TC-TY1910,Simultaneous,2019-08-14T21:00:00Z,32.2,132.6,28.29442
EQ-20190815143300407921413389355__TC-TY1910,Simultaneous,2019-08-15T00:00:00Z,32.7,132.4,25.7222
EQ-20190815143300407921413389355__TC-TY1910,Simultaneous,2019-08-15T02:00:00Z,33.4,132.3,25.7222
EQ-20190815143300407921413389355__TC-TY1910,Simultaneous,2019-08-15T03:00:00Z,33.6,132.3,25.7222
EQ-20190815143300407921413389355__TC-TY1910,Simultaneous,2019-08-15T06:00:00Z,34.3,132.6,23.14998
EQ-20190815143300407921413389355__TC-TY1910,Simultaneous,2019-08-15T09:00:00Z,35.3,133.0,23.14998
EQ-20190815143300407921413389355__TC-TY1910,Simultaneous,2019-08-15T12:00:00Z,36.2,133.1,23.14998
EQ-20190815143300407921413389355__TC-TY1910,Simultaneous,2019-08-15T18:00:00Z,38.0,133.5,23.14998
EQ-20190815143300407921413389355__TC-TY1910,Simultaneous,2019-08-16T00:00:00Z,39.9,134.3,23.14998
EQ-20190815143300407921413389355__TC-TY1910,Simultaneous,2019-08-16T06:00:00Z,40.9,135.6,23.14998
EQ-20190815143300407921413389355__TC-TY1910,Simultaneous,2019-08-16T12:00:00Z,43.0,138.0,0.0
EQ-20190815143300407921413389355__TC-TY1910,Simultaneous,2019-08-16T18:00:00Z,43.7,138.5,0.0
EQ-20190815143300407921413389355__TC-TY1910,Simultaneous,2019-08-17T00:00:00Z,44.4,140.1,0.0
EQ-20190815143300407921413389355__TC-TY1910,Simultaneous,2019-08-17T06:00:00Z,44.7,140.5,0.0
EQ-20190815143300407921413389355__TC-TY1910,Simultaneous,2019-08-17T12:00:00Z,45.1,141.0,0.0
EQ-2019052515200035357140293851__TC-TY1915,EQ-TY,2019-09-02T00:00:00Z,15.9,167.9,0.0
EQ-2019052515200035357140293851__TC-TY1915,EQ-TY,2019-09-02T06:00:00Z,16.2,166.6,0.0
EQ-2019052515200035357140293851__TC-TY1915,EQ-TY,2019-09-02T12:00:00Z,16.5,165.4,0.0
EQ-2019052515200035357140293851__TC-TY1915,EQ-TY,2019-09-02T18:00:00Z,16.8,164.3,0.0
EQ-2019052515200035357140293851__TC-TY1915,EQ-TY,2019-09-03T00:00:00Z,17.0,163.0,0.0
EQ-2019052515200035357140293851__TC-TY1915,EQ-TY,2019-09-03T06:00:00Z,17.1,161.8,0.0
EQ-2019052515200035357140293851__TC-TY1915,EQ-TY,2019-09-03T12:00:00Z,17.2,161.0,0.0
EQ-2019052515200035357140293851__TC-TY1915,EQ-TY,2019-09-03T18:00:00Z,17.5,160.2,0.0
EQ-2019052515200035357140293851__TC-TY1915,EQ-TY,2019-09-04T00:00:00Z,17.8,159.4,0.0
EQ-2019052515200035357140293851__TC-TY1915,EQ-TY,2019-09-04T06:00:00Z,18.0,158.5,0.0
EQ-2019052515200035357140293851__TC-TY1915,EQ-TY,2019-09-04T12:00:00Z,18.3,157.5,0.0
EQ-2019052515200035357140293851__TC-TY1915,EQ-TY,2019-09-04T18:00:00Z,18.6,156.7,18.00554
EQ-2019052515200035357140293851__TC-TY1915,EQ-TY,2019-09-05T00:00:00Z,19.1,156.1,18.00554
EQ-2019052515200035357140293851__TC-TY1915,EQ-TY,2019-09-05T06:00:00Z,19.7,155.5,20.57776
EQ-2019052515200035357140293851__TC-TY1915,EQ-TY,2019-09-05T12:00:00Z,20.6,154.6,20.57776
EQ-2019052515200035357140293851__TC-TY1915,EQ-TY,2019-09-05T18:00:00Z,21.6,153.2,20.57776
EQ-2019052515200035357140293851__TC-TY1915,EQ-TY,2019-09-06T00:00:00Z,22.6,151.6,23.14998
EQ-2019052515200035357140293851__TC-TY1915,EQ-TY,2019-09-06T06:00:00Z,23.7,149.9,25.7222
EQ-2019052515200035357140293851__TC-TY1915,EQ-TY,2019-09-06T12:00:00Z,24.6,148.1,28.29442
EQ-2019052515200035357140293851__TC-TY1915,EQ-TY,2019-09-06T18:00:00Z,25.7,146.5,30.86664
EQ-2019052515200035357140293851__TC-TY1915,EQ-TY,2019-09-07T00:00:00Z,26.7,145.0,33.43886
EQ-2019052515200035357140293851__TC-TY1915,EQ-TY,2019-09-07T03:00:00Z,27.3,144.1,36.01108
EQ-2019052515200035357140293851__TC-TY1915,EQ-TY,2019-09-07T06:00:00Z,27.9,143.3,36.01108
EQ-2019052515200035357140293851__TC-TY1915,EQ-TY,2019-09-07T09:00:00Z,28.4,142.6,38.5833
EQ-2019052515200035357140293851__TC-TY1915,EQ-TY,2019-09-07T12:00:00Z,28.9,141.8,41.15552
EQ-2019052515200035357140293851__TC-TY1915,EQ-TY,2019-09-07T15:00:00Z,29.5,141.2,41.15552
EQ-2019052515200035357140293851__TC-TY1915,EQ-TY,2019-09-07T18:00:00Z,30.2,140.5,43.72774
EQ-2019052515200035357140293851__TC-TY1915,EQ-TY,2019-09-07T21:00:00Z,30.8,140.0,43.72774
EQ-2019052515200035357140293851__TC-TY1915,EQ-TY,2019-09-08T00:00:00Z,31.5,139.5,43.72774
EQ-2019052515200035357140293851__TC-TY1915,EQ-TY,2019-09-08T03:00:00Z,32.2,139.2,43.72774
EQ-2019052515200035357140293851__TC-TY1915,EQ-TY,2019-09-08T06:00:00Z,33.0,139.0,43.72774
EQ-2019052515200035357140293851__TC-TY1915,EQ-TY,2019-09-08T09:00:00Z,33.5,138.9,43.72774
EQ-2019052515200035357140293851__TC-TY1915,EQ-TY,2019-09-08T12:00:00Z,34.1,139.0,43.72774
EQ-2019052515200035357140293851__TC-TY1915,EQ-TY,2019-09-08T15:00:00Z,34.7,139.3,41.15552
EQ-2019052515200035357140293851__TC-TY1915,EQ-TY,2019-09-08T17:00:00Z,35.1,139.5,41.15552
EQ-2019052515200035357140293851__TC-TY1915,EQ-TY,2019-09-08T18:00:00Z,35.3,139.7,41.15552
EQ-2019052515200035357140293851__TC-TY1915,EQ-TY,2019-09-08T19:00:00Z,35.5,139.9,41.15552
EQ-2019052515200035357140293851__TC-TY1915,EQ-TY,2019-09-08T21:00:00Z,35.9,140.3,41.15552
EQ-2019052515200035357140293851__TC-TY1915,EQ-TY,2019-09-09T00:00:00Z,36.4,140.9,38.5833
EQ-2019052515200035357140293851__TC-TY1915,EQ-TY,2019-09-09T03:00:00Z,36.9,141.6,36.01108
EQ-2019052515200035357140293851__TC-TY1915,EQ-TY,2019-09-09T06:00:00Z,37.4,142.4,33.43886
EQ-2019052515200035357140293851__TC-TY1915,EQ-TY,2019-09-09T12:00:00Z,38.3,144.3,30.86664
EQ-2019052515200035357140293851__TC-TY1915,EQ-TY,2019-09-09T18:00:00Z,39.0,146.4,28.29442
EQ-2019052515200035357140293851__TC-TY1915,EQ-TY,2019-09-10T00:00:00Z,39.7,148.8,0.0
EQ-2019052515200035357140293851__TC-TY1915,EQ-TY,2019-09-10T06:00:00Z,40.5,151.5,0.0
EQ-2019052515200035357140293851__TC-TY1915,EQ-TY,2019-09-10T12:00:00Z,41.3,155.0,0.0
EQ-2019052515200035357140293851__TC-TY1915,EQ-TY,2019-09-10T18:00:00Z,42.3,158.2,0.0
EQ-2019052515200035357140293851__TC-TY1915,EQ-TY,2019-09-11T00:00:00Z,43.2,162.7,0.0
EQ-2019052515200035357140293851__TC-TY1915,EQ-TY,2019-09-11T06:00:00Z,44.5,168.7,0.0
EQ-2019052515200035357140293851__TC-TY1915,EQ-TY,2019-09-11T12:00:00Z,46.8,175.9,0.0
EQ-20190103181000330271305531051__TC-TY1825,TY-EQ,2018-09-28T00:00:00Z,7.4,150.9,0.0
EQ-20190103181000330271305531051__TC-TY1825,TY-EQ,2018-09-28T06:00:00Z,8.5,149.5,0.0
EQ-20190103181000330271305531051__TC-TY1825,TY-EQ,2018-09-28T12:00:00Z,9.6,148.0,0.0
EQ-20190103181000330271305531051__TC-TY1825,TY-EQ,2018-09-28T18:00:00Z,11.0,146.5,0.0
EQ-20190103181000330271305531051__TC-TY1825,TY-EQ,2018-09-29T00:00:00Z,12.0,144.2,0.0
EQ-20190103181000330271305531051__TC-TY1825,TY-EQ,2018-09-29T06:00:00Z,12.6,142.6,18.00554
EQ-20190103181000330271305531051__TC-TY1825,TY-EQ,2018-09-29T12:00:00Z,12.8,141.4,20.57776
EQ-20190103181000330271305531051__TC-TY1825,TY-EQ,2018-09-29T18:00:00Z,13.1,139.9,25.7222
EQ-20190103181000330271305531051__TC-TY1825,TY-EQ,2018-09-30T00:00:00Z,13.7,138.9,30.86664
EQ-20190103181000330271305531051__TC-TY1825,TY-EQ,2018-09-30T06:00:00Z,14.5,138.1,33.43886
EQ-20190103181000330271305531051__TC-TY1825,TY-EQ,2018-09-30T12:00:00Z,14.9,137.2,38.5833
EQ-20190103181000330271305531051__TC-TY1825,TY-EQ,2018-09-30T18:00:00Z,15.4,136.4,43.72774
EQ-20190103181000330271305531051__TC-TY1825,TY-EQ,2018-10-01T00:00:00Z,15.6,135.9,46.29996
EQ-20190103181000330271305531051__TC-TY1825,TY-EQ,2018-10-01T06:00:00Z,16.1,135.2,51.4444
EQ-20190103181000330271305531051__TC-TY1825,TY-EQ,2018-10-01T12:00:00Z,16.8,134.4,59.16106
EQ-20190103181000330271305531051__TC-TY1825,TY-EQ,2018-10-01T18:00:00Z,17.3,133.6,59.16106
EQ-20190103181000330271305531051__TC-TY1825,TY-EQ,2018-10-02T00:00:00Z,17.7,132.7,59.16106
EQ-20190103181000330271305531051__TC-TY1825,TY-EQ,2018-10-02T06:00:00Z,18.2,132.0,59.16106
EQ-20190103181000330271305531051__TC-TY1825,TY-EQ,2018-10-02T12:00:00Z,18.9,131.2,54.01662
EQ-20190103181000330271305531051__TC-TY1825,TY-EQ,2018-10-02T18:00:00Z,19.5,130.4,46.29996
EQ-20190103181000330271305531051__TC-TY1825,TY-EQ,2018-10-03T00:00:00Z,20.1,129.7,43.72774
EQ-20190103181000330271305531051__TC-TY1825,TY-EQ,2018-10-03T06:00:00Z,20.9,129.2,41.15552
EQ-20190103181000330271305531051__TC-TY1825,TY-EQ,2018-10-03T12:00:00Z,21.6,128.8,36.01108
EQ-20190103181000330271305531051__TC-TY1825,TY-EQ,2018-10-03T18:00:00Z,22.5,128.1,33.43886
EQ-20190103181000330271305531051__TC-TY1825,TY-EQ,2018-10-04T00:00:00Z,23.2,127.7,33.43886
EQ-20190103181000330271305531051__TC-TY1825,TY-EQ,2018-10-04T03:00:00Z,23.8,127.4,33.43886
EQ-20190103181000330271305531051__TC-TY1825,TY-EQ,2018-10-04T06:00:00Z,24.3,127.1,30.86664
EQ-20190103181000330271305531051__TC-TY1825,TY-EQ,2018-10-04T09:00:00Z,24.9,126.9,30.86664
EQ-20190103181000330271305531051__TC-TY1825,TY-EQ,2018-10-04T12:00:00Z,25.4,126.7,30.86664
EQ-20190103181000330271305531051__TC-TY1825,TY-EQ,2018-10-04T15:00:00Z,26.2,126.4,30.86664
EQ-20190103181000330271305531051__TC-TY1825,TY-EQ,2018-10-04T18:00:00Z,26.7,126.1,30.86664
EQ-20190103181000330271305531051__TC-TY1825,TY-EQ,2018-10-04T21:00:00Z,27.5,125.9,30.86664
EQ-20190103181000330271305531051__TC-TY1825,TY-EQ,2018-10-05T00:00:00Z,28.0,125.9,30.86664
EQ-20190103181000330271305531051__TC-TY1825,TY-EQ,2018-10-05T03:00:00Z,28.7,125.9,30.86664
EQ-20190103181000330271305531051__TC-TY1825,TY-EQ,2018-10-05T06:00:00Z,29.5,125.9,33.43886
EQ-20190103181000330271305531051__TC-TY1825,TY-EQ,2018-10-05T09:00:00Z,30.5,126.1,33.43886
EQ-20190103181000330271305531051__TC-TY1825,TY-EQ,2018-10-05T12:00:00Z,31.3,126.0,33.43886
EQ-20190103181000330271305531051__TC-TY1825,TY-EQ,2018-10-05T15:00:00Z,32.2,126.1,33.43886
EQ-20190103181000330271305531051__TC-TY1825,TY-EQ,2018-10-05T18:00:00Z,32.9,126.5,33.43886
EQ-20190103181000330271305531051__TC-TY1825,TY-EQ,2018-10-05T21:00:00Z,33.7,127.3,33.43886
EQ-20190103181000330271305531051__TC-TY1825,TY-EQ,2018-10-06T00:00:00Z,34.7,128.1,30.86664
EQ-20190103181000330271305531051__TC-TY1825,TY-EQ,2018-10-06T03:00:00Z,35.8,129.1,28.29442
EQ-20190103181000330271305531051__TC-TY1825,TY-EQ,2018-10-06T06:00:00Z,37.1,130.4,28.29442
EQ-20190103181000330271305531051__TC-TY1825,TY-EQ,2018-10-06T09:00:00Z,37.9,131.7,28.29442
EQ-20190103181000330271305531051__TC-TY1825,TY-EQ,2018-10-06T12:00:00Z,38.9,133.7,0.0
EQ-20190103181000330271305531051__TC-TY1825,TY-EQ,2018-10-06T18:00:00Z,41.0,137.2,0.0
EQ-20190103181000330271305531051__TC-TY1825,TY-EQ,2018-10-07T00:00:00Z,42.0,141.0,0.0
EQ-20190103181000330271305531051__TC-TY1825,TY-EQ,2018-10-07T06:00:00Z,42.3,147.2,0.0
EQ-20190103181000330271305531051__TC-TY1825,TY-EQ,2018-10-07T12:00:00Z,41.2,152.0,0.0
EQ-2018090603080042691420073767__TC-TY1821,Simultaneous,2018-08-26T18:00:00Z,11.0,160.5,0.0
EQ-2018090603080042691420073767__TC-TY1821,Simultaneous,2018-08-27T00:00:00Z,11.9,159.7,0.0
EQ-2018090603080042691420073767__TC-TY1821,Simultaneous,2018-08-27T06:00:00Z,12.8,159.2,0.0
EQ-2018090603080042691420073767__TC-TY1821,Simultaneous,2018-08-27T12:00:00Z,13.6,158.9,0.0
EQ-2018090603080042691420073767__TC-TY1821,Simultaneous,2018-08-27T18:00:00Z,14.5,157.9,18.00554
EQ-2018090603080042691420073767__TC-TY1821,Simultaneous,2018-08-28T00:00:00Z,15.4,157.0,20.57776
EQ-2018090603080042691420073767__TC-TY1821,Simultaneous,2018-08-28T06:00:00Z,16.2,156.3,20.57776
EQ-2018090603080042691420073767__TC-TY1821,Simultaneous,2018-08-28T12:00:00Z,16.6,155.6,23.14998
EQ-2018090603080042691420073767__TC-TY1821,Simultaneous,2018-08-28T18:00:00Z,16.7,154.4,25.7222
EQ-2018090603080042691420073767__TC-TY1821,Simultaneous,2018-08-29T00:00:00Z,17.0,153.5,30.86664
EQ-2018090603080042691420073767__TC-TY1821,Simultaneous,2018-08-29T06:00:00Z,17.3,152.3,33.43886
EQ-2018090603080042691420073767__TC-TY1821,Simultaneous,2018-08-29T12:00:00Z,17.3,151.4,36.01108
EQ-2018090603080042691420073767__TC-TY1821,Simultaneous,2018-08-29T18:00:00Z,17.4,150.5,41.15552
EQ-2018090603080042691420073767__TC-TY1821,Simultaneous,2018-08-30T00:00:00Z,17.6,149.1,43.72774
EQ-2018090603080042691420073767__TC-TY1821,Simultaneous,2018-08-30T06:00:00Z,17.7,148.1,46.29996
EQ-2018090603080042691420073767__TC-TY1821,Simultaneous,2018-08-30T12:00:00Z,17.8,146.9,48.87218
EQ-2018090603080042691420073767__TC-TY1821,Simultaneous,2018-08-30T18:00:00Z,17.8,145.4,51.4444
EQ-2018090603080042691420073767__TC-TY1821,Simultaneous,2018-08-31T00:00:00Z,17.9,144.2,54.01662
EQ-2018090603080042691420073767__TC-TY1821,Simultaneous,2018-08-31T06:00:00Z,18.3,142.7,54.01662
EQ-2018090603080042691420073767__TC-TY1821,Simultaneous,2018-08-31T12:00:00Z,18.5,141.5,54.01662
EQ-2018090603080042691420073767__TC-TY1821,Simultaneous,2018-08-31T18:00:00Z,19.1,140.2,54.01662
EQ-2018090603080042691420073767__TC-TY1821,Simultaneous,2018-09-01T00:00:00Z,19.6,139.2,54.01662
EQ-2018090603080042691420073767__TC-TY1821,Simultaneous,2018-09-01T06:00:00Z,20.4,138.3,54.01662
EQ-2018090603080042691420073767__TC-TY1821,Simultaneous,2018-09-01T12:00:00Z,21.0,137.3,51.4444
EQ-2018090603080042691420073767__TC-TY1821,Simultaneous,2018-09-01T18:00:00Z,21.8,136.5,48.87218
EQ-2018090603080042691420073767__TC-TY1821,Simultaneous,2018-09-02T00:00:00Z,22.7,135.8,48.87218
EQ-2018090603080042691420073767__TC-TY1821,Simultaneous,2018-09-02T06:00:00Z,23.7,135.0,48.87218
EQ-2018090603080042691420073767__TC-TY1821,Simultaneous,2018-09-02T12:00:00Z,24.5,134.4,48.87218
EQ-2018090603080042691420073767__TC-TY1821,Simultaneous,2018-09-02T18:00:00Z,25.5,133.8,48.87218
EQ-2018090603080042691420073767__TC-TY1821,Simultaneous,2018-09-03T00:00:00Z,26.6,133.2,46.29996
EQ-2018090603080042691420073767__TC-TY1821,Simultaneous,2018-09-03T06:00:00Z,27.5,132.6,46.29996
EQ-2018090603080042691420073767__TC-TY1821,Simultaneous,2018-09-03T12:00:00Z,28.6,132.6,46.29996
EQ-2018090603080042691420073767__TC-TY1821,Simultaneous,2018-09-03T15:00:00Z,29.4,132.6,43.72774
EQ-2018090603080042691420073767__TC-TY1821,Simultaneous,2018-09-03T18:00:00Z,30.3,132.8,43.72774
EQ-2018090603080042691420073767__TC-TY1821,Simultaneous,2018-09-03T21:00:00Z,31.3,133.2,43.72774
EQ-2018090603080042691420073767__TC-TY1821,Simultaneous,2018-09-04T00:00:00Z,32.4,133.7,43.72774
EQ-2018090603080042691420073767__TC-TY1821,Simultaneous,2018-09-04T02:00:00Z,33.3,134.2,43.72774
EQ-2018090603080042691420073767__TC-TY1821,Simultaneous,2018-09-04T03:00:00Z,33.8,134.5,43.72774
EQ-2018090603080042691420073767__TC-TY1821,Simultaneous,2018-09-04T04:00:00Z,34.3,134.8,43.72774
EQ-2018090603080042691420073767__TC-TY1821,Simultaneous,2018-09-04T06:00:00Z,35.6,135.7,38.5833
EQ-2018090603080042691420073767__TC-TY1821,Simultaneous,2018-09-04T09:00:00Z,37.1,136.4,36.01108
EQ-2018090603080042691420073767__TC-TY1821,Simultaneous,2018-09-04T12:00:00Z,39.2,137.7,33.43886
EQ-2018090603080042691420073767__TC-TY1821,Simultaneous,2018-09-04T15:00:00Z,41.3,139.2,25.7222
EQ-2018090603080042691420073767__TC-TY1821,Simultaneous,2018-09-04T18:00:00Z,43.2,139.9,25.7222
EQ-2018090603080042691420073767__TC-TY1821,Simultaneous,2018-09-04T21:00:00Z,45.0,140.2,25.7222
EQ-2018090603080042691420073767__TC-TY1821,Simultaneous,2018-09-05T00:00:00Z,46.5,139.0,0.0
EQ-2018090603080042691420073767__TC-TY1821,Simultaneous,2018-09-05T06:00:00Z,49.3,137.5,0.0
EQ-2018090603080042691420073767__TC-TY1821,Simultaneous,2018-09-05T12:00:00Z,51.2,136.3,0.0
EQ-2018090603080042691420073767__TC-TY1821,Simultaneous,2018-09-05T18:00:00Z,52.8,136.2,0.0
EQ-2018090603080042691420073767__TC-TY1821,Simultaneous,2018-09-06T00:00:00Z,54.0,136.5,0.0
EQ-2018090603080042691420073767__TC-TY1821,Simultaneous,2018-09-06T06:00:00Z,54.9,136.9,0.0
EQ-2018090603080042691420073767__TC-TY1821,Simultaneous,2018-09-06T12:00:00Z,55.7,137.5,0.0
EQ-2018090603080042691420073767__TC-TY1821,Simultaneous,2018-09-06T18:00:00Z,56.7,137.8,0.0
EQ-2018090603080042691420073767__TC-TY1821,Simultaneous,2018-09-07T00:00:00Z,58.7,137.8,0.0
EQ-2018090603080042691420073767__TC-TY1821,Simultaneous,2018-09-07T06:00:00Z,62.1,136.3,0.0
EQ-20180618075800348431356221361__TC-TY1824,EQ-TY,2018-09-20T06:00:00Z,11.8,146.7,0.0
EQ-20180618075800348431356221361__TC-TY1824,EQ-TY,2018-09-20T12:00:00Z,12.8,146.0,0.0
EQ-20180618075800348431356221361__TC-TY1824,EQ-TY,2018-09-20T18:00:00Z,13.6,145.4,0.0
EQ-20180618075800348431356221361__TC-TY1824,EQ-TY,2018-09-21T00:00:00Z,14.5,144.4,0.0
EQ-20180618075800348431356221361__TC-TY1824,EQ-TY,2018-09-21T06:00:00Z,15.0,143.7,18.00554
EQ-20180618075800348431356221361__TC-TY1824,EQ-TY,2018-09-21T12:00:00Z,15.3,142.8,20.57776
EQ-20180618075800348431356221361__TC-TY1824,EQ-TY,2018-09-21T18:00:00Z,15.5,141.6,23.14998
EQ-20180618075800348431356221361__TC-TY1824,EQ-TY,2018-09-22T00:00:00Z,15.9,140.2,25.7222
EQ-20180618075800348431356221361__TC-TY1824,EQ-TY,2018-09-22T06:00:00Z,16.8,138.7,28.29442
EQ-20180618075800348431356221361__TC-TY1824,EQ-TY,2018-09-22T12:00:00Z,17.1,137.8,30.86664
EQ-20180618075800348431356221361__TC-TY1824,EQ-TY,2018-09-22T18:00:00Z,17.1,136.2,33.43886
EQ-20180618075800348431356221361__TC-TY1824,EQ-TY,2018-09-23T00:00:00Z,17.1,135.2,36.01108
EQ-20180618075800348431356221361__TC-TY1824,EQ-TY,2018-09-23T06:00:00Z,17.3,134.3,41.15552
EQ-20180618075800348431356221361__TC-TY1824,EQ-TY,2018-09-23T12:00:00Z,17.5,133.3,43.72774
EQ-20180618075800348431356221361__TC-TY1824,EQ-TY,2018-09-23T18:00:00Z,18.1,132.2,46.29996
EQ-20180618075800348431356221361__TC-TY1824,EQ-TY,2018-09-24T00:00:00Z,18.4,131.3,48.87218
EQ-20180618075800348431356221361__TC-TY1824,EQ-TY,2018-09-24T06:00:00Z,18.9,130.4,51.4444
EQ-20180618075800348431356221361__TC-TY1824,EQ-TY,2018-09-24T12:00:00Z,19.3,129.7,51.4444
EQ-20180618075800348431356221361__TC-TY1824,EQ-TY,2018-09-24T18:00:00Z,19.6,129.1,54.01662
EQ-20180618075800348431356221361__TC-TY1824,EQ-TY,2018-09-25T00:00:00Z,19.6,128.7,54.01662
EQ-20180618075800348431356221361__TC-TY1824,EQ-TY,2018-09-25T06:00:00Z,19.8,128.9,54.01662
EQ-20180618075800348431356221361__TC-TY1824,EQ-TY,2018-09-25T12:00:00Z,20.0,128.9,51.4444
EQ-20180618075800348431356221361__TC-TY1824,EQ-TY,2018-09-25T18:00:00Z,20.3,128.9,48.87218
EQ-20180618075800348431356221361__TC-TY1824,EQ-TY,2018-09-26T00:00:00Z,20.7,129.0,43.72774
EQ-20180618075800348431356221361__TC-TY1824,EQ-TY,2018-09-26T06:00:00Z,20.9,129.2,43.72774
EQ-20180618075800348431356221361__TC-TY1824,EQ-TY,2018-09-26T12:00:00Z,21.3,129.2,43.72774
EQ-20180618075800348431356221361__TC-TY1824,EQ-TY,2018-09-26T18:00:00Z,21.5,129.2,43.72774
EQ-20180618075800348431356221361__TC-TY1824,EQ-TY,2018-09-27T00:00:00Z,21.6,129.1,43.72774
EQ-20180618075800348431356221361__TC-TY1824,EQ-TY,2018-09-27T06:00:00Z,21.7,129.0,43.72774
EQ-20180618075800348431356221361__TC-TY1824,EQ-TY,2018-09-27T12:00:00Z,21.9,128.8,43.72774
EQ-20180618075800348431356221361__TC-TY1824,EQ-TY,2018-09-27T18:00:00Z,22.2,128.4,43.72774
EQ-20180618075800348431356221361__TC-TY1824,EQ-TY,2018-09-28T00:00:00Z,22.5,128.0,43.72774
EQ-20180618075800348431356221361__TC-TY1824,EQ-TY,2018-09-28T03:00:00Z,22.8,127.5,43.72774
EQ-20180618075800348431356221361__TC-TY1824,EQ-TY,2018-09-28T06:00:00Z,23.1,127.3,43.72774
EQ-20180618075800348431356221361__TC-TY1824,EQ-TY,2018-09-28T09:00:00Z,23.5,127.2,43.72774
EQ-20180618075800348431356221361__TC-TY1824,EQ-TY,2018-09-28T12:00:00Z,23.8,126.9,43.72774
EQ-20180618075800348431356221361__TC-TY1824,EQ-TY,2018-09-28T15:00:00Z,24.1,126.9,43.72774
EQ-20180618075800348431356221361__TC-TY1824,EQ-TY,2018-09-28T18:00:00Z,24.5,126.8,43.72774
EQ-20180618075800348431356221361__TC-TY1824,EQ-TY,2018-09-28T21:00:00Z,25.0,126.8,43.72774
EQ-20180618075800348431356221361__TC-TY1824,EQ-TY,2018-09-29T00:00:00Z,25.4,126.9,43.72774
EQ-20180618075800348431356221361__TC-TY1824,EQ-TY,2018-09-29T03:00:00Z,26.0,126.9,43.72774
EQ-20180618075800348431356221361__TC-TY1824,EQ-TY,2018-09-29T06:00:00Z,26.5,127.4,43.72774
EQ-20180618075800348431356221361__TC-TY1824,EQ-TY,2018-09-29T09:00:00Z,27.1,127.9,43.72774
EQ-20180618075800348431356221361__TC-TY1824,EQ-TY,2018-09-29T12:00:00Z,27.8,128.3,43.72774
EQ-20180618075800348431356221361__TC-TY1824,EQ-TY,2018-09-29T15:00:00Z,28.4,128.7,43.72774
EQ-20180618075800348431356221361__TC-TY1824,EQ-TY,2018-09-29T18:00:00Z,29.1,129.3,43.72774
EQ-20180618075800348431356221361__TC-TY1824,EQ-TY,2018-09-29T21:00:00Z,29.8,129.9,43.72774
EQ-20180618075800348431356221361__TC-TY1824,EQ-TY,2018-09-30T00:00:00Z,30.6,130.8,43.72774
EQ-20180618075800348431356221361__TC-TY1824,EQ-TY,2018-09-30T03:00:00Z,31.6,131.8,43.72774
EQ-20180618075800348431356221361__TC-TY1824,EQ-TY,2018-09-30T06:00:00Z,32.3,132.9,41.15552
EQ-20180618075800348431356221361__TC-TY1824,EQ-TY,2018-09-30T09:00:00Z,33.2,134.3,41.15552
EQ-20180618075800348431356221361__TC-TY1824,EQ-TY,2018-09-30T11:00:00Z,33.8,135.5,41.15552
EQ-20180618075800348431356221361__TC-TY1824,EQ-TY,2018-09-30T12:00:00Z,34.3,136.0,41.15552
EQ-20180618075800348431356221361__TC-TY1824,EQ-TY,2018-09-30T15:00:00Z,35.8,137.9,38.5833
EQ-20180618075800348431356221361__TC-TY1824,EQ-TY,2018-09-30T18:00:00Z,37.2,139.9,36.01108
EQ-20180618075800348431356221361__TC-TY1824,EQ-TY,2018-09-30T21:00:00Z,39.4,141.8,33.43886
EQ-20180618075800348431356221361__TC-TY1824,EQ-TY,2018-10-01T00:00:00Z,41.3,144.2,0.0
EQ-20180618075800348431356221361__TC-TY1824,EQ-TY,2018-10-01T06:00:00Z,44.1,150.7,0.0
EQ-20180618075800348431356221361__TC-TY1824,EQ-TY,2018-10-01T12:00:00Z,47.2,157.3,0.0
EQ-20180618075800348431356221361__TC-TY1824,EQ-TY,2018-10-01T18:00:00Z,49.8,163.3,0.0
EQ-20180618075800348431356221361__TC-TY1824,EQ-TY,2018-10-02T00:00:00Z,51.8,168.1,0.0
EQ-20180618075800348431356221361__TC-TY1824,EQ-TY,2018-10-02T06:00:00Z,53.8,172.2,0.0
EQ-20180618075800348431356221361__TC-TY1824,EQ-TY,2018-10-02T12:00:00Z,55.7,174.7,0.0
EQ-20180618075800348431356221361__TC-TY1824,EQ-TY,2018-10-02T18:00:00Z,56.7,175.3,0.0
EQ-20180618075800348431356221361__TC-TY1824,EQ-TY,2018-10-03T00:00:00Z,56.9,174.2,0.0
EQ-20180618075800348431356221361__TC-TY1824,EQ-TY,2018-10-03T06:00:00Z,55.7,175.1,0.0
EQ-20180618075800348431356221361__TC-TY1824,EQ-TY,2018-10-03T12:00:00Z,55.1,179.9,0.0
EQ-20180618075800348431356221361__TC-TY1824,EQ-TY,2018-10-03T18:00:00Z,55.3,184.8,0.0
EQ-2018051712120035715140735253__TC-TY1812,EQ-TY,2018-07-23T18:00:00Z,17.4,137.0,0.0
EQ-2018051712120035715140735253__TC-TY1812,EQ-TY,2018-07-24T00:00:00Z,18.2,136.9,0.0
EQ-2018051712120035715140735253__TC-TY1812,EQ-TY,2018-07-24T06:00:00Z,19.2,136.7,0.0
EQ-2018051712120035715140735253__TC-TY1812,EQ-TY,2018-07-24T12:00:00Z,19.7,136.7,18.00554
EQ-2018051712120035715140735253__TC-TY1812,EQ-TY,2018-07-24T18:00:00Z,20.3,136.6,18.00554
EQ-2018051712120035715140735253__TC-TY1812,EQ-TY,2018-07-25T00:00:00Z,20.7,136.8,18.00554
EQ-2018051712120035715140735253__TC-TY1812,EQ-TY,2018-07-25T06:00:00Z,21.5,137.0,20.57776
EQ-2018051712120035715140735253__TC-TY1812,EQ-TY,2018-07-25T12:00:00Z,21.8,137.3,25.7222
EQ-2018051712120035715140735253__TC-TY1812,EQ-TY,2018-07-25T18:00:00Z,21.9,137.7,28.29442
EQ-2018051712120035715140735253__TC-TY1812,EQ-TY,2018-07-26T00:00:00Z,22.1,138.2,28.29442
EQ-2018051712120035715140735253__TC-TY1812,EQ-TY,2018-07-26T06:00:00Z,22.6,139.2,28.29442
EQ-2018051712120035715140735253__TC-TY1812,EQ-TY,2018-07-26T12:00:00Z,23.2,140.2,30.86664
EQ-2018051712120035715140735253__TC-TY1812,EQ-TY,2018-07-26T18:00:00Z,23.9,141.1,36.01108
EQ-2018051712120035715140735253__TC-TY1812,EQ-TY,2018-07-27T00:00:00Z,25.0,142.4,38.5833
EQ-2018051712120035715140735253__TC-TY1812,EQ-TY,2018-07-27T03:00:00Z,25.6,143.2,38.5833
EQ-2018051712120035715140735253__TC-TY1812,EQ-TY,2018-07-27T06:00:00Z,26.4,143.8,38.5833
EQ-2018051712120035715140735253__TC-TY1812,EQ-TY,2018-07-27T09:00:00Z,27.2,144.4,38.5833
EQ-2018051712120035715140735253__TC-TY1812,EQ-TY,2018-07-27T12:00:00Z,28.2,144.6,38.5833
EQ-2018051712120035715140735253__TC-TY1812,EQ-TY,2018-07-27T15:00:00Z,29.3,144.7,38.5833
EQ-2018051712120035715140735253__TC-TY1812,EQ-TY,2018-07-27T18:00:00Z,30.3,144.3,38.5833
EQ-2018051712120035715140735253__TC-TY1812,EQ-TY,2018-07-27T21:00:00Z,31.2,143.9,38.5833
EQ-2018051712120035715140735253__TC-TY1812,EQ-TY,2018-07-28T00:00:00Z,32.3,143.0,38.5833
EQ-2018051712120035715140735253__TC-TY1812,EQ-TY,2018-07-28T03:00:00Z,33.3,141.8,38.5833
EQ-2018051712120035715140735253__TC-TY1812,EQ-TY,2018-07-28T06:00:00Z,33.8,140.5,36.01108
EQ-2018051712120035715140735253__TC-TY1812,EQ-TY,2018-07-28T09:00:00Z,33.8,139.3,36.01108
EQ-2018051712120035715140735253__TC-TY1812,EQ-TY,2018-07-28T12:00:00Z,34.1,138.3,36.01108
EQ-2018051712120035715140735253__TC-TY1812,EQ-TY,2018-07-28T15:00:00Z,34.4,137.2,33.43886
EQ-2018051712120035715140735253__TC-TY1812,EQ-TY,2018-07-28T16:00:00Z,34.5,136.7,33.43886
EQ-2018051712120035715140735253__TC-TY1812,EQ-TY,2018-07-28T18:00:00Z,34.6,135.8,30.86664
EQ-2018051712120035715140735253__TC-TY1812,EQ-TY,2018-07-28T21:00:00Z,34.7,134.6,28.29442
EQ-2018051712120035715140735253__TC-TY1812,EQ-TY,2018-07-29T00:00:00Z,34.6,133.3,23.14998
EQ-2018051712120035715140735253__TC-TY1812,EQ-TY,2018-07-29T03:00:00Z,34.5,132.6,23.14998
EQ-2018051712120035715140735253__TC-TY1812,EQ-TY,2018-07-29T06:00:00Z,34.1,131.4,23.14998
EQ-2018051712120035715140735253__TC-TY1812,EQ-TY,2018-07-29T08:00:00Z,33.8,131.2,20.57776
EQ-2018051712120035715140735253__TC-TY1812,EQ-TY,2018-07-29T09:00:00Z,33.6,131.0,20.57776
EQ-2018051712120035715140735253__TC-TY1812,EQ-TY,2018-07-29T12:00:00Z,33.1,130.4,18.00554
EQ-2018051712120035715140735253__TC-TY1812,EQ-TY,2018-07-29T14:00:00Z,32.8,130.1,18.00554
EQ-2018051712120035715140735253__TC-TY1812,EQ-TY,2018-07-29T18:00:00Z,31.9,129.8,18.00554
EQ-2018051712120035715140735253__TC-TY1812,EQ-TY,2018-07-30T00:00:00Z,31.1,129.4,18.00554
EQ-2018051712120035715140735253__TC-TY1812,EQ-TY,2018-07-30T06:00:00Z,30.3,129.5,18.00554
EQ-2018051712120035715140735253__TC-TY1812,EQ-TY,2018-07-30T12:00:00Z,29.2,129.7,0.0
EQ-2018051712120035715140735253__TC-TY1812,EQ-TY,2018-07-30T18:00:00Z,29.0,131.0,0.0
EQ-2018051712120035715140735253__TC-TY1812,EQ-TY,2018-07-31T00:00:00Z,29.8,131.7,18.00554
EQ-2018051712120035715140735253__TC-TY1812,EQ-TY,2018-07-31T06:00:00Z,30.6,131.7,18.00554
EQ-2018051712120035715140735253__TC-TY1812,EQ-TY,2018-07-31T12:00:00Z,30.8,130.3,20.57776
EQ-2018051712120035715140735253__TC-TY1812,EQ-TY,2018-07-31T18:00:00Z,30.8,128.7,20.57776
EQ-2018051712120035715140735253__TC-TY1812,EQ-TY,2018-08-01T00:00:00Z,30.2,128.0,18.00554
EQ-2018051712120035715140735253__TC-TY1812,EQ-TY,2018-08-01T06:00:00Z,29.6,127.0,18.00554
EQ-2018051712120035715140735253__TC-TY1812,EQ-TY,2018-08-01T12:00:00Z,28.9,126.5,18.00554
EQ-2018051712120035715140735253__TC-TY1812,EQ-TY,2018-08-01T18:00:00Z,28.4,126.3,18.00554
EQ-2018051712120035715140735253__TC-TY1812,EQ-TY,2018-08-02T00:00:00Z,28.6,127.0,18.00554
EQ-2018051712120035715140735253__TC-TY1812,EQ-TY,2018-08-02T06:00:00Z,29.4,126.7,18.00554
EQ-2018051712120035715140735253__TC-TY1812,EQ-TY,2018-08-02T12:00:00Z,30.4,125.2,18.00554
EQ-2018051712120035715140735253__TC-TY1812,EQ-TY,2018-08-02T18:00:00Z,30.7,122.5,18.00554
EQ-2018051712120035715140735253__TC-TY1812,EQ-TY,2018-08-03T00:00:00Z,30.6,121.5,0.0
EQ-2018051712120035715140735253__TC-TY1812,EQ-TY,2018-08-03T06:00:00Z,30.9,121.1,0.0
EQ-2018051712120035715140735253__TC-TY1812,EQ-TY,2018-08-03T12:00:00Z,31.8,120.4,0.0
EQ-2018051712120035715140735253__TC-TY1812,EQ-TY,2018-08-03T18:00:00Z,33.2,119.2,0.0
EQ-2018051712120035715140735253__TC-TY1812,EQ-TY,2018-08-04T00:00:00Z,33.7,118.1,0.0
EQ-2018051712120035715140735253__TC-TY1812,EQ-TY,2018-08-04T06:00:00Z,34.0,117.2,0.0
EQ-2018051712120035715140735253__TC-TY1812,EQ-TY,2018-08-04T12:00:00Z,34.1,115.7,0.0
EQ-201805121029003663213791152__TC-TY1820,EQ-TY,2018-08-16T12:00:00Z,11.3,160.3,0.0
EQ-201805121029003663213791152__TC-TY1820,EQ-TY,2018-08-16T18:00:00Z,11.7,159.6,0.0
EQ-201805121029003663213791152__TC-TY1820,EQ-TY,2018-08-17T00:00:00Z,12.0,158.9,0.0
EQ-201805121029003663213791152__TC-TY1820,EQ-TY,2018-08-17T06:00:00Z,12.2,158.1,0.0
EQ-201805121029003663213791152__TC-TY1820,EQ-TY,2018-08-17T12:00:00Z,12.5,156.9,0.0
EQ-201805121029003663213791152__TC-TY1820,EQ-TY,2018-08-17T18:00:00Z,12.9,155.5,0.0
EQ-201805121029003663213791152__TC-TY1820,EQ-TY,2018-08-18T00:00:00Z,13.3,154.6,0.0
EQ-201805121029003663213791152__TC-TY1820,EQ-TY,2018-08-18T06:00:00Z,13.7,154.3,0.0
EQ-201805121029003663213791152__TC-TY1820,EQ-TY,2018-08-18T12:00:00Z,14.0,153.9,18.00554
EQ-201805121029003663213791152__TC-TY1820,EQ-TY,2018-08-18T18:00:00Z,14.4,153.2,18.00554
EQ-201805121029003663213791152__TC-TY1820,EQ-TY,2018-08-19T00:00:00Z,14.8,152.4,20.57776
EQ-201805121029003663213791152__TC-TY1820,EQ-TY,2018-08-19T06:00:00Z,15.3,151.7,23.14998
EQ-201805121029003663213791152__TC-TY1820,EQ-TY,2018-08-19T12:00:00Z,15.8,150.9,25.7222
EQ-201805121029003663213791152__TC-TY1820,EQ-TY,2018-08-19T18:00:00Z,16.4,150.0,28.29442
EQ-201805121029003663213791152__TC-TY1820,EQ-TY,2018-08-20T00:00:00Z,17.0,149.1,28.29442
EQ-201805121029003663213791152__TC-TY1820,EQ-TY,2018-08-20T06:00:00Z,17.7,148.2,28.29442
EQ-201805121029003663213791152__TC-TY1820,EQ-TY,2018-08-20T12:00:00Z,18.5,147.3,30.86664
EQ-201805121029003663213791152__TC-TY1820,EQ-TY,2018-08-20T18:00:00Z,19.2,146.3,30.86664
EQ-201805121029003663213791152__TC-TY1820,EQ-TY,2018-08-21T00:00:00Z,20.1,145.1,33.43886
EQ-201805121029003663213791152__TC-TY1820,EQ-TY,2018-08-21T06:00:00Z,21.2,144.1,36.01108
EQ-201805121029003663213791152__TC-TY1820,EQ-TY,2018-08-21T12:00:00Z,21.9,142.7,36.01108
EQ-201805121029003663213791152__TC-TY1820,EQ-TY,2018-08-21T18:00:00Z,23.1,141.4,38.5833
EQ-201805121029003663213791152__TC-TY1820,EQ-TY,2018-08-22T00:00:00Z,24.2,140.0,41.15552
EQ-201805121029003663213791152__TC-TY1820,EQ-TY,2018-08-22T06:00:00Z,25.5,138.8,43.72774
EQ-201805121029003663213791152__TC-TY1820,EQ-TY,2018-08-22T12:00:00Z,26.9,137.3,43.72774
EQ-201805121029003663213791152__TC-TY1820,EQ-TY,2018-08-22T15:00:00Z,27.6,136.6,43.72774
EQ-201805121029003663213791152__TC-TY1820,EQ-TY,2018-08-22T18:00:00Z,28.4,135.9,41.15552
EQ-201805121029003663213791152__TC-TY1820,EQ-TY,2018-08-22T21:00:00Z,29.0,135.4,41.15552
EQ-201805121029003663213791152__TC-TY1820,EQ-TY,2018-08-23T00:00:00Z,29.8,135.0,41.15552
EQ-201805121029003663213791152__TC-TY1820,EQ-TY,2018-08-23T03:00:00Z,31.0,134.7,41.15552
EQ-201805121029003663213791152__TC-TY1820,EQ-TY,2018-08-23T06:00:00Z,31.8,134.5,41.15552
EQ-201805121029003663213791152__TC-TY1820,EQ-TY,2018-08-23T09:00:00Z,32.8,134.5,38.5833
EQ-201805121029003663213791152__TC-TY1820,EQ-TY,2018-08-23T12:00:00Z,33.8,134.6,38.5833
EQ-201805121029003663213791152__TC-TY1820,EQ-TY,2018-08-23T14:00:00Z,34.6,134.6,36.01108
EQ-201805121029003663213791152__TC-TY1820,EQ-TY,2018-08-23T15:00:00Z,35.0,134.7,33.43886
EQ-201805121029003663213791152__TC-TY1820,EQ-TY,2018-08-23T18:00:00Z,36.5,135.1,30.86664
EQ-201805121029003663213791152__TC-TY1820,EQ-TY,2018-08-23T21:00:00Z,38.0,135.3,28.29442
EQ-201805121029003663213791152__TC-TY1820,EQ-TY,2018-08-24T00:00:00Z,39.2,136.2,25.7222
EQ-201805121029003663213791152__TC-TY1820,EQ-TY,2018-08-24T06:00:00Z,40.7,137.4,20.57776
EQ-201805121029003663213791152__TC-TY1820,EQ-TY,2018-08-24T12:00:00Z,41.7,139.7,0.0
EQ-2018050705010039595141169851__TC-TY1813,EQ-TY,2018-08-02T06:00:00Z,18.1,152.0,0.0
EQ-2018050705010039595141169851__TC-TY1813,EQ-TY,2018-08-02T12:00:00Z,17.7,151.8,0.0
EQ-2018050705010039595141169851__TC-TY1813,EQ-TY,2018-08-02T18:00:00Z,17.7,151.3,0.0
EQ-2018050705010039595141169851__TC-TY1813,EQ-TY,2018-08-03T00:00:00Z,17.7,150.9,18.00554
EQ-2018050705010039595141169851__TC-TY1813,EQ-TY,2018-08-03T06:00:00Z,18.0,150.6,20.57776
EQ-2018050705010039595141169851__TC-TY1813,EQ-TY,2018-08-03T12:00:00Z,18.2,150.3,25.7222
EQ-2018050705010039595141169851__TC-TY1813,EQ-TY,2018-08-03T18:00:00Z,18.9,150.0,25.7222
EQ-2018050705010039595141169851__TC-TY1813,EQ-TY,2018-08-04T00:00:00Z,20.1,149.3,28.29442
EQ-2018050705010039595141169851__TC-TY1813,EQ-TY,2018-08-04T06:00:00Z,20.9,148.7,33.43886
EQ-2018050705010039595141169851__TC-TY1813,EQ-TY,2018-08-04T12:00:00Z,21.6,148.4,33.43886
EQ-2018050705010039595141169851__TC-TY1813,EQ-TY,2018-08-04T18:00:00Z,22.5,147.7,36.01108
EQ-2018050705010039595141169851__TC-TY1813,EQ-TY,2018-08-05T00:00:00Z,22.9,147.4,36.01108
EQ-2018050705010039595141169851__TC-TY1813,EQ-TY,2018-08-05T06:00:00Z,23.8,147.5,36.01108
EQ-2018050705010039595141169851__TC-TY1813,EQ-TY,2018-08-05T12:00:00Z,24.6,147.3,36.01108
EQ-2018050705010039595141169851__TC-TY1813,EQ-TY,2018-08-05T18:00:00Z,25.6,146.7,36.01108
EQ-2018050705010039595141169851__TC-TY1813,EQ-TY,2018-08-06T00:00:00Z,26.5,146.2,36.01108
EQ-2018050705010039595141169851__TC-TY1813,EQ-TY,2018-08-06T06:00:00Z,27.5,146.0,36.01108
EQ-2018050705010039595141169851__TC-TY1813,EQ-TY,2018-08-06T12:00:00Z,28.5,145.7,36.01108
EQ-2018050705010039595141169851__TC-TY1813,EQ-TY,2018-08-06T18:00:00Z,29.7,145.0,36.01108
EQ-2018050705010039595141169851__TC-TY1813,EQ-TY,2018-08-07T00:00:00Z,30.5,144.3,36.01108
EQ-2018050705010039595141169851__TC-TY1813,EQ-TY,2018-08-07T06:00:00Z,31.3,143.9,36.01108
EQ-2018050705010039595141169851__TC-TY1813,EQ-TY,2018-08-07T12:00:00Z,32.0,143.1,36.01108
EQ-2018050705010039595141169851__TC-TY1813,EQ-TY,2018-08-07T18:00:00Z,32.5,142.2,36.01108
EQ-2018050705010039595141169851__TC-TY1813,EQ-TY,2018-08-08T00:00:00Z,33.3,141.9,36.01108
EQ-2018050705010039595141169851__TC-TY1813,EQ-TY,2018-08-08T03:00:00Z,33.5,141.5,33.43886
EQ-2018050705010039595141169851__TC-TY1813,EQ-TY,2018-08-08T06:00:00Z,33.8,141.2,33.43886
EQ-2018050705010039595141169851__TC-TY1813,EQ-TY,2018-08-08T09:00:00Z,34.1,141.3,33.43886
EQ-2018050705010039595141169851__TC-TY1813,EQ-TY,2018-08-08T12:00:00Z,34.5,141.3,33.43886
EQ-2018050705010039595141169851__TC-TY1813,EQ-TY,2018-08-08T15:00:00Z,34.8,141.2,33.43886
EQ-2018050705010039595141169851__TC-TY1813,EQ-TY,2018-08-08T18:00:00Z,35.3,141.0,33.43886
EQ-2018050705010039595141169851__TC-TY1813,EQ-TY,2018-08-08T21:00:00Z,35.8,141.0,33.43886
EQ-2018050705010039595141169851__TC-TY1813,EQ-TY,2018-08-09T00:00:00Z,36.2,141.1,30.86664
EQ-2018050705010039595141169851__TC-TY1813,EQ-TY,2018-08-09T03:00:00Z,36.8,141.2,30.86664
EQ-2018050705010039595141169851__TC-TY1813,EQ-TY,2018-08-09T06:00:00Z,37.3,141.4,30.86664
EQ-2018050705010039595141169851__TC-TY1813,EQ-TY,2018-08-09T09:00:00Z,37.6,141.9,28.29442
EQ-2018050705010039595141169851__TC-TY1813,EQ-TY,2018-08-09T12:00:00Z,37.9,142.5,25.7222
EQ-2018050705010039595141169851__TC-TY1813,EQ-TY,2018-08-09T18:00:00Z,39.1,144.1,23.14998
EQ-2018050705010039595141169851__TC-TY1813,EQ-TY,2018-08-10T00:00:00Z,40.0,147.2,23.14998
EQ-2018050705010039595141169851__TC-TY1813,EQ-TY,2018-08-10T06:00:00Z,41.0,151.0,0.0
EQ-2018050705010039595141169851__TC-TY1813,EQ-TY,2018-08-10T12:00:00Z,41.3,154.6,0.0
EQ-2018050705010039595141169851__TC-TY1813,EQ-TY,2018-08-10T18:00:00Z,41.2,158.4,0.0
EQ-2018050705010039595141169851__TC-TY1813,EQ-TY,2018-08-11T00:00:00Z,41.1,163.4,0.0
EQ-2018050705010039595141169851__TC-TY1813,EQ-TY,2018-08-11T06:00:00Z,40.6,169.4,0.0
EQ-20180409013200351831325871261__TC-TY1807,EQ-TY,2018-06-28T00:00:00Z,19.8,132.8,0.0
EQ-20180409013200351831325871261__TC-TY1807,EQ-TY,2018-06-28T06:00:00Z,19.8,132.2,0.0
EQ-20180409013200351831325871261__TC-TY1807,EQ-TY,2018-06-28T12:00:00Z,19.8,131.4,0.0
EQ-20180409013200351831325871261__TC-TY1807,EQ-TY,2018-06-28T18:00:00Z,19.8,130.8,0.0
EQ-20180409013200351831325871261__TC-TY1807,EQ-TY,2018-06-29T00:00:00Z,19.8,130.3,18.00554
EQ-20180409013200351831325871261__TC-TY1807,EQ-TY,2018-06-29T06:00:00Z,19.8,129.9,18.00554
EQ-20180409013200351831325871261__TC-TY1807,EQ-TY,2018-06-29T12:00:00Z,19.8,129.8,20.57776
EQ-20180409013200351831325871261__TC-TY1807,EQ-TY,2018-06-29T18:00:00Z,19.9,129.7,20.57776
EQ-20180409013200351831325871261__TC-TY1807,EQ-TY,2018-06-30T00:00:00Z,20.4,129.6,23.14998
EQ-20180409013200351831325871261__TC-TY1807,EQ-TY,2018-06-30T06:00:00Z,21.0,129.4,23.14998
EQ-20180409013200351831325871261__TC-TY1807,EQ-TY,2018-06-30T12:00:00Z,21.8,128.8,23.14998
EQ-20180409013200351831325871261__TC-TY1807,EQ-TY,2018-06-30T18:00:00Z,22.9,128.2,23.14998
EQ-20180409013200351831325871261__TC-TY1807,EQ-TY,2018-07-01T00:00:00Z,23.6,127.7,25.7222
EQ-20180409013200351831325871261__TC-TY1807,EQ-TY,2018-07-01T03:00:00Z,23.9,127.3,25.7222
EQ-20180409013200351831325871261__TC-TY1807,EQ-TY,2018-07-01T06:00:00Z,24.5,127.2,28.29442
EQ-20180409013200351831325871261__TC-TY1807,EQ-TY,2018-07-01T09:00:00Z,25.0,127.0,28.29442
EQ-20180409013200351831325871261__TC-TY1807,EQ-TY,2018-07-01T12:00:00Z,25.4,126.9,28.29442
EQ-20180409013200351831325871261__TC-TY1807,EQ-TY,2018-07-01T15:00:00Z,25.8,126.8,28.29442
EQ-20180409013200351831325871261__TC-TY1807,EQ-TY,2018-07-01T18:00:00Z,26.1,126.8,30.86664
EQ-20180409013200351831325871261__TC-TY1807,EQ-TY,2018-07-01T21:00:00Z,26.7,126.8,30.86664
EQ-20180409013200351831325871261__TC-TY1807,EQ-TY,2018-07-02T00:00:00Z,27.2,127.0,33.43886
EQ-20180409013200351831325871261__TC-TY1807,EQ-TY,2018-07-02T03:00:00Z,27.7,127.1,33.43886
EQ-20180409013200351831325871261__TC-TY1807,EQ-TY,2018-07-02T06:00:00Z,28.2,127.4,33.43886
EQ-20180409013200351831325871261__TC-TY1807,EQ-TY,2018-07-02T09:00:00Z,28.8,127.7,33.43886
EQ-20180409013200351831325871261__TC-TY1807,EQ-TY,2018-07-02T12:00:00Z,29.5,128.1,33.43886
EQ-20180409013200351831325871261__TC-TY1807,EQ-TY,2018-07-02T15:00:00Z,30.1,127.9,33.43886
EQ-20180409013200351831325871261__TC-TY1807,EQ-TY,2018-07-02T18:00:00Z,30.7,127.8,33.43886
EQ-20180409013200351831325871261__TC-TY1807,EQ-TY,2018-07-02T21:00:00Z,31.4,127.9,33.43886
EQ-20180409013200351831325871261__TC-TY1807,EQ-TY,2018-07-03T00:00:00Z,32.0,128.2,30.86664
EQ-20180409013200351831325871261__TC-TY1807,EQ-TY,2018-07-03T03:00:00Z,32.7,128.6,30.86664
EQ-20180409013200351831325871261__TC-TY1807,EQ-TY,2018-07-03T06:00:00Z,33.2,128.9,30.86664
EQ-20180409013200351831325871261__TC-TY1807,EQ-TY,2018-07-03T09:00:00Z,33.9,129.3,30.86664
EQ-20180409013200351831325871261__TC-TY1807,EQ-TY,2018-07-03T12:00:00Z,34.4,129.6,28.29442
EQ-20180409013200351831325871261__TC-TY1807,EQ-TY,2018-07-03T15:00:00Z,35.0,130.2,28.29442
EQ-20180409013200351831325871261__TC-TY1807,EQ-TY,2018-07-03T18:00:00Z,35.6,130.8,25.7222
EQ-20180409013200351831325871261__TC-TY1807,EQ-TY,2018-07-04T00:00:00Z,37.3,132.5,23.14998
EQ-20180409013200351831325871261__TC-TY1807,EQ-TY,2018-07-04T06:00:00Z,39.6,134.8,0.0
EQ-20180409013200351831325871261__TC-TY1807,EQ-TY,2018-07-04T12:00:00Z,40.6,136.6,0.0
EQ-20180409013200351831325871261__TC-TY1807,EQ-TY,2018-07-04T18:00:00Z,40.9,138.3,0.0
EQ-20180409013200351831325871261__TC-TY1807,EQ-TY,2018-07-05T00:00:00Z,41.3,139.5,0.0
EQ-20180409013200351831325871261__TC-TY1807,EQ-TY,2018-07-05T06:00:00Z,41.7,140.2,0.0
EQ-20171206001300363771379721053__TC-TY1722,TY-EQ,2017-10-22T06:00:00Z,9.1,148.3,0.0
EQ-20171206001300363771379721053__TC-TY1722,TY-EQ,2017-10-22T12:00:00Z,9.0,148.3,0.0
EQ-20171206001300363771379721053__TC-TY1722,TY-EQ,2017-10-22T18:00:00Z,9.1,148.0,0.0
EQ-20171206001300363771379721053__TC-TY1722,TY-EQ,2017-10-23T00:00:00Z,9.2,147.7,0.0
EQ-20171206001300363771379721053__TC-TY1722,TY-EQ,2017-10-23T06:00:00Z,9.3,147.4,0.0
EQ-20171206001300363771379721053__TC-TY1722,TY-EQ,2017-10-23T12:00:00Z,9.5,147.0,0.0
EQ-20171206001300363771379721053__TC-TY1722,TY-EQ,2017-10-23T18:00:00Z,10.2,145.4,0.0
EQ-20171206001300363771379721053__TC-TY1722,TY-EQ,2017-10-24T00:00:00Z,11.7,144.0,0.0
EQ-20171206001300363771379721053__TC-TY1722,TY-EQ,2017-10-24T06:00:00Z,13.2,141.9,0.0
EQ-20171206001300363771379721053__TC-TY1722,TY-EQ,2017-10-24T12:00:00Z,14.5,139.3,18.00554
EQ-20171206001300363771379721053__TC-TY1722,TY-EQ,2017-10-24T18:00:00Z,14.8,137.6,18.00554
EQ-20171206001300363771379721053__TC-TY1722,TY-EQ,2017-10-25T00:00:00Z,15.1,136.6,20.57776
EQ-20171206001300363771379721053__TC-TY1722,TY-EQ,2017-10-25T06:00:00Z,15.7,135.7,20.57776
EQ-20171206001300363771379721053__TC-TY1722,TY-EQ,2017-10-25T12:00:00Z,16.7,134.6,20.57776
EQ-20171206001300363771379721053__TC-TY1722,TY-EQ,2017-10-25T18:00:00Z,17.1,133.4,20.57776
EQ-20171206001300363771379721053__TC-TY1722,TY-EQ,2017-10-26T00:00:00Z,17.6,132.6,23.14998
EQ-20171206001300363771379721053__TC-TY1722,TY-EQ,2017-10-26T06:00:00Z,18.4,132.1,23.14998
EQ-20171206001300363771379721053__TC-TY1722,TY-EQ,2017-10-26T12:00:00Z,19.6,131.2,23.14998
EQ-20171206001300363771379721053__TC-TY1722,TY-EQ,2017-10-26T18:00:00Z,20.5,130.5,23.14998
EQ-20171206001300363771379721053__TC-TY1722,TY-EQ,2017-10-27T00:00:00Z,21.3,129.8,25.7222
EQ-20171206001300363771379721053__TC-TY1722,TY-EQ,2017-10-27T06:00:00Z,22.4,128.9,25.7222
EQ-20171206001300363771379721053__TC-TY1722,TY-EQ,2017-10-27T12:00:00Z,23.5,128.5,28.29442
EQ-20171206001300363771379721053__TC-TY1722,TY-EQ,2017-10-27T15:00:00Z,23.8,128.3,28.29442
EQ-20171206001300363771379721053__TC-TY1722,TY-EQ,2017-10-27T18:00:00Z,24.2,128.3,30.86664
EQ-20171206001300363771379721053__TC-TY1722,TY-EQ,2017-10-27T21:00:00Z,25.0,128.1,30.86664
EQ-20171206001300363771379721053__TC-TY1722,TY-EQ,2017-10-28T00:00:00Z,25.6,128.0,30.86664
EQ-20171206001300363771379721053__TC-TY1722,TY-EQ,2017-10-28T03:00:00Z,26.3,128.2,30.86664
EQ-20171206001300363771379721053__TC-TY1722,TY-EQ,2017-10-28T04:00:00Z,26.6,128.2,30.86664
EQ-20171206001300363771379721053__TC-TY1722,TY-EQ,2017-10-28T06:00:00Z,27.1,128.4,30.86664
EQ-20171206001300363771379721053__TC-TY1722,TY-EQ,2017-10-28T09:00:00Z,27.9,128.7,30.86664
EQ-20171206001300363771379721053__TC-TY1722,TY-EQ,2017-10-28T12:00:00Z,28.7,129.4,30.86664
EQ-20171206001300363771379721053__TC-TY1722,TY-EQ,2017-10-28T15:00:00Z,29.2,130.0,30.86664
EQ-20171206001300363771379721053__TC-TY1722,TY-EQ,2017-10-28T18:00:00Z,29.9,130.4,30.86664
EQ-20171206001300363771379721053__TC-TY1722,TY-EQ,2017-10-28T21:00:00Z,30.7,131.5,30.86664
EQ-20171206001300363771379721053__TC-TY1722,TY-EQ,2017-10-29T00:00:00Z,31.2,132.9,30.86664
EQ-20171206001300363771379721053__TC-TY1722,TY-EQ,2017-10-29T03:00:00Z,31.5,133.9,30.86664
EQ-20171206001300363771379721053__TC-TY1722,TY-EQ,2017-10-29T06:00:00Z,32.4,135.8,30.86664
EQ-20171206001300363771379721053__TC-TY1722,TY-EQ,2017-10-29T09:00:00Z,33.3,138.0,30.86664
EQ-20171206001300363771379721053__TC-TY1722,TY-EQ,2017-10-29T12:00:00Z,34.8,141.1,0.0
EQ-2017081009360035797140096450__TC-TY1705,Simultaneous,2017-07-19T06:00:00Z,26.1,162.1,0.0
EQ-2017081009360035797140096450__TC-TY1705,Simultaneous,2017-07-19T12:00:00Z,26.2,161.7,0.0
EQ-2017081009360035797140096450__TC-TY1705,Simultaneous,2017-07-19T18:00:00Z,26.4,161.2,0.0
EQ-2017081009360035797140096450__TC-TY1705,Simultaneous,2017-07-20T00:00:00Z,26.9,160.6,0.0
EQ-2017081009360035797140096450__TC-TY1705,Simultaneous,2017-07-20T06:00:00Z,27.2,159.9,0.0
EQ-2017081009360035797140096450__TC-TY1705,Simultaneous,2017-07-20T12:00:00Z,27.4,159.0,18.00554
EQ-2017081009360035797140096450__TC-TY1705,Simultaneous,2017-07-20T18:00:00Z,27.6,158.4,18.00554
EQ-2017081009360035797140096450__TC-TY1705,Simultaneous,2017-07-21T00:00:00Z,28.0,157.5,18.00554
EQ-2017081009360035797140096450__TC-TY1705,Simultaneous,2017-07-21T06:00:00Z,28.2,156.6,18.00554
EQ-2017081009360035797140096450__TC-TY1705,Simultaneous,2017-07-21T12:00:00Z,28.3,155.5,18.00554
EQ-2017081009360035797140096450__TC-TY1705,Simultaneous,2017-07-21T18:00:00Z,28.5,154.3,20.57776
EQ-2017081009360035797140096450__TC-TY1705,Simultaneous,2017-07-22T00:00:00Z,28.6,153.7,20.57776
EQ-2017081009360035797140096450__TC-TY1705,Simultaneous,2017-07-22T06:00:00Z,28.7,153.2,20.57776
EQ-2017081009360035797140096450__TC-TY1705,Simultaneous,2017-07-22T12:00:00Z,28.7,152.5,23.14998
EQ-2017081009360035797140096450__TC-TY1705,Simultaneous,2017-07-22T18:00:00Z,28.6,151.9,25.7222
EQ-2017081009360035797140096450__TC-TY1705,Simultaneous,2017-07-23T00:00:00Z,28.3,151.4,28.29442
EQ-2017081009360035797140096450__TC-TY1705,Simultaneous,2017-07-23T06:00:00Z,28.1,151.2,30.86664
EQ-2017081009360035797140096450__TC-TY1705,Simultaneous,2017-07-23T12:00:00Z,28.0,151.4,33.43886
EQ-2017081009360035797140096450__TC-TY1705,Simultaneous,2017-07-23T18:00:00Z,27.6,151.6,33.43886
EQ-2017081009360035797140096450__TC-TY1705,Simultaneous,2017-07-24T00:00:00Z,27.2,152.2,36.01108
EQ-2017081009360035797140096450__TC-TY1705,Simultaneous,2017-07-24T06:00:00Z,26.7,153.0,36.01108
EQ-2017081009360035797140096450__TC-TY1705,Simultaneous,2017-07-24T12:00:00Z,26.2,154.1,36.01108
EQ-2017081009360035797140096450__TC-TY1705,Simultaneous,2017-07-24T18:00:00Z,25.9,155.5,36.01108
EQ-2017081009360035797140096450__TC-TY1705,Simultaneous,2017-07-25T00:00:00Z,25.7,156.7,36.01108
EQ-2017081009360035797140096450__TC-TY1705,Simultaneous,2017-07-25T06:00:00Z,25.9,157.6,36.01108
EQ-2017081009360035797140096450__TC-TY1705,Simultaneous,2017-07-25T12:00:00Z,26.2,158.2,33.43886
EQ-2017081009360035797140096450__TC-TY1705,Simultaneous,2017-07-25T18:00:00Z,27.0,158.4,33.43886
EQ-2017081009360035797140096450__TC-TY1705,Simultaneous,2017-07-26T00:00:00Z,28.0,157.9,33.43886
EQ-2017081009360035797140096450__TC-TY1705,Simultaneous,2017-07-26T06:00:00Z,29.0,157.1,33.43886
EQ-2017081009360035797140096450__TC-TY1705,Simultaneous,2017-07-26T12:00:00Z,29.8,155.6,33.43886
EQ-2017081009360035797140096450__TC-TY1705,Simultaneous,2017-07-26T18:00:00Z,30.4,154.1,33.43886
EQ-2017081009360035797140096450__TC-TY1705,Simultaneous,2017-07-27T00:00:00Z,30.7,152.1,33.43886
EQ-2017081009360035797140096450__TC-TY1705,Simultaneous,2017-07-27T06:00:00Z,31.0,150.5,33.43886
EQ-2017081009360035797140096450__TC-TY1705,Simultaneous,2017-07-27T12:00:00Z,30.7,148.5,33.43886
EQ-2017081009360035797140096450__TC-TY1705,Simultaneous,2017-07-27T18:00:00Z,30.4,146.8,33.43886
EQ-2017081009360035797140096450__TC-TY1705,Simultaneous,2017-07-28T00:00:00Z,29.6,145.2,30.86664
EQ-2017081009360035797140096450__TC-TY1705,Simultaneous,2017-07-28T06:00:00Z,28.9,144.5,30.86664
EQ-2017081009360035797140096450__TC-TY1705,Simultaneous,2017-07-28T09:00:00Z,28.6,144.0,30.86664
EQ-2017081009360035797140096450__TC-TY1705,Simultaneous,2017-07-28T12:00:00Z,28.3,143.8,30.86664
EQ-2017081009360035797140096450__TC-TY1705,Simultaneous,2017-07-28T15:00:00Z,28.0,143.6,30.86664
EQ-2017081009360035797140096450__TC-TY1705,Simultaneous,2017-07-28T18:00:00Z,27.7,143.5,30.86664
EQ-2017081009360035797140096450__TC-TY1705,Simultaneous,2017-07-28T21:00:00Z,27.4,143.2,30.86664
EQ-2017081009360035797140096450__TC-TY1705,Simultaneous,2017-07-29T00:00:00Z,27.1,142.9,30.86664
EQ-2017081009360035797140096450__TC-TY1705,Simultaneous,2017-07-29T03:00:00Z,26.6,142.5,30.86664
EQ-2017081009360035797140096450__TC-TY1705,Simultaneous,2017-07-29T06:00:00Z,26.2,142.2,30.86664
EQ-2017081009360035797140096450__TC-TY1705,Simultaneous,2017-07-29T09:00:00Z,25.8,142.1,30.86664
EQ-2017081009360035797140096450__TC-TY1705,Simultaneous,2017-07-29T12:00:00Z,25.3,141.9,30.86664
EQ-2017081009360035797140096450__TC-TY1705,Simultaneous,2017-07-29T18:00:00Z,24.5,141.9,30.86664
EQ-2017081009360035797140096450__TC-TY1705,Simultaneous,2017-07-30T00:00:00Z,23.9,141.7,33.43886
EQ-2017081009360035797140096450__TC-TY1705,Simultaneous,2017-07-30T06:00:00Z,23.4,141.5,36.01108
EQ-2017081009360035797140096450__TC-TY1705,Simultaneous,2017-07-30T12:00:00Z,22.9,141.4,38.5833
EQ-2017081009360035797140096450__TC-TY1705,Simultaneous,2017-07-30T18:00:00Z,22.8,140.9,43.72774
EQ-2017081009360035797140096450__TC-TY1705,Simultaneous,2017-07-31T00:00:00Z,22.8,140.4,48.87218
EQ-2017081009360035797140096450__TC-TY1705,Simultaneous,2017-07-31T06:00:00Z,22.9,139.9,48.87218
EQ-2017081009360035797140096450__TC-TY1705,Simultaneous,2017-07-31T12:00:00Z,23.0,139.3,48.87218
EQ-2017081009360035797140096450__TC-TY1705,Simultaneous,2017-07-31T18:00:00Z,23.3,138.8,48.87218
EQ-2017081009360035797140096450__TC-TY1705,Simultaneous,2017-08-01T00:00:00Z,23.7,138.2,48.87218
EQ-2017081009360035797140096450__TC-TY1705,Simultaneous,2017-08-01T06:00:00Z,24.1,137.7,46.29996
EQ-2017081009360035797140096450__TC-TY1705,Simultaneous,2017-08-01T12:00:00Z,24.4,137.3,46.29996
EQ-2017081009360035797140096450__TC-TY1705,Simultaneous,2017-08-01T18:00:00Z,25.0,136.7,46.29996
EQ-2017081009360035797140096450__TC-TY1705,Simultaneous,2017-08-02T00:00:00Z,25.4,136.4,46.29996
EQ-2017081009360035797140096450__TC-TY1705,Simultaneous,2017-08-02T06:00:00Z,25.8,135.9,46.29996
EQ-2017081009360035797140096450__TC-TY1705,Simultaneous,2017-08-02T12:00:00Z,26.1,135.7,46.29996
EQ-2017081009360035797140096450__TC-TY1705,Simultaneous,2017-08-02T18:00:00Z,26.7,135.5,46.29996
EQ-2017081009360035797140096450__TC-TY1705,Simultaneous,2017-08-03T00:00:00Z,27.4,135.0,43.72774
EQ-2017081009360035797140096450__TC-TY1705,Simultaneous,2017-08-03T06:00:00Z,27.9,134.1,43.72774
EQ-2017081009360035797140096450__TC-TY1705,Simultaneous,2017-08-03T12:00:00Z,28.1,133.5,41.15552
EQ-2017081009360035797140096450__TC-TY1705,Simultaneous,2017-08-03T15:00:00Z,28.2,132.9,41.15552
EQ-2017081009360035797140096450__TC-TY1705,Simultaneous,2017-08-03T18:00:00Z,28.3,132.5,38.5833
EQ-2017081009360035797140096450__TC-TY1705,Simultaneous,2017-08-03T21:00:00Z,28.4,132.0,38.5833
EQ-2017081009360035797140096450__TC-TY1705,Simultaneous,2017-08-04T00:00:00Z,28.5,131.6,38.5833
EQ-2017081009360035797140096450__TC-TY1705,Simultaneous,2017-08-04T03:00:00Z,28.6,131.4,38.5833
EQ-2017081009360035797140096450__TC-TY1705,Simultaneous,2017-08-04T06:00:00Z,28.7,131.2,36.01108
EQ-2017081009360035797140096450__TC-TY1705,Simultaneous,2017-08-04T09:00:00Z,28.8,131.1,36.01108
EQ-2017081009360035797140096450__TC-TY1705,Simultaneous,2017-08-04T12:00:00Z,28.9,130.9,36.01108
EQ-2017081009360035797140096450__TC-TY1705,Simultaneous,2017-08-04T15:00:00Z,29.1,130.6,36.01108
EQ-2017081009360035797140096450__TC-TY1705,Simultaneous,2017-08-04T18:00:00Z,29.2,130.5,36.01108
EQ-2017081009360035797140096450__TC-TY1705,Simultaneous,2017-08-04T21:00:00Z,29.3,130.4,36.01108
EQ-2017081009360035797140096450__TC-TY1705,Simultaneous,2017-08-05T00:00:00Z,29.6,130.3,33.43886
EQ-2017081009360035797140096450__TC-TY1705,Simultaneous,2017-08-05T03:00:00Z,29.8,130.2,33.43886
EQ-2017081009360035797140096450__TC-TY1705,Simultaneous,2017-08-05T06:00:00Z,29.9,130.1,33.43886
EQ-2017081009360035797140096450__TC-TY1705,Simultaneous,2017-08-05T09:00:00Z,30.0,130.1,33.43886
EQ-2017081009360035797140096450__TC-TY1705,Simultaneous,2017-08-05T12:00:00Z,30.1,130.1,30.86664
EQ-2017081009360035797140096450__TC-TY1705,Simultaneous,2017-08-05T15:00:00Z,29.8,130.2,30.86664
EQ-2017081009360035797140096450__TC-TY1705,Simultaneous,2017-08-05T17:00:00Z,30.3,130.4,30.86664
EQ-2017081009360035797140096450__TC-TY1705,Simultaneous,2017-08-05T18:00:00Z,30.3,130.5,30.86664
EQ-2017081009360035797140096450__TC-TY1705,Simultaneous,2017-08-05T21:00:00Z,30.4,130.7,30.86664
EQ-2017081009360035797140096450__TC-TY1705,Simultaneous,2017-08-06T00:00:00Z,30.7,130.9,30.86664
EQ-2017081009360035797140096450__TC-TY1705,Simultaneous,2017-08-06T03:00:00Z,30.9,131.2,30.86664
EQ-2017081009360035797140096450__TC-TY1705,Simultaneous,2017-08-06T06:00:00Z,31.1,131.5,30.86664
EQ-2017081009360035797140096450__TC-TY1705,Simultaneous,2017-08-06T09:00:00Z,31.4,131.9,30.86664
EQ-2017081009360035797140096450__TC-TY1705,Simultaneous,2017-08-06T12:00:00Z,31.8,132.3,30.86664
EQ-2017081009360035797140096450__TC-TY1705,Simultaneous,2017-08-06T15:00:00Z,32.2,132.5,30.86664
EQ-2017081009360035797140096450__TC-TY1705,Simultaneous,2017-08-06T18:00:00Z,32.5,132.9,30.86664
EQ-2017081009360035797140096450__TC-TY1705,Simultaneous,2017-08-06T21:00:00Z,32.8,133.4,30.86664
EQ-2017081009360035797140096450__TC-TY1705,Simultaneous,2017-08-07T00:00:00Z,33.1,134.0,30.86664
EQ-2017081009360035797140096450__TC-TY1705,Simultaneous,2017-08-07T03:00:00Z,33.6,134.6,30.86664
EQ-2017081009360035797140096450__TC-TY1705,Simultaneous,2017-08-07T06:00:00Z,34.0,135.1,28.29442
EQ-2017081009360035797140096450__TC-TY1705,Simultaneous,2017-08-07T09:00:00Z,34.5,135.7,28.29442
EQ-2017081009360035797140096450__TC-TY1705,Simultaneous,2017-08-07T12:00:00Z,35.2,136.2,25.7222
EQ-2017081009360035797140096450__TC-TY1705,Simultaneous,2017-08-07T15:00:00Z,35.6,136.5,23.14998
EQ-2017081009360035797140096450__TC-TY1705,Simultaneous,2017-08-07T18:00:00Z,36.2,136.8,20.57776
EQ-2017081009360035797140096450__TC-TY1705,Simultaneous,2017-08-07T21:00:00Z,37.1,137.4,20.57776
EQ-2017081009360035797140096450__TC-TY1705,Simultaneous,2017-08-08T00:00:00Z,37.3,137.7,18.00554
EQ-2017081009360035797140096450__TC-TY1705,Simultaneous,2017-08-08T03:00:00Z,37.5,137.8,18.00554
EQ-2017081009360035797140096450__TC-TY1705,Simultaneous,2017-08-08T06:00:00Z,37.7,138.1,18.00554
EQ-2017081009360035797140096450__TC-TY1705,Simultaneous,2017-08-08T09:00:00Z,38.4,138.3,18.00554
EQ-2017081009360035797140096450__TC-TY1705,Simultaneous,2017-08-08T12:00:00Z,38.7,138.5,0.0
EQ-2017081009360035797140096450__TC-TY1705,Simultaneous,2017-08-08T18:00:00Z,39.0,139.0,0.0
EQ-2017081009360035797140096450__TC-TY1705,Simultaneous,2017-08-09T00:00:00Z,39.2,139.2,0.0
EQ-2017081009360035797140096450__TC-TY1705,Simultaneous,2017-08-09T06:00:00Z,39.2,139.3,0.0
EQ-2017080202020036803140535955__TC-TY1718,EQ-TY,2017-09-08T12:00:00Z,14.3,147.1,0.0
EQ-2017080202020036803140535955__TC-TY1718,EQ-TY,2017-09-08T18:00:00Z,14.6,146.1,0.0
EQ-2017080202020036803140535955__TC-TY1718,EQ-TY,2017-09-09T00:00:00Z,14.9,145.2,0.0
EQ-2017080202020036803140535955__TC-TY1718,EQ-TY,2017-09-09T06:00:00Z,15.3,144.0,0.0
EQ-2017080202020036803140535955__TC-TY1718,EQ-TY,2017-09-09T12:00:00Z,15.4,142.9,18.00554
EQ-2017080202020036803140535955__TC-TY1718,EQ-TY,2017-09-09T18:00:00Z,15.6,141.5,20.57776
EQ-2017080202020036803140535955__TC-TY1718,EQ-TY,2017-09-10T00:00:00Z,15.7,140.4,23.14998
EQ-2017080202020036803140535955__TC-TY1718,EQ-TY,2017-09-10T06:00:00Z,16.6,139.6,23.14998
EQ-2017080202020036803140535955__TC-TY1718,EQ-TY,2017-09-10T12:00:00Z,16.9,138.5,23.14998
EQ-2017080202020036803140535955__TC-TY1718,EQ-TY,2017-09-10T18:00:00Z,17.3,137.3,25.7222
EQ-2017080202020036803140535955__TC-TY1718,EQ-TY,2017-09-11T00:00:00Z,17.9,136.1,28.29442
EQ-2017080202020036803140535955__TC-TY1718,EQ-TY,2017-09-11T06:00:00Z,18.6,134.7,30.86664
EQ-2017080202020036803140535955__TC-TY1718,EQ-TY,2017-09-11T12:00:00Z,19.3,133.8,30.86664
EQ-2017080202020036803140535955__TC-TY1718,EQ-TY,2017-09-11T18:00:00Z,20.2,132.2,33.43886
EQ-2017080202020036803140535955__TC-TY1718,EQ-TY,2017-09-12T00:00:00Z,21.1,130.7,36.01108
EQ-2017080202020036803140535955__TC-TY1718,EQ-TY,2017-09-12T06:00:00Z,22.1,128.7,41.15552
EQ-2017080202020036803140535955__TC-TY1718,EQ-TY,2017-09-12T12:00:00Z,23.0,127.8,41.15552
EQ-2017080202020036803140535955__TC-TY1718,EQ-TY,2017-09-12T15:00:00Z,23.4,127.4,41.15552
EQ-2017080202020036803140535955__TC-TY1718,EQ-TY,2017-09-12T18:00:00Z,23.7,127.0,41.15552
EQ-2017080202020036803140535955__TC-TY1718,EQ-TY,2017-09-12T21:00:00Z,24.0,126.6,41.15552
EQ-2017080202020036803140535955__TC-TY1718,EQ-TY,2017-09-13T00:00:00Z,24.3,126.3,41.15552
EQ-2017080202020036803140535955__TC-TY1718,EQ-TY,2017-09-13T03:00:00Z,24.6,126.0,41.15552
EQ-2017080202020036803140535955__TC-TY1718,EQ-TY,2017-09-13T06:00:00Z,24.9,125.8,41.15552
EQ-2017080202020036803140535955__TC-TY1718,EQ-TY,2017-09-13T09:00:00Z,25.3,125.6,41.15552
EQ-2017080202020036803140535955__TC-TY1718,EQ-TY,2017-09-13T12:00:00Z,25.4,125.3,43.72774
EQ-2017080202020036803140535955__TC-TY1718,EQ-TY,2017-09-13T15:00:00Z,25.7,125.1,43.72774
EQ-2017080202020036803140535955__TC-TY1718,EQ-TY,2017-09-13T18:00:00Z,26.0,124.9,46.29996
EQ-2017080202020036803140535955__TC-TY1718,EQ-TY,2017-09-13T21:00:00Z,26.3,124.7,46.29996
EQ-2017080202020036803140535955__TC-TY1718,EQ-TY,2017-09-14T00:00:00Z,26.6,124.6,48.87218
EQ-2017080202020036803140535955__TC-TY1718,EQ-TY,2017-09-14T06:00:00Z,27.0,124.3,48.87218
EQ-2017080202020036803140535955__TC-TY1718,EQ-TY,2017-09-14T12:00:00Z,27.3,124.4,48.87218
EQ-2017080202020036803140535955__TC-TY1718,EQ-TY,2017-09-14T18:00:00Z,27.7,124.5,48.87218
EQ-2017080202020036803140535955__TC-TY1718,EQ-TY,2017-09-15T00:00:00Z,28.1,124.8,43.72774
EQ-2017080202020036803140535955__TC-TY1718,EQ-TY,2017-09-15T06:00:00Z,28.3,125.0,41.15552
EQ-2017080202020036803140535955__TC-TY1718,EQ-TY,2017-09-15T12:00:00Z,28.4,125.3,41.15552
EQ-2017080202020036803140535955__TC-TY1718,EQ-TY,2017-09-15T18:00:00Z,28.5,125.7,38.5833
EQ-2017080202020036803140535955__TC-TY1718,EQ-TY,2017-09-16T00:00:00Z,28.6,126.3,36.01108
EQ-2017080202020036803140535955__TC-TY1718,EQ-TY,2017-09-16T03:00:00Z,28.8,126.6,33.43886
EQ-2017080202020036803140535955__TC-TY1718,EQ-TY,2017-09-16T06:00:00Z,29.0,127.0,33.43886
EQ-2017080202020036803140535955__TC-TY1718,EQ-TY,2017-09-16T09:00:00Z,29.3,127.4,33.43886
EQ-2017080202020036803140535955__TC-TY1718,EQ-TY,2017-09-16T12:00:00Z,29.5,127.9,33.43886
EQ-2017080202020036803140535955__TC-TY1718,EQ-TY,2017-09-16T15:00:00Z,29.8,128.4,33.43886
EQ-2017080202020036803140535955__TC-TY1718,EQ-TY,2017-09-16T18:00:00Z,30.0,128.9,33.43886
EQ-2017080202020036803140535955__TC-TY1718,EQ-TY,2017-09-16T21:00:00Z,30.4,129.5,30.86664
EQ-2017080202020036803140535955__TC-TY1718,EQ-TY,2017-09-17T00:00:00Z,30.7,130.0,30.86664
EQ-2017080202020036803140535955__TC-TY1718,EQ-TY,2017-09-17T02:00:00Z,31.0,130.3,28.29442
EQ-2017080202020036803140535955__TC-TY1718,EQ-TY,2017-09-17T03:00:00Z,31.4,130.7,28.29442
EQ-2017080202020036803140535955__TC-TY1718,EQ-TY,2017-09-17T06:00:00Z,32.4,132.1,28.29442
EQ-2017080202020036803140535955__TC-TY1718,EQ-TY,2017-09-17T07:00:00Z,32.7,132.5,28.29442
EQ-2017080202020036803140535955__TC-TY1718,EQ-TY,2017-09-17T09:00:00Z,33.3,133.3,28.29442
EQ-2017080202020036803140535955__TC-TY1718,EQ-TY,2017-09-17T12:00:00Z,34.4,134.6,28.29442
EQ-2017080202020036803140535955__TC-TY1718,EQ-TY,2017-09-17T13:00:00Z,34.7,134.9,28.29442
EQ-2017080202020036803140535955__TC-TY1718,EQ-TY,2017-09-17T15:00:00Z,36.0,136.5,28.29442
EQ-2017080202020036803140535955__TC-TY1718,EQ-TY,2017-09-17T18:00:00Z,37.8,138.7,0.0
EQ-2017080202020036803140535955__TC-TY1718,EQ-TY,2017-09-18T00:00:00Z,41.3,139.9,0.0
EQ-2017080202020036803140535955__TC-TY1718,EQ-TY,2017-09-18T06:00:00Z,44.3,142.3,0.0
EQ-2017080202020036803140535955__TC-TY1718,EQ-TY,2017-09-18T12:00:00Z,46.6,143.1,0.0
EQ-2017080202020036803140535955__TC-TY1718,EQ-TY,2017-09-18T18:00:00Z,48.4,143.7,0.0
EQ-2017080202020036803140535955__TC-TY1718,EQ-TY,2017-09-19T00:00:00Z,49.8,144.3,0.0
EQ-2017080202020036803140535955__TC-TY1718,EQ-TY,2017-09-19T06:00:00Z,50.7,144.6,0.0
EQ-2017080202020036803140535955__TC-TY1718,EQ-TY,2017-09-19T12:00:00Z,51.3,145.0,0.0
EQ-2017080202020036803140535955__TC-TY1718,EQ-TY,2017-09-19T18:00:00Z,51.7,145.4,0.0
EQ-2017080202020036803140535955__TC-TY1718,EQ-TY,2017-09-20T00:00:00Z,52.0,145.9,0.0
EQ-2017080202020036803140535955__TC-TY1718,EQ-TY,2017-09-20T06:00:00Z,52.6,146.1,0.0
EQ-2017080202020036803140535955__TC-TY1718,EQ-TY,2017-09-20T12:00:00Z,53.3,146.2,0.0
EQ-2017080202020036803140535955__TC-TY1718,EQ-TY,2017-09-20T18:00:00Z,53.8,146.2,0.0
EQ-2017080202020036803140535955__TC-TY1718,EQ-TY,2017-09-21T00:00:00Z,54.6,146.4,0.0
EQ-2017080202020036803140535955__TC-TY1718,EQ-TY,2017-09-21T06:00:00Z,55.3,146.5,0.0
EQ-2017080202020036803140535955__TC-TY1718,EQ-TY,2017-09-21T12:00:00Z,55.9,146.6,0.0
EQ-2017080202020036803140535955__TC-TY1718,EQ-TY,2017-09-21T18:00:00Z,56.3,147.3,0.0
EQ-2017080202020036803140535955__TC-TY1718,EQ-TY,2017-09-22T00:00:00Z,57.0,147.8,0.0
EQ-2017080202020036803140535955__TC-TY1718,EQ-TY,2017-09-22T06:00:00Z,58.0,147.8,0.0
EQ-2017080202020036803140535955__TC-TY1718,EQ-TY,2017-09-22T12:00:00Z,58.9,148.7,0.0
EQ-2017080202020036803140535955__TC-TY1718,EQ-TY,2017-09-22T18:00:00Z,59.5,149.8,0.0
EQ-2017062507020035867137585756__TC-TY1721,EQ-TY,2017-10-15T06:00:00Z,8.8,137.3,0.0
EQ-2017062507020035867137585756__TC-TY1721,EQ-TY,2017-10-15T12:00:00Z,9.3,136.8,0.0
EQ-2017062507020035867137585756__TC-TY1721,EQ-TY,2017-10-15T18:00:00Z,9.7,136.2,18.00554
EQ-2017062507020035867137585756__TC-TY1721,EQ-TY,2017-10-16T00:00:00Z,10.2,135.6,18.00554
EQ-2017062507020035867137585756__TC-TY1721,EQ-TY,2017-10-16T06:00:00Z,10.6,135.1,20.57776
EQ-2017062507020035867137585756__TC-TY1721,EQ-TY,2017-10-16T12:00:00Z,10.6,134.6,20.57776
EQ-2017062507020035867137585756__TC-TY1721,EQ-TY,2017-10-16T18:00:00Z,10.3,133.9,23.14998
EQ-2017062507020035867137585756__TC-TY1721,EQ-TY,2017-10-17T00:00:00Z,9.9,132.9,23.14998
EQ-2017062507020035867137585756__TC-TY1721,EQ-TY,2017-10-17T06:00:00Z,9.9,132.4,25.7222
EQ-2017062507020035867137585756__TC-TY1721,EQ-TY,2017-10-17T12:00:00Z,10.3,132.4,28.29442
EQ-2017062507020035867137585756__TC-TY1721,EQ-TY,2017-10-17T18:00:00Z,11.0,132.6,33.43886
EQ-2017062507020035867137585756__TC-TY1721,EQ-TY,2017-10-18T00:00:00Z,12.0,132.6,33.43886
EQ-2017062507020035867137585756__TC-TY1721,EQ-TY,2017-10-18T06:00:00Z,13.0,132.1,33.43886
EQ-2017062507020035867137585756__TC-TY1721,EQ-TY,2017-10-18T12:00:00Z,13.9,131.4,33.43886
EQ-2017062507020035867137585756__TC-TY1721,EQ-TY,2017-10-18T18:00:00Z,14.7,130.8,33.43886
EQ-2017062507020035867137585756__TC-TY1721,EQ-TY,2017-10-19T00:00:00Z,15.4,130.3,36.01108
EQ-2017062507020035867137585756__TC-TY1721,EQ-TY,2017-10-19T06:00:00Z,16.3,130.1,36.01108
EQ-2017062507020035867137585756__TC-TY1721,EQ-TY,2017-10-19T12:00:00Z,17.0,130.1,36.01108
EQ-2017062507020035867137585756__TC-TY1721,EQ-TY,2017-10-19T18:00:00Z,17.9,130.0,36.01108
EQ-2017062507020035867137585756__TC-TY1721,EQ-TY,2017-10-20T00:00:00Z,18.8,130.0,36.01108
EQ-2017062507020035867137585756__TC-TY1721,EQ-TY,2017-10-20T06:00:00Z,19.6,130.0,41.15552
EQ-2017062507020035867137585756__TC-TY1721,EQ-TY,2017-10-20T12:00:00Z,20.1,130.2,43.72774
EQ-2017062507020035867137585756__TC-TY1721,EQ-TY,2017-10-20T18:00:00Z,20.7,130.7,46.29996
EQ-2017062507020035867137585756__TC-TY1721,EQ-TY,2017-10-21T00:00:00Z,21.3,131.2,46.29996
EQ-2017062507020035867137585756__TC-TY1721,EQ-TY,2017-10-21T03:00:00Z,21.7,131.6,46.29996
EQ-2017062507020035867137585756__TC-TY1721,EQ-TY,2017-10-21T06:00:00Z,22.3,132.0,46.29996
EQ-2017062507020035867137585756__TC-TY1721,EQ-TY,2017-10-21T09:00:00Z,23.2,132.3,46.29996
EQ-2017062507020035867137585756__TC-TY1721,EQ-TY,2017-10-21T12:00:00Z,23.8,132.5,46.29996
EQ-2017062507020035867137585756__TC-TY1721,EQ-TY,2017-10-21T15:00:00Z,24.5,132.9,48.87218
EQ-2017062507020035867137585756__TC-TY1721,EQ-TY,2017-10-21T18:00:00Z,25.6,133.3,51.4444
EQ-2017062507020035867137585756__TC-TY1721,EQ-TY,2017-10-21T21:00:00Z,26.7,133.7,51.4444
EQ-2017062507020035867137585756__TC-TY1721,EQ-TY,2017-10-22T00:00:00Z,27.8,133.9,51.4444
EQ-2017062507020035867137585756__TC-TY1721,EQ-TY,2017-10-22T03:00:00Z,28.9,134.2,51.4444
EQ-2017062507020035867137585756__TC-TY1721,EQ-TY,2017-10-22T06:00:00Z,29.9,134.7,51.4444
EQ-2017062507020035867137585756__TC-TY1721,EQ-TY,2017-10-22T09:00:00Z,30.9,135.4,48.87218
EQ-2017062507020035867137585756__TC-TY1721,EQ-TY,2017-10-22T12:00:00Z,32.2,136.3,46.29996
EQ-2017062507020035867137585756__TC-TY1721,EQ-TY,2017-10-22T15:00:00Z,33.5,137.3,43.72774
EQ-2017062507020035867137585756__TC-TY1721,EQ-TY,2017-10-22T18:00:00Z,34.7,138.1,41.15552
EQ-2017062507020035867137585756__TC-TY1721,EQ-TY,2017-10-22T21:00:00Z,36.1,140.1,33.43886
EQ-2017062507020035867137585756__TC-TY1721,EQ-TY,2017-10-23T00:00:00Z,37.2,141.5,0.0
EQ-2017062507020035867137585756__TC-TY1721,EQ-TY,2017-10-23T06:00:00Z,41.0,145.9,0.0
EQ-2017062507020035867137585756__TC-TY1721,EQ-TY,2017-10-23T12:00:00Z,42.9,150.3,0.0
EQ-2017062507020035867137585756__TC-TY1721,EQ-TY,2017-10-23T18:00:00Z,44.4,155.4,0.0
EQ-201411222208003669213789567__TC-TY1418,TY-EQ,2014-09-28T06:00:00Z,11.0,157.1,0.0
EQ-201411222208003669213789567__TC-TY1418,TY-EQ,2014-09-28T12:00:00Z,11.6,155.1,0.0
EQ-201411222208003669213789567__TC-TY1418,TY-EQ,2014-09-28T18:00:00Z,12.2,153.8,0.0
EQ-201411222208003669213789567__TC-TY1418,TY-EQ,2014-09-29T00:00:00Z,12.7,152.2,0.0
EQ-201411222208003669213789567__TC-TY1418,TY-EQ,2014-09-29T06:00:00Z,13.0,151.0,18.00554
EQ-201411222208003669213789567__TC-TY1418,TY-EQ,2014-09-29T12:00:00Z,13.4,150.3,20.57776
EQ-201411222208003669213789567__TC-TY1418,TY-EQ,2014-09-29T18:00:00Z,13.9,149.5,23.14998
EQ-201411222208003669213789567__TC-TY1418,TY-EQ,2014-09-30T00:00:00Z,15.2,148.1,23.14998
EQ-201411222208003669213789567__TC-TY1418,TY-EQ,2014-09-30T06:00:00Z,16.4,146.9,23.14998
EQ-201411222208003669213789567__TC-TY1418,TY-EQ,2014-09-30T12:00:00Z,16.4,145.8,25.7222
EQ-201411222208003669213789567__TC-TY1418,TY-EQ,2014-09-30T18:00:00Z,16.6,144.7,28.29442
EQ-201411222208003669213789567__TC-TY1418,TY-EQ,2014-10-01T00:00:00Z,16.9,143.8,30.86664
EQ-201411222208003669213789567__TC-TY1418,TY-EQ,2014-10-01T06:00:00Z,18.1,142.6,33.43886
EQ-201411222208003669213789567__TC-TY1418,TY-EQ,2014-10-01T12:00:00Z,18.4,141.2,38.5833
EQ-201411222208003669213789567__TC-TY1418,TY-EQ,2014-10-01T18:00:00Z,18.9,140.2,41.15552
EQ-201411222208003669213789567__TC-TY1418,TY-EQ,2014-10-02T00:00:00Z,19.5,139.0,46.29996
EQ-201411222208003669213789567__TC-TY1418,TY-EQ,2014-10-02T06:00:00Z,19.7,138.2,48.87218
EQ-201411222208003669213789567__TC-TY1418,TY-EQ,2014-10-02T12:00:00Z,20.6,137.5,48.87218
EQ-201411222208003669213789567__TC-TY1418,TY-EQ,2014-10-02T18:00:00Z,21.5,136.5,48.87218
EQ-201411222208003669213789567__TC-TY1418,TY-EQ,2014-10-03T00:00:00Z,22.3,135.5,48.87218
EQ-201411222208003669213789567__TC-TY1418,TY-EQ,2014-10-03T06:00:00Z,23.2,134.6,48.87218
EQ-201411222208003669213789567__TC-TY1418,TY-EQ,2014-10-03T12:00:00Z,24.0,134.0,48.87218
EQ-201411222208003669213789567__TC-TY1418,TY-EQ,2014-10-03T18:00:00Z,24.7,133.4,48.87218
EQ-201411222208003669213789567__TC-TY1418,TY-EQ,2014-10-03T21:00:00Z,25.1,133.1,48.87218
EQ-201411222208003669213789567__TC-TY1418,TY-EQ,2014-10-04T00:00:00Z,25.4,132.9,48.87218
EQ-201411222208003669213789567__TC-TY1418,TY-EQ,2014-10-04T03:00:00Z,25.9,132.5,48.87218
EQ-201411222208003669213789567__TC-TY1418,TY-EQ,2014-10-04T06:00:00Z,26.3,132.3,48.87218
EQ-201411222208003669213789567__TC-TY1418,TY-EQ,2014-10-04T09:00:00Z,26.7,132.1,48.87218
EQ-201411222208003669213789567__TC-TY1418,TY-EQ,2014-10-04T12:00:00Z,27.1,131.8,48.87218
EQ-201411222208003669213789567__TC-TY1418,TY-EQ,2014-10-04T15:00:00Z,27.5,131.5,48.87218
EQ-201411222208003669213789567__TC-TY1418,TY-EQ,2014-10-04T18:00:00Z,27.9,131.3,46.29996
EQ-201411222208003669213789567__TC-TY1418,TY-EQ,2014-10-04T21:00:00Z,28.4,131.2,46.29996
EQ-201411222208003669213789567__TC-TY1418,TY-EQ,2014-10-05T00:00:00Z,28.9,131.3,43.72774
EQ-201411222208003669213789567__TC-TY1418,TY-EQ,2014-10-05T03:00:00Z,29.5,131.4,43.72774
EQ-201411222208003669213789567__TC-TY1418,TY-EQ,2014-10-05T06:00:00Z,30.1,131.9,43.72774
EQ-201411222208003669213789567__TC-TY1418,TY-EQ,2014-10-05T09:00:00Z,30.7,132.5,43.72774
EQ-201411222208003669213789567__TC-TY1418,TY-EQ,2014-10-05T12:00:00Z,31.4,133.2,41.15552
EQ-201411222208003669213789567__TC-TY1418,TY-EQ,2014-10-05T15:00:00Z,32.2,134.3,41.15552
EQ-201411222208003669213789567__TC-TY1418,TY-EQ,2014-10-05T18:00:00Z,33.0,135.4,38.5833
EQ-201411222208003669213789567__TC-TY1418,TY-EQ,2014-10-05T21:00:00Z,34.0,136.9,36.01108
EQ-201411222208003669213789567__TC-TY1418,TY-EQ,2014-10-05T23:00:00Z,34.7,137.7,33.43886
EQ-201411222208003669213789567__TC-TY1418,TY-EQ,2014-10-06T00:00:00Z,34.9,138.5,33.43886
EQ-201411222208003669213789567__TC-TY1418,TY-EQ,2014-10-06T03:00:00Z,36.1,140.7,33.43886
EQ-201411222208003669213789567__TC-TY1418,TY-EQ,2014-10-06T06:00:00Z,37.7,143.5,30.86664
EQ-201411222208003669213789567__TC-TY1418,TY-EQ,2014-10-06T12:00:00Z,39.0,147.0,0.0
EQ-201411222208003669213789567__TC-TY1418,TY-EQ,2014-10-06T18:00:00Z,39.7,153.7,0.0
EQ-201411222208003669213789567__TC-TY1418,TY-EQ,2014-10-07T00:00:00Z,39.8,159.4,0.0
EQ-201411222208003669213789567__TC-TY1418,TY-EQ,2014-10-07T06:00:00Z,40.3,164.7,0.0
EQ-201411222208003669213789567__TC-TY1418,TY-EQ,2014-10-07T12:00:00Z,41.0,170.7,0.0
EQ-201411222208003669213789567__TC-TY1418,TY-EQ,2014-10-07T18:00:00Z,42.0,176.5,0.0
EQ-201411222208003669213789567__TC-TY1418,TY-EQ,2014-10-08T00:00:00Z,43.2,181.3,0.0
EQ-20140916122800360931398634756__TC-TY1411,TY-EQ,2014-07-27T18:00:00Z,11.3,151.8,0.0
EQ-20140916122800360931398634756__TC-TY1411,TY-EQ,2014-07-28T00:00:00Z,11.4,151.0,0.0
EQ-20140916122800360931398634756__TC-TY1411,TY-EQ,2014-07-28T06:00:00Z,11.5,150.3,0.0
EQ-20140916122800360931398634756__TC-TY1411,TY-EQ,2014-07-28T12:00:00Z,11.7,149.6,0.0
EQ-20140916122800360931398634756__TC-TY1411,TY-EQ,2014-07-28T18:00:00Z,12.0,148.9,0.0
EQ-20140916122800360931398634756__TC-TY1411,TY-EQ,2014-07-29T00:00:00Z,12.4,148.3,18.00554
EQ-20140916122800360931398634756__TC-TY1411,TY-EQ,2014-07-29T06:00:00Z,12.8,147.9,18.00554
EQ-20140916122800360931398634756__TC-TY1411,TY-EQ,2014-07-29T12:00:00Z,13.0,147.5,23.14998
EQ-20140916122800360931398634756__TC-TY1411,TY-EQ,2014-07-29T18:00:00Z,13.6,146.5,23.14998
EQ-20140916122800360931398634756__TC-TY1411,TY-EQ,2014-07-30T00:00:00Z,13.7,145.7,23.14998
EQ-20140916122800360931398634756__TC-TY1411,TY-EQ,2014-07-30T06:00:00Z,14.2,144.5,23.14998
EQ-20140916122800360931398634756__TC-TY1411,TY-EQ,2014-07-30T12:00:00Z,14.4,143.6,23.14998
EQ-20140916122800360931398634756__TC-TY1411,TY-EQ,2014-07-30T18:00:00Z,14.6,142.9,23.14998
EQ-20140916122800360931398634756__TC-TY1411,TY-EQ,2014-07-31T00:00:00Z,14.9,142.0,23.14998
EQ-20140916122800360931398634756__TC-TY1411,TY-EQ,2014-07-31T06:00:00Z,15.0,141.3,23.14998
EQ-20140916122800360931398634756__TC-TY1411,TY-EQ,2014-07-31T12:00:00Z,14.6,140.6,23.14998
EQ-20140916122800360931398634756__TC-TY1411,TY-EQ,2014-07-31T18:00:00Z,14.3,139.8,25.7222
EQ-20140916122800360931398634756__TC-TY1411,TY-EQ,2014-08-01T00:00:00Z,14.1,139.2,28.29442
EQ-20140916122800360931398634756__TC-TY1411,TY-EQ,2014-08-01T06:00:00Z,14.7,138.4,28.29442
EQ-20140916122800360931398634756__TC-TY1411,TY-EQ,2014-08-01T12:00:00Z,14.7,137.7,30.86664
EQ-20140916122800360931398634756__TC-TY1411,TY-EQ,2014-08-01T18:00:00Z,14.8,137.0,38.5833
EQ-20140916122800360931398634756__TC-TY1411,TY-EQ,2014-08-02T00:00:00Z,14.9,136.5,41.15552
EQ-20140916122800360931398634756__TC-TY1411,TY-EQ,2014-08-02T06:00:00Z,14.9,135.7,48.87218
EQ-20140916122800360931398634756__TC-TY1411,TY-EQ,2014-08-02T12:00:00Z,14.9,135.1,54.01662
EQ-20140916122800360931398634756__TC-TY1411,TY-EQ,2014-08-02T18:00:00Z,15.1,134.6,54.01662
EQ-20140916122800360931398634756__TC-TY1411,TY-EQ,2014-08-03T00:00:00Z,15.2,133.9,54.01662
EQ-20140916122800360931398634756__TC-TY1411,TY-EQ,2014-08-03T06:00:00Z,15.6,133.1,54.01662
EQ-20140916122800360931398634756__TC-TY1411,TY-EQ,2014-08-03T12:00:00Z,15.7,132.3,51.4444
EQ-20140916122800360931398634756__TC-TY1411,TY-EQ,2014-08-03T18:00:00Z,16.2,131.4,48.87218
EQ-20140916122800360931398634756__TC-TY1411,TY-EQ,2014-08-04T00:00:00Z,16.5,130.7,48.87218
EQ-20140916122800360931398634756__TC-TY1411,TY-EQ,2014-08-04T06:00:00Z,16.9,130.4,46.29996
EQ-20140916122800360931398634756__TC-TY1411,TY-EQ,2014-08-04T12:00:00Z,17.4,129.9,43.72774
EQ-20140916122800360931398634756__TC-TY1411,TY-EQ,2014-08-04T18:00:00Z,18.1,129.8,41.15552
EQ-20140916122800360931398634756__TC-TY1411,TY-EQ,2014-08-05T00:00:00Z,19.1,129.8,38.5833
EQ-20140916122800360931398634756__TC-TY1411,TY-EQ,2014-08-05T06:00:00Z,20.0,129.7,38.5833
EQ-20140916122800360931398634756__TC-TY1411,TY-EQ,2014-08-05T12:00:00Z,20.8,130.0,38.5833
EQ-20140916122800360931398634756__TC-TY1411,TY-EQ,2014-08-05T18:00:00Z,21.7,130.1,38.5833
EQ-20140916122800360931398634756__TC-TY1411,TY-EQ,2014-08-06T00:00:00Z,22.4,130.3,41.15552
EQ-20140916122800360931398634756__TC-TY1411,TY-EQ,2014-08-06T06:00:00Z,23.1,130.7,41.15552
EQ-20140916122800360931398634756__TC-TY1411,TY-EQ,2014-08-06T12:00:00Z,23.6,131.1,43.72774
EQ-20140916122800360931398634756__TC-TY1411,TY-EQ,2014-08-06T15:00:00Z,23.9,131.2,43.72774
EQ-20140916122800360931398634756__TC-TY1411,TY-EQ,2014-08-06T18:00:00Z,24.2,131.4,43.72774
EQ-20140916122800360931398634756__TC-TY1411,TY-EQ,2014-08-06T21:00:00Z,24.6,131.6,41.15552
EQ-20140916122800360931398634756__TC-TY1411,TY-EQ,2014-08-07T00:00:00Z,24.8,131.7,41.15552
EQ-20140916122800360931398634756__TC-TY1411,TY-EQ,2014-08-07T03:00:00Z,25.3,131.7,41.15552
EQ-20140916122800360931398634756__TC-TY1411,TY-EQ,2014-08-07T06:00:00Z,25.6,131.6,41.15552
EQ-20140916122800360931398634756__TC-TY1411,TY-EQ,2014-08-07T09:00:00Z,25.8,131.7,41.15552
EQ-20140916122800360931398634756__TC-TY1411,TY-EQ,2014-08-07T12:00:00Z,26.1,131.7,41.15552
EQ-20140916122800360931398634756__TC-TY1411,TY-EQ,2014-08-07T15:00:00Z,26.4,131.6,41.15552
EQ-20140916122800360931398634756__TC-TY1411,TY-EQ,2014-08-07T18:00:00Z,26.7,131.5,41.15552
EQ-20140916122800360931398634756__TC-TY1411,TY-EQ,2014-08-07T21:00:00Z,27.0,131.6,41.15552
EQ-20140916122800360931398634756__TC-TY1411,TY-EQ,2014-08-08T00:00:00Z,27.2,131.6,38.5833
EQ-20140916122800360931398634756__TC-TY1411,TY-EQ,2014-08-08T03:00:00Z,27.6,131.7,38.5833
EQ-20140916122800360931398634756__TC-TY1411,TY-EQ,2014-08-08T06:00:00Z,28.2,131.6,38.5833
EQ-20140916122800360931398634756__TC-TY1411,TY-EQ,2014-08-08T09:00:00Z,28.5,131.6,38.5833
EQ-20140916122800360931398634756__TC-TY1411,TY-EQ,2014-08-08T12:00:00Z,28.7,131.7,38.5833
EQ-20140916122800360931398634756__TC-TY1411,TY-EQ,2014-08-08T15:00:00Z,28.9,131.8,38.5833
EQ-20140916122800360931398634756__TC-TY1411,TY-EQ,2014-08-08T18:00:00Z,29.5,132.0,38.5833
EQ-20140916122800360931398634756__TC-TY1411,TY-EQ,2014-08-08T21:00:00Z,29.9,132.1,38.5833
EQ-20140916122800360931398634756__TC-TY1411,TY-EQ,2014-08-09T00:00:00Z,30.4,132.3,38.5833
EQ-20140916122800360931398634756__TC-TY1411,TY-EQ,2014-08-09T03:00:00Z,30.9,132.3,38.5833
EQ-20140916122800360931398634756__TC-TY1411,TY-EQ,2014-08-09T06:00:00Z,31.3,132.5,36.01108
EQ-20140916122800360931398634756__TC-TY1411,TY-EQ,2014-08-09T09:00:00Z,31.7,132.8,36.01108
EQ-20140916122800360931398634756__TC-TY1411,TY-EQ,2014-08-09T12:00:00Z,32.2,133.1,36.01108
EQ-20140916122800360931398634756__TC-TY1411,TY-EQ,2014-08-09T15:00:00Z,32.6,133.2,36.01108
EQ-20140916122800360931398634756__TC-TY1411,TY-EQ,2014-08-09T18:00:00Z,33.0,133.4,36.01108
EQ-20140916122800360931398634756__TC-TY1411,TY-EQ,2014-08-09T21:00:00Z,33.5,133.8,36.01108
EQ-20140916122800360931398634756__TC-TY1411,TY-EQ,2014-08-10T00:00:00Z,34.2,134.3,33.43886
EQ-20140916122800360931398634756__TC-TY1411,TY-EQ,2014-08-10T01:00:00Z,34.5,134.5,33.43886
EQ-20140916122800360931398634756__TC-TY1411,TY-EQ,2014-08-10T03:00:00Z,35.2,134.9,33.43886
EQ-20140916122800360931398634756__TC-TY1411,TY-EQ,2014-08-10T06:00:00Z,36.4,135.5,30.86664
EQ-20140916122800360931398634756__TC-TY1411,TY-EQ,2014-08-10T09:00:00Z,37.6,136.3,30.86664
EQ-20140916122800360931398634756__TC-TY1411,TY-EQ,2014-08-10T12:00:00Z,38.9,136.8,28.29442
EQ-20140916122800360931398634756__TC-TY1411,TY-EQ,2014-08-10T18:00:00Z,41.0,137.2,28.29442
EQ-20140916122800360931398634756__TC-TY1411,TY-EQ,2014-08-11T00:00:00Z,43.0,137.0,0.0
EQ-20140916122800360931398634756__TC-TY1411,TY-EQ,2014-08-11T06:00:00Z,43.5,137.0,0.0
EQ-20140916122800360931398634756__TC-TY1411,TY-EQ,2014-08-11T12:00:00Z,44.3,137.3,0.0
EQ-20140916122800360931398634756__TC-TY1411,TY-EQ,2014-08-11T18:00:00Z,45.0,137.0,0.0
EQ-20140916122800360931398634756__TC-TY1411,TY-EQ,2014-08-12T00:00:00Z,45.3,137.7,0.0
EQ-20140916122800360931398634756__TC-TY1411,TY-EQ,2014-08-12T06:00:00Z,46.1,138.6,0.0
EQ-20140916122800360931398634756__TC-TY1411,TY-EQ,2014-08-12T12:00:00Z,46.5,139.5,0.0
EQ-20140916122800360931398634756__TC-TY1411,TY-EQ,2014-08-12T18:00:00Z,46.8,140.6,0.0
EQ-20140916122800360931398634756__TC-TY1411,TY-EQ,2014-08-13T00:00:00Z,47.6,142.7,0.0
EQ-20140916122800360931398634756__TC-TY1411,TY-EQ,2014-08-13T06:00:00Z,48.3,144.3,0.0
EQ-20140916122800360931398634756__TC-TY1411,TY-EQ,2014-08-13T12:00:00Z,48.4,145.1,0.0
EQ-20140916122800360931398634756__TC-TY1411,TY-EQ,2014-08-13T18:00:00Z,48.2,146.1,0.0
EQ-20140916122800360931398634756__TC-TY1411,TY-EQ,2014-08-14T00:00:00Z,47.9,147.2,0.0
EQ-20140916122800360931398634756__TC-TY1411,TY-EQ,2014-08-14T06:00:00Z,47.7,148.3,0.0
EQ-20140916122800360931398634756__TC-TY1411,TY-EQ,2014-08-14T12:00:00Z,47.3,149.3,0.0
EQ-20140916122800360931398634756__TC-TY1411,TY-EQ,2014-08-14T18:00:00Z,47.2,150.5,0.0
EQ-20140916122800360931398634756__TC-TY1411,TY-EQ,2014-08-15T00:00:00Z,47.0,151.9,0.0
EQ-2014090316240036873139522751__TC-TY1408,TY-EQ,2014-07-02T12:00:00Z,8.4,146.8,0.0
EQ-2014090316240036873139522751__TC-TY1408,TY-EQ,2014-07-02T18:00:00Z,8.9,146.0,0.0
EQ-2014090316240036873139522751__TC-TY1408,TY-EQ,2014-07-03T00:00:00Z,9.2,145.6,0.0
EQ-2014090316240036873139522751__TC-TY1408,TY-EQ,2014-07-03T06:00:00Z,9.6,144.8,0.0
EQ-2014090316240036873139522751__TC-TY1408,TY-EQ,2014-07-03T12:00:00Z,10.4,144.1,0.0
EQ-2014090316240036873139522751__TC-TY1408,TY-EQ,2014-07-03T18:00:00Z,11.4,143.3,18.00554
EQ-2014090316240036873139522751__TC-TY1408,TY-EQ,2014-07-04T00:00:00Z,12.0,142.6,20.57776
EQ-2014090316240036873139522751__TC-TY1408,TY-EQ,2014-07-04T06:00:00Z,13.0,141.3,23.14998
EQ-2014090316240036873139522751__TC-TY1408,TY-EQ,2014-07-04T12:00:00Z,14.0,140.5,33.43886
EQ-2014090316240036873139522751__TC-TY1408,TY-EQ,2014-07-04T18:00:00Z,14.5,139.1,36.01108
EQ-2014090316240036873139522751__TC-TY1408,TY-EQ,2014-07-05T00:00:00Z,15.2,138.3,38.5833
EQ-2014090316240036873139522751__TC-TY1408,TY-EQ,2014-07-05T06:00:00Z,16.0,137.0,41.15552
EQ-2014090316240036873139522751__TC-TY1408,TY-EQ,2014-07-05T12:00:00Z,16.7,136.0,43.72774
EQ-2014090316240036873139522751__TC-TY1408,TY-EQ,2014-07-05T18:00:00Z,17.4,134.5,43.72774
EQ-2014090316240036873139522751__TC-TY1408,TY-EQ,2014-07-06T00:00:00Z,18.0,133.0,48.87218
EQ-2014090316240036873139522751__TC-TY1408,TY-EQ,2014-07-06T06:00:00Z,18.4,131.5,48.87218
EQ-2014090316240036873139522751__TC-TY1408,TY-EQ,2014-07-06T12:00:00Z,18.9,130.3,48.87218
EQ-2014090316240036873139522751__TC-TY1408,TY-EQ,2014-07-06T18:00:00Z,19.7,129.1,51.4444
EQ-2014090316240036873139522751__TC-TY1408,TY-EQ,2014-07-07T00:00:00Z,20.4,128.3,51.4444
EQ-2014090316240036873139522751__TC-TY1408,TY-EQ,2014-07-07T06:00:00Z,21.6,127.3,48.87218
EQ-2014090316240036873139522751__TC-TY1408,TY-EQ,2014-07-07T09:00:00Z,21.9,127.0,46.29996
EQ-2014090316240036873139522751__TC-TY1408,TY-EQ,2014-07-07T12:00:00Z,22.3,126.8,46.29996
EQ-2014090316240036873139522751__TC-TY1408,TY-EQ,2014-07-07T15:00:00Z,23.1,126.7,46.29996
EQ-2014090316240036873139522751__TC-TY1408,TY-EQ,2014-07-07T18:00:00Z,23.7,126.2,46.29996
EQ-2014090316240036873139522751__TC-TY1408,TY-EQ,2014-07-07T21:00:00Z,24.3,126.1,46.29996
EQ-2014090316240036873139522751__TC-TY1408,TY-EQ,2014-07-08T00:00:00Z,25.0,126.1,46.29996
EQ-2014090316240036873139522751__TC-TY1408,TY-EQ,2014-07-08T03:00:00Z,25.8,125.9,46.29996
EQ-2014090316240036873139522751__TC-TY1408,TY-EQ,2014-07-08T06:00:00Z,26.5,125.7,43.72774
EQ-2014090316240036873139522751__TC-TY1408,TY-EQ,2014-07-08T09:00:00Z,27.1,125.6,43.72774
EQ-2014090316240036873139522751__TC-TY1408,TY-EQ,2014-07-08T12:00:00Z,27.7,125.7,43.72774
EQ-2014090316240036873139522751__TC-TY1408,TY-EQ,2014-07-08T15:00:00Z,28.4,125.7,41.15552
EQ-2014090316240036873139522751__TC-TY1408,TY-EQ,2014-07-08T18:00:00Z,28.9,125.8,38.5833
EQ-2014090316240036873139522751__TC-TY1408,TY-EQ,2014-07-08T21:00:00Z,29.7,126.1,36.01108
EQ-2014090316240036873139522751__TC-TY1408,TY-EQ,2014-07-09T00:00:00Z,30.4,126.2,36.01108
EQ-2014090316240036873139522751__TC-TY1408,TY-EQ,2014-07-09T03:00:00Z,30.8,126.4,33.43886
EQ-2014090316240036873139522751__TC-TY1408,TY-EQ,2014-07-09T06:00:00Z,31.4,126.9,30.86664
EQ-2014090316240036873139522751__TC-TY1408,TY-EQ,2014-07-09T09:00:00Z,31.6,127.1,28.29442
EQ-2014090316240036873139522751__TC-TY1408,TY-EQ,2014-07-09T12:00:00Z,31.7,127.6,28.29442
EQ-2014090316240036873139522751__TC-TY1408,TY-EQ,2014-07-09T15:00:00Z,31.8,128.5,25.7222
EQ-2014090316240036873139522751__TC-TY1408,TY-EQ,2014-07-09T18:00:00Z,32.1,129.2,25.7222
EQ-2014090316240036873139522751__TC-TY1408,TY-EQ,2014-07-09T21:00:00Z,32.1,130.0,25.7222
EQ-2014090316240036873139522751__TC-TY1408,TY-EQ,2014-07-10T00:00:00Z,32.1,131.5,25.7222
EQ-2014090316240036873139522751__TC-TY1408,TY-EQ,2014-07-10T03:00:00Z,32.4,132.9,25.7222
EQ-2014090316240036873139522751__TC-TY1408,TY-EQ,2014-07-10T06:00:00Z,33.0,134.3,25.7222
EQ-2014090316240036873139522751__TC-TY1408,TY-EQ,2014-07-10T09:00:00Z,33.5,135.3,25.7222
EQ-2014090316240036873139522751__TC-TY1408,TY-EQ,2014-07-10T12:00:00Z,33.8,136.8,25.7222
EQ-2014090316240036873139522751__TC-TY1408,TY-EQ,2014-07-10T15:00:00Z,34.1,137.7,23.14998
EQ-2014090316240036873139522751__TC-TY1408,TY-EQ,2014-07-10T17:00:00Z,34.6,138.5,23.14998
EQ-2014090316240036873139522751__TC-TY1408,TY-EQ,2014-07-10T18:00:00Z,34.7,139.1,23.14998
EQ-2014090316240036873139522751__TC-TY1408,TY-EQ,2014-07-10T19:00:00Z,34.9,139.5,23.14998
EQ-2014090316240036873139522751__TC-TY1408,TY-EQ,2014-07-10T21:00:00Z,35.3,140.4,23.14998
EQ-2014090316240036873139522751__TC-TY1408,TY-EQ,2014-07-11T00:00:00Z,37.0,142.0,0.0
EQ-2014090316240036873139522751__TC-TY1408,TY-EQ,2014-07-11T06:00:00Z,38.0,142.9,0.0
EQ-2014090316240036873139522751__TC-TY1408,TY-EQ,2014-07-11T12:00:00Z,39.8,145.5,0.0
EQ-2014090316240036873139522751__TC-TY1408,TY-EQ,2014-07-11T18:00:00Z,43.2,147.8,0.0
EQ-2014090316240036873139522751__TC-TY1408,TY-EQ,2014-07-12T00:00:00Z,46.2,147.7,0.0
EQ-2014090316240036873139522751__TC-TY1408,TY-EQ,2014-07-12T06:00:00Z,49.3,147.2,0.0
EQ-2014090316240036873139522751__TC-TY1408,TY-EQ,2014-07-12T12:00:00Z,50.2,148.4,0.0
EQ-2014090316240036873139522751__TC-TY1408,TY-EQ,2014-07-12T18:00:00Z,51.2,148.8,0.0
EQ-2014090316240036873139522751__TC-TY1408,TY-EQ,2014-07-13T00:00:00Z,52.4,149.5,0.0
EQ-2014090316240036873139522751__TC-TY1408,TY-EQ,2014-07-13T06:00:00Z,53.7,149.5,0.0
EQ-2014070818050042648141267356__TC-TY1419,EQ-TY,2014-10-02T12:00:00Z,7.3,162.1,0.0
EQ-2014070818050042648141267356__TC-TY1419,EQ-TY,2014-10-02T18:00:00Z,8.0,160.8,0.0
EQ-2014070818050042648141267356__TC-TY1419,EQ-TY,2014-10-03T00:00:00Z,8.4,159.9,0.0
EQ-2014070818050042648141267356__TC-TY1419,EQ-TY,2014-10-03T06:00:00Z,8.5,158.7,0.0
EQ-2014070818050042648141267356__TC-TY1419,EQ-TY,2014-10-03T12:00:00Z,8.7,157.5,0.0
EQ-2014070818050042648141267356__TC-TY1419,EQ-TY,2014-10-03T18:00:00Z,9.0,156.2,18.00554
EQ-2014070818050042648141267356__TC-TY1419,EQ-TY,2014-10-04T00:00:00Z,9.6,155.1,20.57776
EQ-2014070818050042648141267356__TC-TY1419,EQ-TY,2014-10-04T06:00:00Z,10.4,154.0,23.14998
EQ-2014070818050042648141267356__TC-TY1419,EQ-TY,2014-10-04T12:00:00Z,11.1,152.9,25.7222
EQ-2014070818050042648141267356__TC-TY1419,EQ-TY,2014-10-04T18:00:00Z,12.0,151.5,28.29442
EQ-2014070818050042648141267356__TC-TY1419,EQ-TY,2014-10-05T00:00:00Z,12.5,150.0,30.86664
EQ-2014070818050042648141267356__TC-TY1419,EQ-TY,2014-10-05T06:00:00Z,13.3,148.5,30.86664
EQ-2014070818050042648141267356__TC-TY1419,EQ-TY,2014-10-05T12:00:00Z,13.8,146.9,30.86664
EQ-2014070818050042648141267356__TC-TY1419,EQ-TY,2014-10-05T18:00:00Z,14.5,145.1,30.86664
EQ-2014070818050042648141267356__TC-TY1419,EQ-TY,2014-10-06T00:00:00Z,15.1,143.3,30.86664
EQ-2014070818050042648141267356__TC-TY1419,EQ-TY,2014-10-06T06:00:00Z,15.8,141.3,30.86664
EQ-2014070818050042648141267356__TC-TY1419,EQ-TY,2014-10-06T12:00:00Z,16.5,139.7,30.86664
EQ-2014070818050042648141267356__TC-TY1419,EQ-TY,2014-10-06T18:00:00Z,16.8,138.1,36.01108
EQ-2014070818050042648141267356__TC-TY1419,EQ-TY,2014-10-07T00:00:00Z,16.9,136.5,41.15552
EQ-2014070818050042648141267356__TC-TY1419,EQ-TY,2014-10-07T06:00:00Z,17.3,135.4,46.29996
EQ-2014070818050042648141267356__TC-TY1419,EQ-TY,2014-10-07T12:00:00Z,17.4,134.2,54.01662
EQ-2014070818050042648141267356__TC-TY1419,EQ-TY,2014-10-07T18:00:00Z,17.7,133.2,59.16106
EQ-2014070818050042648141267356__TC-TY1419,EQ-TY,2014-10-08T00:00:00Z,17.9,132.2,59.16106
EQ-2014070818050042648141267356__TC-TY1419,EQ-TY,2014-10-08T06:00:00Z,18.2,131.5,59.16106
EQ-2014070818050042648141267356__TC-TY1419,EQ-TY,2014-10-08T12:00:00Z,18.4,131.0,59.16106
EQ-2014070818050042648141267356__TC-TY1419,EQ-TY,2014-10-08T18:00:00Z,18.8,130.5,56.58884
EQ-2014070818050042648141267356__TC-TY1419,EQ-TY,2014-10-09T00:00:00Z,19.2,130.0,56.58884
EQ-2014070818050042648141267356__TC-TY1419,EQ-TY,2014-10-09T06:00:00Z,19.7,129.9,54.01662
EQ-2014070818050042648141267356__TC-TY1419,EQ-TY,2014-10-09T12:00:00Z,20.2,129.6,51.4444
EQ-2014070818050042648141267356__TC-TY1419,EQ-TY,2014-10-09T18:00:00Z,20.8,129.4,51.4444
EQ-2014070818050042648141267356__TC-TY1419,EQ-TY,2014-10-10T00:00:00Z,21.4,129.4,51.4444
EQ-2014070818050042648141267356__TC-TY1419,EQ-TY,2014-10-10T06:00:00Z,22.2,129.3,51.4444
EQ-2014070818050042648141267356__TC-TY1419,EQ-TY,2014-10-10T12:00:00Z,23.1,129.2,48.87218
EQ-2014070818050042648141267356__TC-TY1419,EQ-TY,2014-10-10T18:00:00Z,23.8,129.0,46.29996
EQ-2014070818050042648141267356__TC-TY1419,EQ-TY,2014-10-10T21:00:00Z,24.1,128.9,46.29996
EQ-2014070818050042648141267356__TC-TY1419,EQ-TY,2014-10-11T00:00:00Z,24.4,128.8,46.29996
EQ-2014070818050042648141267356__TC-TY1419,EQ-TY,2014-10-11T03:00:00Z,24.9,128.7,43.72774
EQ-2014070818050042648141267356__TC-TY1419,EQ-TY,2014-10-11T06:00:00Z,25.3,128.6,43.72774
EQ-2014070818050042648141267356__TC-TY1419,EQ-TY,2014-10-11T09:00:00Z,25.6,128.4,43.72774
EQ-2014070818050042648141267356__TC-TY1419,EQ-TY,2014-10-11T12:00:00Z,26.1,128.1,43.72774
EQ-2014070818050042648141267356__TC-TY1419,EQ-TY,2014-10-11T15:00:00Z,26.4,128.0,41.15552
EQ-2014070818050042648141267356__TC-TY1419,EQ-TY,2014-10-11T18:00:00Z,26.9,127.7,41.15552
EQ-2014070818050042648141267356__TC-TY1419,EQ-TY,2014-10-11T21:00:00Z,27.4,127.5,41.15552
EQ-2014070818050042648141267356__TC-TY1419,EQ-TY,2014-10-12T00:00:00Z,27.7,127.4,36.01108
EQ-2014070818050042648141267356__TC-TY1419,EQ-TY,2014-10-12T03:00:00Z,28.1,127.1,36.01108
EQ-2014070818050042648141267356__TC-TY1419,EQ-TY,2014-10-12T06:00:00Z,28.8,127.1,33.43886
EQ-2014070818050042648141267356__TC-TY1419,EQ-TY,2014-10-12T09:00:00Z,29.3,127.3,33.43886
EQ-2014070818050042648141267356__TC-TY1419,EQ-TY,2014-10-12T12:00:00Z,29.7,127.6,33.43886
EQ-2014070818050042648141267356__TC-TY1419,EQ-TY,2014-10-12T15:00:00Z,30.2,128.2,33.43886
EQ-2014070818050042648141267356__TC-TY1419,EQ-TY,2014-10-12T18:00:00Z,30.6,129.0,33.43886
EQ-2014070818050042648141267356__TC-TY1419,EQ-TY,2014-10-12T21:00:00Z,30.9,129.6,33.43886
EQ-2014070818050042648141267356__TC-TY1419,EQ-TY,2014-10-12T23:00:00Z,31.1,130.0,33.43886
EQ-2014070818050042648141267356__TC-TY1419,EQ-TY,2014-10-13T00:00:00Z,31.3,130.3,30.86664
EQ-2014070818050042648141267356__TC-TY1419,EQ-TY,2014-10-13T03:00:00Z,32.2,131.6,30.86664
EQ-2014070818050042648141267356__TC-TY1419,EQ-TY,2014-10-13T05:00:00Z,32.9,132.4,30.86664
EQ-2014070818050042648141267356__TC-TY1419,EQ-TY,2014-10-13T06:00:00Z,33.1,133.0,30.86664
EQ-2014070818050042648141267356__TC-TY1419,EQ-TY,2014-10-13T09:00:00Z,33.9,134.2,28.29442
EQ-2014070818050042648141267356__TC-TY1419,EQ-TY,2014-10-13T10:00:00Z,34.2,134.6,28.29442
EQ-2014070818050042648141267356__TC-TY1419,EQ-TY,2014-10-13T11:00:00Z,34.4,135.1,25.7222
EQ-2014070818050042648141267356__TC-TY1419,EQ-TY,2014-10-13T12:00:00Z,34.5,136.0,25.7222
EQ-2014070818050042648141267356__TC-TY1419,EQ-TY,2014-10-13T15:00:00Z,35.6,136.9,25.7222
EQ-2014070818050042648141267356__TC-TY1419,EQ-TY,2014-10-13T18:00:00Z,36.5,139.7,25.7222
EQ-2014070818050042648141267356__TC-TY1419,EQ-TY,2014-10-13T21:00:00Z,38.0,141.5,28.29442
EQ-2014070818050042648141267356__TC-TY1419,EQ-TY,2014-10-14T00:00:00Z,39.0,143.2,0.0
EQ-2014070818050042648141267356__TC-TY1419,EQ-TY,2014-10-14T06:00:00Z,40.5,146.0,0.0
EQ-2014070818050042648141267356__TC-TY1419,EQ-TY,2014-10-14T12:00:00Z,42.0,149.4,0.0
EQ-2014070818050042648141267356__TC-TY1419,EQ-TY,2014-10-14T18:00:00Z,44.1,153.1,0.0
EQ-2014070818050042648141267356__TC-TY1419,EQ-TY,2014-10-15T00:00:00Z,46.5,156.2,0.0
EQ-2014070818050042648141267356__TC-TY1419,EQ-TY,2014-10-15T06:00:00Z,48.4,160.4,0.0
EQ-2014070818050042648141267356__TC-TY1419,EQ-TY,2014-10-15T12:00:00Z,49.9,164.5,0.0
EQ-2014070818050042648141267356__TC-TY1419,EQ-TY,2014-10-15T18:00:00Z,51.2,169.3,0.0
EQ-2014070818050042648141267356__TC-TY1419,EQ-TY,2014-10-16T00:00:00Z,51.7,173.4,0.0
EQ-2014070818050042648141267356__TC-TY1419,EQ-TY,2014-10-16T06:00:00Z,51.5,177.8,0.0
EQ-2014070818050042648141267356__TC-TY1419,EQ-TY,2014-10-16T12:00:00Z,51.0,183.0,0.0
EQ-20131110073800360021400836455__TC-TY1318,TY-EQ,2013-09-11T18:00:00Z,19.7,148.1,0.0
EQ-20131110073800360021400836455__TC-TY1318,TY-EQ,2013-09-12T00:00:00Z,20.3,146.9,0.0
EQ-20131110073800360021400836455__TC-TY1318,TY-EQ,2013-09-12T06:00:00Z,20.7,145.6,0.0
EQ-20131110073800360021400836455__TC-TY1318,TY-EQ,2013-09-12T12:00:00Z,21.0,145.0,0.0
EQ-20131110073800360021400836455__TC-TY1318,TY-EQ,2013-09-12T18:00:00Z,21.0,144.0,0.0
EQ-20131110073800360021400836455__TC-TY1318,TY-EQ,2013-09-13T00:00:00Z,22.0,142.1,18.00554
EQ-20131110073800360021400836455__TC-TY1318,TY-EQ,2013-09-13T06:00:00Z,23.3,140.7,18.00554
EQ-20131110073800360021400836455__TC-TY1318,TY-EQ,2013-09-13T12:00:00Z,23.5,140.0,18.00554
EQ-20131110073800360021400836455__TC-TY1318,TY-EQ,2013-09-13T18:00:00Z,23.6,138.7,20.57776
EQ-20131110073800360021400836455__TC-TY1318,TY-EQ,2013-09-14T00:00:00Z,24.0,137.3,23.14998
EQ-20131110073800360021400836455__TC-TY1318,TY-EQ,2013-09-14T06:00:00Z,25.0,136.5,25.7222
EQ-20131110073800360021400836455__TC-TY1318,TY-EQ,2013-09-14T12:00:00Z,26.1,135.8,25.7222
EQ-20131110073800360021400836455__TC-TY1318,TY-EQ,2013-09-14T18:00:00Z,27.4,135.0,25.7222
EQ-20131110073800360021400836455__TC-TY1318,TY-EQ,2013-09-15T00:00:00Z,28.7,134.3,25.7222
EQ-20131110073800360021400836455__TC-TY1318,TY-EQ,2013-09-15T06:00:00Z,30.0,134.5,25.7222
EQ-20131110073800360021400836455__TC-TY1318,TY-EQ,2013-09-15T12:00:00Z,31.5,135.0,33.43886
EQ-20131110073800360021400836455__TC-TY1318,TY-EQ,2013-09-15T15:00:00Z,32.1,135.3,33.43886
EQ-20131110073800360021400836455__TC-TY1318,TY-EQ,2013-09-15T18:00:00Z,32.9,136.0,33.43886
EQ-20131110073800360021400836455__TC-TY1318,TY-EQ,2013-09-15T21:00:00Z,33.9,136.9,33.43886
EQ-20131110073800360021400836455__TC-TY1318,TY-EQ,2013-09-15T22:00:00Z,34.5,137.3,30.86664
EQ-20131110073800360021400836455__TC-TY1318,TY-EQ,2013-09-16T00:00:00Z,35.3,137.7,30.86664
EQ-20131110073800360021400836455__TC-TY1318,TY-EQ,2013-09-16T03:00:00Z,36.3,138.9,25.7222
EQ-20131110073800360021400836455__TC-TY1318,TY-EQ,2013-09-16T06:00:00Z,38.4,141.1,25.7222
EQ-20131110073800360021400836455__TC-TY1318,TY-EQ,2013-09-16T09:00:00Z,40.5,143.0,25.7222
EQ-20131110073800360021400836455__TC-TY1318,TY-EQ,2013-09-16T12:00:00Z,42.0,145.0,0.0
EQ-20131110073800360021400836455__TC-TY1318,TY-EQ,2013-09-16T18:00:00Z,45.6,150.0,0.0
EQ-20131110073800360021400836455__TC-TY1318,TY-EQ,2013-09-17T00:00:00Z,49.1,153.9,0.0
EQ-20131110073800360021400836455__TC-TY1318,TY-EQ,2013-09-17T06:00:00Z,52.2,156.2,0.0
EQ-20131110073800360021400836455__TC-TY1318,TY-EQ,2013-09-17T12:00:00Z,55.0,156.0,0.0
EQ-20131110073800360021400836455__TC-TY1318,TY-EQ,2013-09-17T18:00:00Z,56.2,156.7,0.0
EQ-20131110073800360021400836455__TC-TY1318,TY-EQ,2013-09-18T00:00:00Z,57.2,157.5,0.0
EQ-20131110073800360021400836455__TC-TY1318,TY-EQ,2013-09-18T06:00:00Z,58.0,160.4,0.0
EQ-20131110073800360021400836455__TC-TY1318,TY-EQ,2013-09-18T12:00:00Z,59.0,161.9,0.0
EQ-20131110073800360021400836455__TC-TY1318,TY-EQ,2013-09-18T18:00:00Z,59.4,163.7,0.0
EQ-20131110073800360021400836455__TC-TY1318,TY-EQ,2013-09-19T00:00:00Z,59.7,163.0,0.0
EQ-20131110073800360021400836455__TC-TY1318,TY-EQ,2013-09-19T06:00:00Z,60.9,163.1,0.0
EQ-20131110073800360021400836455__TC-TY1318,TY-EQ,2013-09-19T12:00:00Z,59.8,164.4,0.0
EQ-20131110073800360021400836455__TC-TY1318,TY-EQ,2013-09-19T18:00:00Z,59.8,165.6,0.0
EQ-20131110073800360021400836455__TC-TY1318,TY-EQ,2013-09-20T00:00:00Z,59.5,166.7,0.0
EQ-20131110073800360021400836455__TC-TY1318,TY-EQ,2013-09-20T06:00:00Z,59.1,170.0,0.0
EQ-20131110073800360021400836455__TC-TY1318,TY-EQ,2013-09-20T12:00:00Z,58.9,168.6,0.0
EQ-2013092002250037051406951759__TC-TY1326,EQ-TY,2013-10-09T00:00:00Z,14.0,149.0,0.0
EQ-2013092002250037051406951759__TC-TY1326,EQ-TY,2013-10-09T06:00:00Z,13.8,148.1,0.0
EQ-2013092002250037051406951759__TC-TY1326,EQ-TY,2013-10-09T12:00:00Z,13.5,147.0,0.0
EQ-2013092002250037051406951759__TC-TY1326,EQ-TY,2013-10-09T18:00:00Z,13.5,146.2,0.0
EQ-2013092002250037051406951759__TC-TY1326,EQ-TY,2013-10-10T00:00:00Z,13.5,145.6,0.0
EQ-2013092002250037051406951759__TC-TY1326,EQ-TY,2013-10-10T06:00:00Z,13.9,144.7,0.0
EQ-2013092002250037051406951759__TC-TY1326,EQ-TY,2013-10-10T12:00:00Z,13.8,143.7,18.00554
EQ-2013092002250037051406951759__TC-TY1326,EQ-TY,2013-10-10T18:00:00Z,13.5,142.8,18.00554
EQ-2013092002250037051406951759__TC-TY1326,EQ-TY,2013-10-11T00:00:00Z,13.7,142.1,20.57776
EQ-2013092002250037051406951759__TC-TY1326,EQ-TY,2013-10-11T06:00:00Z,14.2,140.7,23.14998
EQ-2013092002250037051406951759__TC-TY1326,EQ-TY,2013-10-11T12:00:00Z,14.7,140.5,25.7222
EQ-2013092002250037051406951759__TC-TY1326,EQ-TY,2013-10-11T18:00:00Z,15.4,139.8,28.29442
EQ-2013092002250037051406951759__TC-TY1326,EQ-TY,2013-10-12T00:00:00Z,16.1,139.2,30.86664
EQ-2013092002250037051406951759__TC-TY1326,EQ-TY,2013-10-12T06:00:00Z,16.7,138.8,30.86664
EQ-2013092002250037051406951759__TC-TY1326,EQ-TY,2013-10-12T12:00:00Z,17.3,138.4,33.43886
EQ-2013092002250037051406951759__TC-TY1326,EQ-TY,2013-10-12T18:00:00Z,17.9,137.9,36.01108
EQ-2013092002250037051406951759__TC-TY1326,EQ-TY,2013-10-13T00:00:00Z,18.4,137.4,38.5833
EQ-2013092002250037051406951759__TC-TY1326,EQ-TY,2013-10-13T06:00:00Z,19.1,137.1,41.15552
EQ-2013092002250037051406951759__TC-TY1326,EQ-TY,2013-10-13T12:00:00Z,19.8,136.4,46.29996
EQ-2013092002250037051406951759__TC-TY1326,EQ-TY,2013-10-13T18:00:00Z,20.5,136.0,46.29996
EQ-2013092002250037051406951759__TC-TY1326,EQ-TY,2013-10-14T00:00:00Z,21.8,135.5,43.72774
EQ-2013092002250037051406951759__TC-TY1326,EQ-TY,2013-10-14T06:00:00Z,23.0,134.9,41.15552
EQ-2013092002250037051406951759__TC-TY1326,EQ-TY,2013-10-14T12:00:00Z,24.2,134.3,41.15552
EQ-2013092002250037051406951759__TC-TY1326,EQ-TY,2013-10-14T18:00:00Z,25.4,133.9,38.5833
EQ-2013092002250037051406951759__TC-TY1326,EQ-TY,2013-10-15T00:00:00Z,26.7,133.9,38.5833
EQ-2013092002250037051406951759__TC-TY1326,EQ-TY,2013-10-15T06:00:00Z,28.5,134.7,38.5833
EQ-2013092002250037051406951759__TC-TY1326,EQ-TY,2013-10-15T09:00:00Z,29.4,135.4,38.5833
EQ-2013092002250037051406951759__TC-TY1326,EQ-TY,2013-10-15T12:00:00Z,30.4,136.5,36.01108
EQ-2013092002250037051406951759__TC-TY1326,EQ-TY,2013-10-15T15:00:00Z,31.6,137.4,36.01108
EQ-2013092002250037051406951759__TC-TY1326,EQ-TY,2013-10-15T18:00:00Z,32.8,138.6,36.01108
EQ-2013092002250037051406951759__TC-TY1326,EQ-TY,2013-10-15T21:00:00Z,34.4,140.3,36.01108
EQ-2013092002250037051406951759__TC-TY1326,EQ-TY,2013-10-16T00:00:00Z,36.2,141.8,36.01108
EQ-2013092002250037051406951759__TC-TY1326,EQ-TY,2013-10-16T03:00:00Z,38.4,143.6,30.86664
EQ-2013092002250037051406951759__TC-TY1326,EQ-TY,2013-10-16T06:00:00Z,41.0,146.0,0.0
EQ-2013092002250037051406951759__TC-TY1326,EQ-TY,2013-10-16T12:00:00Z,43.6,148.6,0.0
EQ-2013092002250037051406951759__TC-TY1326,EQ-TY,2013-10-16T18:00:00Z,47.7,154.5,0.0
EQ-2013092002250037051406951759__TC-TY1326,EQ-TY,2013-10-17T00:00:00Z,50.1,157.6,0.0
EQ-2013092002250037051406951759__TC-TY1326,EQ-TY,2013-10-17T06:00:00Z,51.7,161.9,0.0
EQ-2013092002250037051406951759__TC-TY1326,EQ-TY,2013-10-17T12:00:00Z,52.6,164.4,0.0
EQ-2013092002250037051406951759__TC-TY1326,EQ-TY,2013-10-17T18:00:00Z,53.3,169.2,0.0
EQ-2013092002250037051406951759__TC-TY1326,EQ-TY,2013-10-18T00:00:00Z,53.5,173.2,0.0
EQ-2013092002250037051406951759__TC-TY1326,EQ-TY,2013-10-18T06:00:00Z,54.4,178.6,0.0
EQ-2013092002250037051406951759__TC-TY1326,EQ-TY,2013-10-18T12:00:00Z,54.7,182.5,0.0
EQ-2012082523160042327143114961__TC-TY1217,EQ-TY,2012-09-20T00:00:00Z,13.7,134.8,0.0
EQ-2012082523160042327143114961__TC-TY1217,EQ-TY,2012-09-20T06:00:00Z,13.8,133.4,0.0
EQ-2012082523160042327143114961__TC-TY1217,EQ-TY,2012-09-20T12:00:00Z,13.5,132.0,0.0
EQ-2012082523160042327143114961__TC-TY1217,EQ-TY,2012-09-20T18:00:00Z,13.3,131.5,18.00554
EQ-2012082523160042327143114961__TC-TY1217,EQ-TY,2012-09-21T00:00:00Z,13.1,130.9,23.14998
EQ-2012082523160042327143114961__TC-TY1217,EQ-TY,2012-09-21T06:00:00Z,12.5,130.4,23.14998
EQ-2012082523160042327143114961__TC-TY1217,EQ-TY,2012-09-21T12:00:00Z,12.3,130.3,23.14998
EQ-2012082523160042327143114961__TC-TY1217,EQ-TY,2012-09-21T18:00:00Z,11.9,130.1,23.14998
EQ-2012082523160042327143114961__TC-TY1217,EQ-TY,2012-09-22T00:00:00Z,11.7,130.0,25.7222
EQ-2012082523160042327143114961__TC-TY1217,EQ-TY,2012-09-22T06:00:00Z,11.7,129.8,25.7222
EQ-2012082523160042327143114961__TC-TY1217,EQ-TY,2012-09-22T12:00:00Z,11.7,129.6,28.29442
EQ-2012082523160042327143114961__TC-TY1217,EQ-TY,2012-09-22T18:00:00Z,11.7,129.3,30.86664
EQ-2012082523160042327143114961__TC-TY1217,EQ-TY,2012-09-23T00:00:00Z,11.8,128.9,36.01108
EQ-2012082523160042327143114961__TC-TY1217,EQ-TY,2012-09-23T06:00:00Z,12.1,128.9,43.72774
EQ-2012082523160042327143114961__TC-TY1217,EQ-TY,2012-09-23T12:00:00Z,12.7,128.7,51.4444
EQ-2012082523160042327143114961__TC-TY1217,EQ-TY,2012-09-23T18:00:00Z,13.0,128.6,51.4444
EQ-2012082523160042327143114961__TC-TY1217,EQ-TY,2012-09-24T00:00:00Z,13.6,128.5,51.4444
EQ-2012082523160042327143114961__TC-TY1217,EQ-TY,2012-09-24T06:00:00Z,14.2,128.2,51.4444
EQ-2012082523160042327143114961__TC-TY1217,EQ-TY,2012-09-24T12:00:00Z,14.6,128.1,54.01662
EQ-2012082523160042327143114961__TC-TY1217,EQ-TY,2012-09-24T18:00:00Z,15.2,127.9,56.58884
EQ-2012082523160042327143114961__TC-TY1217,EQ-TY,2012-09-25T00:00:00Z,15.7,127.8,56.58884
EQ-2012082523160042327143114961__TC-TY1217,EQ-TY,2012-09-25T06:00:00Z,16.4,127.5,56.58884
EQ-2012082523160042327143114961__TC-TY1217,EQ-TY,2012-09-25T12:00:00Z,16.8,127.1,56.58884
EQ-2012082523160042327143114961__TC-TY1217,EQ-TY,2012-09-25T18:00:00Z,17.1,126.8,56.58884
EQ-2012082523160042327143114961__TC-TY1217,EQ-TY,2012-09-26T00:00:00Z,17.4,126.5,56.58884
EQ-2012082523160042327143114961__TC-TY1217,EQ-TY,2012-09-26T06:00:00Z,18.0,126.1,56.58884
EQ-2012082523160042327143114961__TC-TY1217,EQ-TY,2012-09-26T12:00:00Z,18.4,125.9,56.58884
EQ-2012082523160042327143114961__TC-TY1217,EQ-TY,2012-09-26T18:00:00Z,19.1,125.4,54.01662
EQ-2012082523160042327143114961__TC-TY1217,EQ-TY,2012-09-27T00:00:00Z,19.6,124.8,51.4444
EQ-2012082523160042327143114961__TC-TY1217,EQ-TY,2012-09-27T06:00:00Z,20.2,124.4,51.4444
EQ-2012082523160042327143114961__TC-TY1217,EQ-TY,2012-09-27T12:00:00Z,20.9,124.1,51.4444
EQ-2012082523160042327143114961__TC-TY1217,EQ-TY,2012-09-27T18:00:00Z,21.6,123.9,51.4444
EQ-2012082523160042327143114961__TC-TY1217,EQ-TY,2012-09-27T21:00:00Z,22.0,124.0,51.4444
EQ-2012082523160042327143114961__TC-TY1217,EQ-TY,2012-09-28T00:00:00Z,22.4,124.1,51.4444
EQ-2012082523160042327143114961__TC-TY1217,EQ-TY,2012-09-28T03:00:00Z,22.9,124.2,51.4444
EQ-2012082523160042327143114961__TC-TY1217,EQ-TY,2012-09-28T06:00:00Z,23.4,124.4,48.87218
EQ-2012082523160042327143114961__TC-TY1217,EQ-TY,2012-09-28T09:00:00Z,23.9,124.8,48.87218
EQ-2012082523160042327143114961__TC-TY1217,EQ-TY,2012-09-28T12:00:00Z,24.2,125.1,46.29996
EQ-2012082523160042327143114961__TC-TY1217,EQ-TY,2012-09-28T15:00:00Z,24.6,125.6,46.29996
EQ-2012082523160042327143114961__TC-TY1217,EQ-TY,2012-09-28T18:00:00Z,25.0,126.0,46.29996
EQ-2012082523160042327143114961__TC-TY1217,EQ-TY,2012-09-28T21:00:00Z,25.5,126.6,46.29996
EQ-2012082523160042327143114961__TC-TY1217,EQ-TY,2012-09-29T00:00:00Z,26.0,127.2,46.29996
EQ-2012082523160042327143114961__TC-TY1217,EQ-TY,2012-09-29T03:00:00Z,26.6,127.7,46.29996
EQ-2012082523160042327143114961__TC-TY1217,EQ-TY,2012-09-29T06:00:00Z,26.9,128.5,46.29996
EQ-2012082523160042327143114961__TC-TY1217,EQ-TY,2012-09-29T09:00:00Z,27.5,129.4,46.29996
EQ-2012082523160042327143114961__TC-TY1217,EQ-TY,2012-09-29T12:00:00Z,27.9,130.3,46.29996
EQ-2012082523160042327143114961__TC-TY1217,EQ-TY,2012-09-29T15:00:00Z,28.6,131.2,43.72774
EQ-2012082523160042327143114961__TC-TY1217,EQ-TY,2012-09-29T18:00:00Z,29.3,132.4,43.72774
EQ-2012082523160042327143114961__TC-TY1217,EQ-TY,2012-09-29T21:00:00Z,30.2,133.5,43.72774
EQ-2012082523160042327143114961__TC-TY1217,EQ-TY,2012-09-30T00:00:00Z,31.5,134.2,41.15552
EQ-2012082523160042327143114961__TC-TY1217,EQ-TY,2012-09-30T03:00:00Z,32.5,134.7,41.15552
EQ-2012082523160042327143114961__TC-TY1217,EQ-TY,2012-09-30T06:00:00Z,33.5,135.7,36.01108
EQ-2012082523160042327143114961__TC-TY1217,EQ-TY,2012-09-30T08:00:00Z,34.1,136.6,36.01108
EQ-2012082523160042327143114961__TC-TY1217,EQ-TY,2012-09-30T09:00:00Z,34.4,137.0,36.01108
EQ-2012082523160042327143114961__TC-TY1217,EQ-TY,2012-09-30T10:00:00Z,34.8,137.4,36.01108
EQ-2012082523160042327143114961__TC-TY1217,EQ-TY,2012-09-30T12:00:00Z,35.7,138.3,33.43886
EQ-2012082523160042327143114961__TC-TY1217,EQ-TY,2012-09-30T15:00:00Z,37.0,139.5,33.43886
EQ-2012082523160042327143114961__TC-TY1217,EQ-TY,2012-09-30T18:00:00Z,39.1,141.0,28.29442
EQ-2012082523160042327143114961__TC-TY1217,EQ-TY,2012-09-30T21:00:00Z,40.6,143.1,28.29442
EQ-2012082523160042327143114961__TC-TY1217,EQ-TY,2012-10-01T00:00:00Z,41.9,144.4,25.7222
EQ-2012082523160042327143114961__TC-TY1217,EQ-TY,2012-10-01T03:00:00Z,42.7,147.1,25.7222
EQ-2012082523160042327143114961__TC-TY1217,EQ-TY,2012-10-01T06:00:00Z,44.0,149.0,23.14998
EQ-2012082523160042327143114961__TC-TY1217,EQ-TY,2012-10-01T12:00:00Z,46.0,155.0,0.0
EQ-2012082523160042327143114961__TC-TY1217,EQ-TY,2012-10-01T18:00:00Z,47.1,160.7,0.0
EQ-2012082523160042327143114961__TC-TY1217,EQ-TY,2012-10-02T00:00:00Z,47.8,165.7,0.0
EQ-2012082523160042327143114961__TC-TY1217,EQ-TY,2012-10-02T06:00:00Z,48.0,170.7,0.0
EQ-2012082523160042327143114961__TC-TY1217,EQ-TY,2012-10-02T12:00:00Z,48.2,175.5,0.0
EQ-2012082523160042327143114961__TC-TY1217,EQ-TY,2012-10-02T18:00:00Z,48.6,179.8,0.0
EQ-2012082523160042327143114961__TC-TY1217,EQ-TY,2012-10-03T00:00:00Z,48.7,182.2,0.0
EQ-20120820204200359171404425752__TC-TY1221,EQ-TY,2012-10-05T00:00:00Z,14.5,144.5,0.0
EQ-20120820204200359171404425752__TC-TY1221,EQ-TY,2012-10-05T06:00:00Z,14.8,143.4,0.0
EQ-20120820204200359171404425752__TC-TY1221,EQ-TY,2012-10-05T12:00:00Z,15.1,142.3,0.0
EQ-20120820204200359171404425752__TC-TY1221,EQ-TY,2012-10-05T18:00:00Z,15.6,141.6,0.0
EQ-20120820204200359171404425752__TC-TY1221,EQ-TY,2012-10-06T00:00:00Z,16.3,140.8,0.0
EQ-20120820204200359171404425752__TC-TY1221,EQ-TY,2012-10-06T06:00:00Z,16.9,140.4,0.0
EQ-20120820204200359171404425752__TC-TY1221,EQ-TY,2012-10-06T12:00:00Z,17.3,139.9,0.0
EQ-20120820204200359171404425752__TC-TY1221,EQ-TY,2012-10-06T18:00:00Z,17.7,139.1,0.0
EQ-20120820204200359171404425752__TC-TY1221,EQ-TY,2012-10-07T00:00:00Z,17.7,138.3,0.0
EQ-20120820204200359171404425752__TC-TY1221,EQ-TY,2012-10-07T06:00:00Z,17.8,137.3,0.0
EQ-20120820204200359171404425752__TC-TY1221,EQ-TY,2012-10-07T12:00:00Z,17.8,136.6,18.00554
EQ-20120820204200359171404425752__TC-TY1221,EQ-TY,2012-10-07T18:00:00Z,17.8,136.0,20.57776
EQ-20120820204200359171404425752__TC-TY1221,EQ-TY,2012-10-08T00:00:00Z,17.9,135.5,25.7222
EQ-20120820204200359171404425752__TC-TY1221,EQ-TY,2012-10-08T06:00:00Z,18.0,135.0,28.29442
EQ-20120820204200359171404425752__TC-TY1221,EQ-TY,2012-10-08T12:00:00Z,18.4,133.9,28.29442
EQ-20120820204200359171404425752__TC-TY1221,EQ-TY,2012-10-08T18:00:00Z,18.1,133.3,33.43886
EQ-20120820204200359171404425752__TC-TY1221,EQ-TY,2012-10-09T00:00:00Z,17.7,132.5,33.43886
EQ-20120820204200359171404425752__TC-TY1221,EQ-TY,2012-10-09T06:00:00Z,17.6,132.1,33.43886
EQ-20120820204200359171404425752__TC-TY1221,EQ-TY,2012-10-09T12:00:00Z,18.0,132.0,33.43886
EQ-20120820204200359171404425752__TC-TY1221,EQ-TY,2012-10-09T18:00:00Z,18.2,131.7,36.01108
EQ-20120820204200359171404425752__TC-TY1221,EQ-TY,2012-10-10T00:00:00Z,18.3,130.9,36.01108
EQ-20120820204200359171404425752__TC-TY1221,EQ-TY,2012-10-10T06:00:00Z,18.6,130.4,41.15552
EQ-20120820204200359171404425752__TC-TY1221,EQ-TY,2012-10-10T12:00:00Z,18.6,130.1,41.15552
EQ-20120820204200359171404425752__TC-TY1221,EQ-TY,2012-10-10T18:00:00Z,18.9,129.5,41.15552
EQ-20120820204200359171404425752__TC-TY1221,EQ-TY,2012-10-11T00:00:00Z,19.1,129.0,41.15552
EQ-20120820204200359171404425752__TC-TY1221,EQ-TY,2012-10-11T06:00:00Z,19.5,128.6,41.15552
EQ-20120820204200359171404425752__TC-TY1221,EQ-TY,2012-10-11T12:00:00Z,19.5,128.4,46.29996
EQ-20120820204200359171404425752__TC-TY1221,EQ-TY,2012-10-11T18:00:00Z,19.5,128.4,46.29996
EQ-20120820204200359171404425752__TC-TY1221,EQ-TY,2012-10-12T00:00:00Z,19.6,128.5,46.29996
EQ-20120820204200359171404425752__TC-TY1221,EQ-TY,2012-10-12T06:00:00Z,19.9,128.9,46.29996
EQ-20120820204200359171404425752__TC-TY1221,EQ-TY,2012-10-12T12:00:00Z,20.1,129.3,46.29996
EQ-20120820204200359171404425752__TC-TY1221,EQ-TY,2012-10-12T18:00:00Z,20.4,129.6,41.15552
EQ-20120820204200359171404425752__TC-TY1221,EQ-TY,2012-10-13T00:00:00Z,20.7,129.8,41.15552
EQ-20120820204200359171404425752__TC-TY1221,EQ-TY,2012-10-13T06:00:00Z,21.1,129.9,38.5833
EQ-20120820204200359171404425752__TC-TY1221,EQ-TY,2012-10-13T12:00:00Z,21.4,129.8,38.5833
EQ-20120820204200359171404425752__TC-TY1221,EQ-TY,2012-10-13T18:00:00Z,21.5,130.4,38.5833
EQ-20120820204200359171404425752__TC-TY1221,EQ-TY,2012-10-14T00:00:00Z,22.0,130.8,38.5833
EQ-20120820204200359171404425752__TC-TY1221,EQ-TY,2012-10-14T06:00:00Z,22.4,130.9,38.5833
EQ-20120820204200359171404425752__TC-TY1221,EQ-TY,2012-10-14T12:00:00Z,22.6,131.4,38.5833
EQ-20120820204200359171404425752__TC-TY1221,EQ-TY,2012-10-14T18:00:00Z,22.8,131.4,36.01108
EQ-20120820204200359171404425752__TC-TY1221,EQ-TY,2012-10-15T00:00:00Z,22.8,131.2,36.01108
EQ-20120820204200359171404425752__TC-TY1221,EQ-TY,2012-10-15T06:00:00Z,22.6,131.2,36.01108
EQ-20120820204200359171404425752__TC-TY1221,EQ-TY,2012-10-15T12:00:00Z,22.4,131.1,36.01108
EQ-20120820204200359171404425752__TC-TY1221,EQ-TY,2012-10-15T18:00:00Z,22.3,130.5,33.43886
EQ-20120820204200359171404425752__TC-TY1221,EQ-TY,2012-10-16T00:00:00Z,21.8,130.1,30.86664
EQ-20120820204200359171404425752__TC-TY1221,EQ-TY,2012-10-16T06:00:00Z,21.4,129.5,30.86664
EQ-20120820204200359171404425752__TC-TY1221,EQ-TY,2012-10-16T12:00:00Z,21.7,128.9,30.86664
EQ-20120820204200359171404425752__TC-TY1221,EQ-TY,2012-10-16T18:00:00Z,22.5,128.6,28.29442
EQ-20120820204200359171404425752__TC-TY1221,EQ-TY,2012-10-17T00:00:00Z,23.2,128.3,28.29442
EQ-20120820204200359171404425752__TC-TY1221,EQ-TY,2012-10-17T06:00:00Z,24.2,128.7,28.29442
EQ-20120820204200359171404425752__TC-TY1221,EQ-TY,2012-10-17T12:00:00Z,24.9,129.5,28.29442
EQ-20120820204200359171404425752__TC-TY1221,EQ-TY,2012-10-17T15:00:00Z,25.5,130.0,28.29442
EQ-20120820204200359171404425752__TC-TY1221,EQ-TY,2012-10-17T18:00:00Z,25.9,130.5,28.29442
EQ-20120820204200359171404425752__TC-TY1221,EQ-TY,2012-10-17T21:00:00Z,26.6,131.1,28.29442
EQ-20120820204200359171404425752__TC-TY1221,EQ-TY,2012-10-18T00:00:00Z,27.3,131.8,25.7222
EQ-20120820204200359171404425752__TC-TY1221,EQ-TY,2012-10-18T03:00:00Z,27.7,132.8,25.7222
EQ-20120820204200359171404425752__TC-TY1221,EQ-TY,2012-10-18T06:00:00Z,28.5,134.0,25.7222
EQ-20120820204200359171404425752__TC-TY1221,EQ-TY,2012-10-18T12:00:00Z,30.2,136.4,25.7222
EQ-20120820204200359171404425752__TC-TY1221,EQ-TY,2012-10-18T18:00:00Z,31.3,139.3,25.7222
EQ-20120820204200359171404425752__TC-TY1221,EQ-TY,2012-10-19T00:00:00Z,32.5,142.5,25.7222
EQ-20120820204200359171404425752__TC-TY1221,EQ-TY,2012-10-19T06:00:00Z,32.7,145.9,25.7222
EQ-20120820204200359171404425752__TC-TY1221,EQ-TY,2012-10-19T12:00:00Z,34.0,149.0,0.0
EQ-20120820204200359171404425752__TC-TY1221,EQ-TY,2012-10-19T18:00:00Z,33.1,151.9,0.0
EQ-20120820204200359171404425752__TC-TY1221,EQ-TY,2012-10-20T00:00:00Z,33.3,155.4,0.0
EQ-20120820204200359171404425752__TC-TY1221,EQ-TY,2012-10-20T06:00:00Z,33.4,157.9,0.0
EQ-20120820204200359171404425752__TC-TY1221,EQ-TY,2012-10-20T12:00:00Z,33.6,160.0,0.0
EQ-20120820204200359171404425752__TC-TY1221,EQ-TY,2012-10-20T18:00:00Z,33.6,162.0,0.0
EQ-20120820204200359171404425752__TC-TY1221,EQ-TY,2012-10-21T00:00:00Z,33.3,163.4,0.0
EQ-20120820204200359171404425752__TC-TY1221,EQ-TY,2012-10-21T06:00:00Z,33.3,164.6,0.0
EQ-20120820204200359171404425752__TC-TY1221,EQ-TY,2012-10-21T12:00:00Z,33.5,165.4,0.0
EQ-20120820204200359171404425752__TC-TY1221,EQ-TY,2012-10-21T18:00:00Z,35.2,167.4,0.0
EQ-20120820204200359171404425752__TC-TY1221,EQ-TY,2012-10-22T00:00:00Z,37.6,169.5,0.0
EQ-20120820204200359171404425752__TC-TY1221,EQ-TY,2012-10-22T06:00:00Z,41.3,172.6,0.0
EQ-20120820204200359171404425752__TC-TY1221,EQ-TY,2012-10-22T12:00:00Z,45.7,173.8,0.0
EQ-20120820204200359171404425752__TC-TY1221,EQ-TY,2012-10-22T18:00:00Z,47.8,175.7,0.0
EQ-20120820204200359171404425752__TC-TY1221,EQ-TY,2012-10-23T00:00:00Z,49.4,176.9,0.0
EQ-20120820204200359171404425752__TC-TY1221,EQ-TY,2012-10-23T06:00:00Z,50.4,177.6,0.0
EQ-20120820204200359171404425752__TC-TY1221,EQ-TY,2012-10-23T12:00:00Z,51.0,178.8,0.0
EQ-20120820204200359171404425752__TC-TY1221,EQ-TY,2012-10-23T18:00:00Z,50.5,180.1,0.0
EQ-201204291928003571514064858__TC-TY1204,EQ-TY,2012-06-10T12:00:00Z,7.2,148.6,0.0
EQ-201204291928003571514064858__TC-TY1204,EQ-TY,2012-06-10T18:00:00Z,8.8,148.2,0.0
EQ-201204291928003571514064858__TC-TY1204,EQ-TY,2012-06-11T00:00:00Z,9.0,147.3,0.0
EQ-201204291928003571514064858__TC-TY1204,EQ-TY,2012-06-11T06:00:00Z,9.1,146.4,0.0
EQ-201204291928003571514064858__TC-TY1204,EQ-TY,2012-06-11T12:00:00Z,9.3,145.5,0.0
EQ-201204291928003571514064858__TC-TY1204,EQ-TY,2012-06-11T18:00:00Z,9.4,144.6,0.0
EQ-201204291928003571514064858__TC-TY1204,EQ-TY,2012-06-12T00:00:00Z,9.6,143.7,0.0
EQ-201204291928003571514064858__TC-TY1204,EQ-TY,2012-06-12T06:00:00Z,9.5,143.0,0.0
EQ-201204291928003571514064858__TC-TY1204,EQ-TY,2012-06-12T12:00:00Z,9.5,142.2,0.0
EQ-201204291928003571514064858__TC-TY1204,EQ-TY,2012-06-12T18:00:00Z,9.4,141.5,0.0
EQ-201204291928003571514064858__TC-TY1204,EQ-TY,2012-06-13T00:00:00Z,9.3,140.7,0.0
EQ-201204291928003571514064858__TC-TY1204,EQ-TY,2012-06-13T06:00:00Z,10.0,139.3,0.0
EQ-201204291928003571514064858__TC-TY1204,EQ-TY,2012-06-13T12:00:00Z,10.7,138.0,18.00554
EQ-201204291928003571514064858__TC-TY1204,EQ-TY,2012-06-13T18:00:00Z,10.8,136.6,23.14998
EQ-201204291928003571514064858__TC-TY1204,EQ-TY,2012-06-14T00:00:00Z,10.9,135.2,25.7222
EQ-201204291928003571514064858__TC-TY1204,EQ-TY,2012-06-14T06:00:00Z,10.7,134.1,25.7222
EQ-201204291928003571514064858__TC-TY1204,EQ-TY,2012-06-14T12:00:00Z,10.7,132.8,25.7222
EQ-201204291928003571514064858__TC-TY1204,EQ-TY,2012-06-14T18:00:00Z,10.4,132.2,28.29442
EQ-201204291928003571514064858__TC-TY1204,EQ-TY,2012-06-15T00:00:00Z,10.3,131.4,30.86664
EQ-201204291928003571514064858__TC-TY1204,EQ-TY,2012-06-15T06:00:00Z,10.4,131.2,30.86664
EQ-201204291928003571514064858__TC-TY1204,EQ-TY,2012-06-15T12:00:00Z,11.2,130.9,30.86664
EQ-201204291928003571514064858__TC-TY1204,EQ-TY,2012-06-15T18:00:00Z,11.9,130.5,30.86664
EQ-201204291928003571514064858__TC-TY1204,EQ-TY,2012-06-16T00:00:00Z,12.9,130.2,36.01108
EQ-201204291928003571514064858__TC-TY1204,EQ-TY,2012-06-16T06:00:00Z,14.0,129.6,43.72774
EQ-201204291928003571514064858__TC-TY1204,EQ-TY,2012-06-16T12:00:00Z,14.9,128.8,51.4444
EQ-201204291928003571514064858__TC-TY1204,EQ-TY,2012-06-16T18:00:00Z,16.2,128.4,51.4444
EQ-201204291928003571514064858__TC-TY1204,EQ-TY,2012-06-17T00:00:00Z,17.2,127.6,51.4444
EQ-201204291928003571514064858__TC-TY1204,EQ-TY,2012-06-17T06:00:00Z,18.3,127.3,51.4444
EQ-201204291928003571514064858__TC-TY1204,EQ-TY,2012-06-17T12:00:00Z,19.6,127.0,46.29996
EQ-201204291928003571514064858__TC-TY1204,EQ-TY,2012-06-17T18:00:00Z,20.8,127.0,43.72774
EQ-201204291928003571514064858__TC-TY1204,EQ-TY,2012-06-18T00:00:00Z,22.2,127.4,43.72774
EQ-201204291928003571514064858__TC-TY1204,EQ-TY,2012-06-18T03:00:00Z,23.0,127.6,43.72774
EQ-201204291928003571514064858__TC-TY1204,EQ-TY,2012-06-18T06:00:00Z,23.8,127.9,41.15552
EQ-201204291928003571514064858__TC-TY1204,EQ-TY,2012-06-18T09:00:00Z,24.6,128.2,41.15552
EQ-201204291928003571514064858__TC-TY1204,EQ-TY,2012-06-18T12:00:00Z,25.3,128.7,41.15552
EQ-201204291928003571514064858__TC-TY1204,EQ-TY,2012-06-18T15:00:00Z,26.2,129.4,41.15552
EQ-201204291928003571514064858__TC-TY1204,EQ-TY,2012-06-18T18:00:00Z,27.3,130.0,38.5833
EQ-201204291928003571514064858__TC-TY1204,EQ-TY,2012-06-18T21:00:00Z,28.6,130.9,38.5833
EQ-201204291928003571514064858__TC-TY1204,EQ-TY,2012-06-19T00:00:00Z,29.9,131.8,36.01108
EQ-201204291928003571514064858__TC-TY1204,EQ-TY,2012-06-19T03:00:00Z,30.8,133.1,36.01108
EQ-201204291928003571514064858__TC-TY1204,EQ-TY,2012-06-19T06:00:00Z,32.4,134.7,36.01108
EQ-201204291928003571514064858__TC-TY1204,EQ-TY,2012-06-19T08:00:00Z,33.4,135.5,36.01108
EQ-201204291928003571514064858__TC-TY1204,EQ-TY,2012-06-19T09:00:00Z,33.8,135.9,36.01108
EQ-201204291928003571514064858__TC-TY1204,EQ-TY,2012-06-19T11:00:00Z,34.7,137.0,33.43886
EQ-201204291928003571514064858__TC-TY1204,EQ-TY,2012-06-19T12:00:00Z,35.1,137.6,30.86664
EQ-201204291928003571514064858__TC-TY1204,EQ-TY,2012-06-19T15:00:00Z,36.2,139.0,28.29442
EQ-201204291928003571514064858__TC-TY1204,EQ-TY,2012-06-19T18:00:00Z,37.3,140.7,25.7222
EQ-201204291928003571514064858__TC-TY1204,EQ-TY,2012-06-19T21:00:00Z,37.9,142.0,25.7222
EQ-201204291928003571514064858__TC-TY1204,EQ-TY,2012-06-20T00:00:00Z,38.0,143.0,0.0
EQ-201204291928003571514064858__TC-TY1204,EQ-TY,2012-06-20T06:00:00Z,39.5,144.2,0.0
EQ-201204291928003571514064858__TC-TY1204,EQ-TY,2012-06-20T12:00:00Z,40.2,145.4,0.0
EQ-201204291928003571514064858__TC-TY1204,EQ-TY,2012-06-20T18:00:00Z,40.9,145.4,0.0
EQ-201204291928003571514064858__TC-TY1204,EQ-TY,2012-06-21T00:00:00Z,41.5,145.7,0.0
EQ-201204291928003571514064858__TC-TY1204,EQ-TY,2012-06-21T06:00:00Z,42.0,146.0,0.0
EQ-201204291928003571514064858__TC-TY1204,EQ-TY,2012-06-21T12:00:00Z,42.2,146.2,0.0
EQ-201204291928003571514064858__TC-TY1204,EQ-TY,2012-06-21T18:00:00Z,42.3,146.4,0.0
EQ-201204291928003571514064858__TC-TY1204,EQ-TY,2012-06-22T00:00:00Z,42.4,146.7,0.0
EQ-201204291928003571514064858__TC-TY1204,EQ-TY,2012-06-22T06:00:00Z,42.7,146.9,0.0
EQ-2011092122300036737140577952__TC-TY1115,Simultaneous,2011-09-09T12:00:00Z,20.4,144.7,0.0
EQ-2011092122300036737140577952__TC-TY1115,Simultaneous,2011-09-09T18:00:00Z,20.3,143.6,0.0
EQ-2011092122300036737140577952__TC-TY1115,Simultaneous,2011-09-10T00:00:00Z,20.2,142.8,0.0
EQ-2011092122300036737140577952__TC-TY1115,Simultaneous,2011-09-10T06:00:00Z,20.1,141.9,0.0
EQ-2011092122300036737140577952__TC-TY1115,Simultaneous,2011-09-10T12:00:00Z,20.4,140.9,0.0
EQ-2011092122300036737140577952__TC-TY1115,Simultaneous,2011-09-10T18:00:00Z,20.4,139.6,0.0
EQ-2011092122300036737140577952__TC-TY1115,Simultaneous,2011-09-11T00:00:00Z,20.3,138.5,0.0
EQ-2011092122300036737140577952__TC-TY1115,Simultaneous,2011-09-11T06:00:00Z,20.3,137.3,0.0
EQ-2011092122300036737140577952__TC-TY1115,Simultaneous,2011-09-11T12:00:00Z,20.5,136.4,0.0
EQ-2011092122300036737140577952__TC-TY1115,Simultaneous,2011-09-11T18:00:00Z,20.9,135.8,0.0
EQ-2011092122300036737140577952__TC-TY1115,Simultaneous,2011-09-12T00:00:00Z,21.5,136.2,0.0
EQ-2011092122300036737140577952__TC-TY1115,Simultaneous,2011-09-12T06:00:00Z,21.8,136.9,0.0
EQ-2011092122300036737140577952__TC-TY1115,Simultaneous,2011-09-12T12:00:00Z,21.9,137.5,0.0
EQ-2011092122300036737140577952__TC-TY1115,Simultaneous,2011-09-12T18:00:00Z,22.2,138.0,0.0
EQ-2011092122300036737140577952__TC-TY1115,Simultaneous,2011-09-13T00:00:00Z,22.6,138.3,0.0
EQ-2011092122300036737140577952__TC-TY1115,Simultaneous,2011-09-13T06:00:00Z,23.0,138.2,18.00554
EQ-2011092122300036737140577952__TC-TY1115,Simultaneous,2011-09-13T12:00:00Z,23.4,138.1,18.00554
EQ-2011092122300036737140577952__TC-TY1115,Simultaneous,2011-09-13T18:00:00Z,23.8,137.8,18.00554
EQ-2011092122300036737140577952__TC-TY1115,Simultaneous,2011-09-14T00:00:00Z,24.3,137.6,18.00554
EQ-2011092122300036737140577952__TC-TY1115,Simultaneous,2011-09-14T06:00:00Z,24.6,136.9,18.00554
EQ-2011092122300036737140577952__TC-TY1115,Simultaneous,2011-09-14T12:00:00Z,25.1,135.3,18.00554
EQ-2011092122300036737140577952__TC-TY1115,Simultaneous,2011-09-14T18:00:00Z,25.3,133.5,18.00554
EQ-2011092122300036737140577952__TC-TY1115,Simultaneous,2011-09-15T00:00:00Z,25.4,132.5,18.00554
EQ-2011092122300036737140577952__TC-TY1115,Simultaneous,2011-09-15T06:00:00Z,25.7,131.5,20.57776
EQ-2011092122300036737140577952__TC-TY1115,Simultaneous,2011-09-15T12:00:00Z,25.8,131.0,20.57776
EQ-2011092122300036737140577952__TC-TY1115,Simultaneous,2011-09-15T18:00:00Z,26.0,130.4,20.57776
EQ-2011092122300036737140577952__TC-TY1115,Simultaneous,2011-09-16T00:00:00Z,26.3,130.1,20.57776
EQ-2011092122300036737140577952__TC-TY1115,Simultaneous,2011-09-16T06:00:00Z,26.4,129.9,23.14998
EQ-2011092122300036737140577952__TC-TY1115,Simultaneous,2011-09-16T12:00:00Z,26.1,129.6,23.14998
EQ-2011092122300036737140577952__TC-TY1115,Simultaneous,2011-09-16T18:00:00Z,25.6,129.7,23.14998
EQ-2011092122300036737140577952__TC-TY1115,Simultaneous,2011-09-17T00:00:00Z,25.2,129.7,23.14998
EQ-2011092122300036737140577952__TC-TY1115,Simultaneous,2011-09-17T06:00:00Z,25.0,129.8,25.7222
EQ-2011092122300036737140577952__TC-TY1115,Simultaneous,2011-09-17T12:00:00Z,24.8,130.3,28.29442
EQ-2011092122300036737140577952__TC-TY1115,Simultaneous,2011-09-17T18:00:00Z,24.8,130.5,30.86664
EQ-2011092122300036737140577952__TC-TY1115,Simultaneous,2011-09-18T00:00:00Z,25.3,131.1,30.86664
EQ-2011092122300036737140577952__TC-TY1115,Simultaneous,2011-09-18T03:00:00Z,25.6,131.0,30.86664
EQ-2011092122300036737140577952__TC-TY1115,Simultaneous,2011-09-18T06:00:00Z,25.9,130.8,30.86664
EQ-2011092122300036737140577952__TC-TY1115,Simultaneous,2011-09-18T09:00:00Z,26.1,130.7,30.86664
EQ-2011092122300036737140577952__TC-TY1115,Simultaneous,2011-09-18T12:00:00Z,26.2,130.5,30.86664
EQ-2011092122300036737140577952__TC-TY1115,Simultaneous,2011-09-18T15:00:00Z,26.3,130.5,30.86664
EQ-2011092122300036737140577952__TC-TY1115,Simultaneous,2011-09-18T18:00:00Z,26.4,130.4,30.86664
EQ-2011092122300036737140577952__TC-TY1115,Simultaneous,2011-09-18T21:00:00Z,26.5,130.5,30.86664
EQ-2011092122300036737140577952__TC-TY1115,Simultaneous,2011-09-19T00:00:00Z,26.7,130.5,30.86664
EQ-2011092122300036737140577952__TC-TY1115,Simultaneous,2011-09-19T03:00:00Z,27.2,130.6,30.86664
EQ-2011092122300036737140577952__TC-TY1115,Simultaneous,2011-09-19T06:00:00Z,27.7,130.4,30.86664
EQ-2011092122300036737140577952__TC-TY1115,Simultaneous,2011-09-19T09:00:00Z,28.0,130.3,30.86664
EQ-2011092122300036737140577952__TC-TY1115,Simultaneous,2011-09-19T12:00:00Z,28.2,130.2,33.43886
EQ-2011092122300036737140577952__TC-TY1115,Simultaneous,2011-09-19T15:00:00Z,28.2,130.4,33.43886
EQ-2011092122300036737140577952__TC-TY1115,Simultaneous,2011-09-19T18:00:00Z,28.2,130.6,36.01108
EQ-2011092122300036737140577952__TC-TY1115,Simultaneous,2011-09-19T21:00:00Z,28.4,131.2,36.01108
EQ-2011092122300036737140577952__TC-TY1115,Simultaneous,2011-09-20T00:00:00Z,28.9,131.6,38.5833
EQ-2011092122300036737140577952__TC-TY1115,Simultaneous,2011-09-20T03:00:00Z,29.2,131.8,38.5833
EQ-2011092122300036737140577952__TC-TY1115,Simultaneous,2011-09-20T06:00:00Z,29.3,132.3,41.15552
EQ-2011092122300036737140577952__TC-TY1115,Simultaneous,2011-09-20T09:00:00Z,29.7,133.0,41.15552
EQ-2011092122300036737140577952__TC-TY1115,Simultaneous,2011-09-20T12:00:00Z,30.3,133.6,43.72774
EQ-2011092122300036737140577952__TC-TY1115,Simultaneous,2011-09-20T15:00:00Z,30.9,134.1,43.72774
EQ-2011092122300036737140577952__TC-TY1115,Simultaneous,2011-09-20T18:00:00Z,31.7,134.7,43.72774
EQ-2011092122300036737140577952__TC-TY1115,Simultaneous,2011-09-20T21:00:00Z,32.4,135.3,43.72774
EQ-2011092122300036737140577952__TC-TY1115,Simultaneous,2011-09-21T00:00:00Z,33.0,135.9,41.15552
EQ-2011092122300036737140577952__TC-TY1115,Simultaneous,2011-09-21T03:00:00Z,33.9,136.9,41.15552
EQ-2011092122300036737140577952__TC-TY1115,Simultaneous,2011-09-21T05:00:00Z,34.7,137.6,41.15552
EQ-2011092122300036737140577952__TC-TY1115,Simultaneous,2011-09-21T06:00:00Z,34.9,137.8,38.5833
EQ-2011092122300036737140577952__TC-TY1115,Simultaneous,2011-09-21T09:00:00Z,35.9,139.2,36.01108
EQ-2011092122300036737140577952__TC-TY1115,Simultaneous,2011-09-21T12:00:00Z,37.1,140.7,33.43886
EQ-2011092122300036737140577952__TC-TY1115,Simultaneous,2011-09-21T15:00:00Z,38.7,142.4,33.43886
EQ-2011092122300036737140577952__TC-TY1115,Simultaneous,2011-09-21T18:00:00Z,40.5,143.6,33.43886
EQ-2011092122300036737140577952__TC-TY1115,Simultaneous,2011-09-21T21:00:00Z,41.8,145.0,33.43886
EQ-2011092122300036737140577952__TC-TY1115,Simultaneous,2011-09-22T00:00:00Z,42.7,146.6,30.86664
EQ-2011092122300036737140577952__TC-TY1115,Simultaneous,2011-09-22T03:00:00Z,43.6,147.8,30.86664
EQ-2011092122300036737140577952__TC-TY1115,Simultaneous,2011-09-22T06:00:00Z,44.5,149.0,0.0
EQ-2011092122300036737140577952__TC-TY1115,Simultaneous,2011-09-22T12:00:00Z,45.8,151.2,0.0
EQ-2011092122300036737140577952__TC-TY1115,Simultaneous,2011-09-22T18:00:00Z,46.8,152.9,0.0
EQ-2011092122300036737140577952__TC-TY1115,Simultaneous,2011-09-23T00:00:00Z,47.8,155.6,0.0
EQ-2011092122300036737140577952__TC-TY1115,Simultaneous,2011-09-23T06:00:00Z,49.0,159.4,0.0
EQ-2011092122300036737140577952__TC-TY1115,Simultaneous,2011-09-23T12:00:00Z,50.7,163.8,0.0
EQ-2011092122300036737140577952__TC-TY1115,Simultaneous,2011-09-23T18:00:00Z,51.4,167.7,0.0
EQ-2011092122300036737140577952__TC-TY1115,Simultaneous,2011-09-24T00:00:00Z,51.9,172.5,0.0
EQ-2011092122300036737140577952__TC-TY1115,Simultaneous,2011-09-24T06:00:00Z,51.9,178.4,0.0
EQ-2011092122300036737140577952__TC-TY1115,Simultaneous,2011-09-24T12:00:00Z,51.2,185.4,0.0
EQ-201107051918003399135233755__TC-TY1112,EQ-TY,2011-08-23T18:00:00Z,15.2,142.7,0.0
EQ-201107051918003399135233755__TC-TY1112,EQ-TY,2011-08-24T00:00:00Z,15.6,141.8,0.0
EQ-201107051918003399135233755__TC-TY1112,EQ-TY,2011-08-24T06:00:00Z,16.1,141.7,0.0
EQ-201107051918003399135233755__TC-TY1112,EQ-TY,2011-08-24T12:00:00Z,16.8,141.2,0.0
EQ-201107051918003399135233755__TC-TY1112,EQ-TY,2011-08-24T18:00:00Z,17.5,140.8,0.0
EQ-201107051918003399135233755__TC-TY1112,EQ-TY,2011-08-25T00:00:00Z,18.4,140.6,18.00554
EQ-201107051918003399135233755__TC-TY1112,EQ-TY,2011-08-25T06:00:00Z,19.1,140.5,18.00554
EQ-201107051918003399135233755__TC-TY1112,EQ-TY,2011-08-25T12:00:00Z,19.7,140.4,20.57776
EQ-201107051918003399135233755__TC-TY1112,EQ-TY,2011-08-25T18:00:00Z,20.3,140.5,20.57776
EQ-201107051918003399135233755__TC-TY1112,EQ-TY,2011-08-26T00:00:00Z,21.0,140.5,23.14998
EQ-201107051918003399135233755__TC-TY1112,EQ-TY,2011-08-26T06:00:00Z,21.5,140.2,23.14998
EQ-201107051918003399135233755__TC-TY1112,EQ-TY,2011-08-26T12:00:00Z,22.1,139.8,23.14998
EQ-201107051918003399135233755__TC-TY1112,EQ-TY,2011-08-26T18:00:00Z,22.3,139.6,23.14998
EQ-201107051918003399135233755__TC-TY1112,EQ-TY,2011-08-27T00:00:00Z,22.4,139.6,23.14998
EQ-201107051918003399135233755__TC-TY1112,EQ-TY,2011-08-27T06:00:00Z,22.5,139.6,23.14998
EQ-201107051918003399135233755__TC-TY1112,EQ-TY,2011-08-27T12:00:00Z,22.6,139.5,25.7222
EQ-201107051918003399135233755__TC-TY1112,EQ-TY,2011-08-27T18:00:00Z,22.6,139.5,25.7222
EQ-201107051918003399135233755__TC-TY1112,EQ-TY,2011-08-28T00:00:00Z,22.8,139.5,25.7222
EQ-201107051918003399135233755__TC-TY1112,EQ-TY,2011-08-28T06:00:00Z,23.0,139.7,25.7222
EQ-201107051918003399135233755__TC-TY1112,EQ-TY,2011-08-28T12:00:00Z,23.3,140.1,25.7222
EQ-201107051918003399135233755__TC-TY1112,EQ-TY,2011-08-28T18:00:00Z,23.5,140.2,25.7222
EQ-201107051918003399135233755__TC-TY1112,EQ-TY,2011-08-29T00:00:00Z,23.7,140.1,25.7222
EQ-201107051918003399135233755__TC-TY1112,EQ-TY,2011-08-29T06:00:00Z,23.8,140.1,25.7222
EQ-201107051918003399135233755__TC-TY1112,EQ-TY,2011-08-29T12:00:00Z,24.1,140.1,25.7222
EQ-201107051918003399135233755__TC-TY1112,EQ-TY,2011-08-29T18:00:00Z,24.7,140.1,25.7222
EQ-201107051918003399135233755__TC-TY1112,EQ-TY,2011-08-30T00:00:00Z,25.2,140.1,25.7222
EQ-201107051918003399135233755__TC-TY1112,EQ-TY,2011-08-30T06:00:00Z,25.8,139.8,25.7222
EQ-201107051918003399135233755__TC-TY1112,EQ-TY,2011-08-30T09:00:00Z,26.0,139.6,25.7222
EQ-201107051918003399135233755__TC-TY1112,EQ-TY,2011-08-30T12:00:00Z,26.1,139.3,25.7222
EQ-201107051918003399135233755__TC-TY1112,EQ-TY,2011-08-30T15:00:00Z,26.3,138.8,25.7222
EQ-201107051918003399135233755__TC-TY1112,EQ-TY,2011-08-30T18:00:00Z,26.5,138.4,25.7222
EQ-201107051918003399135233755__TC-TY1112,EQ-TY,2011-08-30T21:00:00Z,26.4,138.0,25.7222
EQ-201107051918003399135233755__TC-TY1112,EQ-TY,2011-08-31T00:00:00Z,26.5,137.9,25.7222
EQ-201107051918003399135233755__TC-TY1112,EQ-TY,2011-08-31T03:00:00Z,26.7,137.6,25.7222
EQ-201107051918003399135233755__TC-TY1112,EQ-TY,2011-08-31T06:00:00Z,26.8,137.4,25.7222
EQ-201107051918003399135233755__TC-TY1112,EQ-TY,2011-08-31T09:00:00Z,26.9,137.3,25.7222
EQ-201107051918003399135233755__TC-TY1112,EQ-TY,2011-08-31T12:00:00Z,27.1,137.1,25.7222
EQ-201107051918003399135233755__TC-TY1112,EQ-TY,2011-08-31T15:00:00Z,27.3,136.9,25.7222
EQ-201107051918003399135233755__TC-TY1112,EQ-TY,2011-08-31T18:00:00Z,27.4,136.6,25.7222
EQ-201107051918003399135233755__TC-TY1112,EQ-TY,2011-08-31T21:00:00Z,27.5,136.5,25.7222
EQ-201107051918003399135233755__TC-TY1112,EQ-TY,2011-09-01T00:00:00Z,27.8,136.3,25.7222
EQ-201107051918003399135233755__TC-TY1112,EQ-TY,2011-09-01T03:00:00Z,28.1,136.2,25.7222
EQ-201107051918003399135233755__TC-TY1112,EQ-TY,2011-09-01T06:00:00Z,28.3,136.0,25.7222
EQ-201107051918003399135233755__TC-TY1112,EQ-TY,2011-09-01T09:00:00Z,28.5,135.8,25.7222
EQ-201107051918003399135233755__TC-TY1112,EQ-TY,2011-09-01T12:00:00Z,28.8,135.6,25.7222
EQ-201107051918003399135233755__TC-TY1112,EQ-TY,2011-09-01T15:00:00Z,29.0,135.4,25.7222
EQ-201107051918003399135233755__TC-TY1112,EQ-TY,2011-09-01T18:00:00Z,29.4,135.2,25.7222
EQ-201107051918003399135233755__TC-TY1112,EQ-TY,2011-09-01T21:00:00Z,29.9,135.1,25.7222
EQ-201107051918003399135233755__TC-TY1112,EQ-TY,2011-09-02T00:00:00Z,30.3,134.9,25.7222
EQ-201107051918003399135233755__TC-TY1112,EQ-TY,2011-09-02T03:00:00Z,30.8,134.6,25.7222
EQ-201107051918003399135233755__TC-TY1112,EQ-TY,2011-09-02T06:00:00Z,31.3,134.5,25.7222
EQ-201107051918003399135233755__TC-TY1112,EQ-TY,2011-09-02T09:00:00Z,31.7,134.5,25.7222
EQ-201107051918003399135233755__TC-TY1112,EQ-TY,2011-09-02T12:00:00Z,32.2,134.3,25.7222
EQ-201107051918003399135233755__TC-TY1112,EQ-TY,2011-09-02T15:00:00Z,32.6,134.0,25.7222
EQ-201107051918003399135233755__TC-TY1112,EQ-TY,2011-09-02T18:00:00Z,33.0,133.8,25.7222
EQ-201107051918003399135233755__TC-TY1112,EQ-TY,2011-09-02T21:00:00Z,33.2,133.8,25.7222
EQ-201107051918003399135233755__TC-TY1112,EQ-TY,2011-09-03T00:00:00Z,33.4,133.9,25.7222
EQ-201107051918003399135233755__TC-TY1112,EQ-TY,2011-09-03T01:00:00Z,33.6,133.9,25.7222
EQ-201107051918003399135233755__TC-TY1112,EQ-TY,2011-09-03T03:00:00Z,33.8,133.9,25.7222
EQ-201107051918003399135233755__TC-TY1112,EQ-TY,2011-09-03T06:00:00Z,34.0,133.9,25.7222
EQ-201107051918003399135233755__TC-TY1112,EQ-TY,2011-09-03T09:00:00Z,34.4,133.9,23.14998
EQ-201107051918003399135233755__TC-TY1112,EQ-TY,2011-09-03T12:00:00Z,34.7,134.0,23.14998
EQ-201107051918003399135233755__TC-TY1112,EQ-TY,2011-09-03T15:00:00Z,35.0,133.9,23.14998
EQ-201107051918003399135233755__TC-TY1112,EQ-TY,2011-09-03T18:00:00Z,35.4,133.7,23.14998
EQ-201107051918003399135233755__TC-TY1112,EQ-TY,2011-09-03T21:00:00Z,35.6,133.7,20.57776
EQ-201107051918003399135233755__TC-TY1112,EQ-TY,2011-09-04T00:00:00Z,35.8,133.7,20.57776
EQ-201107051918003399135233755__TC-TY1112,EQ-TY,2011-09-04T03:00:00Z,36.0,133.8,20.57776
EQ-201107051918003399135233755__TC-TY1112,EQ-TY,2011-09-04T06:00:00Z,36.1,133.9,20.57776
EQ-201107051918003399135233755__TC-TY1112,EQ-TY,2011-09-04T09:00:00Z,36.4,134.0,20.57776
EQ-201107051918003399135233755__TC-TY1112,EQ-TY,2011-09-04T12:00:00Z,36.7,134.1,20.57776
EQ-201107051918003399135233755__TC-TY1112,EQ-TY,2011-09-04T15:00:00Z,37.0,134.3,20.57776
EQ-201107051918003399135233755__TC-TY1112,EQ-TY,2011-09-04T18:00:00Z,37.3,134.5,20.57776
EQ-201107051918003399135233755__TC-TY1112,EQ-TY,2011-09-04T21:00:00Z,37.8,135.0,20.57776
EQ-201107051918003399135233755__TC-TY1112,EQ-TY,2011-09-05T00:00:00Z,39.4,136.3,20.57776
EQ-201107051918003399135233755__TC-TY1112,EQ-TY,2011-09-05T06:00:00Z,41.5,136.2,0.0
EQ-201107051918003399135233755__TC-TY1112,EQ-TY,2011-09-05T12:00:00Z,42.5,136.4,0.0
EQ-201107051918003399135233755__TC-TY1112,EQ-TY,2011-09-05T18:00:00Z,43.7,136.0,0.0
EQ-201107051918003399135233755__TC-TY1112,EQ-TY,2011-09-06T00:00:00Z,44.7,135.8,0.0
EQ-201107051918003399135233755__TC-TY1112,EQ-TY,2011-09-06T06:00:00Z,45.0,135.6,0.0
EQ-201107051918003399135233755__TC-TY1112,EQ-TY,2011-09-06T12:00:00Z,45.0,135.2,0.0
EQ-201107051918003399135233755__TC-TY1112,EQ-TY,2011-09-06T18:00:00Z,44.7,136.5,0.0
EQ-201107051918003399135233755__TC-TY1112,EQ-TY,2011-09-07T00:00:00Z,45.2,137.4,0.0
EQ-201107051918003399135233755__TC-TY1112,EQ-TY,2011-09-07T06:00:00Z,45.8,138.0,0.0
EQ-2011041611190036341399457959__TC-TY1106,EQ-TY,2011-07-11T12:00:00Z,18.5,157.3,0.0
EQ-2011041611190036341399457959__TC-TY1106,EQ-TY,2011-07-11T18:00:00Z,18.7,156.6,0.0
EQ-2011041611190036341399457959__TC-TY1106,EQ-TY,2011-07-12T00:00:00Z,18.9,155.9,18.00554
EQ-2011041611190036341399457959__TC-TY1106,EQ-TY,2011-07-12T06:00:00Z,19.2,155.2,18.00554
EQ-2011041611190036341399457959__TC-TY1106,EQ-TY,2011-07-12T12:00:00Z,19.3,154.2,20.57776
EQ-2011041611190036341399457959__TC-TY1106,EQ-TY,2011-07-12T18:00:00Z,19.4,153.5,23.14998
EQ-2011041611190036341399457959__TC-TY1106,EQ-TY,2011-07-13T00:00:00Z,19.6,152.7,25.7222
EQ-2011041611190036341399457959__TC-TY1106,EQ-TY,2011-07-13T06:00:00Z,19.7,151.4,25.7222
EQ-2011041611190036341399457959__TC-TY1106,EQ-TY,2011-07-13T12:00:00Z,19.8,150.0,28.29442
EQ-2011041611190036341399457959__TC-TY1106,EQ-TY,2011-07-13T18:00:00Z,19.9,148.5,30.86664
EQ-2011041611190036341399457959__TC-TY1106,EQ-TY,2011-07-14T00:00:00Z,20.0,147.5,33.43886
EQ-2011041611190036341399457959__TC-TY1106,EQ-TY,2011-07-14T06:00:00Z,20.1,146.1,33.43886
EQ-2011041611190036341399457959__TC-TY1106,EQ-TY,2011-07-14T12:00:00Z,20.2,144.9,38.5833
EQ-2011041611190036341399457959__TC-TY1106,EQ-TY,2011-07-14T18:00:00Z,20.3,143.7,38.5833
EQ-2011041611190036341399457959__TC-TY1106,EQ-TY,2011-07-15T00:00:00Z,20.4,142.5,41.15552
EQ-2011041611190036341399457959__TC-TY1106,EQ-TY,2011-07-15T06:00:00Z,20.6,141.4,41.15552
EQ-2011041611190036341399457959__TC-TY1106,EQ-TY,2011-07-15T12:00:00Z,20.6,140.5,43.72774
EQ-2011041611190036341399457959__TC-TY1106,EQ-TY,2011-07-15T18:00:00Z,20.7,139.6,43.72774
EQ-2011041611190036341399457959__TC-TY1106,EQ-TY,2011-07-16T00:00:00Z,21.1,138.8,43.72774
EQ-2011041611190036341399457959__TC-TY1106,EQ-TY,2011-07-16T06:00:00Z,21.2,137.9,48.87218
EQ-2011041611190036341399457959__TC-TY1106,EQ-TY,2011-07-16T12:00:00Z,21.9,137.1,48.87218
EQ-2011041611190036341399457959__TC-TY1106,EQ-TY,2011-07-16T18:00:00Z,22.7,136.3,48.87218
EQ-2011041611190036341399457959__TC-TY1106,EQ-TY,2011-07-17T00:00:00Z,23.4,135.6,48.87218
EQ-2011041611190036341399457959__TC-TY1106,EQ-TY,2011-07-17T03:00:00Z,24.3,135.2,48.87218
EQ-2011041611190036341399457959__TC-TY1106,EQ-TY,2011-07-17T06:00:00Z,24.6,134.5,43.72774
EQ-2011041611190036341399457959__TC-TY1106,EQ-TY,2011-07-17T09:00:00Z,24.8,134.2,43.72774
EQ-2011041611190036341399457959__TC-TY1106,EQ-TY,2011-07-17T12:00:00Z,25.2,133.9,43.72774
EQ-2011041611190036341399457959__TC-TY1106,EQ-TY,2011-07-17T15:00:00Z,25.5,133.6,43.72774
EQ-2011041611190036341399457959__TC-TY1106,EQ-TY,2011-07-17T18:00:00Z,25.9,133.5,41.15552
EQ-2011041611190036341399457959__TC-TY1106,EQ-TY,2011-07-17T21:00:00Z,26.4,133.4,41.15552
EQ-2011041611190036341399457959__TC-TY1106,EQ-TY,2011-07-18T00:00:00Z,27.0,133.4,41.15552
EQ-2011041611190036341399457959__TC-TY1106,EQ-TY,2011-07-18T03:00:00Z,27.7,133.3,41.15552
EQ-2011041611190036341399457959__TC-TY1106,EQ-TY,2011-07-18T06:00:00Z,28.4,133.2,38.5833
EQ-2011041611190036341399457959__TC-TY1106,EQ-TY,2011-07-18T09:00:00Z,29.1,133.1,38.5833
EQ-2011041611190036341399457959__TC-TY1106,EQ-TY,2011-07-18T12:00:00Z,29.7,132.9,38.5833
EQ-2011041611190036341399457959__TC-TY1106,EQ-TY,2011-07-18T15:00:00Z,30.2,132.8,38.5833
EQ-2011041611190036341399457959__TC-TY1106,EQ-TY,2011-07-18T18:00:00Z,30.8,132.8,38.5833
EQ-2011041611190036341399457959__TC-TY1106,EQ-TY,2011-07-18T21:00:00Z,31.3,132.8,38.5833
EQ-2011041611190036341399457959__TC-TY1106,EQ-TY,2011-07-19T00:00:00Z,31.8,132.8,38.5833
EQ-2011041611190036341399457959__TC-TY1106,EQ-TY,2011-07-19T03:00:00Z,32.2,132.9,38.5833
EQ-2011041611190036341399457959__TC-TY1106,EQ-TY,2011-07-19T06:00:00Z,32.7,133.1,38.5833
EQ-2011041611190036341399457959__TC-TY1106,EQ-TY,2011-07-19T09:00:00Z,32.9,133.6,38.5833
EQ-2011041611190036341399457959__TC-TY1106,EQ-TY,2011-07-19T12:00:00Z,33.3,134.3,38.5833
EQ-2011041611190036341399457959__TC-TY1106,EQ-TY,2011-07-19T14:00:00Z,33.6,134.3,38.5833
EQ-2011041611190036341399457959__TC-TY1106,EQ-TY,2011-07-19T15:00:00Z,33.6,134.3,36.01108
EQ-2011041611190036341399457959__TC-TY1106,EQ-TY,2011-07-19T18:00:00Z,33.6,134.5,33.43886
EQ-2011041611190036341399457959__TC-TY1106,EQ-TY,2011-07-19T21:00:00Z,33.5,135.0,30.86664
EQ-2011041611190036341399457959__TC-TY1106,EQ-TY,2011-07-20T00:00:00Z,33.5,135.6,28.29442
EQ-2011041611190036341399457959__TC-TY1106,EQ-TY,2011-07-20T03:00:00Z,33.5,136.2,28.29442
EQ-2011041611190036341399457959__TC-TY1106,EQ-TY,2011-07-20T06:00:00Z,33.4,136.8,28.29442
EQ-2011041611190036341399457959__TC-TY1106,EQ-TY,2011-07-20T09:00:00Z,33.0,137.5,28.29442
EQ-2011041611190036341399457959__TC-TY1106,EQ-TY,2011-07-20T12:00:00Z,32.5,137.9,25.7222
EQ-2011041611190036341399457959__TC-TY1106,EQ-TY,2011-07-20T15:00:00Z,32.0,138.1,25.7222
EQ-2011041611190036341399457959__TC-TY1106,EQ-TY,2011-07-20T18:00:00Z,31.7,138.5,25.7222
EQ-2011041611190036341399457959__TC-TY1106,EQ-TY,2011-07-20T21:00:00Z,31.1,138.7,25.7222
EQ-2011041611190036341399457959__TC-TY1106,EQ-TY,2011-07-21T00:00:00Z,31.0,139.2,23.14998
EQ-2011041611190036341399457959__TC-TY1106,EQ-TY,2011-07-21T03:00:00Z,30.8,140.1,23.14998
EQ-2011041611190036341399457959__TC-TY1106,EQ-TY,2011-07-21T06:00:00Z,30.7,140.9,23.14998
EQ-2011041611190036341399457959__TC-TY1106,EQ-TY,2011-07-21T12:00:00Z,30.5,141.7,23.14998
EQ-2011041611190036341399457959__TC-TY1106,EQ-TY,2011-07-21T18:00:00Z,29.8,142.2,23.14998
EQ-2011041611190036341399457959__TC-TY1106,EQ-TY,2011-07-22T00:00:00Z,29.1,143.0,23.14998
EQ-2011041611190036341399457959__TC-TY1106,EQ-TY,2011-07-22T06:00:00Z,29.4,143.9,23.14998
EQ-2011041611190036341399457959__TC-TY1106,EQ-TY,2011-07-22T12:00:00Z,30.6,144.3,23.14998
EQ-2011041611190036341399457959__TC-TY1106,EQ-TY,2011-07-22T18:00:00Z,31.5,144.6,23.14998
EQ-2011041611190036341399457959__TC-TY1106,EQ-TY,2011-07-23T00:00:00Z,32.4,145.0,23.14998
EQ-2011041611190036341399457959__TC-TY1106,EQ-TY,2011-07-23T06:00:00Z,33.4,145.5,23.14998
EQ-2011041611190036341399457959__TC-TY1106,EQ-TY,2011-07-23T12:00:00Z,34.5,146.2,23.14998
EQ-2011041611190036341399457959__TC-TY1106,EQ-TY,2011-07-23T18:00:00Z,36.3,146.9,23.14998
EQ-2011041611190036341399457959__TC-TY1106,EQ-TY,2011-07-24T00:00:00Z,37.8,147.9,23.14998
EQ-2011041611190036341399457959__TC-TY1106,EQ-TY,2011-07-24T06:00:00Z,39.5,149.2,23.14998
EQ-2011041611190036341399457959__TC-TY1106,EQ-TY,2011-07-24T12:00:00Z,41.6,150.3,0.0
EQ-2011041611190036341399457959__TC-TY1106,EQ-TY,2011-07-24T18:00:00Z,43.1,151.1,0.0
EQ-2011041611190036341399457959__TC-TY1106,EQ-TY,2011-07-25T00:00:00Z,44.5,152.5,0.0
EQ-2011041611190036341399457959__TC-TY1106,EQ-TY,2011-07-25T06:00:00Z,45.7,153.1,0.0
EQ-2011041611190036341399457959__TC-TY1106,EQ-TY,2011-07-25T12:00:00Z,46.1,154.2,0.0
EQ-2011041611190036341399457959__TC-TY1106,EQ-TY,2011-07-25T18:00:00Z,46.1,155.0,0.0
EQ-2011041611190036341399457959__TC-TY1106,EQ-TY,2011-07-26T00:00:00Z,45.8,156.5,0.0
EQ-2011041611190036341399457959__TC-TY1106,EQ-TY,2011-07-26T06:00:00Z,45.5,157.9,0.0
EQ-2011041611190036341399457959__TC-TY1106,EQ-TY,2011-07-26T12:00:00Z,45.3,159.0,0.0
EQ-2011041611190036341399457959__TC-TY1106,EQ-TY,2011-07-26T18:00:00Z,45.0,159.3,0.0
EQ-2011041611190036341399457959__TC-TY1106,EQ-TY,2011-07-27T00:00:00Z,43.8,160.8,0.0
EQ-2011041611190036341399457959__TC-TY1106,EQ-TY,2011-07-27T06:00:00Z,43.3,161.1,0.0
EQ-2011041611190036341399457959__TC-TY1106,EQ-TY,2011-07-27T12:00:00Z,42.6,161.0,0.0
EQ-2011041611190036341399457959__TC-TY1106,EQ-TY,2011-07-27T18:00:00Z,41.9,161.1,0.0
EQ-2011041611190036341399457959__TC-TY1106,EQ-TY,2011-07-28T00:00:00Z,41.5,161.1,0.0
EQ-2011041611190036341399457959__TC-TY1106,EQ-TY,2011-07-28T06:00:00Z,41.2,161.0,0.0
EQ-2011041611190036341399457959__TC-TY1106,EQ-TY,2011-07-28T12:00:00Z,40.7,160.7,0.0
EQ-2011041611190036341399457959__TC-TY1106,EQ-TY,2011-07-28T18:00:00Z,40.8,161.7,0.0
EQ-2011041611190036341399457959__TC-TY1106,EQ-TY,2011-07-29T00:00:00Z,42.2,162.2,0.0
EQ-2011041611190036341399457959__TC-TY1106,EQ-TY,2011-07-29T06:00:00Z,43.6,163.0,0.0
EQ-2011041611190036341399457959__TC-TY1106,EQ-TY,2011-07-29T12:00:00Z,44.8,163.4,0.0
EQ-2011041611190036341399457959__TC-TY1106,EQ-TY,2011-07-29T18:00:00Z,45.8,163.4,0.0
EQ-2011041611190036341399457959__TC-TY1106,EQ-TY,2011-07-30T00:00:00Z,47.1,163.6,0.0
EQ-2011041611190036341399457959__TC-TY1106,EQ-TY,2011-07-30T06:00:00Z,48.1,163.8,0.0
EQ-2011041611190036341399457959__TC-TY1106,EQ-TY,2011-07-30T12:00:00Z,49.3,163.8,0.0
EQ-2011041611190036341399457959__TC-TY1106,EQ-TY,2011-07-30T18:00:00Z,50.7,164.1,0.0
EQ-2011041611190036341399457959__TC-TY1106,EQ-TY,2011-07-31T00:00:00Z,51.7,164.7,0.0
EQ-20100721061900342051356935851__TC-TY1009,EQ-TY,2010-09-01T12:00:00Z,15.6,141.4,0.0
EQ-20100721061900342051356935851__TC-TY1009,EQ-TY,2010-09-01T18:00:00Z,16.9,140.2,0.0
EQ-20100721061900342051356935851__TC-TY1009,EQ-TY,2010-09-02T00:00:00Z,18.0,139.1,0.0
EQ-20100721061900342051356935851__TC-TY1009,EQ-TY,2010-09-02T06:00:00Z,19.5,137.8,0.0
EQ-20100721061900342051356935851__TC-TY1009,EQ-TY,2010-09-02T12:00:00Z,21.1,136.4,0.0
EQ-20100721061900342051356935851__TC-TY1009,EQ-TY,2010-09-02T18:00:00Z,21.9,134.6,0.0
EQ-20100721061900342051356935851__TC-TY1009,EQ-TY,2010-09-03T00:00:00Z,22.5,132.8,0.0
EQ-20100721061900342051356935851__TC-TY1009,EQ-TY,2010-09-03T06:00:00Z,23.2,130.9,0.0
EQ-20100721061900342051356935851__TC-TY1009,EQ-TY,2010-09-03T12:00:00Z,23.8,129.9,0.0
EQ-20100721061900342051356935851__TC-TY1009,EQ-TY,2010-09-03T18:00:00Z,24.4,129.0,0.0
EQ-20100721061900342051356935851__TC-TY1009,EQ-TY,2010-09-04T00:00:00Z,24.7,128.3,18.00554
EQ-20100721061900342051356935851__TC-TY1009,EQ-TY,2010-09-04T03:00:00Z,25.0,128.0,18.00554
EQ-20100721061900342051356935851__TC-TY1009,EQ-TY,2010-09-04T06:00:00Z,25.4,127.8,18.00554
EQ-20100721061900342051356935851__TC-TY1009,EQ-TY,2010-09-04T09:00:00Z,26.0,127.4,18.00554
EQ-20100721061900342051356935851__TC-TY1009,EQ-TY,2010-09-04T12:00:00Z,27.0,127.0,20.57776
EQ-20100721061900342051356935851__TC-TY1009,EQ-TY,2010-09-04T15:00:00Z,27.4,126.8,20.57776
EQ-20100721061900342051356935851__TC-TY1009,EQ-TY,2010-09-04T18:00:00Z,27.8,126.5,20.57776
EQ-20100721061900342051356935851__TC-TY1009,EQ-TY,2010-09-05T00:00:00Z,28.7,126.2,23.14998
EQ-20100721061900342051356935851__TC-TY1009,EQ-TY,2010-09-05T06:00:00Z,29.7,126.2,23.14998
EQ-20100721061900342051356935851__TC-TY1009,EQ-TY,2010-09-05T12:00:00Z,30.6,126.4,23.14998
EQ-20100721061900342051356935851__TC-TY1009,EQ-TY,2010-09-05T18:00:00Z,31.4,126.5,25.7222
EQ-20100721061900342051356935851__TC-TY1009,EQ-TY,2010-09-06T00:00:00Z,31.9,126.6,25.7222
EQ-20100721061900342051356935851__TC-TY1009,EQ-TY,2010-09-06T06:00:00Z,32.3,126.9,25.7222
EQ-20100721061900342051356935851__TC-TY1009,EQ-TY,2010-09-06T12:00:00Z,33.0,127.6,25.7222
EQ-20100721061900342051356935851__TC-TY1009,EQ-TY,2010-09-06T15:00:00Z,33.2,128.0,25.7222
EQ-20100721061900342051356935851__TC-TY1009,EQ-TY,2010-09-06T18:00:00Z,33.5,128.3,25.7222
EQ-20100721061900342051356935851__TC-TY1009,EQ-TY,2010-09-06T21:00:00Z,33.8,128.6,25.7222
EQ-20100721061900342051356935851__TC-TY1009,EQ-TY,2010-09-07T00:00:00Z,34.1,128.8,23.14998
EQ-20100721061900342051356935851__TC-TY1009,EQ-TY,2010-09-07T02:00:00Z,34.4,129.2,23.14998
EQ-20100721061900342051356935851__TC-TY1009,EQ-TY,2010-09-07T03:00:00Z,34.6,129.6,23.14998
EQ-20100721061900342051356935851__TC-TY1009,EQ-TY,2010-09-07T06:00:00Z,34.9,130.5,23.14998
EQ-20100721061900342051356935851__TC-TY1009,EQ-TY,2010-09-07T09:00:00Z,35.3,131.4,23.14998
EQ-20100721061900342051356935851__TC-TY1009,EQ-TY,2010-09-07T12:00:00Z,35.6,132.0,23.14998
EQ-20100721061900342051356935851__TC-TY1009,EQ-TY,2010-09-07T15:00:00Z,35.8,133.2,23.14998
EQ-20100721061900342051356935851__TC-TY1009,EQ-TY,2010-09-07T18:00:00Z,35.8,134.0,20.57776
EQ-20100721061900342051356935851__TC-TY1009,EQ-TY,2010-09-07T21:00:00Z,35.9,134.7,20.57776
EQ-20100721061900342051356935851__TC-TY1009,EQ-TY,2010-09-08T00:00:00Z,35.8,135.6,18.00554
EQ-20100721061900342051356935851__TC-TY1009,EQ-TY,2010-09-08T02:00:00Z,35.6,136.0,18.00554
EQ-20100721061900342051356935851__TC-TY1009,EQ-TY,2010-09-08T03:00:00Z,35.5,136.6,0.0
EQ-20100721061900342051356935851__TC-TY1009,EQ-TY,2010-09-08T06:00:00Z,35.4,138.7,0.0
EQ-20100721061900342051356935851__TC-TY1009,EQ-TY,2010-09-08T12:00:00Z,35.3,140.6,0.0
EQ-20100721061900342051356935851__TC-TY1009,EQ-TY,2010-09-08T18:00:00Z,35.1,141.7,0.0
EQ-20100721061900342051356935851__TC-TY1009,EQ-TY,2010-09-09T00:00:00Z,34.7,142.9,0.0
EQ-20100721061900342051356935851__TC-TY1009,EQ-TY,2010-09-09T06:00:00Z,34.5,143.5,0.0
EQ-20100721061900342051356935851__TC-TY1009,EQ-TY,2010-09-09T12:00:00Z,34.3,144.5,0.0
EQ-20100721061900342051356935851__TC-TY1009,EQ-TY,2010-09-09T18:00:00Z,34.1,145.8,0.0
EQ-20100721061900342051356935851__TC-TY1009,EQ-TY,2010-09-10T00:00:00Z,33.9,147.1,0.0
EQ-20100721061900342051356935851__TC-TY1009,EQ-TY,2010-09-10T06:00:00Z,33.7,148.2,0.0
EQ-200912180845003496139128551__TC-TY0911,TY-EQ,2009-08-28T00:00:00Z,21.4,149.1,0.0
EQ-200912180845003496139128551__TC-TY0911,TY-EQ,2009-08-28T06:00:00Z,22.6,149.1,0.0
EQ-200912180845003496139128551__TC-TY0911,TY-EQ,2009-08-28T12:00:00Z,23.8,149.0,18.00554
EQ-200912180845003496139128551__TC-TY0911,TY-EQ,2009-08-28T18:00:00Z,25.0,148.7,18.00554
EQ-200912180845003496139128551__TC-TY0911,TY-EQ,2009-08-29T00:00:00Z,26.3,147.8,20.57776
EQ-200912180845003496139128551__TC-TY0911,TY-EQ,2009-08-29T06:00:00Z,27.4,146.9,20.57776
EQ-200912180845003496139128551__TC-TY0911,TY-EQ,2009-08-29T12:00:00Z,28.6,146.0,23.14998
EQ-200912180845003496139128551__TC-TY0911,TY-EQ,2009-08-29T18:00:00Z,29.9,144.5,25.7222
EQ-200912180845003496139128551__TC-TY0911,TY-EQ,2009-08-30T00:00:00Z,30.6,142.5,25.7222
EQ-200912180845003496139128551__TC-TY0911,TY-EQ,2009-08-30T06:00:00Z,31.1,141.0,28.29442
EQ-200912180845003496139128551__TC-TY0911,TY-EQ,2009-08-30T09:00:00Z,31.4,140.8,28.29442
EQ-200912180845003496139128551__TC-TY0911,TY-EQ,2009-08-30T12:00:00Z,31.8,140.6,28.29442
EQ-200912180845003496139128551__TC-TY0911,TY-EQ,2009-08-30T15:00:00Z,32.1,140.3,28.29442
EQ-200912180845003496139128551__TC-TY0911,TY-EQ,2009-08-30T18:00:00Z,32.7,140.0,30.86664
EQ-200912180845003496139128551__TC-TY0911,TY-EQ,2009-08-30T21:00:00Z,33.1,139.9,30.86664
EQ-200912180845003496139128551__TC-TY0911,TY-EQ,2009-08-31T00:00:00Z,33.5,139.9,30.86664
EQ-200912180845003496139128551__TC-TY0911,TY-EQ,2009-08-31T03:00:00Z,34.0,139.9,28.29442
EQ-200912180845003496139128551__TC-TY0911,TY-EQ,2009-08-31T06:00:00Z,34.6,140.5,28.29442
EQ-200912180845003496139128551__TC-TY0911,TY-EQ,2009-08-31T09:00:00Z,35.4,141.0,28.29442
EQ-200912180845003496139128551__TC-TY0911,TY-EQ,2009-08-31T12:00:00Z,36.4,141.5,25.7222
EQ-200912180845003496139128551__TC-TY0911,TY-EQ,2009-08-31T15:00:00Z,37.2,142.1,25.7222
EQ-200912180845003496139128551__TC-TY0911,TY-EQ,2009-08-31T18:00:00Z,38.3,142.9,25.7222
EQ-200912180845003496139128551__TC-TY0911,TY-EQ,2009-08-31T21:00:00Z,39.4,143.8,23.14998
EQ-200912180845003496139128551__TC-TY0911,TY-EQ,2009-09-01T00:00:00Z,40.3,144.6,23.14998
EQ-200912180845003496139128551__TC-TY0911,TY-EQ,2009-09-01T06:00:00Z,42.2,146.3,23.14998
EQ-200912180845003496139128551__TC-TY0911,TY-EQ,2009-09-01T12:00:00Z,42.9,148.2,0.0
EQ-200912180845003496139128551__TC-TY0911,TY-EQ,2009-09-01T18:00:00Z,43.3,150.3,0.0
EQ-200912180845003496139128551__TC-TY0911,TY-EQ,2009-09-02T00:00:00Z,43.5,152.8,0.0
EQ-200912180845003496139128551__TC-TY0911,TY-EQ,2009-09-02T06:00:00Z,43.4,155.6,0.0
EQ-20091218054100363331397187851__TC-TY0918,TY-EQ,2009-09-29T06:00:00Z,9.6,160.4,0.0
EQ-20091218054100363331397187851__TC-TY0918,TY-EQ,2009-09-29T12:00:00Z,10.6,157.4,0.0
EQ-20091218054100363331397187851__TC-TY0918,TY-EQ,2009-09-29T18:00:00Z,10.9,156.8,0.0
EQ-20091218054100363331397187851__TC-TY0918,TY-EQ,2009-09-30T00:00:00Z,11.5,156.2,18.00554
EQ-20091218054100363331397187851__TC-TY0918,TY-EQ,2009-09-30T06:00:00Z,12.6,154.8,20.57776
EQ-20091218054100363331397187851__TC-TY0918,TY-EQ,2009-09-30T12:00:00Z,12.9,154.0,23.14998
EQ-20091218054100363331397187851__TC-TY0918,TY-EQ,2009-09-30T18:00:00Z,13.0,153.5,28.29442
EQ-20091218054100363331397187851__TC-TY0918,TY-EQ,2009-10-01T00:00:00Z,13.6,153.2,33.43886
EQ-20091218054100363331397187851__TC-TY0918,TY-EQ,2009-10-01T06:00:00Z,13.9,152.5,38.5833
EQ-20091218054100363331397187851__TC-TY0918,TY-EQ,2009-10-01T12:00:00Z,14.1,152.0,41.15552
EQ-20091218054100363331397187851__TC-TY0918,TY-EQ,2009-10-01T18:00:00Z,14.0,151.4,46.29996
EQ-20091218054100363331397187851__TC-TY0918,TY-EQ,2009-10-02T00:00:00Z,14.2,151.1,48.87218
EQ-20091218054100363331397187851__TC-TY0918,TY-EQ,2009-10-02T06:00:00Z,14.5,150.6,48.87218
EQ-20091218054100363331397187851__TC-TY0918,TY-EQ,2009-10-02T12:00:00Z,15.0,149.9,48.87218
EQ-20091218054100363331397187851__TC-TY0918,TY-EQ,2009-10-02T18:00:00Z,15.4,148.8,48.87218
EQ-20091218054100363331397187851__TC-TY0918,TY-EQ,2009-10-03T00:00:00Z,15.6,147.9,48.87218
EQ-20091218054100363331397187851__TC-TY0918,TY-EQ,2009-10-03T06:00:00Z,16.2,146.8,46.29996
EQ-20091218054100363331397187851__TC-TY0918,TY-EQ,2009-10-03T12:00:00Z,16.5,145.3,48.87218
EQ-20091218054100363331397187851__TC-TY0918,TY-EQ,2009-10-03T18:00:00Z,16.5,143.7,51.4444
EQ-20091218054100363331397187851__TC-TY0918,TY-EQ,2009-10-04T00:00:00Z,16.6,142.3,54.01662
EQ-20091218054100363331397187851__TC-TY0918,TY-EQ,2009-10-04T06:00:00Z,17.0,140.9,56.58884
EQ-20091218054100363331397187851__TC-TY0918,TY-EQ,2009-10-04T12:00:00Z,17.5,139.4,56.58884
EQ-20091218054100363331397187851__TC-TY0918,TY-EQ,2009-10-04T18:00:00Z,17.9,137.7,56.58884
EQ-20091218054100363331397187851__TC-TY0918,TY-EQ,2009-10-05T00:00:00Z,18.5,136.3,54.01662
EQ-20091218054100363331397187851__TC-TY0918,TY-EQ,2009-10-05T06:00:00Z,19.2,134.8,54.01662
EQ-20091218054100363331397187851__TC-TY0918,TY-EQ,2009-10-05T12:00:00Z,20.0,133.6,48.87218
EQ-20091218054100363331397187851__TC-TY0918,TY-EQ,2009-10-05T18:00:00Z,21.2,132.5,46.29996
EQ-20091218054100363331397187851__TC-TY0918,TY-EQ,2009-10-06T00:00:00Z,22.5,131.7,46.29996
EQ-20091218054100363331397187851__TC-TY0918,TY-EQ,2009-10-06T06:00:00Z,23.9,130.9,43.72774
EQ-20091218054100363331397187851__TC-TY0918,TY-EQ,2009-10-06T09:00:00Z,24.5,130.8,43.72774
EQ-20091218054100363331397187851__TC-TY0918,TY-EQ,2009-10-06T12:00:00Z,25.1,130.7,43.72774
EQ-20091218054100363331397187851__TC-TY0918,TY-EQ,2009-10-06T15:00:00Z,25.7,130.5,43.72774
EQ-20091218054100363331397187851__TC-TY0918,TY-EQ,2009-10-06T18:00:00Z,26.5,130.8,43.72774
EQ-20091218054100363331397187851__TC-TY0918,TY-EQ,2009-10-06T21:00:00Z,27.3,131.0,43.72774
EQ-20091218054100363331397187851__TC-TY0918,TY-EQ,2009-10-07T00:00:00Z,28.2,131.5,43.72774
EQ-20091218054100363331397187851__TC-TY0918,TY-EQ,2009-10-07T03:00:00Z,29.0,131.8,41.15552
EQ-20091218054100363331397187851__TC-TY0918,TY-EQ,2009-10-07T06:00:00Z,29.9,132.5,41.15552
EQ-20091218054100363331397187851__TC-TY0918,TY-EQ,2009-10-07T09:00:00Z,30.8,133.2,41.15552
EQ-20091218054100363331397187851__TC-TY0918,TY-EQ,2009-10-07T12:00:00Z,31.6,134.3,41.15552
EQ-20091218054100363331397187851__TC-TY0918,TY-EQ,2009-10-07T15:00:00Z,32.9,135.6,38.5833
EQ-20091218054100363331397187851__TC-TY0918,TY-EQ,2009-10-07T18:00:00Z,34.0,136.6,38.5833
EQ-20091218054100363331397187851__TC-TY0918,TY-EQ,2009-10-07T19:00:00Z,34.2,136.9,38.5833
EQ-20091218054100363331397187851__TC-TY0918,TY-EQ,2009-10-07T20:00:00Z,34.6,136.9,38.5833
EQ-20091218054100363331397187851__TC-TY0918,TY-EQ,2009-10-07T21:00:00Z,35.1,137.2,33.43886
EQ-20091218054100363331397187851__TC-TY0918,TY-EQ,2009-10-08T00:00:00Z,36.1,138.8,30.86664
EQ-20091218054100363331397187851__TC-TY0918,TY-EQ,2009-10-08T03:00:00Z,37.1,139.7,30.86664
EQ-20091218054100363331397187851__TC-TY0918,TY-EQ,2009-10-08T06:00:00Z,38.4,141.2,28.29442
EQ-20091218054100363331397187851__TC-TY0918,TY-EQ,2009-10-08T09:00:00Z,39.0,142.3,28.29442
EQ-20091218054100363331397187851__TC-TY0918,TY-EQ,2009-10-08T12:00:00Z,40.0,143.6,0.0
EQ-20091218054100363331397187851__TC-TY0918,TY-EQ,2009-10-08T18:00:00Z,41.3,145.6,0.0
EQ-20091218054100363331397187851__TC-TY0918,TY-EQ,2009-10-09T00:00:00Z,42.2,147.7,0.0
EQ-20091218054100363331397187851__TC-TY0918,TY-EQ,2009-10-09T06:00:00Z,43.2,150.0,0.0
EQ-20091218054100363331397187851__TC-TY0918,TY-EQ,2009-10-09T12:00:00Z,44.2,152.4,0.0
EQ-20091218054100363331397187851__TC-TY0918,TY-EQ,2009-10-09T18:00:00Z,45.1,156.0,0.0
EQ-20091218054100363331397187851__TC-TY0918,TY-EQ,2009-10-10T00:00:00Z,46.0,159.2,0.0
EQ-20091218054100363331397187851__TC-TY0918,TY-EQ,2009-10-10T06:00:00Z,46.7,163.5,0.0
EQ-20091218054100363331397187851__TC-TY0918,TY-EQ,2009-10-10T12:00:00Z,46.7,167.4,0.0
EQ-20091218054100363331397187851__TC-TY0918,TY-EQ,2009-10-10T18:00:00Z,47.0,171.9,0.0
EQ-20091218054100363331397187851__TC-TY0918,TY-EQ,2009-10-11T00:00:00Z,47.2,177.1,0.0
EQ-20070818165500353421403452052__TC-TY0720,EQ-TY,2007-10-25T06:00:00Z,18.8,134.4,0.0
EQ-20070818165500353421403452052__TC-TY0720,EQ-TY,2007-10-25T12:00:00Z,20.0,133.4,0.0
EQ-20070818165500353421403452052__TC-TY0720,EQ-TY,2007-10-25T18:00:00Z,21.4,132.6,0.0
EQ-20070818165500353421403452052__TC-TY0720,EQ-TY,2007-10-26T00:00:00Z,23.0,131.7,18.00554
EQ-20070818165500353421403452052__TC-TY0720,EQ-TY,2007-10-26T06:00:00Z,23.9,131.2,20.57776
EQ-20070818165500353421403452052__TC-TY0720,EQ-TY,2007-10-26T12:00:00Z,25.0,131.7,25.7222
EQ-20070818165500353421403452052__TC-TY0720,EQ-TY,2007-10-26T18:00:00Z,27.1,133.9,25.7222
EQ-20070818165500353421403452052__TC-TY0720,EQ-TY,2007-10-27T00:00:00Z,29.3,136.0,28.29442
EQ-20070818165500353421403452052__TC-TY0720,EQ-TY,2007-10-27T03:00:00Z,31.3,137.7,28.29442
EQ-20070818165500353421403452052__TC-TY0720,EQ-TY,2007-10-27T06:00:00Z,33.4,139.6,28.29442
EQ-20070818165500353421403452052__TC-TY0720,EQ-TY,2007-10-27T09:00:00Z,34.3,140.7,28.29442
EQ-20070818165500353421403452052__TC-TY0720,EQ-TY,2007-10-27T12:00:00Z,35.6,142.2,0.0
EQ-20070818165500353421403452052__TC-TY0720,EQ-TY,2007-10-27T18:00:00Z,38.2,146.2,0.0
EQ-20070818165500353421403452052__TC-TY0720,EQ-TY,2007-10-28T00:00:00Z,39.9,149.3,0.0
EQ-20070818165500353421403452052__TC-TY0720,EQ-TY,2007-10-28T06:00:00Z,40.5,152.6,0.0
EQ-20070818165500353421403452052__TC-TY0720,EQ-TY,2007-10-28T12:00:00Z,41.1,157.0,0.0
EQ-20070818165500353421403452052__TC-TY0720,EQ-TY,2007-10-28T18:00:00Z,42.8,162.9,0.0
EQ-20070716153700375031386432358__TC-TY0709,EQ-TY,2007-08-27T18:00:00Z,16.7,152.5,0.0
EQ-20070716153700375031386432358__TC-TY0709,EQ-TY,2007-08-28T00:00:00Z,17.4,153.1,0.0
EQ-20070716153700375031386432358__TC-TY0709,EQ-TY,2007-08-28T06:00:00Z,18.3,154.1,0.0
EQ-20070716153700375031386432358__TC-TY0709,EQ-TY,2007-08-28T12:00:00Z,19.2,154.8,0.0
EQ-20070716153700375031386432358__TC-TY0709,EQ-TY,2007-08-28T18:00:00Z,20.0,155.3,0.0
EQ-20070716153700375031386432358__TC-TY0709,EQ-TY,2007-08-29T00:00:00Z,21.0,155.7,18.00554
EQ-20070716153700375031386432358__TC-TY0709,EQ-TY,2007-08-29T06:00:00Z,21.7,156.1,20.57776
EQ-20070716153700375031386432358__TC-TY0709,EQ-TY,2007-08-29T12:00:00Z,22.4,156.8,25.7222
EQ-20070716153700375031386432358__TC-TY0709,EQ-TY,2007-08-29T18:00:00Z,23.4,156.9,28.29442
EQ-20070716153700375031386432358__TC-TY0709,EQ-TY,2007-08-30T00:00:00Z,24.0,156.9,30.86664
EQ-20070716153700375031386432358__TC-TY0709,EQ-TY,2007-08-30T06:00:00Z,24.5,157.0,30.86664
EQ-20070716153700375031386432358__TC-TY0709,EQ-TY,2007-08-30T12:00:00Z,25.8,156.9,33.43886
EQ-20070716153700375031386432358__TC-TY0709,EQ-TY,2007-08-30T18:00:00Z,26.3,156.0,33.43886
EQ-20070716153700375031386432358__TC-TY0709,EQ-TY,2007-08-31T00:00:00Z,26.5,155.2,36.01108
EQ-20070716153700375031386432358__TC-TY0709,EQ-TY,2007-08-31T06:00:00Z,27.0,154.8,36.01108
EQ-20070716153700375031386432358__TC-TY0709,EQ-TY,2007-08-31T12:00:00Z,27.5,153.9,36.01108
EQ-20070716153700375031386432358__TC-TY0709,EQ-TY,2007-08-31T18:00:00Z,27.7,153.2,33.43886
EQ-20070716153700375031386432358__TC-TY0709,EQ-TY,2007-09-01T00:00:00Z,28.0,152.3,33.43886
EQ-20070716153700375031386432358__TC-TY0709,EQ-TY,2007-09-01T06:00:00Z,28.0,151.7,33.43886
EQ-20070716153700375031386432358__TC-TY0709,EQ-TY,2007-09-01T12:00:00Z,27.9,150.8,33.43886
EQ-20070716153700375031386432358__TC-TY0709,EQ-TY,2007-09-01T18:00:00Z,27.8,150.4,33.43886
EQ-20070716153700375031386432358__TC-TY0709,EQ-TY,2007-09-02T00:00:00Z,27.6,149.8,33.43886
EQ-20070716153700375031386432358__TC-TY0709,EQ-TY,2007-09-02T06:00:00Z,27.3,148.8,33.43886
EQ-20070716153700375031386432358__TC-TY0709,EQ-TY,2007-09-02T12:00:00Z,27.1,148.3,33.43886
EQ-20070716153700375031386432358__TC-TY0709,EQ-TY,2007-09-02T18:00:00Z,27.0,147.7,33.43886
EQ-20070716153700375031386432358__TC-TY0709,EQ-TY,2007-09-03T00:00:00Z,26.9,147.2,33.43886
EQ-20070716153700375031386432358__TC-TY0709,EQ-TY,2007-09-03T06:00:00Z,27.1,146.5,33.43886
EQ-20070716153700375031386432358__TC-TY0709,EQ-TY,2007-09-03T12:00:00Z,27.2,145.7,30.86664
EQ-20070716153700375031386432358__TC-TY0709,EQ-TY,2007-09-03T15:00:00Z,27.3,145.2,30.86664
EQ-20070716153700375031386432358__TC-TY0709,EQ-TY,2007-09-03T18:00:00Z,27.6,144.4,30.86664
EQ-20070716153700375031386432358__TC-TY0709,EQ-TY,2007-09-03T21:00:00Z,27.6,143.8,30.86664
EQ-20070716153700375031386432358__TC-TY0709,EQ-TY,2007-09-04T00:00:00Z,27.6,143.4,30.86664
EQ-20070716153700375031386432358__TC-TY0709,EQ-TY,2007-09-04T03:00:00Z,27.7,142.9,30.86664
EQ-20070716153700375031386432358__TC-TY0709,EQ-TY,2007-09-04T06:00:00Z,27.8,142.5,30.86664
EQ-20070716153700375031386432358__TC-TY0709,EQ-TY,2007-09-04T09:00:00Z,27.9,142.0,30.86664
EQ-20070716153700375031386432358__TC-TY0709,EQ-TY,2007-09-04T12:00:00Z,28.0,141.5,30.86664
EQ-20070716153700375031386432358__TC-TY0709,EQ-TY,2007-09-04T15:00:00Z,28.3,141.1,30.86664
EQ-20070716153700375031386432358__TC-TY0709,EQ-TY,2007-09-04T18:00:00Z,28.5,140.7,30.86664
EQ-20070716153700375031386432358__TC-TY0709,EQ-TY,2007-09-04T21:00:00Z,28.8,140.4,33.43886
EQ-20070716153700375031386432358__TC-TY0709,EQ-TY,2007-09-05T00:00:00Z,29.2,140.0,36.01108
EQ-20070716153700375031386432358__TC-TY0709,EQ-TY,2007-09-05T03:00:00Z,29.5,139.5,36.01108
EQ-20070716153700375031386432358__TC-TY0709,EQ-TY,2007-09-05T06:00:00Z,29.8,139.3,36.01108
EQ-20070716153700375031386432358__TC-TY0709,EQ-TY,2007-09-05T09:00:00Z,30.0,139.2,36.01108
EQ-20070716153700375031386432358__TC-TY0709,EQ-TY,2007-09-05T12:00:00Z,30.2,138.9,36.01108
EQ-20070716153700375031386432358__TC-TY0709,EQ-TY,2007-09-05T15:00:00Z,30.5,138.8,36.01108
EQ-20070716153700375031386432358__TC-TY0709,EQ-TY,2007-09-05T18:00:00Z,30.8,138.6,36.01108
EQ-20070716153700375031386432358__TC-TY0709,EQ-TY,2007-09-05T21:00:00Z,31.3,138.4,36.01108
EQ-20070716153700375031386432358__TC-TY0709,EQ-TY,2007-09-06T00:00:00Z,32.0,138.4,36.01108
EQ-20070716153700375031386432358__TC-TY0709,EQ-TY,2007-09-06T03:00:00Z,32.5,138.5,36.01108
EQ-20070716153700375031386432358__TC-TY0709,EQ-TY,2007-09-06T06:00:00Z,33.1,138.5,36.01108
EQ-20070716153700375031386432358__TC-TY0709,EQ-TY,2007-09-06T09:00:00Z,33.6,138.6,36.01108
EQ-20070716153700375031386432358__TC-TY0709,EQ-TY,2007-09-06T12:00:00Z,34.1,138.7,36.01108
EQ-20070716153700375031386432358__TC-TY0709,EQ-TY,2007-09-06T14:00:00Z,34.4,138.8,33.43886
EQ-20070716153700375031386432358__TC-TY0709,EQ-TY,2007-09-06T15:00:00Z,34.8,138.9,33.43886
EQ-20070716153700375031386432358__TC-TY0709,EQ-TY,2007-09-06T18:00:00Z,35.6,139.2,33.43886
EQ-20070716153700375031386432358__TC-TY0709,EQ-TY,2007-09-06T21:00:00Z,36.3,139.5,30.86664
EQ-20070716153700375031386432358__TC-TY0709,EQ-TY,2007-09-07T00:00:00Z,37.3,139.9,28.29442
EQ-20070716153700375031386432358__TC-TY0709,EQ-TY,2007-09-07T03:00:00Z,38.7,140.3,28.29442
EQ-20070716153700375031386432358__TC-TY0709,EQ-TY,2007-09-07T06:00:00Z,39.8,140.1,28.29442
EQ-20070716153700375031386432358__TC-TY0709,EQ-TY,2007-09-07T09:00:00Z,40.7,139.9,25.7222
EQ-20070716153700375031386432358__TC-TY0709,EQ-TY,2007-09-07T12:00:00Z,41.1,140.2,23.14998
EQ-20070716153700375031386432358__TC-TY0709,EQ-TY,2007-09-07T15:00:00Z,41.6,140.7,23.14998
EQ-20070716153700375031386432358__TC-TY0709,EQ-TY,2007-09-07T18:00:00Z,42.4,140.7,20.57776
EQ-20070716153700375031386432358__TC-TY0709,EQ-TY,2007-09-07T21:00:00Z,43.1,141.0,18.00554
EQ-20070716153700375031386432358__TC-TY0709,EQ-TY,2007-09-08T00:00:00Z,43.4,141.0,0.0
EQ-20070426090300338881335833953__TC-TY0705,EQ-TY,2007-07-27T12:00:00Z,19.0,155.3,0.0
EQ-20070426090300338881335833953__TC-TY0705,EQ-TY,2007-07-27T18:00:00Z,18.2,153.3,0.0
EQ-20070426090300338881335833953__TC-TY0705,EQ-TY,2007-07-28T00:00:00Z,17.8,150.8,0.0
EQ-20070426090300338881335833953__TC-TY0705,EQ-TY,2007-07-28T06:00:00Z,17.5,149.7,0.0
EQ-20070426090300338881335833953__TC-TY0705,EQ-TY,2007-07-28T12:00:00Z,17.7,149.4,0.0
EQ-20070426090300338881335833953__TC-TY0705,EQ-TY,2007-07-28T18:00:00Z,18.1,148.4,0.0
EQ-20070426090300338881335833953__TC-TY0705,EQ-TY,2007-07-29T00:00:00Z,18.1,146.6,0.0
EQ-20070426090300338881335833953__TC-TY0705,EQ-TY,2007-07-29T06:00:00Z,18.3,144.5,18.00554
EQ-20070426090300338881335833953__TC-TY0705,EQ-TY,2007-07-29T12:00:00Z,18.5,143.8,20.57776
EQ-20070426090300338881335833953__TC-TY0705,EQ-TY,2007-07-29T18:00:00Z,18.7,143.3,23.14998
EQ-20070426090300338881335833953__TC-TY0705,EQ-TY,2007-07-30T00:00:00Z,19.2,142.5,28.29442
EQ-20070426090300338881335833953__TC-TY0705,EQ-TY,2007-07-30T06:00:00Z,19.8,142.0,30.86664
EQ-20070426090300338881335833953__TC-TY0705,EQ-TY,2007-07-30T12:00:00Z,20.4,141.4,33.43886
EQ-20070426090300338881335833953__TC-TY0705,EQ-TY,2007-07-30T18:00:00Z,21.3,140.7,36.01108
EQ-20070426090300338881335833953__TC-TY0705,EQ-TY,2007-07-31T00:00:00Z,21.8,140.3,36.01108
EQ-20070426090300338881335833953__TC-TY0705,EQ-TY,2007-07-31T06:00:00Z,22.6,139.7,38.5833
EQ-20070426090300338881335833953__TC-TY0705,EQ-TY,2007-07-31T12:00:00Z,23.4,139.0,41.15552
EQ-20070426090300338881335833953__TC-TY0705,EQ-TY,2007-07-31T18:00:00Z,24.2,137.9,43.72774
EQ-20070426090300338881335833953__TC-TY0705,EQ-TY,2007-08-01T00:00:00Z,25.1,137.1,46.29996
EQ-20070426090300338881335833953__TC-TY0705,EQ-TY,2007-08-01T06:00:00Z,26.2,135.9,46.29996
EQ-20070426090300338881335833953__TC-TY0705,EQ-TY,2007-08-01T12:00:00Z,27.5,135.1,46.29996
EQ-20070426090300338881335833953__TC-TY0705,EQ-TY,2007-08-01T18:00:00Z,29.1,133.8,46.29996
EQ-20070426090300338881335833953__TC-TY0705,EQ-TY,2007-08-01T21:00:00Z,29.9,133.2,46.29996
EQ-20070426090300338881335833953__TC-TY0705,EQ-TY,2007-08-02T00:00:00Z,30.6,132.8,46.29996
EQ-20070426090300338881335833953__TC-TY0705,EQ-TY,2007-08-02T03:00:00Z,31.3,132.3,43.72774
EQ-20070426090300338881335833953__TC-TY0705,EQ-TY,2007-08-02T06:00:00Z,31.8,131.9,41.15552
EQ-20070426090300338881335833953__TC-TY0705,EQ-TY,2007-08-02T08:00:00Z,32.3,131.7,41.15552
EQ-20070426090300338881335833953__TC-TY0705,EQ-TY,2007-08-02T09:00:00Z,32.5,131.6,36.01108
EQ-20070426090300338881335833953__TC-TY0705,EQ-TY,2007-08-02T12:00:00Z,33.0,131.4,30.86664
EQ-20070426090300338881335833953__TC-TY0705,EQ-TY,2007-08-02T15:00:00Z,33.6,131.4,28.29442
EQ-20070426090300338881335833953__TC-TY0705,EQ-TY,2007-08-02T16:00:00Z,33.9,131.3,28.29442
EQ-20070426090300338881335833953__TC-TY0705,EQ-TY,2007-08-02T18:00:00Z,34.3,131.3,25.7222
EQ-20070426090300338881335833953__TC-TY0705,EQ-TY,2007-08-02T21:00:00Z,35.3,131.6,23.14998
EQ-20070426090300338881335833953__TC-TY0705,EQ-TY,2007-08-03T00:00:00Z,35.9,132.1,23.14998
EQ-20070426090300338881335833953__TC-TY0705,EQ-TY,2007-08-03T03:00:00Z,36.3,132.8,23.14998
EQ-20070426090300338881335833953__TC-TY0705,EQ-TY,2007-08-03T06:00:00Z,36.9,133.5,20.57776
EQ-20070426090300338881335833953__TC-TY0705,EQ-TY,2007-08-03T09:00:00Z,37.7,134.4,20.57776
EQ-20070426090300338881335833953__TC-TY0705,EQ-TY,2007-08-03T12:00:00Z,38.3,135.1,20.57776
EQ-20070426090300338881335833953__TC-TY0705,EQ-TY,2007-08-03T15:00:00Z,39.0,135.9,20.57776
EQ-20070426090300338881335833953__TC-TY0705,EQ-TY,2007-08-03T18:00:00Z,39.5,136.7,20.57776
EQ-20070426090300338881335833953__TC-TY0705,EQ-TY,2007-08-03T21:00:00Z,40.2,137.8,20.57776
EQ-20070426090300338881335833953__TC-TY0705,EQ-TY,2007-08-04T00:00:00Z,40.7,139.0,20.57776
EQ-20070426090300338881335833953__TC-TY0705,EQ-TY,2007-08-04T03:00:00Z,41.1,140.1,18.00554
EQ-20070426090300338881335833953__TC-TY0705,EQ-TY,2007-08-04T04:00:00Z,41.1,140.4,18.00554
EQ-20070426090300338881335833953__TC-TY0705,EQ-TY,2007-08-04T05:00:00Z,41.2,140.8,18.00554
EQ-20070426090300338881335833953__TC-TY0705,EQ-TY,2007-08-04T06:00:00Z,41.6,141.6,0.0
EQ-20070426090300338881335833953__TC-TY0705,EQ-TY,2007-08-04T12:00:00Z,42.0,145.4,0.0
EQ-20070426090300338881335833953__TC-TY0705,EQ-TY,2007-08-04T18:00:00Z,42.3,148.9,0.0
EQ-2007041512190034791364071654__TC-TY0704,EQ-TY,2007-07-07T06:00:00Z,5.6,148.9,0.0
EQ-2007041512190034791364071654__TC-TY0704,EQ-TY,2007-07-07T12:00:00Z,6.0,148.5,0.0
EQ-2007041512190034791364071654__TC-TY0704,EQ-TY,2007-07-07T18:00:00Z,6.4,147.9,0.0
EQ-2007041512190034791364071654__TC-TY0704,EQ-TY,2007-07-08T00:00:00Z,7.2,147.2,0.0
EQ-2007041512190034791364071654__TC-TY0704,EQ-TY,2007-07-08T06:00:00Z,7.9,146.0,0.0
EQ-2007041512190034791364071654__TC-TY0704,EQ-TY,2007-07-08T12:00:00Z,8.5,144.8,0.0
EQ-2007041512190034791364071654__TC-TY0704,EQ-TY,2007-07-08T18:00:00Z,9.1,143.6,0.0
EQ-2007041512190034791364071654__TC-TY0704,EQ-TY,2007-07-09T00:00:00Z,10.3,142.3,18.00554
EQ-2007041512190034791364071654__TC-TY0704,EQ-TY,2007-07-09T06:00:00Z,11.0,141.2,20.57776
EQ-2007041512190034791364071654__TC-TY0704,EQ-TY,2007-07-09T12:00:00Z,11.6,139.9,23.14998
EQ-2007041512190034791364071654__TC-TY0704,EQ-TY,2007-07-09T18:00:00Z,11.9,139.2,25.7222
EQ-2007041512190034791364071654__TC-TY0704,EQ-TY,2007-07-10T00:00:00Z,12.0,138.4,25.7222
EQ-2007041512190034791364071654__TC-TY0704,EQ-TY,2007-07-10T06:00:00Z,12.8,137.3,28.29442
EQ-2007041512190034791364071654__TC-TY0704,EQ-TY,2007-07-10T12:00:00Z,13.7,136.6,30.86664
EQ-2007041512190034791364071654__TC-TY0704,EQ-TY,2007-07-10T18:00:00Z,15.0,135.2,33.43886
EQ-2007041512190034791364071654__TC-TY0704,EQ-TY,2007-07-11T00:00:00Z,16.0,134.1,36.01108
EQ-2007041512190034791364071654__TC-TY0704,EQ-TY,2007-07-11T06:00:00Z,17.4,133.0,38.5833
EQ-2007041512190034791364071654__TC-TY0704,EQ-TY,2007-07-11T12:00:00Z,18.9,131.4,41.15552
EQ-2007041512190034791364071654__TC-TY0704,EQ-TY,2007-07-11T18:00:00Z,19.9,130.0,46.29996
EQ-2007041512190034791364071654__TC-TY0704,EQ-TY,2007-07-12T00:00:00Z,21.0,129.2,48.87218
EQ-2007041512190034791364071654__TC-TY0704,EQ-TY,2007-07-12T06:00:00Z,22.2,128.6,48.87218
EQ-2007041512190034791364071654__TC-TY0704,EQ-TY,2007-07-12T09:00:00Z,23.0,128.2,48.87218
EQ-2007041512190034791364071654__TC-TY0704,EQ-TY,2007-07-12T12:00:00Z,23.5,128.0,48.87218
EQ-2007041512190034791364071654__TC-TY0704,EQ-TY,2007-07-12T15:00:00Z,24.2,127.8,48.87218
EQ-2007041512190034791364071654__TC-TY0704,EQ-TY,2007-07-12T18:00:00Z,24.9,127.5,48.87218
EQ-2007041512190034791364071654__TC-TY0704,EQ-TY,2007-07-12T21:00:00Z,25.5,127.4,48.87218
EQ-2007041512190034791364071654__TC-TY0704,EQ-TY,2007-07-13T00:00:00Z,26.1,127.4,48.87218
EQ-2007041512190034791364071654__TC-TY0704,EQ-TY,2007-07-13T03:00:00Z,26.6,127.6,46.29996
EQ-2007041512190034791364071654__TC-TY0704,EQ-TY,2007-07-13T06:00:00Z,27.4,127.7,43.72774
EQ-2007041512190034791364071654__TC-TY0704,EQ-TY,2007-07-13T09:00:00Z,28.0,127.7,43.72774
EQ-2007041512190034791364071654__TC-TY0704,EQ-TY,2007-07-13T12:00:00Z,28.5,127.7,38.5833
EQ-2007041512190034791364071654__TC-TY0704,EQ-TY,2007-07-13T15:00:00Z,28.9,127.9,38.5833
EQ-2007041512190034791364071654__TC-TY0704,EQ-TY,2007-07-13T18:00:00Z,29.4,128.2,38.5833
EQ-2007041512190034791364071654__TC-TY0704,EQ-TY,2007-07-13T21:00:00Z,30.0,128.7,38.5833
EQ-2007041512190034791364071654__TC-TY0704,EQ-TY,2007-07-14T00:00:00Z,30.4,129.3,38.5833
EQ-2007041512190034791364071654__TC-TY0704,EQ-TY,2007-07-14T03:00:00Z,31.0,130.2,38.5833
EQ-2007041512190034791364071654__TC-TY0704,EQ-TY,2007-07-14T04:00:00Z,31.2,130.5,38.5833
EQ-2007041512190034791364071654__TC-TY0704,EQ-TY,2007-07-14T05:00:00Z,31.4,130.8,38.5833
EQ-2007041512190034791364071654__TC-TY0704,EQ-TY,2007-07-14T06:00:00Z,31.7,131.2,36.01108
EQ-2007041512190034791364071654__TC-TY0704,EQ-TY,2007-07-14T09:00:00Z,32.2,132.0,36.01108
EQ-2007041512190034791364071654__TC-TY0704,EQ-TY,2007-07-14T12:00:00Z,32.7,132.8,33.43886
EQ-2007041512190034791364071654__TC-TY0704,EQ-TY,2007-07-14T15:00:00Z,33.0,133.7,33.43886
EQ-2007041512190034791364071654__TC-TY0704,EQ-TY,2007-07-14T18:00:00Z,33.2,134.8,30.86664
EQ-2007041512190034791364071654__TC-TY0704,EQ-TY,2007-07-14T20:00:00Z,33.5,135.7,30.86664
EQ-2007041512190034791364071654__TC-TY0704,EQ-TY,2007-07-14T21:00:00Z,33.6,136.1,30.86664
EQ-2007041512190034791364071654__TC-TY0704,EQ-TY,2007-07-15T00:00:00Z,33.9,137.4,30.86664
EQ-2007041512190034791364071654__TC-TY0704,EQ-TY,2007-07-15T03:00:00Z,34.1,138.7,30.86664
EQ-2007041512190034791364071654__TC-TY0704,EQ-TY,2007-07-15T06:00:00Z,34.6,140.6,25.7222
EQ-2007041512190034791364071654__TC-TY0704,EQ-TY,2007-07-15T09:00:00Z,34.7,142.4,25.7222
EQ-2007041512190034791364071654__TC-TY0704,EQ-TY,2007-07-15T12:00:00Z,35.0,143.7,20.57776
EQ-2007041512190034791364071654__TC-TY0704,EQ-TY,2007-07-15T18:00:00Z,35.2,144.9,20.57776
EQ-2007041512190034791364071654__TC-TY0704,EQ-TY,2007-07-16T00:00:00Z,34.7,145.5,0.0
EQ-2007041512190034791364071654__TC-TY0704,EQ-TY,2007-07-16T06:00:00Z,35.5,148.8,0.0
EQ-2007041512190034791364071654__TC-TY0704,EQ-TY,2007-07-16T12:00:00Z,35.9,150.5,0.0
EQ-2007041512190034791364071654__TC-TY0704,EQ-TY,2007-07-16T18:00:00Z,36.4,151.8,0.0
EQ-2007041512190034791364071654__TC-TY0704,EQ-TY,2007-07-17T00:00:00Z,36.5,153.0,0.0
EQ-2007041512190034791364071654__TC-TY0704,EQ-TY,2007-07-17T06:00:00Z,36.5,155.0,0.0
EQ-2007041512190034791364071654__TC-TY0704,EQ-TY,2007-07-17T12:00:00Z,36.7,157.2,0.0
EQ-2007041512190034791364071654__TC-TY0704,EQ-TY,2007-07-17T18:00:00Z,37.0,159.2,0.0
EQ-2007041512190034791364071654__TC-TY0704,EQ-TY,2007-07-18T00:00:00Z,37.6,161.7,0.0
EQ-2007041512190034791364071654__TC-TY0704,EQ-TY,2007-07-18T06:00:00Z,38.8,163.9,0.0
EQ-2007041512190034791364071654__TC-TY0704,EQ-TY,2007-07-18T12:00:00Z,39.3,165.8,0.0
EQ-2007041512190034791364071654__TC-TY0704,EQ-TY,2007-07-18T18:00:00Z,41.4,167.7,0.0
EQ-2007041512190034791364071654__TC-TY0704,EQ-TY,2007-07-19T00:00:00Z,42.8,168.8,0.0
EQ-2007041512190034791364071654__TC-TY0704,EQ-TY,2007-07-19T06:00:00Z,43.5,168.9,0.0
EQ-2007041512190034791364071654__TC-TY0704,EQ-TY,2007-07-19T12:00:00Z,43.9,168.9,0.0
EQ-2007041512190034791364071654__TC-TY0704,EQ-TY,2007-07-19T18:00:00Z,44.3,168.4,0.0
EQ-2007041512190034791364071654__TC-TY0704,EQ-TY,2007-07-20T00:00:00Z,44.0,167.6,0.0
EQ-2007041512190034791364071654__TC-TY0704,EQ-TY,2007-07-20T06:00:00Z,44.0,168.1,0.0
EQ-2007041512190034791364071654__TC-TY0704,EQ-TY,2007-07-20T12:00:00Z,44.2,169.0,0.0
EQ-2007041512190034791364071654__TC-TY0704,EQ-TY,2007-07-20T18:00:00Z,44.5,170.0,0.0
EQ-2007041512190034791364071654__TC-TY0704,EQ-TY,2007-07-21T00:00:00Z,44.8,171.7,0.0
EQ-2007041512190034791364071654__TC-TY0704,EQ-TY,2007-07-21T06:00:00Z,45.2,173.4,0.0
EQ-2007041512190034791364071654__TC-TY0704,EQ-TY,2007-07-21T12:00:00Z,46.0,174.4,0.0
EQ-2007041512190034791364071654__TC-TY0704,EQ-TY,2007-07-21T18:00:00Z,47.4,175.0,0.0
EQ-2007041512190034791364071654__TC-TY0704,EQ-TY,2007-07-22T00:00:00Z,48.6,175.3,0.0
EQ-2007041512190034791364071654__TC-TY0704,EQ-TY,2007-07-22T06:00:00Z,49.3,175.6,0.0
EQ-2007041512190034791364071654__TC-TY0704,EQ-TY,2007-07-22T12:00:00Z,49.4,176.0,0.0
EQ-2007041512190034791364071654__TC-TY0704,EQ-TY,2007-07-22T18:00:00Z,49.3,177.1,0.0
EQ-2007041512190034791364071654__TC-TY0704,EQ-TY,2007-07-23T00:00:00Z,49.4,178.7,0.0
EQ-2007041512190034791364071654__TC-TY0704,EQ-TY,2007-07-23T06:00:00Z,49.5,180.1,0.0
EQ-200608220720003369213595542055__TC-TY0607,TY-EQ,2006-08-03T18:00:00Z,21.2,152.2,0.0
EQ-200608220720003369213595542055__TC-TY0607,TY-EQ,2006-08-04T00:00:00Z,21.9,151.9,0.0
EQ-200608220720003369213595542055__TC-TY0607,TY-EQ,2006-08-04T06:00:00Z,22.7,151.4,0.0
EQ-200608220720003369213595542055__TC-TY0607,TY-EQ,2006-08-04T12:00:00Z,23.7,149.7,0.0
EQ-200608220720003369213595542055__TC-TY0607,TY-EQ,2006-08-04T18:00:00Z,24.2,148.1,0.0
EQ-200608220720003369213595542055__TC-TY0607,TY-EQ,2006-08-05T00:00:00Z,24.7,147.0,0.0
EQ-200608220720003369213595542055__TC-TY0607,TY-EQ,2006-08-05T06:00:00Z,25.6,146.1,0.0
EQ-200608220720003369213595542055__TC-TY0607,TY-EQ,2006-08-05T12:00:00Z,26.0,145.2,0.0
EQ-200608220720003369213595542055__TC-TY0607,TY-EQ,2006-08-05T18:00:00Z,26.4,143.8,18.00554
EQ-200608220720003369213595542055__TC-TY0607,TY-EQ,2006-08-05T21:00:00Z,26.7,143.3,20.57776
EQ-200608220720003369213595542055__TC-TY0607,TY-EQ,2006-08-06T00:00:00Z,27.0,142.7,23.14998
EQ-200608220720003369213595542055__TC-TY0607,TY-EQ,2006-08-06T03:00:00Z,27.3,142.1,25.7222
EQ-200608220720003369213595542055__TC-TY0607,TY-EQ,2006-08-06T06:00:00Z,27.6,141.6,30.86664
EQ-200608220720003369213595542055__TC-TY0607,TY-EQ,2006-08-06T09:00:00Z,27.8,141.1,33.43886
EQ-200608220720003369213595542055__TC-TY0607,TY-EQ,2006-08-06T12:00:00Z,28.2,140.6,33.43886
EQ-200608220720003369213595542055__TC-TY0607,TY-EQ,2006-08-06T18:00:00Z,28.8,139.7,36.01108
EQ-200608220720003369213595542055__TC-TY0607,TY-EQ,2006-08-07T00:00:00Z,29.6,138.8,36.01108
EQ-200608220720003369213595542055__TC-TY0607,TY-EQ,2006-08-07T06:00:00Z,30.6,138.1,36.01108
EQ-200608220720003369213595542055__TC-TY0607,TY-EQ,2006-08-07T12:00:00Z,31.2,137.4,36.01108
EQ-200608220720003369213595542055__TC-TY0607,TY-EQ,2006-08-07T15:00:00Z,31.5,137.0,36.01108
EQ-200608220720003369213595542055__TC-TY0607,TY-EQ,2006-08-07T18:00:00Z,31.9,136.8,36.01108
EQ-200608220720003369213595542055__TC-TY0607,TY-EQ,2006-08-07T21:00:00Z,32.3,136.6,36.01108
EQ-200608220720003369213595542055__TC-TY0607,TY-EQ,2006-08-08T00:00:00Z,32.6,136.6,33.43886
EQ-200608220720003369213595542055__TC-TY0607,TY-EQ,2006-08-08T03:00:00Z,32.9,136.6,33.43886
EQ-200608220720003369213595542055__TC-TY0607,TY-EQ,2006-08-08T06:00:00Z,33.1,136.7,30.86664
EQ-200608220720003369213595542055__TC-TY0607,TY-EQ,2006-08-08T09:00:00Z,33.2,136.8,30.86664
EQ-200608220720003369213595542055__TC-TY0607,TY-EQ,2006-08-08T12:00:00Z,33.6,137.3,28.29442
EQ-200608220720003369213595542055__TC-TY0607,TY-EQ,2006-08-08T15:00:00Z,33.8,137.7,28.29442
EQ-200608220720003369213595542055__TC-TY0607,TY-EQ,2006-08-08T18:00:00Z,34.0,138.1,25.7222
EQ-200608220720003369213595542055__TC-TY0607,TY-EQ,2006-08-08T21:00:00Z,34.1,138.6,25.7222
EQ-200608220720003369213595542055__TC-TY0607,TY-EQ,2006-08-08T22:00:00Z,34.2,139.1,25.7222
EQ-200608220720003369213595542055__TC-TY0607,TY-EQ,2006-08-09T00:00:00Z,34.5,139.8,25.7222
EQ-200608220720003369213595542055__TC-TY0607,TY-EQ,2006-08-09T03:00:00Z,35.2,140.6,25.7222
EQ-200608220720003369213595542055__TC-TY0607,TY-EQ,2006-08-09T06:00:00Z,35.6,141.2,23.14998
EQ-200608220720003369213595542055__TC-TY0607,TY-EQ,2006-08-09T09:00:00Z,36.0,141.8,23.14998
EQ-200608220720003369213595542055__TC-TY0607,TY-EQ,2006-08-09T12:00:00Z,36.4,142.4,20.57776
EQ-200608220720003369213595542055__TC-TY0607,TY-EQ,2006-08-09T18:00:00Z,36.7,143.0,20.57776
EQ-200608220720003369213595542055__TC-TY0607,TY-EQ,2006-08-10T00:00:00Z,36.9,143.9,20.57776
EQ-200608220720003369213595542055__TC-TY0607,TY-EQ,2006-08-10T06:00:00Z,36.9,144.4,0.0
EQ-200608220720003369213595542055__TC-TY0607,TY-EQ,2006-08-10T12:00:00Z,36.9,145.8,0.0
EQ-200608220720003369213595542055__TC-TY0607,TY-EQ,2006-08-10T18:00:00Z,37.7,147.0,0.0
EQ-200608220720003369213595542055__TC-TY0607,TY-EQ,2006-08-11T00:00:00Z,38.7,148.3,0.0
EQ-200608220720003369213595542055__TC-TY0607,TY-EQ,2006-08-11T06:00:00Z,39.3,149.2,0.0
EQ-200608220720003369213595542055__TC-TY0607,TY-EQ,2006-08-11T12:00:00Z,39.8,150.0,0.0
EQ-200608220720003369213595542055__TC-TY0607,TY-EQ,2006-08-11T18:00:00Z,40.0,150.0,0.0
EQ-200608220720003369213595542055__TC-TY0607,TY-EQ,2006-08-12T00:00:00Z,40.6,150.5,0.0
EQ-200608220720003369213595542055__TC-TY0607,TY-EQ,2006-08-12T06:00:00Z,41.3,150.7,0.0
EQ-200608220720003369213595542055__TC-TY0607,TY-EQ,2006-08-12T12:00:00Z,42.0,151.0,0.0
EQ-200608220720003369213595542055__TC-TY0607,TY-EQ,2006-08-12T18:00:00Z,42.9,151.3,0.0
EQ-200608220720003369213595542055__TC-TY0607,TY-EQ,2006-08-13T00:00:00Z,43.8,151.5,0.0
EQ-200608220720003369213595542055__TC-TY0607,TY-EQ,2006-08-13T06:00:00Z,44.1,151.3,0.0
EQ-200608220720003369213595542055__TC-TY0607,TY-EQ,2006-08-13T12:00:00Z,45.0,150.9,0.0
EQ-200608220720003369213595542055__TC-TY0607,TY-EQ,2006-08-13T18:00:00Z,46.0,150.7,0.0
EQ-200608220720003369213595542055__TC-TY0607,TY-EQ,2006-08-14T00:00:00Z,47.0,150.7,0.0
EQ-200608220720003369213595542055__TC-TY0607,TY-EQ,2006-08-14T06:00:00Z,47.9,150.8,0.0
EQ-200608220720003369213595542055__TC-TY0607,TY-EQ,2006-08-14T12:00:00Z,48.5,150.5,0.0
EQ-200606120501003313313140714662__TC-TY0613,EQ-TY,2006-09-09T00:00:00Z,13.3,138.7,0.0
EQ-200606120501003313313140714662__TC-TY0613,EQ-TY,2006-09-09T06:00:00Z,13.8,138.2,0.0
EQ-200606120501003313313140714662__TC-TY0613,EQ-TY,2006-09-09T12:00:00Z,14.3,137.4,0.0
EQ-200606120501003313313140714662__TC-TY0613,EQ-TY,2006-09-09T18:00:00Z,15.0,136.8,0.0
EQ-200606120501003313313140714662__TC-TY0613,EQ-TY,2006-09-10T00:00:00Z,15.5,136.1,0.0
EQ-200606120501003313313140714662__TC-TY0613,EQ-TY,2006-09-10T06:00:00Z,16.3,135.1,0.0
EQ-200606120501003313313140714662__TC-TY0613,EQ-TY,2006-09-10T12:00:00Z,16.8,134.8,18.00554
EQ-200606120501003313313140714662__TC-TY0613,EQ-TY,2006-09-10T18:00:00Z,17.7,134.4,20.57776
EQ-200606120501003313313140714662__TC-TY0613,EQ-TY,2006-09-11T00:00:00Z,18.1,134.0,25.7222
EQ-200606120501003313313140714662__TC-TY0613,EQ-TY,2006-09-11T06:00:00Z,18.5,133.7,28.29442
EQ-200606120501003313313140714662__TC-TY0613,EQ-TY,2006-09-11T12:00:00Z,18.8,133.2,33.43886
EQ-200606120501003313313140714662__TC-TY0613,EQ-TY,2006-09-11T18:00:00Z,19.3,132.6,41.15552
EQ-200606120501003313313140714662__TC-TY0613,EQ-TY,2006-09-12T00:00:00Z,19.4,132.1,43.72774
EQ-200606120501003313313140714662__TC-TY0613,EQ-TY,2006-09-12T06:00:00Z,19.7,131.6,43.72774
EQ-200606120501003313313140714662__TC-TY0613,EQ-TY,2006-09-12T12:00:00Z,20.1,131.0,43.72774
EQ-200606120501003313313140714662__TC-TY0613,EQ-TY,2006-09-12T18:00:00Z,20.1,130.1,43.72774
EQ-200606120501003313313140714662__TC-TY0613,EQ-TY,2006-09-13T00:00:00Z,20.1,129.0,43.72774
EQ-200606120501003313313140714662__TC-TY0613,EQ-TY,2006-09-13T06:00:00Z,20.2,128.3,43.72774
EQ-200606120501003313313140714662__TC-TY0613,EQ-TY,2006-09-13T12:00:00Z,20.3,127.6,43.72774
EQ-200606120501003313313140714662__TC-TY0613,EQ-TY,2006-09-13T18:00:00Z,20.3,126.8,43.72774
EQ-200606120501003313313140714662__TC-TY0613,EQ-TY,2006-09-14T00:00:00Z,20.3,126.1,43.72774
EQ-200606120501003313313140714662__TC-TY0613,EQ-TY,2006-09-14T06:00:00Z,20.3,125.5,43.72774
EQ-200606120501003313313140714662__TC-TY0613,EQ-TY,2006-09-14T12:00:00Z,20.4,125.0,43.72774
EQ-200606120501003313313140714662__TC-TY0613,EQ-TY,2006-09-14T18:00:00Z,20.8,124.5,43.72774
EQ-200606120501003313313140714662__TC-TY0613,EQ-TY,2006-09-14T21:00:00Z,21.2,124.4,46.29996
EQ-200606120501003313313140714662__TC-TY0613,EQ-TY,2006-09-15T00:00:00Z,21.6,124.3,46.29996
EQ-200606120501003313313140714662__TC-TY0613,EQ-TY,2006-09-15T03:00:00Z,21.8,124.1,46.29996
EQ-200606120501003313313140714662__TC-TY0613,EQ-TY,2006-09-15T06:00:00Z,22.1,124.0,48.87218
EQ-200606120501003313313140714662__TC-TY0613,EQ-TY,2006-09-15T09:00:00Z,22.6,124.0,51.4444
EQ-200606120501003313313140714662__TC-TY0613,EQ-TY,2006-09-15T12:00:00Z,23.1,123.8,54.01662
EQ-200606120501003313313140714662__TC-TY0613,EQ-TY,2006-09-15T15:00:00Z,23.6,123.8,56.58884
EQ-200606120501003313313140714662__TC-TY0613,EQ-TY,2006-09-15T18:00:00Z,24.0,123.8,56.58884
EQ-200606120501003313313140714662__TC-TY0613,EQ-TY,2006-09-15T20:00:00Z,24.3,123.9,56.58884
EQ-200606120501003313313140714662__TC-TY0613,EQ-TY,2006-09-15T21:00:00Z,24.4,124.0,56.58884
EQ-200606120501003313313140714662__TC-TY0613,EQ-TY,2006-09-16T00:00:00Z,24.9,124.2,54.01662
EQ-200606120501003313313140714662__TC-TY0613,EQ-TY,2006-09-16T03:00:00Z,25.5,124.3,54.01662
EQ-200606120501003313313140714662__TC-TY0613,EQ-TY,2006-09-16T06:00:00Z,26.0,124.8,54.01662
EQ-200606120501003313313140714662__TC-TY0613,EQ-TY,2006-09-16T09:00:00Z,26.5,125.4,54.01662
EQ-200606120501003313313140714662__TC-TY0613,EQ-TY,2006-09-16T12:00:00Z,27.1,125.9,51.4444
EQ-200606120501003313313140714662__TC-TY0613,EQ-TY,2006-09-16T15:00:00Z,27.8,126.4,48.87218
EQ-200606120501003313313140714662__TC-TY0613,EQ-TY,2006-09-16T18:00:00Z,28.6,127.1,43.72774
EQ-200606120501003313313140714662__TC-TY0613,EQ-TY,2006-09-16T21:00:00Z,29.4,127.5,43.72774
EQ-200606120501003313313140714662__TC-TY0613,EQ-TY,2006-09-17T00:00:00Z,30.3,128.0,43.72774
EQ-200606120501003313313140714662__TC-TY0613,EQ-TY,2006-09-17T03:00:00Z,31.3,128.6,43.72774
EQ-200606120501003313313140714662__TC-TY0613,EQ-TY,2006-09-17T06:00:00Z,32.1,129.1,41.15552
EQ-200606120501003313313140714662__TC-TY0613,EQ-TY,2006-09-17T09:00:00Z,32.9,129.8,41.15552
EQ-200606120501003313313140714662__TC-TY0613,EQ-TY,2006-09-17T12:00:00Z,34.0,130.4,36.01108
EQ-200606120501003313313140714662__TC-TY0613,EQ-TY,2006-09-17T15:00:00Z,34.8,130.9,33.43886
EQ-200606120501003313313140714662__TC-TY0613,EQ-TY,2006-09-17T18:00:00Z,35.8,131.4,30.86664
EQ-200606120501003313313140714662__TC-TY0613,EQ-TY,2006-09-17T21:00:00Z,36.4,131.8,30.86664
EQ-200606120501003313313140714662__TC-TY0613,EQ-TY,2006-09-18T00:00:00Z,37.1,132.4,28.29442
EQ-200606120501003313313140714662__TC-TY0613,EQ-TY,2006-09-18T03:00:00Z,37.6,132.8,28.29442
EQ-200606120501003313313140714662__TC-TY0613,EQ-TY,2006-09-18T06:00:00Z,38.4,133.4,25.7222
EQ-200606120501003313313140714662__TC-TY0613,EQ-TY,2006-09-18T09:00:00Z,39.4,134.1,25.7222
EQ-200606120501003313313140714662__TC-TY0613,EQ-TY,2006-09-18T12:00:00Z,40.1,134.6,0.0
EQ-200606120501003313313140714662__TC-TY0613,EQ-TY,2006-09-18T18:00:00Z,41.1,135.0,0.0
EQ-200606120501003313313140714662__TC-TY0613,EQ-TY,2006-09-19T00:00:00Z,41.9,135.6,0.0
EQ-200606120501003313313140714662__TC-TY0613,EQ-TY,2006-09-19T06:00:00Z,42.9,136.5,0.0
EQ-200606120501003313313140714662__TC-TY0613,EQ-TY,2006-09-19T12:00:00Z,43.7,138.3,0.0
EQ-200606120501003313313140714662__TC-TY0613,EQ-TY,2006-09-19T18:00:00Z,44.2,140.2,0.0
EQ-20051016160500360381399374751__TC-TY0511,TY-EQ,2005-08-19T06:00:00Z,20.5,142.8,0.0
EQ-20051016160500360381399374751__TC-TY0511,TY-EQ,2005-08-19T12:00:00Z,20.5,142.6,0.0
EQ-20051016160500360381399374751__TC-TY0511,TY-EQ,2005-08-19T18:00:00Z,20.5,142.4,18.00554
EQ-20051016160500360381399374751__TC-TY0511,TY-EQ,2005-08-20T00:00:00Z,20.7,142.1,20.57776
EQ-20051016160500360381399374751__TC-TY0511,TY-EQ,2005-08-20T06:00:00Z,21.0,141.8,20.57776
EQ-20051016160500360381399374751__TC-TY0511,TY-EQ,2005-08-20T12:00:00Z,21.3,141.5,23.14998
EQ-20051016160500360381399374751__TC-TY0511,TY-EQ,2005-08-20T18:00:00Z,21.6,141.3,25.7222
EQ-20051016160500360381399374751__TC-TY0511,TY-EQ,2005-08-21T00:00:00Z,22.0,140.7,33.43886
EQ-20051016160500360381399374751__TC-TY0511,TY-EQ,2005-08-21T06:00:00Z,22.4,140.5,38.5833
EQ-20051016160500360381399374751__TC-TY0511,TY-EQ,2005-08-21T12:00:00Z,22.6,140.1,46.29996
EQ-20051016160500360381399374751__TC-TY0511,TY-EQ,2005-08-21T18:00:00Z,22.9,139.8,48.87218
EQ-20051016160500360381399374751__TC-TY0511,TY-EQ,2005-08-22T00:00:00Z,23.4,139.3,48.87218
EQ-20051016160500360381399374751__TC-TY0511,TY-EQ,2005-08-22T06:00:00Z,23.7,139.2,46.29996
EQ-20051016160500360381399374751__TC-TY0511,TY-EQ,2005-08-22T12:00:00Z,24.0,138.8,43.72774
EQ-20051016160500360381399374751__TC-TY0511,TY-EQ,2005-08-22T18:00:00Z,24.6,138.2,41.15552
EQ-20051016160500360381399374751__TC-TY0511,TY-EQ,2005-08-23T00:00:00Z,25.4,137.8,41.15552
EQ-20051016160500360381399374751__TC-TY0511,TY-EQ,2005-08-23T06:00:00Z,26.3,137.6,41.15552
EQ-20051016160500360381399374751__TC-TY0511,TY-EQ,2005-08-23T12:00:00Z,26.9,137.3,41.15552
EQ-20051016160500360381399374751__TC-TY0511,TY-EQ,2005-08-23T18:00:00Z,27.8,137.0,41.15552
EQ-20051016160500360381399374751__TC-TY0511,TY-EQ,2005-08-24T00:00:00Z,28.7,136.9,43.72774
EQ-20051016160500360381399374751__TC-TY0511,TY-EQ,2005-08-24T06:00:00Z,29.7,137.0,43.72774
EQ-20051016160500360381399374751__TC-TY0511,TY-EQ,2005-08-24T12:00:00Z,30.6,137.2,43.72774
EQ-20051016160500360381399374751__TC-TY0511,TY-EQ,2005-08-24T15:00:00Z,31.2,137.2,41.15552
EQ-20051016160500360381399374751__TC-TY0511,TY-EQ,2005-08-24T18:00:00Z,31.5,137.0,41.15552
EQ-20051016160500360381399374751__TC-TY0511,TY-EQ,2005-08-24T21:00:00Z,32.1,137.1,41.15552
EQ-20051016160500360381399374751__TC-TY0511,TY-EQ,2005-08-25T00:00:00Z,32.6,137.1,38.5833
EQ-20051016160500360381399374751__TC-TY0511,TY-EQ,2005-08-25T03:00:00Z,33.0,137.3,38.5833
EQ-20051016160500360381399374751__TC-TY0511,TY-EQ,2005-08-25T06:00:00Z,33.4,137.7,36.01108
EQ-20051016160500360381399374751__TC-TY0511,TY-EQ,2005-08-25T09:00:00Z,33.9,137.9,36.01108
EQ-20051016160500360381399374751__TC-TY0511,TY-EQ,2005-08-25T12:00:00Z,34.3,138.6,36.01108
EQ-20051016160500360381399374751__TC-TY0511,TY-EQ,2005-08-25T15:00:00Z,34.8,139.2,33.43886
EQ-20051016160500360381399374751__TC-TY0511,TY-EQ,2005-08-25T17:00:00Z,35.1,139.5,33.43886
EQ-20051016160500360381399374751__TC-TY0511,TY-EQ,2005-08-25T18:00:00Z,35.3,139.8,33.43886
EQ-20051016160500360381399374751__TC-TY0511,TY-EQ,2005-08-25T19:00:00Z,35.5,140.0,33.43886
EQ-20051016160500360381399374751__TC-TY0511,TY-EQ,2005-08-25T21:00:00Z,35.8,140.3,30.86664
EQ-20051016160500360381399374751__TC-TY0511,TY-EQ,2005-08-26T00:00:00Z,36.1,141.0,25.7222
EQ-20051016160500360381399374751__TC-TY0511,TY-EQ,2005-08-26T03:00:00Z,36.3,141.6,25.7222
EQ-20051016160500360381399374751__TC-TY0511,TY-EQ,2005-08-26T06:00:00Z,36.8,142.7,23.14998
EQ-20051016160500360381399374751__TC-TY0511,TY-EQ,2005-08-26T12:00:00Z,37.1,144.6,23.14998
EQ-20051016160500360381399374751__TC-TY0511,TY-EQ,2005-08-26T18:00:00Z,37.4,146.2,20.57776
EQ-20051016160500360381399374751__TC-TY0511,TY-EQ,2005-08-27T00:00:00Z,37.3,148.0,20.57776
EQ-20051016160500360381399374751__TC-TY0511,TY-EQ,2005-08-27T06:00:00Z,37.3,149.3,20.57776
EQ-20051016160500360381399374751__TC-TY0511,TY-EQ,2005-08-27T12:00:00Z,36.6,150.8,20.57776
EQ-20051016160500360381399374751__TC-TY0511,TY-EQ,2005-08-27T18:00:00Z,36.3,151.8,20.57776
EQ-20051016160500360381399374751__TC-TY0511,TY-EQ,2005-08-28T00:00:00Z,35.8,153.0,0.0
EQ-20051016160500360381399374751__TC-TY0511,TY-EQ,2005-08-28T06:00:00Z,35.7,153.3,0.0
EQ-20051016160500360381399374751__TC-TY0511,TY-EQ,2005-08-28T12:00:00Z,36.0,153.6,0.0
EQ-20051016160500360381399374751__TC-TY0511,TY-EQ,2005-08-28T18:00:00Z,36.3,153.3,0.0
EQ-20051016160500360381399374751__TC-TY0511,TY-EQ,2005-08-29T00:00:00Z,36.9,153.4,0.0
EQ-20051016160500360381399374751__TC-TY0511,TY-EQ,2005-08-29T06:00:00Z,37.5,153.6,0.0
EQ-20051016160500360381399374751__TC-TY0511,TY-EQ,2005-08-29T12:00:00Z,39.1,154.5,0.0
EQ-20051016160500360381399374751__TC-TY0511,TY-EQ,2005-08-29T18:00:00Z,41.0,156.2,0.0
EQ-20051016160500360381399374751__TC-TY0511,TY-EQ,2005-08-30T00:00:00Z,40.9,156.9,0.0
EQ-20051016160500360381399374751__TC-TY0511,TY-EQ,2005-08-30T06:00:00Z,40.7,157.6,0.0
EQ-20051016160500360381399374751__TC-TY0511,TY-EQ,2005-08-30T12:00:00Z,40.3,158.3,0.0
EQ-20051016160500360381399374751__TC-TY0511,TY-EQ,2005-08-30T18:00:00Z,40.0,158.9,0.0
EQ-20051016160500360381399374751__TC-TY0511,TY-EQ,2005-08-31T00:00:00Z,39.7,159.7,0.0
EQ-20051016160500360381399374751__TC-TY0511,TY-EQ,2005-08-31T06:00:00Z,39.6,160.8,0.0
EQ-20051016160500360381399374751__TC-TY0511,TY-EQ,2005-08-31T12:00:00Z,39.5,161.7,0.0
EQ-20051016160500360381399374751__TC-TY0511,TY-EQ,2005-08-31T18:00:00Z,39.5,162.6,0.0
EQ-20051016160500360381399374751__TC-TY0511,TY-EQ,2005-09-01T00:00:00Z,39.5,163.6,0.0
EQ-20050723163500355821401387360__TC-TY0507,Simultaneous,2005-07-20T12:00:00Z,13.2,138.0,0.0
EQ-20050723163500355821401387360__TC-TY0507,Simultaneous,2005-07-20T18:00:00Z,13.3,137.8,0.0
EQ-20050723163500355821401387360__TC-TY0507,Simultaneous,2005-07-21T00:00:00Z,13.4,137.7,0.0
EQ-20050723163500355821401387360__TC-TY0507,Simultaneous,2005-07-21T06:00:00Z,13.7,137.5,0.0
EQ-20050723163500355821401387360__TC-TY0507,Simultaneous,2005-07-21T12:00:00Z,14.4,137.4,0.0
EQ-20050723163500355821401387360__TC-TY0507,Simultaneous,2005-07-21T18:00:00Z,15.1,137.3,18.00554
EQ-20050723163500355821401387360__TC-TY0507,Simultaneous,2005-07-22T00:00:00Z,16.0,137.4,18.00554
EQ-20050723163500355821401387360__TC-TY0507,Simultaneous,2005-07-22T06:00:00Z,16.9,137.5,20.57776
EQ-20050723163500355821401387360__TC-TY0507,Simultaneous,2005-07-22T12:00:00Z,17.6,137.4,20.57776
EQ-20050723163500355821401387360__TC-TY0507,Simultaneous,2005-07-22T18:00:00Z,18.2,137.3,20.57776
EQ-20050723163500355821401387360__TC-TY0507,Simultaneous,2005-07-23T00:00:00Z,18.9,137.3,23.14998
EQ-20050723163500355821401387360__TC-TY0507,Simultaneous,2005-07-23T06:00:00Z,19.5,137.3,23.14998
EQ-20050723163500355821401387360__TC-TY0507,Simultaneous,2005-07-23T12:00:00Z,20.1,137.4,25.7222
EQ-20050723163500355821401387360__TC-TY0507,Simultaneous,2005-07-23T18:00:00Z,21.2,137.5,28.29442
EQ-20050723163500355821401387360__TC-TY0507,Simultaneous,2005-07-24T00:00:00Z,22.1,137.5,28.29442
EQ-20050723163500355821401387360__TC-TY0507,Simultaneous,2005-07-24T06:00:00Z,23.5,137.4,28.29442
EQ-20050723163500355821401387360__TC-TY0507,Simultaneous,2005-07-24T12:00:00Z,24.4,137.3,28.29442
EQ-20050723163500355821401387360__TC-TY0507,Simultaneous,2005-07-24T18:00:00Z,25.6,137.2,28.29442
EQ-20050723163500355821401387360__TC-TY0507,Simultaneous,2005-07-25T00:00:00Z,26.8,137.0,28.29442
EQ-20050723163500355821401387360__TC-TY0507,Simultaneous,2005-07-25T06:00:00Z,28.5,136.9,25.7222
EQ-20050723163500355821401387360__TC-TY0507,Simultaneous,2005-07-25T12:00:00Z,30.1,136.7,25.7222
EQ-20050723163500355821401387360__TC-TY0507,Simultaneous,2005-07-25T15:00:00Z,30.5,136.8,25.7222
EQ-20050723163500355821401387360__TC-TY0507,Simultaneous,2005-07-25T18:00:00Z,31.0,136.9,23.14998
EQ-20050723163500355821401387360__TC-TY0507,Simultaneous,2005-07-25T21:00:00Z,31.6,137.1,23.14998
EQ-20050723163500355821401387360__TC-TY0507,Simultaneous,2005-07-26T00:00:00Z,32.3,137.6,23.14998
EQ-20050723163500355821401387360__TC-TY0507,Simultaneous,2005-07-26T03:00:00Z,32.7,138.0,23.14998
EQ-20050723163500355821401387360__TC-TY0507,Simultaneous,2005-07-26T06:00:00Z,33.4,138.9,23.14998
EQ-20050723163500355821401387360__TC-TY0507,Simultaneous,2005-07-26T09:00:00Z,34.2,139.6,23.14998
EQ-20050723163500355821401387360__TC-TY0507,Simultaneous,2005-07-26T11:00:00Z,35.1,140.2,23.14998
EQ-20050723163500355821401387360__TC-TY0507,Simultaneous,2005-07-26T12:00:00Z,35.4,140.4,23.14998
EQ-20050723163500355821401387360__TC-TY0507,Simultaneous,2005-07-26T15:00:00Z,36.2,141.4,23.14998
EQ-20050723163500355821401387360__TC-TY0507,Simultaneous,2005-07-26T18:00:00Z,37.0,142.2,23.14998
EQ-20050723163500355821401387360__TC-TY0507,Simultaneous,2005-07-26T21:00:00Z,38.1,143.5,23.14998
EQ-20050723163500355821401387360__TC-TY0507,Simultaneous,2005-07-27T00:00:00Z,39.0,144.8,23.14998
EQ-20050723163500355821401387360__TC-TY0507,Simultaneous,2005-07-27T03:00:00Z,40.2,145.7,23.14998
EQ-20050723163500355821401387360__TC-TY0507,Simultaneous,2005-07-27T06:00:00Z,41.0,146.6,23.14998
EQ-20050723163500355821401387360__TC-TY0507,Simultaneous,2005-07-27T12:00:00Z,43.0,148.3,20.57776
EQ-20050723163500355821401387360__TC-TY0507,Simultaneous,2005-07-27T18:00:00Z,44.7,149.1,18.00554
EQ-20050723163500355821401387360__TC-TY0507,Simultaneous,2005-07-28T00:00:00Z,46.2,149.9,0.0
EQ-20050723163500355821401387360__TC-TY0507,Simultaneous,2005-07-28T06:00:00Z,47.1,151.4,0.0
EQ-20050723163500355821401387360__TC-TY0507,Simultaneous,2005-07-28T12:00:00Z,47.8,152.5,0.0
EQ-20050723163500355821401387360__TC-TY0507,Simultaneous,2005-07-28T18:00:00Z,48.4,153.6,0.0
EQ-20050723163500355821401387360__TC-TY0507,Simultaneous,2005-07-29T00:00:00Z,49.1,156.3,0.0
EQ-20050723163500355821401387360__TC-TY0507,Simultaneous,2005-07-29T06:00:00Z,50.4,159.3,0.0
EQ-20050723163500355821401387360__TC-TY0507,Simultaneous,2005-07-29T12:00:00Z,51.7,162.3,0.0
EQ-20050723163500355821401387360__TC-TY0507,Simultaneous,2005-07-29T18:00:00Z,53.3,165.2,0.0
EQ-20050723163500355821401387360__TC-TY0507,Simultaneous,2005-07-30T00:00:00Z,54.2,168.4,0.0
EQ-20050723163500355821401387360__TC-TY0507,Simultaneous,2005-07-30T06:00:00Z,54.8,170.4,0.0
EQ-20050723163500355821401387360__TC-TY0507,Simultaneous,2005-07-30T12:00:00Z,55.1,173.3,0.0
EQ-20050723163500355821401387360__TC-TY0507,Simultaneous,2005-07-30T18:00:00Z,54.5,176.1,0.0
EQ-20050723163500355821401387360__TC-TY0507,Simultaneous,2005-07-31T00:00:00Z,53.8,179.4,0.0
EQ-20050723163500355821401387360__TC-TY0507,Simultaneous,2005-07-31T06:00:00Z,53.1,182.0,0.0
EQ-20050620011500357331406935156__TC-TY0517,EQ-TY,2005-09-19T00:00:00Z,19.9,155.1,0.0
EQ-20050620011500357331406935156__TC-TY0517,EQ-TY,2005-09-19T06:00:00Z,20.2,154.4,0.0
EQ-20050620011500357331406935156__TC-TY0517,EQ-TY,2005-09-19T12:00:00Z,20.5,153.7,0.0
EQ-20050620011500357331406935156__TC-TY0517,EQ-TY,2005-09-19T18:00:00Z,20.8,153.0,0.0
EQ-20050620011500357331406935156__TC-TY0517,EQ-TY,2005-09-20T00:00:00Z,21.3,152.4,0.0
EQ-20050620011500357331406935156__TC-TY0517,EQ-TY,2005-09-20T06:00:00Z,21.6,152.0,0.0
EQ-20050620011500357331406935156__TC-TY0517,EQ-TY,2005-09-20T12:00:00Z,21.9,151.5,0.0
EQ-20050620011500357331406935156__TC-TY0517,EQ-TY,2005-09-20T18:00:00Z,22.3,151.1,18.00554
EQ-20050620011500357331406935156__TC-TY0517,EQ-TY,2005-09-21T00:00:00Z,22.6,150.6,20.57776
EQ-20050620011500357331406935156__TC-TY0517,EQ-TY,2005-09-21T06:00:00Z,23.1,149.9,23.14998
EQ-20050620011500357331406935156__TC-TY0517,EQ-TY,2005-09-21T12:00:00Z,23.5,149.0,25.7222
EQ-20050620011500357331406935156__TC-TY0517,EQ-TY,2005-09-21T18:00:00Z,24.2,147.3,28.29442
EQ-20050620011500357331406935156__TC-TY0517,EQ-TY,2005-09-22T00:00:00Z,24.6,146.0,33.43886
EQ-20050620011500357331406935156__TC-TY0517,EQ-TY,2005-09-22T06:00:00Z,25.2,144.3,36.01108
EQ-20050620011500357331406935156__TC-TY0517,EQ-TY,2005-09-22T09:00:00Z,25.3,143.6,36.01108
EQ-20050620011500357331406935156__TC-TY0517,EQ-TY,2005-09-22T12:00:00Z,25.6,142.8,38.5833
EQ-20050620011500357331406935156__TC-TY0517,EQ-TY,2005-09-22T15:00:00Z,26.0,142.1,38.5833
EQ-20050620011500357331406935156__TC-TY0517,EQ-TY,2005-09-22T18:00:00Z,26.4,141.3,38.5833
EQ-20050620011500357331406935156__TC-TY0517,EQ-TY,2005-09-22T21:00:00Z,26.7,140.7,38.5833
EQ-20050620011500357331406935156__TC-TY0517,EQ-TY,2005-09-23T00:00:00Z,27.2,140.2,38.5833
EQ-20050620011500357331406935156__TC-TY0517,EQ-TY,2005-09-23T03:00:00Z,27.5,139.5,38.5833
EQ-20050620011500357331406935156__TC-TY0517,EQ-TY,2005-09-23T06:00:00Z,27.6,139.2,41.15552
EQ-20050620011500357331406935156__TC-TY0517,EQ-TY,2005-09-23T09:00:00Z,28.0,139.0,41.15552
EQ-20050620011500357331406935156__TC-TY0517,EQ-TY,2005-09-23T12:00:00Z,28.4,138.7,41.15552
EQ-20050620011500357331406935156__TC-TY0517,EQ-TY,2005-09-23T15:00:00Z,28.7,138.6,41.15552
EQ-20050620011500357331406935156__TC-TY0517,EQ-TY,2005-09-23T18:00:00Z,29.1,138.3,41.15552
EQ-20050620011500357331406935156__TC-TY0517,EQ-TY,2005-09-23T21:00:00Z,29.3,138.0,41.15552
EQ-20050620011500357331406935156__TC-TY0517,EQ-TY,2005-09-24T00:00:00Z,29.7,137.8,41.15552
EQ-20050620011500357331406935156__TC-TY0517,EQ-TY,2005-09-24T03:00:00Z,30.1,137.9,41.15552
EQ-20050620011500357331406935156__TC-TY0517,EQ-TY,2005-09-24T06:00:00Z,30.4,138.0,41.15552
EQ-20050620011500357331406935156__TC-TY0517,EQ-TY,2005-09-24T09:00:00Z,30.8,138.3,41.15552
EQ-20050620011500357331406935156__TC-TY0517,EQ-TY,2005-09-24T12:00:00Z,31.5,138.5,41.15552
EQ-20050620011500357331406935156__TC-TY0517,EQ-TY,2005-09-24T15:00:00Z,31.8,138.8,41.15552
EQ-20050620011500357331406935156__TC-TY0517,EQ-TY,2005-09-24T18:00:00Z,32.2,139.2,38.5833
EQ-20050620011500357331406935156__TC-TY0517,EQ-TY,2005-09-24T21:00:00Z,32.7,139.8,38.5833
EQ-20050620011500357331406935156__TC-TY0517,EQ-TY,2005-09-25T00:00:00Z,33.1,140.8,38.5833
EQ-20050620011500357331406935156__TC-TY0517,EQ-TY,2005-09-25T03:00:00Z,34.0,141.8,38.5833
EQ-20050620011500357331406935156__TC-TY0517,EQ-TY,2005-09-25T06:00:00Z,34.7,142.9,38.5833
EQ-20050620011500357331406935156__TC-TY0517,EQ-TY,2005-09-25T09:00:00Z,35.4,143.9,38.5833
EQ-20050620011500357331406935156__TC-TY0517,EQ-TY,2005-09-25T12:00:00Z,35.7,144.7,36.01108
EQ-20050620011500357331406935156__TC-TY0517,EQ-TY,2005-09-25T18:00:00Z,36.3,146.0,33.43886
EQ-20050620011500357331406935156__TC-TY0517,EQ-TY,2005-09-26T00:00:00Z,36.9,147.2,30.86664
EQ-20050620011500357331406935156__TC-TY0517,EQ-TY,2005-09-26T06:00:00Z,37.8,148.9,28.29442
EQ-20050620011500357331406935156__TC-TY0517,EQ-TY,2005-09-26T12:00:00Z,38.9,151.2,0.0
EQ-20050620011500357331406935156__TC-TY0517,EQ-TY,2005-09-26T18:00:00Z,39.4,154.0,0.0
EQ-20050620011500357331406935156__TC-TY0517,EQ-TY,2005-09-27T00:00:00Z,40.4,159.4,0.0
EQ-20050620011500357331406935156__TC-TY0517,EQ-TY,2005-09-27T06:00:00Z,40.8,165.1,0.0
EQ-20050620011500357331406935156__TC-TY0517,EQ-TY,2005-09-27T12:00:00Z,41.5,171.7,0.0
EQ-20050620011500357331406935156__TC-TY0517,EQ-TY,2005-09-27T18:00:00Z,42.2,178.4,0.0
EQ-20050620011500357331406935156__TC-TY0517,EQ-TY,2005-09-28T00:00:00Z,42.2,184.4,0.0
EQ-2005051108500043714335816652__TC-TY0514,EQ-TY,2005-08-29T00:00:00Z,14.6,154.0,0.0
EQ-2005051108500043714335816652__TC-TY0514,EQ-TY,2005-08-29T06:00:00Z,14.9,153.4,0.0
EQ-2005051108500043714335816652__TC-TY0514,EQ-TY,2005-08-29T12:00:00Z,15.0,152.3,20.57776
EQ-2005051108500043714335816652__TC-TY0514,EQ-TY,2005-08-29T18:00:00Z,15.1,151.2,23.14998
EQ-2005051108500043714335816652__TC-TY0514,EQ-TY,2005-08-30T00:00:00Z,15.1,150.2,25.7222
EQ-2005051108500043714335816652__TC-TY0514,EQ-TY,2005-08-30T06:00:00Z,15.1,149.2,28.29442
EQ-2005051108500043714335816652__TC-TY0514,EQ-TY,2005-08-30T12:00:00Z,14.8,147.8,30.86664
EQ-2005051108500043714335816652__TC-TY0514,EQ-TY,2005-08-30T18:00:00Z,15.2,147.1,36.01108
EQ-2005051108500043714335816652__TC-TY0514,EQ-TY,2005-08-31T00:00:00Z,15.6,146.3,41.15552
EQ-2005051108500043714335816652__TC-TY0514,EQ-TY,2005-08-31T06:00:00Z,16.4,144.9,43.72774
EQ-2005051108500043714335816652__TC-TY0514,EQ-TY,2005-08-31T12:00:00Z,16.6,143.7,46.29996
EQ-2005051108500043714335816652__TC-TY0514,EQ-TY,2005-08-31T18:00:00Z,16.7,142.6,46.29996
EQ-2005051108500043714335816652__TC-TY0514,EQ-TY,2005-09-01T00:00:00Z,17.3,141.5,46.29996
EQ-2005051108500043714335816652__TC-TY0514,EQ-TY,2005-09-01T06:00:00Z,17.7,140.7,46.29996
EQ-2005051108500043714335816652__TC-TY0514,EQ-TY,2005-09-01T12:00:00Z,18.3,139.8,48.87218
EQ-2005051108500043714335816652__TC-TY0514,EQ-TY,2005-09-01T18:00:00Z,18.8,138.5,48.87218
EQ-2005051108500043714335816652__TC-TY0514,EQ-TY,2005-09-02T00:00:00Z,19.2,137.5,48.87218
EQ-2005051108500043714335816652__TC-TY0514,EQ-TY,2005-09-02T06:00:00Z,19.6,136.8,48.87218
EQ-2005051108500043714335816652__TC-TY0514,EQ-TY,2005-09-02T12:00:00Z,20.1,136.1,48.87218
EQ-2005051108500043714335816652__TC-TY0514,EQ-TY,2005-09-02T18:00:00Z,20.8,135.3,48.87218
EQ-2005051108500043714335816652__TC-TY0514,EQ-TY,2005-09-03T00:00:00Z,21.4,134.6,46.29996
EQ-2005051108500043714335816652__TC-TY0514,EQ-TY,2005-09-03T06:00:00Z,22.3,134.0,46.29996
EQ-2005051108500043714335816652__TC-TY0514,EQ-TY,2005-09-03T12:00:00Z,23.2,133.2,46.29996
EQ-2005051108500043714335816652__TC-TY0514,EQ-TY,2005-09-03T15:00:00Z,23.5,132.9,46.29996
EQ-2005051108500043714335816652__TC-TY0514,EQ-TY,2005-09-03T18:00:00Z,24.0,132.6,43.72774
EQ-2005051108500043714335816652__TC-TY0514,EQ-TY,2005-09-03T21:00:00Z,24.4,132.5,43.72774
EQ-2005051108500043714335816652__TC-TY0514,EQ-TY,2005-09-04T00:00:00Z,24.8,132.2,43.72774
EQ-2005051108500043714335816652__TC-TY0514,EQ-TY,2005-09-04T03:00:00Z,25.5,132.0,43.72774
EQ-2005051108500043714335816652__TC-TY0514,EQ-TY,2005-09-04T06:00:00Z,26.1,131.6,43.72774
EQ-2005051108500043714335816652__TC-TY0514,EQ-TY,2005-09-04T09:00:00Z,26.3,131.3,43.72774
EQ-2005051108500043714335816652__TC-TY0514,EQ-TY,2005-09-04T12:00:00Z,26.6,131.2,43.72774
EQ-2005051108500043714335816652__TC-TY0514,EQ-TY,2005-09-04T15:00:00Z,26.8,131.0,43.72774
EQ-2005051108500043714335816652__TC-TY0514,EQ-TY,2005-09-04T18:00:00Z,27.1,131.0,43.72774
EQ-2005051108500043714335816652__TC-TY0514,EQ-TY,2005-09-04T21:00:00Z,27.6,130.9,43.72774
EQ-2005051108500043714335816652__TC-TY0514,EQ-TY,2005-09-05T00:00:00Z,27.9,130.7,43.72774
EQ-2005051108500043714335816652__TC-TY0514,EQ-TY,2005-09-05T03:00:00Z,28.4,130.5,43.72774
EQ-2005051108500043714335816652__TC-TY0514,EQ-TY,2005-09-05T06:00:00Z,28.8,130.4,43.72774
EQ-2005051108500043714335816652__TC-TY0514,EQ-TY,2005-09-05T09:00:00Z,29.1,130.2,43.72774
EQ-2005051108500043714335816652__TC-TY0514,EQ-TY,2005-09-05T12:00:00Z,29.4,130.2,43.72774
EQ-2005051108500043714335816652__TC-TY0514,EQ-TY,2005-09-05T15:00:00Z,29.7,130.1,43.72774
EQ-2005051108500043714335816652__TC-TY0514,EQ-TY,2005-09-05T18:00:00Z,30.2,130.2,41.15552
EQ-2005051108500043714335816652__TC-TY0514,EQ-TY,2005-09-05T21:00:00Z,30.8,130.2,41.15552
EQ-2005051108500043714335816652__TC-TY0514,EQ-TY,2005-09-06T00:00:00Z,31.4,130.0,41.15552
EQ-2005051108500043714335816652__TC-TY0514,EQ-TY,2005-09-06T03:00:00Z,32.1,130.1,38.5833
EQ-2005051108500043714335816652__TC-TY0514,EQ-TY,2005-09-06T04:00:00Z,32.5,130.2,36.01108
EQ-2005051108500043714335816652__TC-TY0514,EQ-TY,2005-09-06T05:00:00Z,32.7,130.1,33.43886
EQ-2005051108500043714335816652__TC-TY0514,EQ-TY,2005-09-06T06:00:00Z,33.0,130.2,33.43886
EQ-2005051108500043714335816652__TC-TY0514,EQ-TY,2005-09-06T09:00:00Z,33.5,130.3,33.43886
EQ-2005051108500043714335816652__TC-TY0514,EQ-TY,2005-09-06T12:00:00Z,34.2,130.8,33.43886
EQ-2005051108500043714335816652__TC-TY0514,EQ-TY,2005-09-06T15:00:00Z,34.9,131.1,33.43886
EQ-2005051108500043714335816652__TC-TY0514,EQ-TY,2005-09-06T18:00:00Z,36.0,131.8,33.43886
EQ-2005051108500043714335816652__TC-TY0514,EQ-TY,2005-09-06T21:00:00Z,36.9,132.2,30.86664
EQ-2005051108500043714335816652__TC-TY0514,EQ-TY,2005-09-07T00:00:00Z,37.5,133.0,28.29442
EQ-2005051108500043714335816652__TC-TY0514,EQ-TY,2005-09-07T03:00:00Z,38.2,134.0,28.29442
EQ-2005051108500043714335816652__TC-TY0514,EQ-TY,2005-09-07T06:00:00Z,38.8,135.2,25.7222
EQ-2005051108500043714335816652__TC-TY0514,EQ-TY,2005-09-07T09:00:00Z,40.0,137.0,25.7222
EQ-2005051108500043714335816652__TC-TY0514,EQ-TY,2005-09-07T12:00:00Z,41.0,138.7,25.7222
EQ-2005051108500043714335816652__TC-TY0514,EQ-TY,2005-09-07T15:00:00Z,42.6,139.7,25.7222
EQ-2005051108500043714335816652__TC-TY0514,EQ-TY,2005-09-07T18:00:00Z,44.0,141.1,25.7222
EQ-2005051108500043714335816652__TC-TY0514,EQ-TY,2005-09-07T19:00:00Z,44.5,141.5,25.7222
EQ-2005051108500043714335816652__TC-TY0514,EQ-TY,2005-09-07T21:00:00Z,45.3,142.9,25.7222
EQ-2005051108500043714335816652__TC-TY0514,EQ-TY,2005-09-08T00:00:00Z,46.0,145.0,25.7222
EQ-2005051108500043714335816652__TC-TY0514,EQ-TY,2005-09-08T03:00:00Z,47.0,147.0,25.7222
EQ-2005051108500043714335816652__TC-TY0514,EQ-TY,2005-09-08T06:00:00Z,47.4,147.9,0.0
EQ-2005051108500043714335816652__TC-TY0514,EQ-TY,2005-09-08T12:00:00Z,48.9,150.6,0.0
EQ-2005051108500043714335816652__TC-TY0514,EQ-TY,2005-09-08T18:00:00Z,49.8,154.2,0.0
EQ-2005051108500043714335816652__TC-TY0514,EQ-TY,2005-09-09T00:00:00Z,49.9,157.6,0.0
EQ-2005051108500043714335816652__TC-TY0514,EQ-TY,2005-09-09T06:00:00Z,49.8,162.2,0.0
EQ-2005051108500043714335816652__TC-TY0514,EQ-TY,2005-09-09T12:00:00Z,49.9,166.4,0.0
EQ-2005051108500043714335816652__TC-TY0514,EQ-TY,2005-09-09T18:00:00Z,49.6,170.5,0.0
EQ-2004121414560044075141699961__TC-TY0415,TY-EQ,2004-08-14T00:00:00Z,14.7,140.9,0.0
EQ-2004121414560044075141699961__TC-TY0415,TY-EQ,2004-08-14T06:00:00Z,14.8,138.7,0.0
EQ-2004121414560044075141699961__TC-TY0415,TY-EQ,2004-08-14T12:00:00Z,15.3,137.3,0.0
EQ-2004121414560044075141699961__TC-TY0415,TY-EQ,2004-08-14T18:00:00Z,16.0,135.9,0.0
EQ-2004121414560044075141699961__TC-TY0415,TY-EQ,2004-08-15T00:00:00Z,16.9,135.3,0.0
EQ-2004121414560044075141699961__TC-TY0415,TY-EQ,2004-08-15T06:00:00Z,17.7,134.2,0.0
EQ-2004121414560044075141699961__TC-TY0415,TY-EQ,2004-08-15T12:00:00Z,18.0,133.3,0.0
EQ-2004121414560044075141699961__TC-TY0415,TY-EQ,2004-08-15T18:00:00Z,18.2,132.5,0.0
EQ-2004121414560044075141699961__TC-TY0415,TY-EQ,2004-08-16T00:00:00Z,18.6,131.6,0.0
EQ-2004121414560044075141699961__TC-TY0415,TY-EQ,2004-08-16T06:00:00Z,18.8,130.8,18.00554
EQ-2004121414560044075141699961__TC-TY0415,TY-EQ,2004-08-16T12:00:00Z,20.0,129.6,18.00554
EQ-2004121414560044075141699961__TC-TY0415,TY-EQ,2004-08-16T18:00:00Z,21.2,128.8,18.00554
EQ-2004121414560044075141699961__TC-TY0415,TY-EQ,2004-08-16T21:00:00Z,22.2,128.2,20.57776
EQ-2004121414560044075141699961__TC-TY0415,TY-EQ,2004-08-17T00:00:00Z,23.0,127.8,20.57776
EQ-2004121414560044075141699961__TC-TY0415,TY-EQ,2004-08-17T03:00:00Z,24.0,127.4,20.57776
EQ-2004121414560044075141699961__TC-TY0415,TY-EQ,2004-08-17T06:00:00Z,25.1,126.9,23.14998
EQ-2004121414560044075141699961__TC-TY0415,TY-EQ,2004-08-17T09:00:00Z,25.8,126.5,25.7222
EQ-2004121414560044075141699961__TC-TY0415,TY-EQ,2004-08-17T12:00:00Z,26.8,126.2,25.7222
EQ-2004121414560044075141699961__TC-TY0415,TY-EQ,2004-08-17T18:00:00Z,27.6,125.6,30.86664
EQ-2004121414560044075141699961__TC-TY0415,TY-EQ,2004-08-18T00:00:00Z,28.4,125.3,33.43886
EQ-2004121414560044075141699961__TC-TY0415,TY-EQ,2004-08-18T06:00:00Z,30.0,125.4,33.43886
EQ-2004121414560044075141699961__TC-TY0415,TY-EQ,2004-08-18T09:00:00Z,30.5,125.5,33.43886
EQ-2004121414560044075141699961__TC-TY0415,TY-EQ,2004-08-18T12:00:00Z,31.2,126.2,33.43886
EQ-2004121414560044075141699961__TC-TY0415,TY-EQ,2004-08-18T15:00:00Z,32.0,127.0,33.43886
EQ-2004121414560044075141699961__TC-TY0415,TY-EQ,2004-08-18T18:00:00Z,33.1,127.8,33.43886
EQ-2004121414560044075141699961__TC-TY0415,TY-EQ,2004-08-18T21:00:00Z,34.4,128.7,33.43886
EQ-2004121414560044075141699961__TC-TY0415,TY-EQ,2004-08-19T00:00:00Z,35.6,129.7,33.43886
EQ-2004121414560044075141699961__TC-TY0415,TY-EQ,2004-08-19T03:00:00Z,36.7,130.9,33.43886
EQ-2004121414560044075141699961__TC-TY0415,TY-EQ,2004-08-19T06:00:00Z,37.7,132.2,33.43886
EQ-2004121414560044075141699961__TC-TY0415,TY-EQ,2004-08-19T09:00:00Z,38.7,133.6,33.43886
EQ-2004121414560044075141699961__TC-TY0415,TY-EQ,2004-08-19T12:00:00Z,39.5,135.4,30.86664
EQ-2004121414560044075141699961__TC-TY0415,TY-EQ,2004-08-19T15:00:00Z,40.1,137.1,30.86664
EQ-2004121414560044075141699961__TC-TY0415,TY-EQ,2004-08-19T18:00:00Z,40.6,138.6,30.86664
EQ-2004121414560044075141699961__TC-TY0415,TY-EQ,2004-08-19T21:00:00Z,40.9,140.2,30.86664
EQ-2004121414560044075141699961__TC-TY0415,TY-EQ,2004-08-19T23:00:00Z,41.1,141.0,30.86664
EQ-2004121414560044075141699961__TC-TY0415,TY-EQ,2004-08-20T00:00:00Z,41.2,141.7,28.29442
EQ-2004121414560044075141699961__TC-TY0415,TY-EQ,2004-08-20T03:00:00Z,41.4,143.9,28.29442
EQ-2004121414560044075141699961__TC-TY0415,TY-EQ,2004-08-20T06:00:00Z,41.6,145.8,25.7222
EQ-2004121414560044075141699961__TC-TY0415,TY-EQ,2004-08-20T09:00:00Z,42.0,148.0,0.0
EQ-2004121414560044075141699961__TC-TY0415,TY-EQ,2004-08-20T12:00:00Z,42.0,152.0,0.0
EQ-2004121414560044075141699961__TC-TY0415,TY-EQ,2004-08-20T18:00:00Z,42.5,153.8,0.0
EQ-2004121414560044075141699961__TC-TY0415,TY-EQ,2004-08-21T00:00:00Z,43.0,155.9,0.0
EQ-2004121414560044075141699961__TC-TY0415,TY-EQ,2004-08-21T06:00:00Z,43.5,160.0,0.0
EQ-2004121414560044075141699961__TC-TY0415,TY-EQ,2004-08-21T12:00:00Z,43.8,163.6,0.0
EQ-2004121414560044075141699961__TC-TY0415,TY-EQ,2004-08-21T18:00:00Z,43.8,167.1,0.0
EQ-2004121414560044075141699961__TC-TY0415,TY-EQ,2004-08-22T00:00:00Z,43.9,170.4,0.0
EQ-2004121414560044075141699961__TC-TY0415,TY-EQ,2004-08-22T06:00:00Z,42.0,174.1,0.0
EQ-2004110811160037395139032059__TC-TY0421,TY-EQ,2004-09-19T00:00:00Z,12.5,149.5,0.0
EQ-2004110811160037395139032059__TC-TY0421,TY-EQ,2004-09-19T06:00:00Z,12.1,148.4,0.0
EQ-2004110811160037395139032059__TC-TY0421,TY-EQ,2004-09-19T12:00:00Z,12.3,147.8,0.0
EQ-2004110811160037395139032059__TC-TY0421,TY-EQ,2004-09-19T18:00:00Z,12.5,146.6,0.0
EQ-2004110811160037395139032059__TC-TY0421,TY-EQ,2004-09-20T00:00:00Z,12.6,145.3,0.0
EQ-2004110811160037395139032059__TC-TY0421,TY-EQ,2004-09-20T06:00:00Z,12.6,144.2,0.0
EQ-2004110811160037395139032059__TC-TY0421,TY-EQ,2004-09-20T12:00:00Z,12.8,143.4,0.0
EQ-2004110811160037395139032059__TC-TY0421,TY-EQ,2004-09-20T18:00:00Z,12.9,142.6,18.00554
EQ-2004110811160037395139032059__TC-TY0421,TY-EQ,2004-09-21T00:00:00Z,13.2,141.9,18.00554
EQ-2004110811160037395139032059__TC-TY0421,TY-EQ,2004-09-21T06:00:00Z,13.5,141.4,20.57776
EQ-2004110811160037395139032059__TC-TY0421,TY-EQ,2004-09-21T12:00:00Z,14.0,140.8,23.14998
EQ-2004110811160037395139032059__TC-TY0421,TY-EQ,2004-09-21T18:00:00Z,14.5,140.1,25.7222
EQ-2004110811160037395139032059__TC-TY0421,TY-EQ,2004-09-22T00:00:00Z,14.9,139.6,25.7222
EQ-2004110811160037395139032059__TC-TY0421,TY-EQ,2004-09-22T06:00:00Z,15.4,139.2,25.7222
EQ-2004110811160037395139032059__TC-TY0421,TY-EQ,2004-09-22T12:00:00Z,16.0,138.6,28.29442
EQ-2004110811160037395139032059__TC-TY0421,TY-EQ,2004-09-22T18:00:00Z,16.5,138.2,33.43886
EQ-2004110811160037395139032059__TC-TY0421,TY-EQ,2004-09-23T00:00:00Z,17.3,137.5,33.43886
EQ-2004110811160037395139032059__TC-TY0421,TY-EQ,2004-09-23T06:00:00Z,17.9,136.7,38.5833
EQ-2004110811160037395139032059__TC-TY0421,TY-EQ,2004-09-23T12:00:00Z,18.4,135.9,38.5833
EQ-2004110811160037395139032059__TC-TY0421,TY-EQ,2004-09-23T18:00:00Z,18.8,135.1,41.15552
EQ-2004110811160037395139032059__TC-TY0421,TY-EQ,2004-09-24T00:00:00Z,19.4,134.3,43.72774
EQ-2004110811160037395139032059__TC-TY0421,TY-EQ,2004-09-24T06:00:00Z,20.1,133.3,46.29996
EQ-2004110811160037395139032059__TC-TY0421,TY-EQ,2004-09-24T12:00:00Z,20.5,132.6,46.29996
EQ-2004110811160037395139032059__TC-TY0421,TY-EQ,2004-09-24T18:00:00Z,21.4,131.9,46.29996
EQ-2004110811160037395139032059__TC-TY0421,TY-EQ,2004-09-25T00:00:00Z,22.3,131.2,46.29996
EQ-2004110811160037395139032059__TC-TY0421,TY-EQ,2004-09-25T06:00:00Z,23.6,130.2,43.72774
EQ-2004110811160037395139032059__TC-TY0421,TY-EQ,2004-09-25T12:00:00Z,24.5,129.2,41.15552
EQ-2004110811160037395139032059__TC-TY0421,TY-EQ,2004-09-25T15:00:00Z,24.8,128.5,41.15552
EQ-2004110811160037395139032059__TC-TY0421,TY-EQ,2004-09-25T18:00:00Z,25.2,127.8,41.15552
EQ-2004110811160037395139032059__TC-TY0421,TY-EQ,2004-09-25T21:00:00Z,25.4,127.1,41.15552
EQ-2004110811160037395139032059__TC-TY0421,TY-EQ,2004-09-26T00:00:00Z,25.5,126.5,41.15552
EQ-2004110811160037395139032059__TC-TY0421,TY-EQ,2004-09-26T03:00:00Z,25.6,126.0,41.15552
EQ-2004110811160037395139032059__TC-TY0421,TY-EQ,2004-09-26T06:00:00Z,25.7,125.6,43.72774
EQ-2004110811160037395139032059__TC-TY0421,TY-EQ,2004-09-26T09:00:00Z,25.8,125.4,43.72774
EQ-2004110811160037395139032059__TC-TY0421,TY-EQ,2004-09-26T12:00:00Z,25.8,125.2,43.72774
EQ-2004110811160037395139032059__TC-TY0421,TY-EQ,2004-09-26T15:00:00Z,25.9,125.0,43.72774
EQ-2004110811160037395139032059__TC-TY0421,TY-EQ,2004-09-26T18:00:00Z,26.0,124.8,43.72774
EQ-2004110811160037395139032059__TC-TY0421,TY-EQ,2004-09-26T21:00:00Z,26.1,124.9,43.72774
EQ-2004110811160037395139032059__TC-TY0421,TY-EQ,2004-09-27T00:00:00Z,26.1,124.9,43.72774
EQ-2004110811160037395139032059__TC-TY0421,TY-EQ,2004-09-27T03:00:00Z,26.2,125.0,43.72774
EQ-2004110811160037395139032059__TC-TY0421,TY-EQ,2004-09-27T06:00:00Z,26.3,125.1,43.72774
EQ-2004110811160037395139032059__TC-TY0421,TY-EQ,2004-09-27T09:00:00Z,26.5,125.3,41.15552
EQ-2004110811160037395139032059__TC-TY0421,TY-EQ,2004-09-27T12:00:00Z,26.8,125.5,41.15552
EQ-2004110811160037395139032059__TC-TY0421,TY-EQ,2004-09-27T15:00:00Z,26.9,125.8,41.15552
EQ-2004110811160037395139032059__TC-TY0421,TY-EQ,2004-09-27T18:00:00Z,27.2,126.0,38.5833
EQ-2004110811160037395139032059__TC-TY0421,TY-EQ,2004-09-27T21:00:00Z,27.6,126.3,38.5833
EQ-2004110811160037395139032059__TC-TY0421,TY-EQ,2004-09-28T00:00:00Z,28.0,126.6,36.01108
EQ-2004110811160037395139032059__TC-TY0421,TY-EQ,2004-09-28T03:00:00Z,28.4,126.8,36.01108
EQ-2004110811160037395139032059__TC-TY0421,TY-EQ,2004-09-28T06:00:00Z,28.9,127.1,33.43886
EQ-2004110811160037395139032059__TC-TY0421,TY-EQ,2004-09-28T09:00:00Z,29.4,127.4,33.43886
EQ-2004110811160037395139032059__TC-TY0421,TY-EQ,2004-09-28T12:00:00Z,29.9,127.8,33.43886
EQ-2004110811160037395139032059__TC-TY0421,TY-EQ,2004-09-28T15:00:00Z,30.3,128.3,33.43886
EQ-2004110811160037395139032059__TC-TY0421,TY-EQ,2004-09-28T18:00:00Z,30.8,129.0,30.86664
EQ-2004110811160037395139032059__TC-TY0421,TY-EQ,2004-09-28T21:00:00Z,31.2,129.7,30.86664
EQ-2004110811160037395139032059__TC-TY0421,TY-EQ,2004-09-28T23:00:00Z,31.5,130.2,30.86664
EQ-2004110811160037395139032059__TC-TY0421,TY-EQ,2004-09-29T00:00:00Z,31.7,130.5,30.86664
EQ-2004110811160037395139032059__TC-TY0421,TY-EQ,2004-09-29T03:00:00Z,32.3,131.5,30.86664
EQ-2004110811160037395139032059__TC-TY0421,TY-EQ,2004-09-29T06:00:00Z,32.9,132.7,28.29442
EQ-2004110811160037395139032059__TC-TY0421,TY-EQ,2004-09-29T09:00:00Z,33.7,134.0,28.29442
EQ-2004110811160037395139032059__TC-TY0421,TY-EQ,2004-09-29T11:00:00Z,34.4,134.6,25.7222
EQ-2004110811160037395139032059__TC-TY0421,TY-EQ,2004-09-29T12:00:00Z,34.8,135.5,25.7222
EQ-2004110811160037395139032059__TC-TY0421,TY-EQ,2004-09-29T15:00:00Z,36.2,136.4,23.14998
EQ-2004110811160037395139032059__TC-TY0421,TY-EQ,2004-09-29T18:00:00Z,37.0,137.8,23.14998
EQ-2004110811160037395139032059__TC-TY0421,TY-EQ,2004-09-29T21:00:00Z,38.3,140.0,23.14998
EQ-2004110811160037395139032059__TC-TY0421,TY-EQ,2004-09-30T00:00:00Z,38.7,141.1,0.0
EQ-2004110811160037395139032059__TC-TY0421,TY-EQ,2004-09-30T06:00:00Z,39.0,143.4,0.0
EQ-2004110811160037395139032059__TC-TY0421,TY-EQ,2004-09-30T12:00:00Z,38.4,145.0,0.0
EQ-2004110811160037395139032059__TC-TY0421,TY-EQ,2004-09-30T18:00:00Z,37.5,146.4,0.0
EQ-2004110811160037395139032059__TC-TY0421,TY-EQ,2004-10-01T00:00:00Z,36.7,148.0,0.0
EQ-2004110811160037395139032059__TC-TY0421,TY-EQ,2004-10-01T06:00:00Z,36.1,150.2,0.0
EQ-2004110811160037395139032059__TC-TY0421,TY-EQ,2004-10-01T12:00:00Z,36.1,151.1,0.0
EQ-2004110811160037395139032059__TC-TY0421,TY-EQ,2004-10-01T18:00:00Z,36.2,151.9,0.0
EQ-2004110811160037395139032059__TC-TY0421,TY-EQ,2004-10-02T00:00:00Z,36.1,152.2,0.0
EQ-2004110811160037395139032059__TC-TY0421,TY-EQ,2004-10-02T06:00:00Z,36.0,152.7,0.0
EQ-2004110811160037395139032059__TC-TY0421,TY-EQ,2004-10-02T12:00:00Z,34.3,152.4,0.0
EQ-2004110811160037395139032059__TC-TY0421,TY-EQ,2004-10-02T18:00:00Z,32.1,152.9,0.0
EQ-20041027104000372911390321261__TC-TY0416,TY-EQ,2004-08-18T06:00:00Z,11.2,165.0,0.0
EQ-20041027104000372911390321261__TC-TY0416,TY-EQ,2004-08-18T12:00:00Z,11.3,163.8,0.0
EQ-20041027104000372911390321261__TC-TY0416,TY-EQ,2004-08-18T18:00:00Z,11.8,163.0,0.0
EQ-20041027104000372911390321261__TC-TY0416,TY-EQ,2004-08-19T00:00:00Z,12.3,162.0,0.0
EQ-20041027104000372911390321261__TC-TY0416,TY-EQ,2004-08-19T06:00:00Z,12.8,161.3,0.0
EQ-20041027104000372911390321261__TC-TY0416,TY-EQ,2004-08-19T12:00:00Z,13.1,160.4,18.00554
EQ-20041027104000372911390321261__TC-TY0416,TY-EQ,2004-08-19T18:00:00Z,13.6,159.1,23.14998
EQ-20041027104000372911390321261__TC-TY0416,TY-EQ,2004-08-20T00:00:00Z,13.9,158.1,25.7222
EQ-20041027104000372911390321261__TC-TY0416,TY-EQ,2004-08-20T06:00:00Z,14.1,156.9,25.7222
EQ-20041027104000372911390321261__TC-TY0416,TY-EQ,2004-08-20T12:00:00Z,14.4,155.4,25.7222
EQ-20041027104000372911390321261__TC-TY0416,TY-EQ,2004-08-20T18:00:00Z,14.5,154.2,25.7222
EQ-20041027104000372911390321261__TC-TY0416,TY-EQ,2004-08-21T00:00:00Z,14.5,152.8,25.7222
EQ-20041027104000372911390321261__TC-TY0416,TY-EQ,2004-08-21T06:00:00Z,14.4,151.6,25.7222
EQ-20041027104000372911390321261__TC-TY0416,TY-EQ,2004-08-21T12:00:00Z,14.2,150.1,30.86664
EQ-20041027104000372911390321261__TC-TY0416,TY-EQ,2004-08-21T18:00:00Z,14.2,148.6,38.5833
EQ-20041027104000372911390321261__TC-TY0416,TY-EQ,2004-08-22T00:00:00Z,14.3,147.5,38.5833
EQ-20041027104000372911390321261__TC-TY0416,TY-EQ,2004-08-22T06:00:00Z,14.4,146.4,41.15552
EQ-20041027104000372911390321261__TC-TY0416,TY-EQ,2004-08-22T12:00:00Z,14.5,145.6,51.4444
EQ-20041027104000372911390321261__TC-TY0416,TY-EQ,2004-08-22T18:00:00Z,14.8,144.8,56.58884
EQ-20041027104000372911390321261__TC-TY0416,TY-EQ,2004-08-23T00:00:00Z,15.2,143.6,56.58884
EQ-20041027104000372911390321261__TC-TY0416,TY-EQ,2004-08-23T06:00:00Z,15.6,142.9,56.58884
EQ-20041027104000372911390321261__TC-TY0416,TY-EQ,2004-08-23T12:00:00Z,16.4,142.1,56.58884
EQ-20041027104000372911390321261__TC-TY0416,TY-EQ,2004-08-23T18:00:00Z,17.1,141.1,56.58884
EQ-20041027104000372911390321261__TC-TY0416,TY-EQ,2004-08-24T00:00:00Z,17.4,140.2,56.58884
EQ-20041027104000372911390321261__TC-TY0416,TY-EQ,2004-08-24T06:00:00Z,18.0,139.6,56.58884
EQ-20041027104000372911390321261__TC-TY0416,TY-EQ,2004-08-24T12:00:00Z,18.5,139.2,56.58884
EQ-20041027104000372911390321261__TC-TY0416,TY-EQ,2004-08-24T18:00:00Z,19.4,138.7,56.58884
EQ-20041027104000372911390321261__TC-TY0416,TY-EQ,2004-08-25T00:00:00Z,20.4,138.2,56.58884
EQ-20041027104000372911390321261__TC-TY0416,TY-EQ,2004-08-25T06:00:00Z,21.2,137.6,56.58884
EQ-20041027104000372911390321261__TC-TY0416,TY-EQ,2004-08-25T12:00:00Z,21.9,137.2,56.58884
EQ-20041027104000372911390321261__TC-TY0416,TY-EQ,2004-08-25T18:00:00Z,22.5,136.8,56.58884
EQ-20041027104000372911390321261__TC-TY0416,TY-EQ,2004-08-26T00:00:00Z,23.5,136.3,51.4444
EQ-20041027104000372911390321261__TC-TY0416,TY-EQ,2004-08-26T06:00:00Z,24.2,135.9,51.4444
EQ-20041027104000372911390321261__TC-TY0416,TY-EQ,2004-08-26T12:00:00Z,24.7,135.4,46.29996
EQ-20041027104000372911390321261__TC-TY0416,TY-EQ,2004-08-26T18:00:00Z,25.5,135.1,41.15552
EQ-20041027104000372911390321261__TC-TY0416,TY-EQ,2004-08-27T00:00:00Z,26.1,134.9,41.15552
EQ-20041027104000372911390321261__TC-TY0416,TY-EQ,2004-08-27T06:00:00Z,26.6,134.6,41.15552
EQ-20041027104000372911390321261__TC-TY0416,TY-EQ,2004-08-27T12:00:00Z,26.8,134.4,41.15552
EQ-20041027104000372911390321261__TC-TY0416,TY-EQ,2004-08-27T18:00:00Z,27.1,134.2,46.29996
EQ-20041027104000372911390321261__TC-TY0416,TY-EQ,2004-08-28T00:00:00Z,27.2,133.9,46.29996
EQ-20041027104000372911390321261__TC-TY0416,TY-EQ,2004-08-28T03:00:00Z,27.3,133.7,46.29996
EQ-20041027104000372911390321261__TC-TY0416,TY-EQ,2004-08-28T06:00:00Z,27.4,133.6,46.29996
EQ-20041027104000372911390321261__TC-TY0416,TY-EQ,2004-08-28T09:00:00Z,27.6,133.3,46.29996
EQ-20041027104000372911390321261__TC-TY0416,TY-EQ,2004-08-28T12:00:00Z,27.6,132.9,43.72774
EQ-20041027104000372911390321261__TC-TY0416,TY-EQ,2004-08-28T15:00:00Z,27.6,132.6,43.72774
EQ-20041027104000372911390321261__TC-TY0416,TY-EQ,2004-08-28T18:00:00Z,27.8,132.1,43.72774
EQ-20041027104000372911390321261__TC-TY0416,TY-EQ,2004-08-28T21:00:00Z,27.9,131.6,43.72774
EQ-20041027104000372911390321261__TC-TY0416,TY-EQ,2004-08-29T00:00:00Z,28.0,131.0,43.72774
EQ-20041027104000372911390321261__TC-TY0416,TY-EQ,2004-08-29T03:00:00Z,28.3,130.7,43.72774
EQ-20041027104000372911390321261__TC-TY0416,TY-EQ,2004-08-29T06:00:00Z,28.7,130.3,43.72774
EQ-20041027104000372911390321261__TC-TY0416,TY-EQ,2004-08-29T09:00:00Z,29.0,130.1,43.72774
EQ-20041027104000372911390321261__TC-TY0416,TY-EQ,2004-08-29T12:00:00Z,29.3,129.9,41.15552
EQ-20041027104000372911390321261__TC-TY0416,TY-EQ,2004-08-29T15:00:00Z,29.8,129.8,41.15552
EQ-20041027104000372911390321261__TC-TY0416,TY-EQ,2004-08-29T18:00:00Z,30.3,129.8,41.15552
EQ-20041027104000372911390321261__TC-TY0416,TY-EQ,2004-08-29T21:00:00Z,30.9,130.0,41.15552
EQ-20041027104000372911390321261__TC-TY0416,TY-EQ,2004-08-30T00:00:00Z,31.5,130.2,41.15552
EQ-20041027104000372911390321261__TC-TY0416,TY-EQ,2004-08-30T03:00:00Z,32.5,130.5,41.15552
EQ-20041027104000372911390321261__TC-TY0416,TY-EQ,2004-08-30T06:00:00Z,33.5,131.0,36.01108
EQ-20041027104000372911390321261__TC-TY0416,TY-EQ,2004-08-30T08:00:00Z,33.9,131.4,36.01108
EQ-20041027104000372911390321261__TC-TY0416,TY-EQ,2004-08-30T09:00:00Z,34.1,131.7,36.01108
EQ-20041027104000372911390321261__TC-TY0416,TY-EQ,2004-08-30T12:00:00Z,35.2,133.2,30.86664
EQ-20041027104000372911390321261__TC-TY0416,TY-EQ,2004-08-30T15:00:00Z,36.4,135.0,30.86664
EQ-20041027104000372911390321261__TC-TY0416,TY-EQ,2004-08-30T18:00:00Z,37.5,136.2,30.86664
EQ-20041027104000372911390321261__TC-TY0416,TY-EQ,2004-08-30T21:00:00Z,38.8,137.6,30.86664
EQ-20041027104000372911390321261__TC-TY0416,TY-EQ,2004-08-31T00:00:00Z,40.3,139.3,30.86664
EQ-20041027104000372911390321261__TC-TY0416,TY-EQ,2004-08-31T03:00:00Z,41.4,140.5,30.86664
EQ-20041027104000372911390321261__TC-TY0416,TY-EQ,2004-08-31T06:00:00Z,43.9,143.2,0.0
EQ-20041027104000372911390321261__TC-TY0416,TY-EQ,2004-08-31T12:00:00Z,46.0,145.0,0.0
EQ-20041027104000372911390321261__TC-TY0416,TY-EQ,2004-08-31T18:00:00Z,48.1,145.5,0.0
EQ-20041027104000372911390321261__TC-TY0416,TY-EQ,2004-09-01T00:00:00Z,49.7,145.3,0.0
EQ-20041027104000372911390321261__TC-TY0416,TY-EQ,2004-09-01T06:00:00Z,50.7,145.7,0.0
EQ-20041027104000372911390321261__TC-TY0416,TY-EQ,2004-09-01T12:00:00Z,51.5,146.0,0.0
EQ-20041027104000372911390321261__TC-TY0416,TY-EQ,2004-09-01T18:00:00Z,52.4,146.5,0.0
EQ-20041027104000372911390321261__TC-TY0416,TY-EQ,2004-09-02T00:00:00Z,53.1,146.1,0.0
EQ-20041027104000372911390321261__TC-TY0416,TY-EQ,2004-09-02T06:00:00Z,53.9,145.7,0.0
EQ-20041027104000372911390321261__TC-TY0416,TY-EQ,2004-09-02T12:00:00Z,54.6,146.1,0.0
EQ-20041027104000372911390321261__TC-TY0416,TY-EQ,2004-09-02T18:00:00Z,55.8,146.6,0.0
EQ-20041027104000372911390321261__TC-TY0416,TY-EQ,2004-09-03T00:00:00Z,56.4,147.3,0.0
EQ-20041027104000372911390321261__TC-TY0416,TY-EQ,2004-09-03T06:00:00Z,57.2,148.2,0.0
EQ-20041027104000372911390321261__TC-TY0416,TY-EQ,2004-09-03T12:00:00Z,57.8,149.7,0.0
EQ-20041027104000372911390321261__TC-TY0416,TY-EQ,2004-09-03T18:00:00Z,58.6,150.9,0.0
EQ-20041027104000372911390321261__TC-TY0416,TY-EQ,2004-09-04T00:00:00Z,59.2,150.0,0.0
EQ-20041027104000372911390321261__TC-TY0416,TY-EQ,2004-09-04T06:00:00Z,60.1,149.3,0.0
EQ-20041027104000372911390321261__TC-TY0416,TY-EQ,2004-09-04T12:00:00Z,59.2,148.8,0.0
EQ-20041027104000372911390321261__TC-TY0416,TY-EQ,2004-09-04T18:00:00Z,58.8,149.8,0.0
EQ-20041027104000372911390321261__TC-TY0416,TY-EQ,2004-09-05T00:00:00Z,59.0,150.0,0.0
EQ-20041027104000372911390321261__TC-TY0416,TY-EQ,2004-09-05T06:00:00Z,59.1,150.7,0.0
EQ-20041027104000372911390321261__TC-TY0416,TY-EQ,2004-09-05T12:00:00Z,59.3,151.7,0.0
EQ-20041023175600372911388671368__TC-TY0423,Simultaneous,2004-10-12T00:00:00Z,12.0,151.0,0.0
EQ-20041023175600372911388671368__TC-TY0423,Simultaneous,2004-10-12T06:00:00Z,13.1,149.6,0.0
EQ-20041023175600372911388671368__TC-TY0423,Simultaneous,2004-10-12T12:00:00Z,13.7,147.5,0.0
EQ-20041023175600372911388671368__TC-TY0423,Simultaneous,2004-10-12T18:00:00Z,14.2,145.5,0.0
EQ-20041023175600372911388671368__TC-TY0423,Simultaneous,2004-10-13T00:00:00Z,14.3,143.9,20.57776
EQ-20041023175600372911388671368__TC-TY0423,Simultaneous,2004-10-13T06:00:00Z,14.2,141.9,23.14998
EQ-20041023175600372911388671368__TC-TY0423,Simultaneous,2004-10-13T12:00:00Z,14.0,140.4,25.7222
EQ-20041023175600372911388671368__TC-TY0423,Simultaneous,2004-10-13T18:00:00Z,13.9,139.1,28.29442
EQ-20041023175600372911388671368__TC-TY0423,Simultaneous,2004-10-14T00:00:00Z,13.8,138.3,28.29442
EQ-20041023175600372911388671368__TC-TY0423,Simultaneous,2004-10-14T06:00:00Z,13.7,137.6,30.86664
EQ-20041023175600372911388671368__TC-TY0423,Simultaneous,2004-10-14T12:00:00Z,13.7,136.6,33.43886
EQ-20041023175600372911388671368__TC-TY0423,Simultaneous,2004-10-14T18:00:00Z,14.0,136.1,36.01108
EQ-20041023175600372911388671368__TC-TY0423,Simultaneous,2004-10-15T00:00:00Z,14.5,135.6,38.5833
EQ-20041023175600372911388671368__TC-TY0423,Simultaneous,2004-10-15T06:00:00Z,15.1,134.8,38.5833
EQ-20041023175600372911388671368__TC-TY0423,Simultaneous,2004-10-15T12:00:00Z,15.5,134.4,38.5833
EQ-20041023175600372911388671368__TC-TY0423,Simultaneous,2004-10-15T18:00:00Z,15.9,134.0,38.5833
EQ-20041023175600372911388671368__TC-TY0423,Simultaneous,2004-10-16T00:00:00Z,16.6,134.0,38.5833
EQ-20041023175600372911388671368__TC-TY0423,Simultaneous,2004-10-16T06:00:00Z,17.7,134.0,43.72774
EQ-20041023175600372911388671368__TC-TY0423,Simultaneous,2004-10-16T12:00:00Z,18.4,133.0,43.72774
EQ-20041023175600372911388671368__TC-TY0423,Simultaneous,2004-10-16T18:00:00Z,18.7,132.5,43.72774
EQ-20041023175600372911388671368__TC-TY0423,Simultaneous,2004-10-17T00:00:00Z,19.3,131.8,43.72774
EQ-20041023175600372911388671368__TC-TY0423,Simultaneous,2004-10-17T06:00:00Z,19.9,130.8,43.72774
EQ-20041023175600372911388671368__TC-TY0423,Simultaneous,2004-10-17T12:00:00Z,20.3,130.1,43.72774
EQ-20041023175600372911388671368__TC-TY0423,Simultaneous,2004-10-17T18:00:00Z,21.1,129.0,43.72774
EQ-20041023175600372911388671368__TC-TY0423,Simultaneous,2004-10-18T00:00:00Z,21.6,128.1,43.72774
EQ-20041023175600372911388671368__TC-TY0423,Simultaneous,2004-10-18T06:00:00Z,22.2,127.3,43.72774
EQ-20041023175600372911388671368__TC-TY0423,Simultaneous,2004-10-18T09:00:00Z,22.7,127.0,41.15552
EQ-20041023175600372911388671368__TC-TY0423,Simultaneous,2004-10-18T12:00:00Z,23.0,126.9,41.15552
EQ-20041023175600372911388671368__TC-TY0423,Simultaneous,2004-10-18T15:00:00Z,23.3,126.9,41.15552
EQ-20041023175600372911388671368__TC-TY0423,Simultaneous,2004-10-18T18:00:00Z,23.7,127.0,41.15552
EQ-20041023175600372911388671368__TC-TY0423,Simultaneous,2004-10-18T21:00:00Z,24.2,127.1,41.15552
EQ-20041023175600372911388671368__TC-TY0423,Simultaneous,2004-10-19T00:00:00Z,24.7,127.2,41.15552
EQ-20041023175600372911388671368__TC-TY0423,Simultaneous,2004-10-19T03:00:00Z,25.3,127.5,41.15552
EQ-20041023175600372911388671368__TC-TY0423,Simultaneous,2004-10-19T06:00:00Z,26.0,127.9,41.15552
EQ-20041023175600372911388671368__TC-TY0423,Simultaneous,2004-10-19T09:00:00Z,26.7,128.3,41.15552
EQ-20041023175600372911388671368__TC-TY0423,Simultaneous,2004-10-19T12:00:00Z,27.4,128.9,41.15552
EQ-20041023175600372911388671368__TC-TY0423,Simultaneous,2004-10-19T15:00:00Z,28.2,129.6,41.15552
EQ-20041023175600372911388671368__TC-TY0423,Simultaneous,2004-10-19T18:00:00Z,29.1,130.4,41.15552
EQ-20041023175600372911388671368__TC-TY0423,Simultaneous,2004-10-19T21:00:00Z,30.1,131.3,41.15552
EQ-20041023175600372911388671368__TC-TY0423,Simultaneous,2004-10-20T00:00:00Z,31.1,132.2,41.15552
EQ-20041023175600372911388671368__TC-TY0423,Simultaneous,2004-10-20T03:00:00Z,32.4,132.7,41.15552
EQ-20041023175600372911388671368__TC-TY0423,Simultaneous,2004-10-20T04:00:00Z,32.8,132.9,38.5833
EQ-20041023175600372911388671368__TC-TY0423,Simultaneous,2004-10-20T06:00:00Z,33.4,133.9,38.5833
EQ-20041023175600372911388671368__TC-TY0423,Simultaneous,2004-10-20T08:00:00Z,34.1,134.8,36.01108
EQ-20041023175600372911388671368__TC-TY0423,Simultaneous,2004-10-20T09:00:00Z,34.8,135.7,36.01108
EQ-20041023175600372911388671368__TC-TY0423,Simultaneous,2004-10-20T12:00:00Z,35.4,136.6,30.86664
EQ-20041023175600372911388671368__TC-TY0423,Simultaneous,2004-10-20T15:00:00Z,35.7,138.3,25.7222
EQ-20041023175600372911388671368__TC-TY0423,Simultaneous,2004-10-20T18:00:00Z,35.9,139.8,0.0
EQ-20041023175600372911388671368__TC-TY0423,Simultaneous,2004-10-21T00:00:00Z,37.6,143.3,0.0
EQ-20041023175600372911388671368__TC-TY0423,Simultaneous,2004-10-21T06:00:00Z,39.8,148.0,0.0
EQ-20041023175600372911388671368__TC-TY0423,Simultaneous,2004-10-21T12:00:00Z,42.1,153.2,0.0
EQ-20041023175600372911388671368__TC-TY0423,Simultaneous,2004-10-21T18:00:00Z,44.1,157.3,0.0
EQ-20041023175600372911388671368__TC-TY0423,Simultaneous,2004-10-22T00:00:00Z,46.8,162.4,0.0
EQ-20041023175600372911388671368__TC-TY0423,Simultaneous,2004-10-22T06:00:00Z,49.4,167.2,0.0
EQ-20041023175600372911388671368__TC-TY0423,Simultaneous,2004-10-22T12:00:00Z,51.4,172.6,0.0
EQ-20041023175600372911388671368__TC-TY0423,Simultaneous,2004-10-22T18:00:00Z,53.8,176.9,0.0
EQ-20041023175600372911388671368__TC-TY0423,Simultaneous,2004-10-23T00:00:00Z,57.3,182.2,0.0
EQ-20041006234000359881400896657__TC-TY0422,Simultaneous,2004-10-03T06:00:00Z,16.5,135.3,0.0
EQ-20041006234000359881400896657__TC-TY0422,Simultaneous,2004-10-03T12:00:00Z,16.5,134.9,0.0
EQ-20041006234000359881400896657__TC-TY0422,Simultaneous,2004-10-03T18:00:00Z,16.6,134.6,0.0
EQ-20041006234000359881400896657__TC-TY0422,Simultaneous,2004-10-04T00:00:00Z,16.6,134.5,0.0
EQ-20041006234000359881400896657__TC-TY0422,Simultaneous,2004-10-04T06:00:00Z,16.6,134.4,20.57776
EQ-20041006234000359881400896657__TC-TY0422,Simultaneous,2004-10-04T12:00:00Z,16.8,134.4,20.57776
EQ-20041006234000359881400896657__TC-TY0422,Simultaneous,2004-10-04T18:00:00Z,17.0,134.5,20.57776
EQ-20041006234000359881400896657__TC-TY0422,Simultaneous,2004-10-05T00:00:00Z,18.0,134.5,20.57776
EQ-20041006234000359881400896657__TC-TY0422,Simultaneous,2004-10-05T06:00:00Z,18.9,134.6,23.14998
EQ-20041006234000359881400896657__TC-TY0422,Simultaneous,2004-10-05T12:00:00Z,19.9,134.9,23.14998
EQ-20041006234000359881400896657__TC-TY0422,Simultaneous,2004-10-05T18:00:00Z,20.3,134.3,23.14998
EQ-20041006234000359881400896657__TC-TY0422,Simultaneous,2004-10-06T00:00:00Z,20.5,133.5,25.7222
EQ-20041006234000359881400896657__TC-TY0422,Simultaneous,2004-10-06T06:00:00Z,20.7,132.8,28.29442
EQ-20041006234000359881400896657__TC-TY0422,Simultaneous,2004-10-06T12:00:00Z,21.0,132.2,30.86664
EQ-20041006234000359881400896657__TC-TY0422,Simultaneous,2004-10-06T18:00:00Z,21.4,131.6,36.01108
EQ-20041006234000359881400896657__TC-TY0422,Simultaneous,2004-10-07T00:00:00Z,21.9,130.9,38.5833
EQ-20041006234000359881400896657__TC-TY0422,Simultaneous,2004-10-07T06:00:00Z,22.2,130.6,46.29996
EQ-20041006234000359881400896657__TC-TY0422,Simultaneous,2004-10-07T12:00:00Z,22.7,130.7,48.87218
EQ-20041006234000359881400896657__TC-TY0422,Simultaneous,2004-10-07T15:00:00Z,23.0,130.8,48.87218
EQ-20041006234000359881400896657__TC-TY0422,Simultaneous,2004-10-07T18:00:00Z,23.3,130.9,51.4444
EQ-20041006234000359881400896657__TC-TY0422,Simultaneous,2004-10-07T21:00:00Z,23.5,131.1,51.4444
EQ-20041006234000359881400896657__TC-TY0422,Simultaneous,2004-10-08T00:00:00Z,23.9,131.4,51.4444
EQ-20041006234000359881400896657__TC-TY0422,Simultaneous,2004-10-08T03:00:00Z,24.6,131.8,51.4444
EQ-20041006234000359881400896657__TC-TY0422,Simultaneous,2004-10-08T06:00:00Z,25.1,132.2,51.4444
EQ-20041006234000359881400896657__TC-TY0422,Simultaneous,2004-10-08T09:00:00Z,26.1,132.8,51.4444
EQ-20041006234000359881400896657__TC-TY0422,Simultaneous,2004-10-08T12:00:00Z,27.0,133.3,51.4444
EQ-20041006234000359881400896657__TC-TY0422,Simultaneous,2004-10-08T15:00:00Z,27.9,133.8,51.4444
EQ-20041006234000359881400896657__TC-TY0422,Simultaneous,2004-10-08T18:00:00Z,28.9,134.5,48.87218
EQ-20041006234000359881400896657__TC-TY0422,Simultaneous,2004-10-08T21:00:00Z,30.2,135.2,46.29996
EQ-20041006234000359881400896657__TC-TY0422,Simultaneous,2004-10-09T00:00:00Z,31.6,136.1,43.72774
EQ-20041006234000359881400896657__TC-TY0422,Simultaneous,2004-10-09T03:00:00Z,33.1,137.1,41.15552
EQ-20041006234000359881400896657__TC-TY0422,Simultaneous,2004-10-09T06:00:00Z,34.3,138.3,41.15552
EQ-20041006234000359881400896657__TC-TY0422,Simultaneous,2004-10-09T07:00:00Z,34.8,138.8,41.15552
EQ-20041006234000359881400896657__TC-TY0422,Simultaneous,2004-10-09T08:00:00Z,35.2,139.5,36.01108
EQ-20041006234000359881400896657__TC-TY0422,Simultaneous,2004-10-09T09:00:00Z,35.6,140.0,30.86664
EQ-20041006234000359881400896657__TC-TY0422,Simultaneous,2004-10-09T12:00:00Z,36.7,141.6,28.29442
EQ-20041006234000359881400896657__TC-TY0422,Simultaneous,2004-10-09T15:00:00Z,37.5,143.2,28.29442
EQ-20041006234000359881400896657__TC-TY0422,Simultaneous,2004-10-09T18:00:00Z,38.1,145.1,25.7222
EQ-20041006234000359881400896657__TC-TY0422,Simultaneous,2004-10-09T21:00:00Z,38.7,147.1,23.14998
EQ-20041006234000359881400896657__TC-TY0422,Simultaneous,2004-10-10T00:00:00Z,39.6,150.1,0.0
EQ-20040910132200423561431015151__TC-TY0418,Simultaneous,2004-08-26T06:00:00Z,10.5,171.0,0.0
EQ-20040910132200423561431015151__TC-TY0418,Simultaneous,2004-08-26T12:00:00Z,10.5,170.0,0.0
EQ-20040910132200423561431015151__TC-TY0418,Simultaneous,2004-08-26T18:00:00Z,10.6,169.3,0.0
EQ-20040910132200423561431015151__TC-TY0418,Simultaneous,2004-08-27T00:00:00Z,10.7,168.7,0.0
EQ-20040910132200423561431015151__TC-TY0418,Simultaneous,2004-08-27T06:00:00Z,10.8,167.8,0.0
EQ-20040910132200423561431015151__TC-TY0418,Simultaneous,2004-08-27T12:00:00Z,11.0,167.0,0.0
EQ-20040910132200423561431015151__TC-TY0418,Simultaneous,2004-08-27T18:00:00Z,11.1,166.0,0.0
EQ-20040910132200423561431015151__TC-TY0418,Simultaneous,2004-08-28T00:00:00Z,11.3,165.0,18.00554
EQ-20040910132200423561431015151__TC-TY0418,Simultaneous,2004-08-28T06:00:00Z,11.9,164.2,20.57776
EQ-20040910132200423561431015151__TC-TY0418,Simultaneous,2004-08-28T12:00:00Z,12.4,163.1,25.7222
EQ-20040910132200423561431015151__TC-TY0418,Simultaneous,2004-08-28T18:00:00Z,13.0,161.9,28.29442
EQ-20040910132200423561431015151__TC-TY0418,Simultaneous,2004-08-29T00:00:00Z,13.3,160.4,28.29442
EQ-20040910132200423561431015151__TC-TY0418,Simultaneous,2004-08-29T06:00:00Z,13.7,158.8,28.29442
EQ-20040910132200423561431015151__TC-TY0418,Simultaneous,2004-08-29T12:00:00Z,14.0,157.4,28.29442
EQ-20040910132200423561431015151__TC-TY0418,Simultaneous,2004-08-29T18:00:00Z,14.5,156.0,28.29442
EQ-20040910132200423561431015151__TC-TY0418,Simultaneous,2004-08-30T00:00:00Z,14.9,154.4,30.86664
EQ-20040910132200423561431015151__TC-TY0418,Simultaneous,2004-08-30T06:00:00Z,15.3,152.8,30.86664
EQ-20040910132200423561431015151__TC-TY0418,Simultaneous,2004-08-30T12:00:00Z,15.5,151.5,33.43886
EQ-20040910132200423561431015151__TC-TY0418,Simultaneous,2004-08-30T18:00:00Z,16.0,150.5,38.5833
EQ-20040910132200423561431015151__TC-TY0418,Simultaneous,2004-08-31T00:00:00Z,16.4,149.5,43.72774
EQ-20040910132200423561431015151__TC-TY0418,Simultaneous,2004-08-31T06:00:00Z,16.7,148.5,46.29996
EQ-20040910132200423561431015151__TC-TY0418,Simultaneous,2004-08-31T12:00:00Z,17.3,147.7,46.29996
EQ-20040910132200423561431015151__TC-TY0418,Simultaneous,2004-08-31T18:00:00Z,17.8,146.7,46.29996
EQ-20040910132200423561431015151__TC-TY0418,Simultaneous,2004-09-01T00:00:00Z,18.4,146.3,46.29996
EQ-20040910132200423561431015151__TC-TY0418,Simultaneous,2004-09-01T06:00:00Z,19.5,145.3,46.29996
EQ-20040910132200423561431015151__TC-TY0418,Simultaneous,2004-09-01T12:00:00Z,20.2,143.7,46.29996
EQ-20040910132200423561431015151__TC-TY0418,Simultaneous,2004-09-01T18:00:00Z,20.6,142.3,46.29996
EQ-20040910132200423561431015151__TC-TY0418,Simultaneous,2004-09-02T00:00:00Z,21.1,141.0,46.29996
EQ-20040910132200423561431015151__TC-TY0418,Simultaneous,2004-09-02T06:00:00Z,21.6,139.8,46.29996
EQ-20040910132200423561431015151__TC-TY0418,Simultaneous,2004-09-02T12:00:00Z,21.8,138.5,43.72774
EQ-20040910132200423561431015151__TC-TY0418,Simultaneous,2004-09-02T18:00:00Z,22.0,137.4,43.72774
EQ-20040910132200423561431015151__TC-TY0418,Simultaneous,2004-09-03T00:00:00Z,22.1,136.3,43.72774
EQ-20040910132200423561431015151__TC-TY0418,Simultaneous,2004-09-03T06:00:00Z,22.3,135.2,43.72774
EQ-20040910132200423561431015151__TC-TY0418,Simultaneous,2004-09-03T12:00:00Z,22.5,134.0,43.72774
EQ-20040910132200423561431015151__TC-TY0418,Simultaneous,2004-09-03T18:00:00Z,22.8,133.2,43.72774
EQ-20040910132200423561431015151__TC-TY0418,Simultaneous,2004-09-04T00:00:00Z,23.3,132.1,43.72774
EQ-20040910132200423561431015151__TC-TY0418,Simultaneous,2004-09-04T06:00:00Z,24.0,131.2,48.87218
EQ-20040910132200423561431015151__TC-TY0418,Simultaneous,2004-09-04T12:00:00Z,24.4,130.5,48.87218
EQ-20040910132200423561431015151__TC-TY0418,Simultaneous,2004-09-04T18:00:00Z,25.1,129.7,48.87218
EQ-20040910132200423561431015151__TC-TY0418,Simultaneous,2004-09-04T21:00:00Z,25.4,129.4,48.87218
EQ-20040910132200423561431015151__TC-TY0418,Simultaneous,2004-09-05T00:00:00Z,25.8,129.0,48.87218
EQ-20040910132200423561431015151__TC-TY0418,Simultaneous,2004-09-05T03:00:00Z,26.1,128.5,48.87218
EQ-20040910132200423561431015151__TC-TY0418,Simultaneous,2004-09-05T06:00:00Z,26.3,128.3,48.87218
EQ-20040910132200423561431015151__TC-TY0418,Simultaneous,2004-09-05T08:00:00Z,26.4,128.1,48.87218
EQ-20040910132200423561431015151__TC-TY0418,Simultaneous,2004-09-05T09:00:00Z,26.7,128.1,48.87218
EQ-20040910132200423561431015151__TC-TY0418,Simultaneous,2004-09-05T12:00:00Z,26.9,127.9,46.29996
EQ-20040910132200423561431015151__TC-TY0418,Simultaneous,2004-09-05T15:00:00Z,27.4,127.5,46.29996
EQ-20040910132200423561431015151__TC-TY0418,Simultaneous,2004-09-05T18:00:00Z,27.8,127.3,46.29996
EQ-20040910132200423561431015151__TC-TY0418,Simultaneous,2004-09-05T21:00:00Z,28.0,127.2,43.72774
EQ-20040910132200423561431015151__TC-TY0418,Simultaneous,2004-09-06T00:00:00Z,28.4,127.1,43.72774
EQ-20040910132200423561431015151__TC-TY0418,Simultaneous,2004-09-06T03:00:00Z,28.9,127.0,43.72774
EQ-20040910132200423561431015151__TC-TY0418,Simultaneous,2004-09-06T06:00:00Z,29.3,127.0,41.15552
EQ-20040910132200423561431015151__TC-TY0418,Simultaneous,2004-09-06T09:00:00Z,29.5,127.1,41.15552
EQ-20040910132200423561431015151__TC-TY0418,Simultaneous,2004-09-06T12:00:00Z,29.9,127.3,41.15552
EQ-20040910132200423561431015151__TC-TY0418,Simultaneous,2004-09-06T15:00:00Z,30.3,127.5,41.15552
EQ-20040910132200423561431015151__TC-TY0418,Simultaneous,2004-09-06T18:00:00Z,31.1,128.0,38.5833
EQ-20040910132200423561431015151__TC-TY0418,Simultaneous,2004-09-06T21:00:00Z,31.8,128.7,38.5833
EQ-20040910132200423561431015151__TC-TY0418,Simultaneous,2004-09-07T00:00:00Z,32.7,129.6,38.5833
EQ-20040910132200423561431015151__TC-TY0418,Simultaneous,2004-09-07T03:00:00Z,33.9,130.7,38.5833
EQ-20040910132200423561431015151__TC-TY0418,Simultaneous,2004-09-07T06:00:00Z,35.4,132.2,38.5833
EQ-20040910132200423561431015151__TC-TY0418,Simultaneous,2004-09-07T09:00:00Z,36.8,133.8,36.01108
EQ-20040910132200423561431015151__TC-TY0418,Simultaneous,2004-09-07T12:00:00Z,38.7,135.9,33.43886
EQ-20040910132200423561431015151__TC-TY0418,Simultaneous,2004-09-07T15:00:00Z,40.2,138.0,30.86664
EQ-20040910132200423561431015151__TC-TY0418,Simultaneous,2004-09-07T18:00:00Z,41.7,139.2,28.29442
EQ-20040910132200423561431015151__TC-TY0418,Simultaneous,2004-09-07T21:00:00Z,42.8,139.8,28.29442
EQ-20040910132200423561431015151__TC-TY0418,Simultaneous,2004-09-08T00:00:00Z,43.8,139.7,0.0
EQ-20040910132200423561431015151__TC-TY0418,Simultaneous,2004-09-08T06:00:00Z,46.0,142.5,0.0
EQ-20040910132200423561431015151__TC-TY0418,Simultaneous,2004-09-08T12:00:00Z,48.7,146.1,0.0
EQ-20040910132200423561431015151__TC-TY0418,Simultaneous,2004-09-08T18:00:00Z,50.3,150.0,0.0
EQ-20040910132200423561431015151__TC-TY0418,Simultaneous,2004-09-09T00:00:00Z,51.6,153.9,0.0
EQ-20040910132200423561431015151__TC-TY0418,Simultaneous,2004-09-09T06:00:00Z,53.0,157.7,0.0
EQ-20040910132200423561431015151__TC-TY0418,Simultaneous,2004-09-09T12:00:00Z,53.3,162.4,0.0
EQ-20040910132200423561431015151__TC-TY0418,Simultaneous,2004-09-09T18:00:00Z,53.6,166.1,0.0
EQ-20040910132200423561431015151__TC-TY0418,Simultaneous,2004-09-10T00:00:00Z,53.7,169.0,0.0
EQ-20040910132200423561431015151__TC-TY0418,Simultaneous,2004-09-10T06:00:00Z,53.3,173.1,0.0
EQ-20040910132200423561431015151__TC-TY0418,Simultaneous,2004-09-10T12:00:00Z,53.4,177.5,0.0
EQ-20040910132200423561431015151__TC-TY0418,Simultaneous,2004-09-10T18:00:00Z,53.5,180.2,0.0
EQ-20031124211800423161430015253__TC-TY0314,TY-EQ,2003-09-04T00:00:00Z,9.9,153.1,0.0
EQ-20031124211800423161430015253__TC-TY0314,TY-EQ,2003-09-04T06:00:00Z,10.4,151.1,0.0
EQ-20031124211800423161430015253__TC-TY0314,TY-EQ,2003-09-04T12:00:00Z,10.9,149.7,0.0
EQ-20031124211800423161430015253__TC-TY0314,TY-EQ,2003-09-04T18:00:00Z,11.7,148.7,0.0
EQ-20031124211800423161430015253__TC-TY0314,TY-EQ,2003-09-05T00:00:00Z,12.5,147.5,0.0
EQ-20031124211800423161430015253__TC-TY0314,TY-EQ,2003-09-05T06:00:00Z,12.9,145.8,0.0
EQ-20031124211800423161430015253__TC-TY0314,TY-EQ,2003-09-05T12:00:00Z,13.8,145.1,0.0
EQ-20031124211800423161430015253__TC-TY0314,TY-EQ,2003-09-05T18:00:00Z,14.0,143.9,0.0
EQ-20031124211800423161430015253__TC-TY0314,TY-EQ,2003-09-06T00:00:00Z,15.6,142.8,0.0
EQ-20031124211800423161430015253__TC-TY0314,TY-EQ,2003-09-06T06:00:00Z,16.5,141.4,18.00554
EQ-20031124211800423161430015253__TC-TY0314,TY-EQ,2003-09-06T12:00:00Z,16.8,139.9,18.00554
EQ-20031124211800423161430015253__TC-TY0314,TY-EQ,2003-09-06T18:00:00Z,17.0,138.7,20.57776
EQ-20031124211800423161430015253__TC-TY0314,TY-EQ,2003-09-07T00:00:00Z,17.8,138.3,20.57776
EQ-20031124211800423161430015253__TC-TY0314,TY-EQ,2003-09-07T06:00:00Z,18.8,136.9,20.57776
EQ-20031124211800423161430015253__TC-TY0314,TY-EQ,2003-09-07T12:00:00Z,19.1,135.9,23.14998
EQ-20031124211800423161430015253__TC-TY0314,TY-EQ,2003-09-07T18:00:00Z,19.4,135.0,25.7222
EQ-20031124211800423161430015253__TC-TY0314,TY-EQ,2003-09-08T00:00:00Z,19.7,133.9,28.29442
EQ-20031124211800423161430015253__TC-TY0314,TY-EQ,2003-09-08T06:00:00Z,20.0,132.8,30.86664
EQ-20031124211800423161430015253__TC-TY0314,TY-EQ,2003-09-08T12:00:00Z,20.4,132.0,30.86664
EQ-20031124211800423161430015253__TC-TY0314,TY-EQ,2003-09-08T18:00:00Z,21.0,131.2,33.43886
EQ-20031124211800423161430015253__TC-TY0314,TY-EQ,2003-09-09T00:00:00Z,22.0,130.4,36.01108
EQ-20031124211800423161430015253__TC-TY0314,TY-EQ,2003-09-09T06:00:00Z,22.6,129.4,41.15552
EQ-20031124211800423161430015253__TC-TY0314,TY-EQ,2003-09-09T12:00:00Z,22.9,128.7,43.72774
EQ-20031124211800423161430015253__TC-TY0314,TY-EQ,2003-09-09T18:00:00Z,23.3,127.8,46.29996
EQ-20031124211800423161430015253__TC-TY0314,TY-EQ,2003-09-10T00:00:00Z,23.6,127.2,48.87218
EQ-20031124211800423161430015253__TC-TY0314,TY-EQ,2003-09-10T03:00:00Z,23.7,126.9,48.87218
EQ-20031124211800423161430015253__TC-TY0314,TY-EQ,2003-09-10T06:00:00Z,24.0,126.6,51.4444
EQ-20031124211800423161430015253__TC-TY0314,TY-EQ,2003-09-10T09:00:00Z,24.2,126.3,51.4444
EQ-20031124211800423161430015253__TC-TY0314,TY-EQ,2003-09-10T12:00:00Z,24.3,126.0,54.01662
EQ-20031124211800423161430015253__TC-TY0314,TY-EQ,2003-09-10T15:00:00Z,24.6,125.7,54.01662
EQ-20031124211800423161430015253__TC-TY0314,TY-EQ,2003-09-10T18:00:00Z,24.7,125.4,54.01662
EQ-20031124211800423161430015253__TC-TY0314,TY-EQ,2003-09-10T19:00:00Z,24.8,125.4,54.01662
EQ-20031124211800423161430015253__TC-TY0314,TY-EQ,2003-09-10T21:00:00Z,25.0,125.3,54.01662
EQ-20031124211800423161430015253__TC-TY0314,TY-EQ,2003-09-11T00:00:00Z,25.2,125.1,54.01662
EQ-20031124211800423161430015253__TC-TY0314,TY-EQ,2003-09-11T03:00:00Z,25.5,125.2,48.87218
EQ-20031124211800423161430015253__TC-TY0314,TY-EQ,2003-09-11T06:00:00Z,25.9,125.3,48.87218
EQ-20031124211800423161430015253__TC-TY0314,TY-EQ,2003-09-11T09:00:00Z,26.3,125.4,48.87218
EQ-20031124211800423161430015253__TC-TY0314,TY-EQ,2003-09-11T12:00:00Z,27.0,125.6,48.87218
EQ-20031124211800423161430015253__TC-TY0314,TY-EQ,2003-09-11T15:00:00Z,27.8,125.7,46.29996
EQ-20031124211800423161430015253__TC-TY0314,TY-EQ,2003-09-11T18:00:00Z,28.4,125.8,46.29996
EQ-20031124211800423161430015253__TC-TY0314,TY-EQ,2003-09-11T21:00:00Z,29.5,126.1,46.29996
EQ-20031124211800423161430015253__TC-TY0314,TY-EQ,2003-09-12T00:00:00Z,30.5,126.5,48.87218
EQ-20031124211800423161430015253__TC-TY0314,TY-EQ,2003-09-12T06:00:00Z,32.7,127.1,46.29996
EQ-20031124211800423161430015253__TC-TY0314,TY-EQ,2003-09-12T09:00:00Z,33.9,127.5,41.15552
EQ-20031124211800423161430015253__TC-TY0314,TY-EQ,2003-09-12T12:00:00Z,34.9,128.3,38.5833
EQ-20031124211800423161430015253__TC-TY0314,TY-EQ,2003-09-12T18:00:00Z,37.0,129.8,30.86664
EQ-20031124211800423161430015253__TC-TY0314,TY-EQ,2003-09-13T00:00:00Z,39.1,131.8,28.29442
EQ-20031124211800423161430015253__TC-TY0314,TY-EQ,2003-09-13T06:00:00Z,40.5,134.6,25.7222
EQ-20031124211800423161430015253__TC-TY0314,TY-EQ,2003-09-13T09:00:00Z,41.5,136.9,25.7222
EQ-20031124211800423161430015253__TC-TY0314,TY-EQ,2003-09-13T12:00:00Z,42.3,138.1,25.7222
EQ-20031124211800423161430015253__TC-TY0314,TY-EQ,2003-09-13T15:00:00Z,43.2,140.0,25.7222
EQ-20031124211800423161430015253__TC-TY0314,TY-EQ,2003-09-13T18:00:00Z,44.7,141.2,25.7222
EQ-20031124211800423161430015253__TC-TY0314,TY-EQ,2003-09-13T21:00:00Z,46.0,143.5,0.0
EQ-20031124211800423161430015253__TC-TY0314,TY-EQ,2003-09-14T00:00:00Z,45.2,145.7,0.0
EQ-20031124211800423161430015253__TC-TY0314,TY-EQ,2003-09-14T06:00:00Z,46.1,147.5,0.0
EQ-20031124211800423161430015253__TC-TY0314,TY-EQ,2003-09-14T12:00:00Z,47.1,148.9,0.0
EQ-20031124211800423161430015253__TC-TY0314,TY-EQ,2003-09-14T18:00:00Z,48.2,150.0,0.0
EQ-20031124211800423161430015253__TC-TY0314,TY-EQ,2003-09-15T00:00:00Z,48.8,150.6,0.0
EQ-20031124211800423161430015253__TC-TY0314,TY-EQ,2003-09-15T06:00:00Z,49.0,151.1,0.0
EQ-20031124211800423161430015253__TC-TY0314,TY-EQ,2003-09-15T12:00:00Z,49.2,151.4,0.0
EQ-20031124211800423161430015253__TC-TY0314,TY-EQ,2003-09-15T18:00:00Z,48.9,152.5,0.0
EQ-20031124211800423161430015253__TC-TY0314,TY-EQ,2003-09-16T00:00:00Z,48.9,153.4,0.0
EQ-200309201255003521814037058__TC-TY0315,Simultaneous,2003-09-16T00:00:00Z,13.1,133.0,0.0
EQ-200309201255003521814037058__TC-TY0315,Simultaneous,2003-09-16T06:00:00Z,14.0,130.2,0.0
EQ-200309201255003521814037058__TC-TY0315,Simultaneous,2003-09-16T12:00:00Z,14.8,128.4,0.0
EQ-200309201255003521814037058__TC-TY0315,Simultaneous,2003-09-16T18:00:00Z,15.2,128.1,0.0
EQ-200309201255003521814037058__TC-TY0315,Simultaneous,2003-09-17T00:00:00Z,15.8,127.1,0.0
EQ-200309201255003521814037058__TC-TY0315,Simultaneous,2003-09-17T06:00:00Z,17.5,128.9,0.0
EQ-200309201255003521814037058__TC-TY0315,Simultaneous,2003-09-17T12:00:00Z,18.8,129.5,0.0
EQ-200309201255003521814037058__TC-TY0315,Simultaneous,2003-09-17T18:00:00Z,20.2,129.4,0.0
EQ-200309201255003521814037058__TC-TY0315,Simultaneous,2003-09-18T00:00:00Z,21.4,128.5,20.57776
EQ-200309201255003521814037058__TC-TY0315,Simultaneous,2003-09-18T06:00:00Z,21.8,128.3,23.14998
EQ-200309201255003521814037058__TC-TY0315,Simultaneous,2003-09-18T12:00:00Z,22.8,127.7,23.14998
EQ-200309201255003521814037058__TC-TY0315,Simultaneous,2003-09-18T15:00:00Z,23.2,127.5,23.14998
EQ-200309201255003521814037058__TC-TY0315,Simultaneous,2003-09-18T18:00:00Z,23.6,127.3,23.14998
EQ-200309201255003521814037058__TC-TY0315,Simultaneous,2003-09-18T21:00:00Z,24.1,127.3,23.14998
EQ-200309201255003521814037058__TC-TY0315,Simultaneous,2003-09-19T00:00:00Z,24.9,127.4,25.7222
EQ-200309201255003521814037058__TC-TY0315,Simultaneous,2003-09-19T03:00:00Z,25.4,127.7,25.7222
EQ-200309201255003521814037058__TC-TY0315,Simultaneous,2003-09-19T06:00:00Z,26.0,127.9,25.7222
EQ-200309201255003521814037058__TC-TY0315,Simultaneous,2003-09-19T08:00:00Z,26.5,128.2,25.7222
EQ-200309201255003521814037058__TC-TY0315,Simultaneous,2003-09-19T09:00:00Z,26.7,128.1,30.86664
EQ-200309201255003521814037058__TC-TY0315,Simultaneous,2003-09-19T12:00:00Z,27.0,128.2,30.86664
EQ-200309201255003521814037058__TC-TY0315,Simultaneous,2003-09-19T15:00:00Z,27.4,128.3,30.86664
EQ-200309201255003521814037058__TC-TY0315,Simultaneous,2003-09-19T18:00:00Z,27.7,128.7,30.86664
EQ-200309201255003521814037058__TC-TY0315,Simultaneous,2003-09-19T21:00:00Z,28.0,129.0,30.86664
EQ-200309201255003521814037058__TC-TY0315,Simultaneous,2003-09-19T22:00:00Z,28.1,129.2,30.86664
EQ-200309201255003521814037058__TC-TY0315,Simultaneous,2003-09-20T00:00:00Z,28.4,129.4,30.86664
EQ-200309201255003521814037058__TC-TY0315,Simultaneous,2003-09-20T03:00:00Z,28.6,130.1,30.86664
EQ-200309201255003521814037058__TC-TY0315,Simultaneous,2003-09-20T06:00:00Z,28.7,130.5,30.86664
EQ-200309201255003521814037058__TC-TY0315,Simultaneous,2003-09-20T09:00:00Z,28.8,131.2,30.86664
EQ-200309201255003521814037058__TC-TY0315,Simultaneous,2003-09-20T12:00:00Z,28.9,132.0,30.86664
EQ-200309201255003521814037058__TC-TY0315,Simultaneous,2003-09-20T15:00:00Z,29.2,132.8,33.43886
EQ-200309201255003521814037058__TC-TY0315,Simultaneous,2003-09-20T18:00:00Z,29.5,133.7,33.43886
EQ-200309201255003521814037058__TC-TY0315,Simultaneous,2003-09-20T21:00:00Z,29.8,134.7,36.01108
EQ-200309201255003521814037058__TC-TY0315,Simultaneous,2003-09-21T00:00:00Z,29.9,136.0,36.01108
EQ-200309201255003521814037058__TC-TY0315,Simultaneous,2003-09-21T03:00:00Z,30.5,136.3,36.01108
EQ-200309201255003521814037058__TC-TY0315,Simultaneous,2003-09-21T06:00:00Z,31.0,137.0,36.01108
EQ-200309201255003521814037058__TC-TY0315,Simultaneous,2003-09-21T09:00:00Z,31.6,138.0,36.01108
EQ-200309201255003521814037058__TC-TY0315,Simultaneous,2003-09-21T12:00:00Z,32.2,139.0,36.01108
EQ-200309201255003521814037058__TC-TY0315,Simultaneous,2003-09-21T15:00:00Z,32.7,140.0,36.01108
EQ-200309201255003521814037058__TC-TY0315,Simultaneous,2003-09-21T18:00:00Z,33.2,140.7,36.01108
EQ-200309201255003521814037058__TC-TY0315,Simultaneous,2003-09-21T21:00:00Z,33.8,142.1,36.01108
EQ-200309201255003521814037058__TC-TY0315,Simultaneous,2003-09-22T00:00:00Z,34.4,142.8,36.01108
EQ-200309201255003521814037058__TC-TY0315,Simultaneous,2003-09-22T03:00:00Z,35.1,143.8,36.01108
EQ-200309201255003521814037058__TC-TY0315,Simultaneous,2003-09-22T06:00:00Z,35.9,145.0,33.43886
EQ-200309201255003521814037058__TC-TY0315,Simultaneous,2003-09-22T12:00:00Z,37.7,147.6,28.29442
EQ-200309201255003521814037058__TC-TY0315,Simultaneous,2003-09-22T18:00:00Z,39.5,151.2,25.7222
EQ-200309201255003521814037058__TC-TY0315,Simultaneous,2003-09-23T00:00:00Z,41.0,156.0,0.0
EQ-200309201255003521814037058__TC-TY0315,Simultaneous,2003-09-23T06:00:00Z,43.4,164.3,0.0
EQ-200309201255003521814037058__TC-TY0315,Simultaneous,2003-09-23T12:00:00Z,45.3,171.6,0.0
EQ-200309201255003521814037058__TC-TY0315,Simultaneous,2003-09-23T18:00:00Z,46.0,178.7,0.0
EQ-200309201255003521814037058__TC-TY0315,Simultaneous,2003-09-24T00:00:00Z,47.0,184.5,0.0
EQ-200307261656003851411891253__TC-TY0310,EQ-TY,2003-08-02T18:00:00Z,12.4,140.2,0.0
EQ-200307261656003851411891253__TC-TY0310,EQ-TY,2003-08-03T00:00:00Z,12.6,140.0,0.0
EQ-200307261656003851411891253__TC-TY0310,EQ-TY,2003-08-03T06:00:00Z,13.4,139.6,18.00554
EQ-200307261656003851411891253__TC-TY0310,EQ-TY,2003-08-03T12:00:00Z,13.9,138.8,20.57776
EQ-200307261656003851411891253__TC-TY0310,EQ-TY,2003-08-03T18:00:00Z,14.7,138.0,23.14998
EQ-200307261656003851411891253__TC-TY0310,EQ-TY,2003-08-04T00:00:00Z,15.2,136.6,28.29442
EQ-200307261656003851411891253__TC-TY0310,EQ-TY,2003-08-04T06:00:00Z,15.6,135.0,28.29442
EQ-200307261656003851411891253__TC-TY0310,EQ-TY,2003-08-04T12:00:00Z,16.5,134.4,30.86664
EQ-200307261656003851411891253__TC-TY0310,EQ-TY,2003-08-04T18:00:00Z,17.8,133.8,36.01108
EQ-200307261656003851411891253__TC-TY0310,EQ-TY,2003-08-05T00:00:00Z,18.3,132.8,38.5833
EQ-200307261656003851411891253__TC-TY0310,EQ-TY,2003-08-05T06:00:00Z,18.6,131.5,38.5833
EQ-200307261656003851411891253__TC-TY0310,EQ-TY,2003-08-05T12:00:00Z,19.3,131.0,38.5833
EQ-200307261656003851411891253__TC-TY0310,EQ-TY,2003-08-05T18:00:00Z,20.5,130.3,38.5833
EQ-200307261656003851411891253__TC-TY0310,EQ-TY,2003-08-06T00:00:00Z,21.5,129.5,38.5833
EQ-200307261656003851411891253__TC-TY0310,EQ-TY,2003-08-06T06:00:00Z,22.7,129.0,38.5833
EQ-200307261656003851411891253__TC-TY0310,EQ-TY,2003-08-06T12:00:00Z,23.9,128.8,38.5833
EQ-200307261656003851411891253__TC-TY0310,EQ-TY,2003-08-06T15:00:00Z,24.7,128.6,38.5833
EQ-200307261656003851411891253__TC-TY0310,EQ-TY,2003-08-06T18:00:00Z,25.3,128.4,41.15552
EQ-200307261656003851411891253__TC-TY0310,EQ-TY,2003-08-06T21:00:00Z,26.0,128.3,41.15552
EQ-200307261656003851411891253__TC-TY0310,EQ-TY,2003-08-07T00:00:00Z,26.5,128.2,41.15552
EQ-200307261656003851411891253__TC-TY0310,EQ-TY,2003-08-07T03:00:00Z,27.0,128.2,41.15552
EQ-200307261656003851411891253__TC-TY0310,EQ-TY,2003-08-07T06:00:00Z,27.5,128.5,43.72774
EQ-200307261656003851411891253__TC-TY0310,EQ-TY,2003-08-07T09:00:00Z,28.0,129.0,43.72774
EQ-200307261656003851411891253__TC-TY0310,EQ-TY,2003-08-07T10:00:00Z,28.1,129.2,43.72774
EQ-200307261656003851411891253__TC-TY0310,EQ-TY,2003-08-07T12:00:00Z,28.4,129.5,41.15552
EQ-200307261656003851411891253__TC-TY0310,EQ-TY,2003-08-07T15:00:00Z,28.8,130.1,41.15552
EQ-200307261656003851411891253__TC-TY0310,EQ-TY,2003-08-07T18:00:00Z,29.4,130.8,41.15552
EQ-200307261656003851411891253__TC-TY0310,EQ-TY,2003-08-07T21:00:00Z,30.0,131.5,41.15552
EQ-200307261656003851411891253__TC-TY0310,EQ-TY,2003-08-08T00:00:00Z,30.7,132.0,38.5833
EQ-200307261656003851411891253__TC-TY0310,EQ-TY,2003-08-08T03:00:00Z,31.5,132.7,38.5833
EQ-200307261656003851411891253__TC-TY0310,EQ-TY,2003-08-08T06:00:00Z,32.1,133.1,38.5833
EQ-200307261656003851411891253__TC-TY0310,EQ-TY,2003-08-08T09:00:00Z,32.7,133.6,38.5833
EQ-200307261656003851411891253__TC-TY0310,EQ-TY,2003-08-08T12:00:00Z,33.2,134.0,38.5833
EQ-200307261656003851411891253__TC-TY0310,EQ-TY,2003-08-08T15:00:00Z,33.7,134.4,30.86664
EQ-200307261656003851411891253__TC-TY0310,EQ-TY,2003-08-08T18:00:00Z,34.2,134.8,25.7222
EQ-200307261656003851411891253__TC-TY0310,EQ-TY,2003-08-08T21:00:00Z,34.7,135.4,25.7222
EQ-200307261656003851411891253__TC-TY0310,EQ-TY,2003-08-09T00:00:00Z,35.5,136.1,23.14998
EQ-200307261656003851411891253__TC-TY0310,EQ-TY,2003-08-09T03:00:00Z,36.5,137.4,23.14998
EQ-200307261656003851411891253__TC-TY0310,EQ-TY,2003-08-09T06:00:00Z,37.4,138.8,20.57776
EQ-200307261656003851411891253__TC-TY0310,EQ-TY,2003-08-09T09:00:00Z,38.4,140.0,20.57776
EQ-200307261656003851411891253__TC-TY0310,EQ-TY,2003-08-09T12:00:00Z,40.0,141.2,20.57776
EQ-200307261656003851411891253__TC-TY0310,EQ-TY,2003-08-09T15:00:00Z,41.4,142.4,20.57776
EQ-200307261656003851411891253__TC-TY0310,EQ-TY,2003-08-09T16:00:00Z,41.9,142.8,20.57776
EQ-200307261656003851411891253__TC-TY0310,EQ-TY,2003-08-09T18:00:00Z,42.8,143.7,0.0
EQ-200307261656003851411891253__TC-TY0310,EQ-TY,2003-08-10T00:00:00Z,44.7,146.9,0.0
EQ-200307261656003851411891253__TC-TY0310,EQ-TY,2003-08-10T06:00:00Z,48.4,151.1,0.0
EQ-200307261656003851411891253__TC-TY0310,EQ-TY,2003-08-10T12:00:00Z,50.7,152.6,0.0
EQ-200307261656003851411891253__TC-TY0310,EQ-TY,2003-08-10T18:00:00Z,52.3,152.5,0.0
EQ-200307261656003851411891253__TC-TY0310,EQ-TY,2003-08-11T00:00:00Z,52.8,151.9,0.0
EQ-200307261656003851411891253__TC-TY0310,EQ-TY,2003-08-11T06:00:00Z,53.2,152.5,0.0
EQ-200307261656003851411891253__TC-TY0310,EQ-TY,2003-08-11T12:00:00Z,53.0,153.2,0.0
EQ-200307261656003851411891253__TC-TY0310,EQ-TY,2003-08-11T18:00:00Z,52.2,154.0,0.0
EQ-20020512102900391511411549651__TC-TY0206,EQ-TY,2002-06-28T00:00:00Z,4.7,154.0,0.0
EQ-20020512102900391511411549651__TC-TY0206,EQ-TY,2002-06-28T06:00:00Z,5.0,153.5,0.0
EQ-20020512102900391511411549651__TC-TY0206,EQ-TY,2002-06-28T12:00:00Z,5.0,153.8,0.0
EQ-20020512102900391511411549651__TC-TY0206,EQ-TY,2002-06-28T18:00:00Z,5.0,154.7,0.0
EQ-20020512102900391511411549651__TC-TY0206,EQ-TY,2002-06-29T00:00:00Z,5.0,155.5,18.00554
EQ-20020512102900391511411549651__TC-TY0206,EQ-TY,2002-06-29T06:00:00Z,5.2,155.6,20.57776
EQ-20020512102900391511411549651__TC-TY0206,EQ-TY,2002-06-29T12:00:00Z,5.3,155.7,23.14998
EQ-20020512102900391511411549651__TC-TY0206,EQ-TY,2002-06-29T18:00:00Z,5.4,155.8,23.14998
EQ-20020512102900391511411549651__TC-TY0206,EQ-TY,2002-06-30T00:00:00Z,5.5,155.9,25.7222
EQ-20020512102900391511411549651__TC-TY0206,EQ-TY,2002-06-30T06:00:00Z,5.6,155.9,25.7222
EQ-20020512102900391511411549651__TC-TY0206,EQ-TY,2002-06-30T12:00:00Z,5.8,155.4,25.7222
EQ-20020512102900391511411549651__TC-TY0206,EQ-TY,2002-06-30T18:00:00Z,6.7,155.0,25.7222
EQ-20020512102900391511411549651__TC-TY0206,EQ-TY,2002-07-01T00:00:00Z,6.8,154.8,25.7222
EQ-20020512102900391511411549651__TC-TY0206,EQ-TY,2002-07-01T06:00:00Z,6.9,154.5,25.7222
EQ-20020512102900391511411549651__TC-TY0206,EQ-TY,2002-07-01T12:00:00Z,7.0,154.2,25.7222
EQ-20020512102900391511411549651__TC-TY0206,EQ-TY,2002-07-01T18:00:00Z,7.1,153.9,25.7222
EQ-20020512102900391511411549651__TC-TY0206,EQ-TY,2002-07-02T00:00:00Z,7.2,153.4,23.14998
EQ-20020512102900391511411549651__TC-TY0206,EQ-TY,2002-07-02T06:00:00Z,7.0,152.9,20.57776
EQ-20020512102900391511411549651__TC-TY0206,EQ-TY,2002-07-02T12:00:00Z,6.8,151.7,20.57776
EQ-20020512102900391511411549651__TC-TY0206,EQ-TY,2002-07-02T18:00:00Z,7.0,151.2,20.57776
EQ-20020512102900391511411549651__TC-TY0206,EQ-TY,2002-07-03T00:00:00Z,7.8,150.9,20.57776
EQ-20020512102900391511411549651__TC-TY0206,EQ-TY,2002-07-03T06:00:00Z,8.4,150.3,23.14998
EQ-20020512102900391511411549651__TC-TY0206,EQ-TY,2002-07-03T12:00:00Z,9.3,149.6,23.14998
EQ-20020512102900391511411549651__TC-TY0206,EQ-TY,2002-07-03T18:00:00Z,9.9,149.0,25.7222
EQ-20020512102900391511411549651__TC-TY0206,EQ-TY,2002-07-04T00:00:00Z,10.6,148.7,25.7222
EQ-20020512102900391511411549651__TC-TY0206,EQ-TY,2002-07-04T06:00:00Z,11.9,147.9,25.7222
EQ-20020512102900391511411549651__TC-TY0206,EQ-TY,2002-07-04T12:00:00Z,12.6,146.6,30.86664
EQ-20020512102900391511411549651__TC-TY0206,EQ-TY,2002-07-04T18:00:00Z,13.0,145.6,36.01108
EQ-20020512102900391511411549651__TC-TY0206,EQ-TY,2002-07-05T00:00:00Z,13.8,144.7,38.5833
EQ-20020512102900391511411549651__TC-TY0206,EQ-TY,2002-07-05T06:00:00Z,14.2,143.8,38.5833
EQ-20020512102900391511411549651__TC-TY0206,EQ-TY,2002-07-05T12:00:00Z,14.7,142.6,38.5833
EQ-20020512102900391511411549651__TC-TY0206,EQ-TY,2002-07-05T18:00:00Z,15.3,141.8,43.72774
EQ-20020512102900391511411549651__TC-TY0206,EQ-TY,2002-07-06T00:00:00Z,15.9,141.0,43.72774
EQ-20020512102900391511411549651__TC-TY0206,EQ-TY,2002-07-06T06:00:00Z,16.7,140.1,43.72774
EQ-20020512102900391511411549651__TC-TY0206,EQ-TY,2002-07-06T12:00:00Z,17.2,139.4,43.72774
EQ-20020512102900391511411549651__TC-TY0206,EQ-TY,2002-07-06T18:00:00Z,17.8,138.3,43.72774
EQ-20020512102900391511411549651__TC-TY0206,EQ-TY,2002-07-07T00:00:00Z,18.8,137.3,43.72774
EQ-20020512102900391511411549651__TC-TY0206,EQ-TY,2002-07-07T06:00:00Z,19.5,136.0,43.72774
EQ-20020512102900391511411549651__TC-TY0206,EQ-TY,2002-07-07T12:00:00Z,20.1,134.9,46.29996
EQ-20020512102900391511411549651__TC-TY0206,EQ-TY,2002-07-07T18:00:00Z,20.8,134.1,46.29996
EQ-20020512102900391511411549651__TC-TY0206,EQ-TY,2002-07-08T00:00:00Z,21.6,133.7,48.87218
EQ-20020512102900391511411549651__TC-TY0206,EQ-TY,2002-07-08T03:00:00Z,22.2,133.4,48.87218
EQ-20020512102900391511411549651__TC-TY0206,EQ-TY,2002-07-08T06:00:00Z,22.8,133.2,48.87218
EQ-20020512102900391511411549651__TC-TY0206,EQ-TY,2002-07-08T09:00:00Z,23.4,133.1,48.87218
EQ-20020512102900391511411549651__TC-TY0206,EQ-TY,2002-07-08T12:00:00Z,24.0,132.9,48.87218
EQ-20020512102900391511411549651__TC-TY0206,EQ-TY,2002-07-08T15:00:00Z,24.7,132.6,48.87218
EQ-20020512102900391511411549651__TC-TY0206,EQ-TY,2002-07-08T18:00:00Z,25.3,132.4,48.87218
EQ-20020512102900391511411549651__TC-TY0206,EQ-TY,2002-07-08T21:00:00Z,26.0,132.5,46.29996
EQ-20020512102900391511411549651__TC-TY0206,EQ-TY,2002-07-09T00:00:00Z,26.5,132.4,43.72774
EQ-20020512102900391511411549651__TC-TY0206,EQ-TY,2002-07-09T03:00:00Z,27.1,132.4,43.72774
EQ-20020512102900391511411549651__TC-TY0206,EQ-TY,2002-07-09T06:00:00Z,27.7,132.4,38.5833
EQ-20020512102900391511411549651__TC-TY0206,EQ-TY,2002-07-09T09:00:00Z,28.1,132.6,38.5833
EQ-20020512102900391511411549651__TC-TY0206,EQ-TY,2002-07-09T12:00:00Z,28.3,132.9,36.01108
EQ-20020512102900391511411549651__TC-TY0206,EQ-TY,2002-07-09T15:00:00Z,28.5,133.3,36.01108
EQ-20020512102900391511411549651__TC-TY0206,EQ-TY,2002-07-09T18:00:00Z,29.2,133.8,33.43886
EQ-20020512102900391511411549651__TC-TY0206,EQ-TY,2002-07-09T21:00:00Z,30.2,134.4,30.86664
EQ-20020512102900391511411549651__TC-TY0206,EQ-TY,2002-07-10T00:00:00Z,30.6,134.9,30.86664
EQ-20020512102900391511411549651__TC-TY0206,EQ-TY,2002-07-10T03:00:00Z,31.3,135.0,30.86664
EQ-20020512102900391511411549651__TC-TY0206,EQ-TY,2002-07-10T06:00:00Z,32.0,136.4,30.86664
EQ-20020512102900391511411549651__TC-TY0206,EQ-TY,2002-07-10T09:00:00Z,33.3,137.5,30.86664
EQ-20020512102900391511411549651__TC-TY0206,EQ-TY,2002-07-10T12:00:00Z,34.2,138.8,28.29442
EQ-20020512102900391511411549651__TC-TY0206,EQ-TY,2002-07-10T15:00:00Z,34.9,139.7,28.29442
EQ-20020512102900391511411549651__TC-TY0206,EQ-TY,2002-07-10T18:00:00Z,36.1,141.1,28.29442
EQ-20020512102900391511411549651__TC-TY0206,EQ-TY,2002-07-10T21:00:00Z,38.2,141.8,28.29442
EQ-20020512102900391511411549651__TC-TY0206,EQ-TY,2002-07-11T00:00:00Z,39.0,142.3,28.29442
EQ-20020512102900391511411549651__TC-TY0206,EQ-TY,2002-07-11T03:00:00Z,39.7,142.6,25.7222
EQ-20020512102900391511411549651__TC-TY0206,EQ-TY,2002-07-11T06:00:00Z,41.4,143.4,23.14998
EQ-20020512102900391511411549651__TC-TY0206,EQ-TY,2002-07-11T09:00:00Z,42.4,144.1,23.14998
EQ-20020512102900391511411549651__TC-TY0206,EQ-TY,2002-07-11T12:00:00Z,43.0,144.5,23.14998
EQ-20020512102900391511411549651__TC-TY0206,EQ-TY,2002-07-11T15:00:00Z,44.2,144.1,0.0
EQ-20020512102900391511411549651__TC-TY0206,EQ-TY,2002-07-11T18:00:00Z,44.8,143.6,0.0
EQ-20020512102900391511411549651__TC-TY0206,EQ-TY,2002-07-12T00:00:00Z,45.9,143.6,0.0
EQ-20020512102900391511411549651__TC-TY0206,EQ-TY,2002-07-12T06:00:00Z,46.6,143.6,0.0
EQ-20020512102900391511411549651__TC-TY0206,EQ-TY,2002-07-12T12:00:00Z,47.5,143.5,0.0
EQ-20020512102900391511411549651__TC-TY0206,EQ-TY,2002-07-12T18:00:00Z,47.8,143.4,0.0
EQ-20020512102900391511411549651__TC-TY0206,EQ-TY,2002-07-13T00:00:00Z,48.0,143.3,0.0
EQ-2001082522210035151356571051__TC-TY0115,EQ-TY,2001-09-03T00:00:00Z,18.7,156.3,0.0
EQ-2001082522210035151356571051__TC-TY0115,EQ-TY,2001-09-03T06:00:00Z,18.9,155.8,0.0
EQ-2001082522210035151356571051__TC-TY0115,EQ-TY,2001-09-03T12:00:00Z,18.9,155.0,0.0
EQ-2001082522210035151356571051__TC-TY0115,EQ-TY,2001-09-03T18:00:00Z,18.8,154.0,0.0
EQ-2001082522210035151356571051__TC-TY0115,EQ-TY,2001-09-04T00:00:00Z,18.6,152.9,18.00554
EQ-2001082522210035151356571051__TC-TY0115,EQ-TY,2001-09-04T06:00:00Z,18.7,152.1,23.14998
EQ-2001082522210035151356571051__TC-TY0115,EQ-TY,2001-09-04T12:00:00Z,19.0,151.7,28.29442
EQ-2001082522210035151356571051__TC-TY0115,EQ-TY,2001-09-04T18:00:00Z,19.2,151.3,30.86664
EQ-2001082522210035151356571051__TC-TY0115,EQ-TY,2001-09-05T00:00:00Z,20.0,151.1,36.01108
EQ-2001082522210035151356571051__TC-TY0115,EQ-TY,2001-09-05T06:00:00Z,20.7,151.0,38.5833
EQ-2001082522210035151356571051__TC-TY0115,EQ-TY,2001-09-05T12:00:00Z,21.5,150.8,41.15552
EQ-2001082522210035151356571051__TC-TY0115,EQ-TY,2001-09-05T18:00:00Z,22.3,150.6,41.15552
EQ-2001082522210035151356571051__TC-TY0115,EQ-TY,2001-09-06T00:00:00Z,23.0,150.5,41.15552
EQ-2001082522210035151356571051__TC-TY0115,EQ-TY,2001-09-06T06:00:00Z,23.8,150.6,41.15552
EQ-2001082522210035151356571051__TC-TY0115,EQ-TY,2001-09-06T12:00:00Z,24.7,150.1,41.15552
EQ-2001082522210035151356571051__TC-TY0115,EQ-TY,2001-09-06T18:00:00Z,25.6,149.5,41.15552
EQ-2001082522210035151356571051__TC-TY0115,EQ-TY,2001-09-07T00:00:00Z,26.4,148.8,41.15552
EQ-2001082522210035151356571051__TC-TY0115,EQ-TY,2001-09-07T06:00:00Z,27.3,147.5,38.5833
EQ-2001082522210035151356571051__TC-TY0115,EQ-TY,2001-09-07T12:00:00Z,27.8,146.2,38.5833
EQ-2001082522210035151356571051__TC-TY0115,EQ-TY,2001-09-07T18:00:00Z,28.4,144.8,38.5833
EQ-2001082522210035151356571051__TC-TY0115,EQ-TY,2001-09-08T00:00:00Z,28.5,143.6,41.15552
EQ-2001082522210035151356571051__TC-TY0115,EQ-TY,2001-09-08T03:00:00Z,28.4,143.1,41.15552
EQ-2001082522210035151356571051__TC-TY0115,EQ-TY,2001-09-08T06:00:00Z,28.4,142.6,43.72774
EQ-2001082522210035151356571051__TC-TY0115,EQ-TY,2001-09-08T09:00:00Z,28.4,142.3,43.72774
EQ-2001082522210035151356571051__TC-TY0115,EQ-TY,2001-09-08T12:00:00Z,28.4,141.9,43.72774
EQ-2001082522210035151356571051__TC-TY0115,EQ-TY,2001-09-08T15:00:00Z,28.4,141.8,43.72774
EQ-2001082522210035151356571051__TC-TY0115,EQ-TY,2001-09-08T18:00:00Z,28.7,141.6,43.72774
EQ-2001082522210035151356571051__TC-TY0115,EQ-TY,2001-09-08T21:00:00Z,29.2,141.3,43.72774
EQ-2001082522210035151356571051__TC-TY0115,EQ-TY,2001-09-09T00:00:00Z,29.8,140.6,43.72774
EQ-2001082522210035151356571051__TC-TY0115,EQ-TY,2001-09-09T03:00:00Z,30.1,139.8,43.72774
EQ-2001082522210035151356571051__TC-TY0115,EQ-TY,2001-09-09T06:00:00Z,30.5,139.1,43.72774
EQ-2001082522210035151356571051__TC-TY0115,EQ-TY,2001-09-09T09:00:00Z,30.8,138.7,43.72774
EQ-2001082522210035151356571051__TC-TY0115,EQ-TY,2001-09-09T12:00:00Z,31.1,138.4,41.15552
EQ-2001082522210035151356571051__TC-TY0115,EQ-TY,2001-09-09T15:00:00Z,31.5,137.9,41.15552
EQ-2001082522210035151356571051__TC-TY0115,EQ-TY,2001-09-09T18:00:00Z,31.8,137.6,38.5833
EQ-2001082522210035151356571051__TC-TY0115,EQ-TY,2001-09-09T21:00:00Z,32.1,137.5,38.5833
EQ-2001082522210035151356571051__TC-TY0115,EQ-TY,2001-09-10T00:00:00Z,32.5,137.4,36.01108
EQ-2001082522210035151356571051__TC-TY0115,EQ-TY,2001-09-10T03:00:00Z,32.8,137.3,36.01108
EQ-2001082522210035151356571051__TC-TY0115,EQ-TY,2001-09-10T06:00:00Z,33.1,137.3,36.01108
EQ-2001082522210035151356571051__TC-TY0115,EQ-TY,2001-09-10T09:00:00Z,33.4,137.6,36.01108
EQ-2001082522210035151356571051__TC-TY0115,EQ-TY,2001-09-10T12:00:00Z,33.6,137.8,36.01108
EQ-2001082522210035151356571051__TC-TY0115,EQ-TY,2001-09-10T15:00:00Z,33.9,138.1,36.01108
EQ-2001082522210035151356571051__TC-TY0115,EQ-TY,2001-09-10T18:00:00Z,34.2,138.5,30.86664
EQ-2001082522210035151356571051__TC-TY0115,EQ-TY,2001-09-10T21:00:00Z,34.7,139.0,28.29442
EQ-2001082522210035151356571051__TC-TY0115,EQ-TY,2001-09-11T00:00:00Z,35.2,139.5,28.29442
EQ-2001082522210035151356571051__TC-TY0115,EQ-TY,2001-09-11T03:00:00Z,35.8,139.9,28.29442
EQ-2001082522210035151356571051__TC-TY0115,EQ-TY,2001-09-11T06:00:00Z,36.3,140.3,25.7222
EQ-2001082522210035151356571051__TC-TY0115,EQ-TY,2001-09-11T09:00:00Z,37.1,141.2,23.14998
EQ-2001082522210035151356571051__TC-TY0115,EQ-TY,2001-09-11T12:00:00Z,37.8,141.9,23.14998
EQ-2001082522210035151356571051__TC-TY0115,EQ-TY,2001-09-11T15:00:00Z,38.8,142.7,20.57776
EQ-2001082522210035151356571051__TC-TY0115,EQ-TY,2001-09-11T18:00:00Z,39.8,143.7,20.57776
EQ-2001082522210035151356571051__TC-TY0115,EQ-TY,2001-09-11T21:00:00Z,40.7,144.5,20.57776
EQ-2001082522210035151356571051__TC-TY0115,EQ-TY,2001-09-12T00:00:00Z,42.0,145.7,20.57776
EQ-2001082522210035151356571051__TC-TY0115,EQ-TY,2001-09-12T03:00:00Z,43.2,146.9,20.57776
EQ-2001082522210035151356571051__TC-TY0115,EQ-TY,2001-09-12T06:00:00Z,44.4,148.2,0.0
EQ-2001082522210035151356571051__TC-TY0115,EQ-TY,2001-09-12T12:00:00Z,45.3,149.7,0.0
EQ-2001082522210035151356571051__TC-TY0115,EQ-TY,2001-09-12T18:00:00Z,45.9,152.4,0.0
EQ-usp0009ddp__TC-TY9918,EQ-TY,1999-09-17T00:00:00Z,20.2,129.5,9.616676
EQ-usp0009ddp__TC-TY9918,EQ-TY,1999-09-17T03:00:00Z,20.0525,129.793,10.620347
EQ-usp0009ddp__TC-TY9918,EQ-TY,1999-09-17T06:00:00Z,19.9,130.1,11.574055
EQ-usp0009ddp__TC-TY9918,EQ-TY,1999-09-17T09:00:00Z,19.755,130.423,11.574055
EQ-usp0009ddp__TC-TY9918,EQ-TY,1999-09-17T12:00:00Z,19.7,130.7,11.574055
EQ-usp0009ddp__TC-TY9918,EQ-TY,1999-09-17T15:00:00Z,19.8274,130.917,12.486127
EQ-usp0009ddp__TC-TY9918,EQ-TY,1999-09-17T18:00:00Z,20.0,131.0,13.362742
EQ-usp0009ddp__TC-TY9918,EQ-TY,1999-09-17T21:00:00Z,20.0575,130.903,13.362742
EQ-usp0009ddp__TC-TY9918,EQ-TY,1999-09-18T00:00:00Z,20.1,130.7,13.362742
EQ-usp0009ddp__TC-TY9918,EQ-TY,1999-09-18T03:00:00Z,20.1776,130.478,13.362742
EQ-usp0009ddp__TC-TY9918,EQ-TY,1999-09-18T06:00:00Z,20.3,130.3,13.362742
EQ-usp0009ddp__TC-TY9918,EQ-TY,1999-09-18T09:00:00Z,20.4699,130.292,13.362742
EQ-usp0009ddp__TC-TY9918,EQ-TY,1999-09-18T12:00:00Z,20.7,130.3,13.362742
EQ-usp0009ddp__TC-TY9918,EQ-TY,1999-09-18T15:00:00Z,20.9692,130.284,15.027554
EQ-usp0009ddp__TC-TY9918,EQ-TY,1999-09-18T18:00:00Z,21.3,130.0,16.595947
EQ-usp0009ddp__TC-TY9918,EQ-TY,1999-09-18T21:00:00Z,21.6789,129.176,18.086263
EQ-usp0009ddp__TC-TY9918,EQ-TY,1999-09-19T00:00:00Z,22.1,128.2,18.00554
EQ-usp0009ddp__TC-TY9918,EQ-TY,1999-09-19T03:00:00Z,22.5948,127.453,19.034428
EQ-usp0009ddp__TC-TY9918,EQ-TY,1999-09-19T06:00:00Z,23.0,126.9,20.57776
EQ-usp0009ddp__TC-TY9918,EQ-TY,1999-09-19T09:00:00Z,23.1443,126.627,20.57776
EQ-usp0009ddp__TC-TY9918,EQ-TY,1999-09-19T12:00:00Z,23.2,126.4,20.57776
EQ-usp0009ddp__TC-TY9918,EQ-TY,1999-09-19T15:00:00Z,23.3581,125.863,23.14998
EQ-usp0009ddp__TC-TY9918,EQ-TY,1999-09-19T18:00:00Z,23.5,125.4,25.7222
EQ-usp0009ddp__TC-TY9918,EQ-TY,1999-09-19T21:00:00Z,23.5736,125.352,25.7222
EQ-usp0009ddp__TC-TY9918,EQ-TY,1999-09-20T00:00:00Z,23.6,125.4,25.7222
EQ-usp0009ddp__TC-TY9918,EQ-TY,1999-09-20T03:00:00Z,23.6,125.3,28.29442
EQ-usp0009ddp__TC-TY9918,EQ-TY,1999-09-20T06:00:00Z,23.8,125.3,28.29442
EQ-usp0009ddp__TC-TY9918,EQ-TY,1999-09-20T09:00:00Z,23.9,125.5,28.29442
EQ-usp0009ddp__TC-TY9918,EQ-TY,1999-09-20T12:00:00Z,24.1,125.5,33.43886
EQ-usp0009ddp__TC-TY9918,EQ-TY,1999-09-20T15:00:00Z,24.2,125.4,33.43886
EQ-usp0009ddp__TC-TY9918,EQ-TY,1999-09-20T18:00:00Z,24.1,125.2,36.01108
EQ-usp0009ddp__TC-TY9918,EQ-TY,1999-09-20T21:00:00Z,24.1,125.3,38.5833
EQ-usp0009ddp__TC-TY9918,EQ-TY,1999-09-21T00:00:00Z,24.2,125.5,38.5833
EQ-usp0009ddp__TC-TY9918,EQ-TY,1999-09-21T03:00:00Z,24.3,125.7,38.5833
EQ-usp0009ddp__TC-TY9918,EQ-TY,1999-09-21T06:00:00Z,24.5,125.8,41.15552
EQ-usp0009ddp__TC-TY9918,EQ-TY,1999-09-21T09:00:00Z,24.6,126.1,41.15552
EQ-usp0009ddp__TC-TY9918,EQ-TY,1999-09-21T12:00:00Z,24.6,126.3,41.15552
EQ-usp0009ddp__TC-TY9918,EQ-TY,1999-09-21T15:00:00Z,24.8,126.6,41.15552
EQ-usp0009ddp__TC-TY9918,EQ-TY,1999-09-21T18:00:00Z,25.0,126.7,41.15552
EQ-usp0009ddp__TC-TY9918,EQ-TY,1999-09-21T21:00:00Z,25.3,126.8,41.15552
EQ-usp0009ddp__TC-TY9918,EQ-TY,1999-09-22T00:00:00Z,25.5,126.9,43.72774
EQ-usp0009ddp__TC-TY9918,EQ-TY,1999-09-22T03:00:00Z,25.7,126.8,43.72774
EQ-usp0009ddp__TC-TY9918,EQ-TY,1999-09-22T06:00:00Z,25.9,127.0,43.72774
EQ-usp0009ddp__TC-TY9918,EQ-TY,1999-09-22T09:00:00Z,26.0,127.1,43.72774
EQ-usp0009ddp__TC-TY9918,EQ-TY,1999-09-22T12:00:00Z,26.3,127.2,46.29996
EQ-usp0009ddp__TC-TY9918,EQ-TY,1999-09-22T15:00:00Z,26.6,127.2,46.29996
EQ-usp0009ddp__TC-TY9918,EQ-TY,1999-09-22T18:00:00Z,27.0,127.2,46.29996
EQ-usp0009ddp__TC-TY9918,EQ-TY,1999-09-22T21:00:00Z,27.4,127.3,46.29996
EQ-usp0009ddp__TC-TY9918,EQ-TY,1999-09-23T00:00:00Z,27.8,127.3,46.29996
EQ-usp0009ddp__TC-TY9918,EQ-TY,1999-09-23T03:00:00Z,28.3,127.5,46.29996
EQ-usp0009ddp__TC-TY9918,EQ-TY,1999-09-23T06:00:00Z,28.9,127.8,46.29996
EQ-usp0009ddp__TC-TY9918,EQ-TY,1999-09-23T09:00:00Z,29.5,128.1,46.29996
EQ-usp0009ddp__TC-TY9918,EQ-TY,1999-09-23T12:00:00Z,30.4,128.6,46.29996
EQ-usp0009ddp__TC-TY9918,EQ-TY,1999-09-23T15:00:00Z,31.0,129.0,46.29996
EQ-usp0009ddp__TC-TY9918,EQ-TY,1999-09-23T18:00:00Z,31.7,129.7,46.29996
EQ-usp0009ddp__TC-TY9918,EQ-TY,1999-09-23T19:00:00Z,32.2,129.9,43.72774
EQ-usp0009ddp__TC-TY9918,EQ-TY,1999-09-23T21:00:00Z,33.0,130.5,41.15552
EQ-usp0009ddp__TC-TY9918,EQ-TY,1999-09-23T23:00:00Z,33.8,131.2,41.15552
EQ-usp0009ddp__TC-TY9918,EQ-TY,1999-09-24T00:00:00Z,34.3,131.3,41.15552
EQ-usp0009ddp__TC-TY9918,EQ-TY,1999-09-24T03:00:00Z,35.7,132.6,36.01108
EQ-usp0009ddp__TC-TY9918,EQ-TY,1999-09-24T06:00:00Z,37.1,133.7,36.01108
EQ-usp0009ddp__TC-TY9918,EQ-TY,1999-09-24T09:00:00Z,38.8,135.6,33.43886
EQ-usp0009ddp__TC-TY9918,EQ-TY,1999-09-24T12:00:00Z,40.0,137.0,33.43886
EQ-usp0009ddp__TC-TY9918,EQ-TY,1999-09-24T15:00:00Z,41.3,138.6,30.86664
EQ-usp0009ddp__TC-TY9918,EQ-TY,1999-09-24T17:00:00Z,42.4,139.9,30.86664
EQ-usp0009ddp__TC-TY9918,EQ-TY,1999-09-24T18:00:00Z,42.9,140.3,30.86664
EQ-usp0009ddp__TC-TY9918,EQ-TY,1999-09-24T21:00:00Z,43.8,141.1,30.86664
EQ-usp0009ddp__TC-TY9918,EQ-TY,1999-09-25T00:00:00Z,44.7,141.7,25.7222
EQ-usp0009ddp__TC-TY9918,EQ-TY,1999-09-25T03:00:00Z,45.1,143.5,27.112007
EQ-usp0009ddp__TC-TY9918,EQ-TY,1999-09-25T06:00:00Z,46.6,145.5,24.725121
EQ-usp0009ddp__TC-TY9918,EQ-TY,1999-09-25T09:00:00Z,47.1772,146.918,24.725121
EQ-usp0009ddp__TC-TY9918,EQ-TY,1999-09-25T12:00:00Z,47.4,148.1,24.725121
EQ-usp0009ddp__TC-TY9918,EQ-TY,1999-09-25T15:00:00Z,48.0961,149.794,24.725121
EQ-usp0009ddp__TC-TY9918,EQ-TY,1999-09-25T18:00:00Z,48.8,151.4,24.725121
EQ-usp0009ddp__TC-TY9918,EQ-TY,1999-09-25T21:00:00Z,49.3059,152.469,25.933752
EQ-usp0009ddp__TC-TY9918,EQ-TY,1999-09-26T00:00:00Z,49.7,153.3,27.112007
EQ-usp0009ddp__TC-TY9918,EQ-TY,1999-09-26T03:00:00Z,50.0376,154.261,28.262604
EQ-usp0009ddp__TC-TY9918,EQ-TY,1999-09-26T06:00:00Z,50.3,155.1,29.387863
EQ-usp0009ddp__TC-TY9918,EQ-TY,1999-09-26T09:00:00Z,50.519,155.593,31.032552
EQ-usp0009ddp__TC-TY9918,EQ-TY,1999-09-26T12:00:00Z,50.7,156.2,32.630386
EQ-usp0009ddp__TC-TY9918,EQ-TY,1999-09-26T15:00:00Z,50.8585,157.373,32.102672
EQ-usp0009ddp__TC-TY9918,EQ-TY,1999-09-26T18:00:00Z,51.0,158.8,31.570119
EQ-usp0009ddp__TC-TY9918,EQ-TY,1999-09-26T21:00:00Z,51.14,160.15,30.489787
EQ-usp0009ddp__TC-TY9918,EQ-TY,1999-09-27T00:00:00Z,51.3,161.6,29.387863
EQ-usp0009ddp__TC-TY9918,EQ-TY,1999-09-27T03:00:00Z,51.4923,163.228,28.262604
EQ-usp0009ddp__TC-TY9918,EQ-TY,1999-09-27T06:00:00Z,51.7,164.9,27.112007
EQ-usp0009ddp__TC-TY9918,EQ-TY,1999-09-27T09:00:00Z,51.9072,166.532,27.112007
EQ-usp0009ddp__TC-TY9918,EQ-TY,1999-09-27T12:00:00Z,52.1,168.0,27.112007
EQ-usp0009ddp__TC-TY9918,EQ-TY,1999-09-27T15:00:00Z,52.2482,169.229,25.933752
EQ-usp0009ddp__TC-TY9918,EQ-TY,1999-09-27T18:00:00Z,52.4,170.2,24.725121
EQ-usp0009ddp__TC-TY9918,EQ-TY,1999-09-27T21:00:00Z,52.5983,170.961,23.482894
EQ-usp0009ddp__TC-TY9918,EQ-TY,1999-09-28T00:00:00Z,52.8,171.6,22.203211
EQ-usp0009ddp__TC-TY9918,EQ-TY,1999-09-28T03:00:00Z,52.9633,172.241,22.203211
EQ-usp0009ddp__TC-TY9918,EQ-TY,1999-09-28T06:00:00Z,53.1,173.0,22.203211
EQ-usp0009ddp__TC-TY9918,EQ-TY,1999-09-28T09:00:00Z,53.1784,174.058,20.881366
EQ-usp0009ddp__TC-TY9918,EQ-TY,1999-09-28T12:00:00Z,53.3,175.2,19.511519
EQ-usp0009ddp__TC-TY9918,EQ-TY,1999-09-28T15:00:00Z,53.5613,176.215,19.511519
EQ-usp0009ddp__TC-TY9918,EQ-TY,1999-09-28T18:00:00Z,53.9,177.2,19.511519
EQ-usp0009ddp__TC-TY9918,EQ-TY,1999-09-28T21:00:00Z,54.2008,178.096,19.511519
EQ-usp0009ddp__TC-TY9918,EQ-TY,1999-09-29T00:00:00Z,54.6,179.2,19.511519
EQ-usp0009ddp__TC-TY9918,EQ-TY,1999-09-29T03:00:00Z,55.1612,180.782,18.086263
EQ-usp0009ddp__TC-TY9918,EQ-TY,1999-09-29T06:00:00Z,55.8,182.7,16.595947
EQ-usp0008ub9__TC-TY9805,EQ-TY,1998-09-10T00:00:00Z,17.0,149.6,
EQ-usp0008ub9__TC-TY9805,EQ-TY,1998-09-10T03:00:00Z,16.9525,149.375,
EQ-usp0008ub9__TC-TY9805,EQ-TY,1998-09-10T06:00:00Z,16.9,149.1,
EQ-usp0008ub9__TC-TY9805,EQ-TY,1998-09-10T09:00:00Z,16.8426,148.75,
EQ-usp0008ub9__TC-TY9805,EQ-TY,1998-09-10T12:00:00Z,16.8,148.4,
EQ-usp0008ub9__TC-TY9805,EQ-TY,1998-09-10T15:00:00Z,16.7924,148.143,
EQ-usp0008ub9__TC-TY9805,EQ-TY,1998-09-10T18:00:00Z,16.8,147.9,
EQ-usp0008ub9__TC-TY9805,EQ-TY,1998-09-10T21:00:00Z,16.8,147.607,
EQ-usp0008ub9__TC-TY9805,EQ-TY,1998-09-11T00:00:00Z,16.8,147.3,
EQ-usp0008ub9__TC-TY9805,EQ-TY,1998-09-11T03:00:00Z,16.7849,147.007,
EQ-usp0008ub9__TC-TY9805,EQ-TY,1998-09-11T06:00:00Z,16.8,146.7,
EQ-usp0008ub9__TC-TY9805,EQ-TY,1998-09-11T09:00:00Z,16.8775,146.343,
EQ-usp0008ub9__TC-TY9805,EQ-TY,1998-09-11T12:00:00Z,17.0,146.0,
EQ-usp0008ub9__TC-TY9805,EQ-TY,1998-09-11T15:00:00Z,17.1349,145.727,
EQ-usp0008ub9__TC-TY9805,EQ-TY,1998-09-11T18:00:00Z,17.3,145.5,
EQ-usp0008ub9__TC-TY9805,EQ-TY,1998-09-11T21:00:00Z,17.4699,145.3,
EQ-usp0008ub9__TC-TY9805,EQ-TY,1998-09-12T00:00:00Z,17.5,145.7,11.574055
EQ-usp0008ub9__TC-TY9805,EQ-TY,1998-09-12T03:00:00Z,18.1728,145.144,11.574055
EQ-usp0008ub9__TC-TY9805,EQ-TY,1998-09-12T06:00:00Z,18.7,144.6,11.574055
EQ-usp0008ub9__TC-TY9805,EQ-TY,1998-09-12T09:00:00Z,18.995,144.097,11.574055
EQ-usp0008ub9__TC-TY9805,EQ-TY,1998-09-12T12:00:00Z,19.2,143.7,11.574055
EQ-usp0008ub9__TC-TY9805,EQ-TY,1998-09-12T15:00:00Z,19.4622,143.492,11.574055
EQ-usp0008ub9__TC-TY9805,EQ-TY,1998-09-12T18:00:00Z,19.8,143.3,11.574055
EQ-usp0008ub9__TC-TY9805,EQ-TY,1998-09-12T21:00:00Z,20.2774,142.953,11.574055
EQ-usp0008ub9__TC-TY9805,EQ-TY,1998-09-13T00:00:00Z,20.8,142.5,11.574055
EQ-usp0008ub9__TC-TY9805,EQ-TY,1998-09-13T03:00:00Z,21.288,141.906,12.486127
EQ-usp0008ub9__TC-TY9805,EQ-TY,1998-09-13T06:00:00Z,21.7,141.4,13.362742
EQ-usp0008ub9__TC-TY9805,EQ-TY,1998-09-13T09:00:00Z,21.9797,141.224,14.208639
EQ-usp0008ub9__TC-TY9805,EQ-TY,1998-09-13T12:00:00Z,22.2,141.2,15.027554
EQ-usp0008ub9__TC-TY9805,EQ-TY,1998-09-13T15:00:00Z,22.3973,141.202,16.595947
EQ-usp0008ub9__TC-TY9805,EQ-TY,1998-09-13T18:00:00Z,22.7,141.1,18.00554
EQ-usp0008ub9__TC-TY9805,EQ-TY,1998-09-13T21:00:00Z,23.2252,140.718,19.034428
EQ-usp0008ub9__TC-TY9805,EQ-TY,1998-09-14T00:00:00Z,23.9,140.2,20.57776
EQ-usp0008ub9__TC-TY9805,EQ-TY,1998-09-14T03:00:00Z,24.6725,139.693,21.606648
EQ-usp0008ub9__TC-TY9805,EQ-TY,1998-09-14T06:00:00Z,25.4,139.2,23.14998
EQ-usp0008ub9__TC-TY9805,EQ-TY,1998-09-14T09:00:00Z,25.8949,138.762,24.178868
EQ-usp0008ub9__TC-TY9805,EQ-TY,1998-09-14T12:00:00Z,26.3,138.4,25.7222
EQ-usp0008ub9__TC-TY9805,EQ-TY,1998-09-14T15:00:00Z,26.7423,138.127,26.751088
EQ-usp0008ub9__TC-TY9805,EQ-TY,1998-09-14T18:00:00Z,27.2,137.9,28.29442
EQ-usp0008ub9__TC-TY9805,EQ-TY,1998-09-14T21:00:00Z,27.6474,137.664,29.323308
EQ-usp0008ub9__TC-TY9805,EQ-TY,1998-09-15T00:00:00Z,28.2,137.4,30.86664
EQ-usp0008ub9__TC-TY9805,EQ-TY,1998-09-15T03:00:00Z,28.9184,137.013,30.86664
EQ-usp0008ub9__TC-TY9805,EQ-TY,1998-09-15T06:00:00Z,29.8,136.7,30.86664
EQ-usp0008ub9__TC-TY9805,EQ-TY,1998-09-15T09:00:00Z,30.8,136.6,30.86664
EQ-usp0008ub9__TC-TY9805,EQ-TY,1998-09-15T12:00:00Z,31.6,136.9,30.86664
EQ-usp0008ub9__TC-TY9805,EQ-TY,1998-09-15T15:00:00Z,32.7,137.4,30.86664
EQ-usp0008ub9__TC-TY9805,EQ-TY,1998-09-15T18:00:00Z,34.0,137.9,30.86664
EQ-usp0008ub9__TC-TY9805,EQ-TY,1998-09-15T19:00:00Z,34.4,138.1,30.86664
EQ-usp0008ub9__TC-TY9805,EQ-TY,1998-09-15T21:00:00Z,35.0,138.5,30.86664
EQ-usp0008ub9__TC-TY9805,EQ-TY,1998-09-16T00:00:00Z,36.0,140.0,28.29442
EQ-usp0008ub9__TC-TY9805,EQ-TY,1998-09-16T03:00:00Z,38.2,140.8,28.29442
EQ-usp0008ub9__TC-TY9805,EQ-TY,1998-09-16T06:00:00Z,40.5,141.6,28.29442
EQ-usp0008ub9__TC-TY9805,EQ-TY,1998-09-16T09:00:00Z,42.1,143.1,25.7222
EQ-usp0008ub9__TC-TY9805,EQ-TY,1998-09-16T11:00:00Z,42.9,144.2,25.7222
EQ-usp0008ub9__TC-TY9805,EQ-TY,1998-09-16T12:00:00Z,43.4,144.6,29.387863
EQ-usp0008ub9__TC-TY9805,EQ-TY,1998-09-16T15:00:00Z,44.5236,145.773,28.262604
EQ-usp0008ub9__TC-TY9805,EQ-TY,1998-09-16T18:00:00Z,45.3,147.2,27.112007
EQ-usp0008ub9__TC-TY9805,EQ-TY,1998-09-16T21:00:00Z,46.0057,149.202,25.933752
EQ-usp0008ub9__TC-TY9805,EQ-TY,1998-09-17T00:00:00Z,46.7,151.6,24.725121
EQ-usp0008ub9__TC-TY9805,EQ-TY,1998-09-17T03:00:00Z,47.6307,154.246,24.725121
EQ-usp0008ub9__TC-TY9805,EQ-TY,1998-09-17T06:00:00Z,48.5,157.0,24.725121
EQ-usp0008ub9__TC-TY9805,EQ-TY,1998-09-17T09:00:00Z,49.1097,159.402,24.725121
EQ-usp0008ub9__TC-TY9805,EQ-TY,1998-09-17T12:00:00Z,49.5,162.0,24.725121
EQ-usp0008ub9__TC-TY9805,EQ-TY,1998-09-17T15:00:00Z,49.6317,165.351,25.933752
EQ-usp0008ub9__TC-TY9805,EQ-TY,1998-09-17T18:00:00Z,49.6,168.8,27.112007
EQ-usp0008ub9__TC-TY9805,EQ-TY,1998-09-17T21:00:00Z,49.5576,171.789,27.690609
EQ-usp0008ub9__TC-TY9805,EQ-TY,1998-09-18T00:00:00Z,49.6,174.6,28.262604
EQ-usp0008ub9__TC-TY9805,EQ-TY,1998-09-18T03:00:00Z,49.8141,177.423,28.828269
EQ-usp0008ub9__TC-TY9805,EQ-TY,1998-09-18T06:00:00Z,50.1,180.3,29.387863
EQ-usp0008tay__TC-TY9810,EQ-TY,1998-10-07T18:00:00Z,11.2,151.0,
EQ-usp0008tay__TC-TY9810,EQ-TY,1998-10-07T21:00:00Z,11.0928,150.382,
EQ-usp0008tay__TC-TY9810,EQ-TY,1998-10-08T00:00:00Z,11.0,149.8,
EQ-usp0008tay__TC-TY9810,EQ-TY,1998-10-08T03:00:00Z,10.9347,149.265,
EQ-usp0008tay__TC-TY9810,EQ-TY,1998-10-08T06:00:00Z,10.9,148.7,
EQ-usp0008tay__TC-TY9810,EQ-TY,1998-10-08T09:00:00Z,10.8999,148.03,
EQ-usp0008tay__TC-TY9810,EQ-TY,1998-10-08T12:00:00Z,10.9,147.3,
EQ-usp0008tay__TC-TY9810,EQ-TY,1998-10-08T15:00:00Z,10.8499,146.55,
EQ-usp0008tay__TC-TY9810,EQ-TY,1998-10-08T18:00:00Z,10.8,145.8,
EQ-usp0008tay__TC-TY9810,EQ-TY,1998-10-08T21:00:00Z,10.7924,145.078,
EQ-usp0008tay__TC-TY9810,EQ-TY,1998-10-09T00:00:00Z,10.8,144.4,
EQ-usp0008tay__TC-TY9810,EQ-TY,1998-10-09T03:00:00Z,10.7999,143.755,
EQ-usp0008tay__TC-TY9810,EQ-TY,1998-10-09T06:00:00Z,10.8,143.2,
EQ-usp0008tay__TC-TY9810,EQ-TY,1998-10-09T09:00:00Z,10.7999,142.755,
EQ-usp0008tay__TC-TY9810,EQ-TY,1998-10-09T12:00:00Z,10.8,142.4,
EQ-usp0008tay__TC-TY9810,EQ-TY,1998-10-09T15:00:00Z,10.7999,142.085,
EQ-usp0008tay__TC-TY9810,EQ-TY,1998-10-09T18:00:00Z,10.84,141.86,
EQ-usp0008tay__TC-TY9810,EQ-TY,1998-10-09T21:00:00Z,10.8724,141.658,
EQ-usp0008tay__TC-TY9810,EQ-TY,1998-10-10T00:00:00Z,11.1,141.4,9.616676
EQ-usp0008tay__TC-TY9810,EQ-TY,1998-10-10T03:00:00Z,10.8951,141.04,10.620347
EQ-usp0008tay__TC-TY9810,EQ-TY,1998-10-10T06:00:00Z,10.7,140.7,11.574055
EQ-usp0008tay__TC-TY9810,EQ-TY,1998-10-10T09:00:00Z,10.5273,140.38,12.486127
EQ-usp0008tay__TC-TY9810,EQ-TY,1998-10-10T12:00:00Z,10.4,140.0,13.362742
EQ-usp0008tay__TC-TY9810,EQ-TY,1998-10-10T15:00:00Z,10.2975,139.487,15.027554
EQ-usp0008tay__TC-TY9810,EQ-TY,1998-10-10T18:00:00Z,10.3,138.9,18.00554
EQ-usp0008tay__TC-TY9810,EQ-TY,1998-10-10T21:00:00Z,10.4624,138.308,20.57776
EQ-usp0008tay__TC-TY9810,EQ-TY,1998-10-11T00:00:00Z,10.7,137.7,23.14998
EQ-usp0008tay__TC-TY9810,EQ-TY,1998-10-11T03:00:00Z,10.9222,137.13,24.178868
EQ-usp0008tay__TC-TY9810,EQ-TY,1998-10-11T06:00:00Z,11.1,136.5,25.7222
EQ-usp0008tay__TC-TY9810,EQ-TY,1998-10-11T09:00:00Z,11.1802,135.707,26.751088
EQ-usp0008tay__TC-TY9810,EQ-TY,1998-10-11T12:00:00Z,11.2,134.9,28.29442
EQ-usp0008tay__TC-TY9810,EQ-TY,1998-10-11T15:00:00Z,11.1923,134.205,28.29442
EQ-usp0008tay__TC-TY9810,EQ-TY,1998-10-11T18:00:00Z,11.2,133.6,28.29442
EQ-usp0008tay__TC-TY9810,EQ-TY,1998-10-11T21:00:00Z,11.2322,133.1,30.86664
EQ-usp0008tay__TC-TY9810,EQ-TY,1998-10-12T00:00:00Z,11.4,132.6,33.43886
EQ-usp0008tay__TC-TY9810,EQ-TY,1998-10-12T03:00:00Z,11.835,131.973,33.43886
EQ-usp0008tay__TC-TY9810,EQ-TY,1998-10-12T06:00:00Z,12.3,131.3,33.43886
EQ-usp0008tay__TC-TY9810,EQ-TY,1998-10-12T09:00:00Z,12.4925,130.619,34.467748
EQ-usp0008tay__TC-TY9810,EQ-TY,1998-10-12T12:00:00Z,12.7,130.0,36.01108
EQ-usp0008tay__TC-TY9810,EQ-TY,1998-10-12T15:00:00Z,13.1546,129.55,37.039968
EQ-usp0008tay__TC-TY9810,EQ-TY,1998-10-12T18:00:00Z,13.7,129.1,38.5833
EQ-usp0008tay__TC-TY9810,EQ-TY,1998-10-12T21:00:00Z,14.2072,128.517,42.184408
EQ-usp0008tay__TC-TY9810,EQ-TY,1998-10-13T00:00:00Z,14.7,127.8,46.29996
EQ-usp0008tay__TC-TY9810,EQ-TY,1998-10-13T03:00:00Z,15.1954,126.9,48.87218
EQ-usp0008tay__TC-TY9810,EQ-TY,1998-10-13T06:00:00Z,15.6,126.0,51.4444
EQ-usp0008tay__TC-TY9810,EQ-TY,1998-10-13T09:00:00Z,15.8521,125.282,52.473288
EQ-usp0008tay__TC-TY9810,EQ-TY,1998-10-13T12:00:00Z,16.0,124.7,54.01662
EQ-usp0008tay__TC-TY9810,EQ-TY,1998-10-13T15:00:00Z,16.0696,124.227,55.045508
EQ-usp0008tay__TC-TY9810,EQ-TY,1998-10-13T18:00:00Z,16.2,123.8,56.58884
EQ-usp0008tay__TC-TY9810,EQ-TY,1998-10-13T21:00:00Z,16.5924,123.308,56.58884
EQ-usp0008tay__TC-TY9810,EQ-TY,1998-10-14T00:00:00Z,17.0,122.8,56.58884
EQ-usp0008tay__TC-TY9810,EQ-TY,1998-10-14T03:00:00Z,17.1652,122.247,54.01662
EQ-usp0008tay__TC-TY9810,EQ-TY,1998-10-14T06:00:00Z,17.3,121.8,51.4444
EQ-usp0008tay__TC-TY9810,EQ-TY,1998-10-14T09:00:00Z,17.5623,121.59,48.87218
EQ-usp0008tay__TC-TY9810,EQ-TY,1998-10-14T12:00:00Z,17.9,121.5,46.29996
EQ-usp0008tay__TC-TY9810,EQ-TY,1998-10-14T15:00:00Z,18.285,121.392,46.29996
EQ-usp0008tay__TC-TY9810,EQ-TY,1998-10-14T18:00:00Z,18.7,121.3,46.29996
EQ-usp0008tay__TC-TY9810,EQ-TY,1998-10-14T21:00:00Z,19.1,121.193,46.29996
EQ-usp0008tay__TC-TY9810,EQ-TY,1998-10-15T00:00:00Z,19.5,121.1,46.29996
EQ-usp0008tay__TC-TY9810,EQ-TY,1998-10-15T03:00:00Z,19.8795,121.013,46.29996
EQ-usp0008tay__TC-TY9810,EQ-TY,1998-10-15T06:00:00Z,20.3,121.0,46.29996
EQ-usp0008tay__TC-TY9810,EQ-TY,1998-10-15T09:00:00Z,20.8,121.1,46.29996
EQ-usp0008tay__TC-TY9810,EQ-TY,1998-10-15T12:00:00Z,21.3,121.2,43.72774
EQ-usp0008tay__TC-TY9810,EQ-TY,1998-10-15T15:00:00Z,21.9,121.4,38.5833
EQ-usp0008tay__TC-TY9810,EQ-TY,1998-10-15T18:00:00Z,22.7,121.7,38.5833
EQ-usp0008tay__TC-TY9810,EQ-TY,1998-10-15T21:00:00Z,23.6,122.0,33.43886
EQ-usp0008tay__TC-TY9810,EQ-TY,1998-10-16T00:00:00Z,24.5,122.3,30.86664
EQ-usp0008tay__TC-TY9810,EQ-TY,1998-10-16T03:00:00Z,25.0,122.6,30.86664
EQ-usp0008tay__TC-TY9810,EQ-TY,1998-10-16T06:00:00Z,25.5,123.0,30.86664
EQ-usp0008tay__TC-TY9810,EQ-TY,1998-10-16T09:00:00Z,26.0,123.5,30.86664
EQ-usp0008tay__TC-TY9810,EQ-TY,1998-10-16T12:00:00Z,26.5,124.2,30.86664
EQ-usp0008tay__TC-TY9810,EQ-TY,1998-10-16T15:00:00Z,27.2,124.9,30.86664
EQ-usp0008tay__TC-TY9810,EQ-TY,1998-10-16T18:00:00Z,27.8,125.6,30.86664
EQ-usp0008tay__TC-TY9810,EQ-TY,1998-10-16T21:00:00Z,28.8,126.9,30.86664
EQ-usp0008tay__TC-TY9810,EQ-TY,1998-10-17T00:00:00Z,29.6,128.2,30.86664
EQ-usp0008tay__TC-TY9810,EQ-TY,1998-10-17T03:00:00Z,30.4,129.3,30.86664
EQ-usp0008tay__TC-TY9810,EQ-TY,1998-10-17T06:00:00Z,31.0,129.8,25.7222
EQ-usp0008tay__TC-TY9810,EQ-TY,1998-10-17T07:00:00Z,31.1,130.0,25.7222
EQ-usp0008tay__TC-TY9810,EQ-TY,1998-10-17T09:00:00Z,31.9,131.2,25.7222
EQ-usp0008tay__TC-TY9810,EQ-TY,1998-10-17T12:00:00Z,32.9,132.6,25.7222
EQ-usp0008tay__TC-TY9810,EQ-TY,1998-10-17T14:00:00Z,33.9,133.8,25.7222
EQ-usp0008tay__TC-TY9810,EQ-TY,1998-10-17T15:00:00Z,34.8,134.2,25.7222
EQ-usp0008tay__TC-TY9810,EQ-TY,1998-10-17T18:00:00Z,36.9,135.8,25.7222
EQ-usp0008tay__TC-TY9810,EQ-TY,1998-10-17T21:00:00Z,39.0,137.6,25.7222
EQ-usp0008tay__TC-TY9810,EQ-TY,1998-10-18T00:00:00Z,41.0,139.0,27.112007
EQ-usp0008tay__TC-TY9810,EQ-TY,1998-10-18T03:00:00Z,42.5506,139.943,25.333421
EQ-usp0008tay__TC-TY9810,EQ-TY,1998-10-18T06:00:00Z,43.8,140.9,23.482894
EQ-usp0008tay__TC-TY9810,EQ-TY,1998-10-18T09:00:00Z,45.019,142.558,22.203211
EQ-usp0008tay__TC-TY9810,EQ-TY,1998-10-18T12:00:00Z,46.1,144.5,20.881366
EQ-usp0008tay__TC-TY9810,EQ-TY,1998-10-18T15:00:00Z,47.1494,146.495,20.202862
EQ-usp0008tay__TC-TY9810,EQ-TY,1998-10-18T18:00:00Z,48.0,148.3,19.511519
EQ-usp0008tay__TC-TY9810,EQ-TY,1998-10-18T21:00:00Z,48.5059,149.478,18.806357
EQ-usp0008tay__TC-TY9810,EQ-TY,1998-10-19T00:00:00Z,49.0,150.6,18.086263
EQ-usp0008tay__TC-TY9810,EQ-TY,1998-10-19T03:00:00Z,49.8904,152.222,18.086263
EQ-usp0008tay__TC-TY9810,EQ-TY,1998-10-19T06:00:00Z,50.7,154.3,18.086263
EQ-usp0008tay__TC-TY9810,EQ-TY,1998-10-19T09:00:00Z,51.036,156.931,17.349955
EQ-usp0008tay__TC-TY9810,EQ-TY,1998-10-19T12:00:00Z,51.1,159.5,16.595947
EQ-usp0008tay__TC-TY9810,EQ-TY,1998-10-19T15:00:00Z,51.1447,161.382,15.027554
EQ-usp0008tay__TC-TY9810,EQ-TY,1998-10-19T18:00:00Z,51.1,162.9,13.362742
EQ-usp0008tay__TC-TY9810,EQ-TY,1998-10-19T21:00:00Z,50.9754,164.317,11.574055
EQ-usp0008tay__TC-TY9810,EQ-TY,1998-10-20T00:00:00Z,50.8,165.7,9.616676
EQ-usp0008p4c__TC-TY9807,EQ-TY,1998-09-16T00:00:00Z,17.3,117.9,
EQ-usp0008p4c__TC-TY9807,EQ-TY,1998-09-16T03:00:00Z,17.1925,118.05,
EQ-usp0008p4c__TC-TY9807,EQ-TY,1998-09-16T06:00:00Z,17.1,118.2,
EQ-usp0008p4c__TC-TY9807,EQ-TY,1998-09-16T09:00:00Z,17.035,118.35,
EQ-usp0008p4c__TC-TY9807,EQ-TY,1998-09-16T12:00:00Z,17.0,118.5,
EQ-usp0008p4c__TC-TY9807,EQ-TY,1998-09-16T15:00:00Z,17.0,118.665,
EQ-usp0008p4c__TC-TY9807,EQ-TY,1998-09-16T18:00:00Z,17.0,118.8,
EQ-usp0008p4c__TC-TY9807,EQ-TY,1998-09-16T21:00:00Z,16.965,118.88,
EQ-usp0008p4c__TC-TY9807,EQ-TY,1998-09-17T00:00:00Z,17.04,119.12,
EQ-usp0008p4c__TC-TY9807,EQ-TY,1998-09-17T03:00:00Z,17.0767,119.162,
EQ-usp0008p4c__TC-TY9807,EQ-TY,1998-09-17T06:00:00Z,17.3,119.2,11.574055
EQ-usp0008p4c__TC-TY9807,EQ-TY,1998-09-17T09:00:00Z,17.2351,118.985,14.208639
EQ-usp0008p4c__TC-TY9807,EQ-TY,1998-09-17T12:00:00Z,17.2,118.8,18.00554
EQ-usp0008p4c__TC-TY9807,EQ-TY,1998-09-17T15:00:00Z,17.195,118.67,20.57776
EQ-usp0008p4c__TC-TY9807,EQ-TY,1998-09-17T18:00:00Z,17.1,118.6,23.14998
EQ-usp0008p4c__TC-TY9807,EQ-TY,1998-09-17T21:00:00Z,16.7575,118.57,23.14998
EQ-usp0008p4c__TC-TY9807,EQ-TY,1998-09-18T00:00:00Z,16.4,118.6,23.14998
EQ-usp0008p4c__TC-TY9807,EQ-TY,1998-09-18T03:00:00Z,16.2549,118.655,24.178868
EQ-usp0008p4c__TC-TY9807,EQ-TY,1998-09-18T06:00:00Z,16.2,118.8,25.7222
EQ-usp0008p4c__TC-TY9807,EQ-TY,1998-09-18T09:00:00Z,16.1351,119.078,28.29442
EQ-usp0008p4c__TC-TY9807,EQ-TY,1998-09-18T12:00:00Z,16.1,119.4,30.86664
EQ-usp0008p4c__TC-TY9807,EQ-TY,1998-09-18T15:00:00Z,16.0849,119.65,30.86664
EQ-usp0008p4c__TC-TY9807,EQ-TY,1998-09-18T18:00:00Z,16.1,119.9,30.86664
EQ-usp0008p4c__TC-TY9807,EQ-TY,1998-09-18T21:00:00Z,16.12,120.185,29.323308
EQ-usp0008p4c__TC-TY9807,EQ-TY,1998-09-19T00:00:00Z,16.2,120.5,28.29442
EQ-usp0008p4c__TC-TY9807,EQ-TY,1998-09-19T03:00:00Z,16.3547,120.805,26.751088
EQ-usp0008p4c__TC-TY9807,EQ-TY,1998-09-19T06:00:00Z,16.6,121.2,25.7222
EQ-usp0008p4c__TC-TY9807,EQ-TY,1998-09-19T09:00:00Z,16.9504,121.799,24.178868
EQ-usp0008p4c__TC-TY9807,EQ-TY,1998-09-19T12:00:00Z,17.3,122.4,23.14998
EQ-usp0008p4c__TC-TY9807,EQ-TY,1998-09-19T15:00:00Z,17.416,122.663,23.14998
EQ-usp0008p4c__TC-TY9807,EQ-TY,1998-09-19T18:00:00Z,17.7,123.1,23.14998
EQ-usp0008p4c__TC-TY9807,EQ-TY,1998-09-19T21:00:00Z,18.5503,124.281,23.14998
EQ-usp0008p4c__TC-TY9807,EQ-TY,1998-09-20T00:00:00Z,19.5,125.5,23.14998
EQ-usp0008p4c__TC-TY9807,EQ-TY,1998-09-20T03:00:00Z,20.0931,126.02,23.14998
EQ-usp0008p4c__TC-TY9807,EQ-TY,1998-09-20T06:00:00Z,20.6,126.4,23.14998
EQ-usp0008p4c__TC-TY9807,EQ-TY,1998-09-20T09:00:00Z,21.1632,127.15,24.178868
EQ-usp0008p4c__TC-TY9807,EQ-TY,1998-09-20T12:00:00Z,21.8,127.9,25.7222
EQ-usp0008p4c__TC-TY9807,EQ-TY,1998-09-20T15:00:00Z,22.5844,128.396,26.751088
EQ-usp0008p4c__TC-TY9807,EQ-TY,1998-09-20T18:00:00Z,23.4,128.8,28.29442
EQ-usp0008p4c__TC-TY9807,EQ-TY,1998-09-20T21:00:00Z,24.1132,129.2,29.323308
EQ-usp0008p4c__TC-TY9807,EQ-TY,1998-09-21T00:00:00Z,24.8,129.7,30.86664
EQ-usp0008p4c__TC-TY9807,EQ-TY,1998-09-21T03:00:00Z,25.5,130.4,30.86664
EQ-usp0008p4c__TC-TY9807,EQ-TY,1998-09-21T06:00:00Z,26.3,131.1,33.43886
EQ-usp0008p4c__TC-TY9807,EQ-TY,1998-09-21T09:00:00Z,26.9,131.6,33.43886
EQ-usp0008p4c__TC-TY9807,EQ-TY,1998-09-21T12:00:00Z,27.6,132.1,36.01108
EQ-usp0008p4c__TC-TY9807,EQ-TY,1998-09-21T15:00:00Z,28.4,132.6,36.01108
EQ-usp0008p4c__TC-TY9807,EQ-TY,1998-09-21T18:00:00Z,29.6,133.2,38.5833
EQ-usp0008p4c__TC-TY9807,EQ-TY,1998-09-21T21:00:00Z,30.8,133.8,38.5833
EQ-usp0008p4c__TC-TY9807,EQ-TY,1998-09-22T00:00:00Z,32.4,134.3,38.5833
EQ-usp0008p4c__TC-TY9807,EQ-TY,1998-09-22T03:00:00Z,33.4,134.8,38.5833
EQ-usp0008p4c__TC-TY9807,EQ-TY,1998-09-22T04:00:00Z,33.8,135.1,38.5833
EQ-usp0008p4c__TC-TY9807,EQ-TY,1998-09-22T06:00:00Z,35.1,136.1,30.86664
EQ-usp0008p4c__TC-TY9807,EQ-TY,1998-09-22T09:00:00Z,36.8,137.2,28.29442
EQ-usp0008p4c__TC-TY9807,EQ-TY,1998-09-22T12:00:00Z,38.5,139.3,25.7222
EQ-usp0008p4c__TC-TY9807,EQ-TY,1998-09-22T15:00:00Z,40.2,141.3,25.7222
EQ-usp0008p4c__TC-TY9807,EQ-TY,1998-09-22T18:00:00Z,41.2,143.4,23.14998
EQ-usp0008p4c__TC-TY9807,EQ-TY,1998-09-22T21:00:00Z,42.0,146.5,23.14998
EQ-usp0008p4c__TC-TY9807,EQ-TY,1998-09-23T00:00:00Z,42.0,147.5,13.362742
EQ-usp0008p4c__TC-TY9807,EQ-TY,1998-09-23T03:00:00Z,42.4757,150.536,13.362742
EQ-usp0008p4c__TC-TY9807,EQ-TY,1998-09-23T06:00:00Z,43.2,154.6,13.362742
EQ-usp0008p4c__TC-TY9807,EQ-TY,1998-09-23T09:00:00Z,43.9526,158.056,13.362742
EQ-usp0008p4c__TC-TY9807,EQ-TY,1998-09-23T12:00:00Z,44.7,161.5,13.362742
EQ-usp0008p4c__TC-TY9807,EQ-TY,1998-09-23T15:00:00Z,45.2468,165.148,13.362742
EQ-usp0008p4c__TC-TY9807,EQ-TY,1998-09-23T18:00:00Z,45.7,168.5,13.362742
EQ-usp0008p4c__TC-TY9807,EQ-TY,1998-09-23T21:00:00Z,46.0259,171.13,13.362742
EQ-usp0008p4c__TC-TY9807,EQ-TY,1998-09-24T00:00:00Z,46.6,173.5,13.362742
EQ-usp0008p4c__TC-TY9807,EQ-TY,1998-09-24T03:00:00Z,47.6185,176.267,13.362742
EQ-usp0008p4c__TC-TY9807,EQ-TY,1998-09-24T06:00:00Z,49.0,179.1,13.362742
EQ-usp0008p4c__TC-TY9807,EQ-TY,1998-09-24T09:00:00Z,50.6065,181.837,15.027554
EQ-usp0008p4c__TC-TY9807,EQ-TY,1998-09-24T12:00:00Z,52.3,184.6,16.595947
EQ-usp000873h__TC-TY9719,EQ-TY,1997-08-28T06:00:00Z,11.8,193.3,7.71666
EQ-usp000873h__TC-TY9719,EQ-TY,1997-08-28T09:00:00Z,11.8,193.11,
EQ-usp000873h__TC-TY9719,EQ-TY,1997-08-28T12:00:00Z,11.8,192.9,12.8611
EQ-usp000873h__TC-TY9719,EQ-TY,1997-08-28T15:00:00Z,11.8,192.657,
EQ-usp000873h__TC-TY9719,EQ-TY,1997-08-28T18:00:00Z,11.8,192.4,12.8611
EQ-usp000873h__TC-TY9719,EQ-TY,1997-08-28T21:00:00Z,11.8,192.15,
EQ-usp000873h__TC-TY9719,EQ-TY,1997-08-29T00:00:00Z,11.8,191.9,12.8611
EQ-usp000873h__TC-TY9719,EQ-TY,1997-08-29T03:00:00Z,11.8,191.642,
EQ-usp000873h__TC-TY9719,EQ-TY,1997-08-29T06:00:00Z,11.8,191.4,12.8611
EQ-usp000873h__TC-TY9719,EQ-TY,1997-08-29T09:00:00Z,11.7925,191.185,
EQ-usp000873h__TC-TY9719,EQ-TY,1997-08-29T12:00:00Z,11.8,191.0,12.8611
EQ-usp000873h__TC-TY9719,EQ-TY,1997-08-29T15:00:00Z,11.835,190.835,
EQ-usp000873h__TC-TY9719,EQ-TY,1997-08-29T18:00:00Z,11.9,190.7,12.8611
EQ-usp000873h__TC-TY9719,EQ-TY,1997-08-29T21:00:00Z,11.9925,190.615,
EQ-usp000873h__TC-TY9719,EQ-TY,1997-08-30T00:00:00Z,12.1,190.5,12.8611
EQ-usp000873h__TC-TY9719,EQ-TY,1997-08-30T03:00:00Z,12.2075,190.28,
EQ-usp000873h__TC-TY9719,EQ-TY,1997-08-30T06:00:00Z,12.3,190.0,12.8611
EQ-usp000873h__TC-TY9719,EQ-TY,1997-08-30T09:00:00Z,12.365,189.715,
EQ-usp000873h__TC-TY9719,EQ-TY,1997-08-30T12:00:00Z,12.4,189.4,12.8611
EQ-usp000873h__TC-TY9719,EQ-TY,1997-08-30T15:00:00Z,12.4,189.057,
EQ-usp000873h__TC-TY9719,EQ-TY,1997-08-30T18:00:00Z,12.4,188.7,12.8611
EQ-usp000873h__TC-TY9719,EQ-TY,1997-08-30T21:00:00Z,12.4425,188.343,
EQ-usp000873h__TC-TY9719,EQ-TY,1997-08-31T00:00:00Z,12.5,188.0,12.8611
EQ-usp000873h__TC-TY9719,EQ-TY,1997-08-31T03:00:00Z,12.55,187.685,
EQ-usp000873h__TC-TY9719,EQ-TY,1997-08-31T06:00:00Z,12.6,187.4,12.8611
EQ-usp000873h__TC-TY9719,EQ-TY,1997-08-31T09:00:00Z,12.6575,187.143,
EQ-usp000873h__TC-TY9719,EQ-TY,1997-08-31T12:00:00Z,12.7,186.9,12.8611
EQ-usp000873h__TC-TY9719,EQ-TY,1997-08-31T15:00:00Z,12.7075,186.65,
EQ-usp000873h__TC-TY9719,EQ-TY,1997-08-31T18:00:00Z,12.7,186.4,12.8611
EQ-usp000873h__TC-TY9719,EQ-TY,1997-08-31T21:00:00Z,12.7,186.15,
EQ-usp000873h__TC-TY9719,EQ-TY,1997-09-01T00:00:00Z,12.7,185.9,12.8611
EQ-usp000873h__TC-TY9719,EQ-TY,1997-09-01T03:00:00Z,12.7,185.658,
EQ-usp000873h__TC-TY9719,EQ-TY,1997-09-01T06:00:00Z,12.7,185.4,12.8611
EQ-usp000873h__TC-TY9719,EQ-TY,1997-09-01T09:00:00Z,12.7,185.107,
EQ-usp000873h__TC-TY9719,EQ-TY,1997-09-01T12:00:00Z,12.7,184.8,12.8611
EQ-usp000873h__TC-TY9719,EQ-TY,1997-09-01T15:00:00Z,12.6925,184.5,
EQ-usp000873h__TC-TY9719,EQ-TY,1997-09-01T18:00:00Z,12.7,184.2,15.43332
EQ-usp000873h__TC-TY9719,EQ-TY,1997-09-01T21:00:00Z,12.735,183.892,
EQ-usp000873h__TC-TY9719,EQ-TY,1997-09-02T00:00:00Z,12.8,183.6,15.43332
EQ-usp000873h__TC-TY9719,EQ-TY,1997-09-02T03:00:00Z,12.9,183.335,
EQ-usp000873h__TC-TY9719,EQ-TY,1997-09-02T06:00:00Z,13.0,183.1,15.43332
EQ-usp000873h__TC-TY9719,EQ-TY,1997-09-02T09:00:00Z,13.053,182.892,
EQ-usp000873h__TC-TY9719,EQ-TY,1997-09-02T12:00:00Z,13.1,182.7,15.43332
EQ-usp000873h__TC-TY9719,EQ-TY,1997-09-02T15:00:00Z,13.1755,182.504,
EQ-usp000873h__TC-TY9719,EQ-TY,1997-09-02T18:00:00Z,13.26,182.3,15.43332
EQ-usp000873h__TC-TY9719,EQ-TY,1997-09-02T21:00:00Z,13.349,182.076,
EQ-usp000873h__TC-TY9719,EQ-TY,1997-09-03T00:00:00Z,13.42,181.84,18.00554
EQ-usp000873h__TC-TY9719,EQ-TY,1997-09-03T03:00:00Z,13.461,181.603,
EQ-usp000873h__TC-TY9719,EQ-TY,1997-09-03T06:00:00Z,13.46,181.36,18.00554
EQ-usp000873h__TC-TY9719,EQ-TY,1997-09-03T09:00:00Z,13.415,181.116,
EQ-usp000873h__TC-TY9719,EQ-TY,1997-09-03T12:00:00Z,13.34,180.86,18.00554
EQ-usp000873h__TC-TY9719,EQ-TY,1997-09-03T15:00:00Z,13.2569,180.599,
EQ-usp000873h__TC-TY9719,EQ-TY,1997-09-03T18:00:00Z,13.6,180.4,18.00554
EQ-usp000873h__TC-TY9719,EQ-TY,1997-09-03T21:00:00Z,13.1627,179.916,15.027554
EQ-usp000873h__TC-TY9719,EQ-TY,1997-09-04T00:00:00Z,13.6,179.7,18.00554
EQ-usp000873h__TC-TY9719,EQ-TY,1997-09-04T03:00:00Z,13.6387,179.402,18.00554
EQ-usp000873h__TC-TY9719,EQ-TY,1997-09-04T06:00:00Z,13.7,179.1,18.00554
EQ-usp000873h__TC-TY9719,EQ-TY,1997-09-04T09:00:00Z,13.7429,178.747,
EQ-usp000873h__TC-TY9719,EQ-TY,1997-09-04T12:00:00Z,13.7827,178.351,18.00554
EQ-usp000873h__TC-TY9719,EQ-TY,1997-09-04T15:00:00Z,13.8226,177.912,
EQ-usp000873h__TC-TY9719,EQ-TY,1997-09-04T18:00:00Z,13.8659,177.433,20.57776
EQ-usp000873h__TC-TY9719,EQ-TY,1997-09-04T21:00:00Z,13.9158,176.914,
EQ-usp000873h__TC-TY9719,EQ-TY,1997-09-05T00:00:00Z,13.9756,176.358,20.57776
EQ-usp000873h__TC-TY9719,EQ-TY,1997-09-05T03:00:00Z,14.0485,175.766,
EQ-usp000873h__TC-TY9719,EQ-TY,1997-09-05T06:00:00Z,14.1379,175.139,20.57776
EQ-usp000873h__TC-TY9719,EQ-TY,1997-09-05T09:00:00Z,14.2468,174.477,
EQ-usp000873h__TC-TY9719,EQ-TY,1997-09-05T12:00:00Z,14.3786,173.783,20.57776
EQ-usp000873h__TC-TY9719,EQ-TY,1997-09-05T15:00:00Z,14.5366,173.058,
EQ-usp000873h__TC-TY9719,EQ-TY,1997-09-05T18:00:00Z,14.724,172.302,23.14998
EQ-usp000873h__TC-TY9719,EQ-TY,1997-09-05T21:00:00Z,14.944,171.515,
EQ-usp000873h__TC-TY9719,EQ-TY,1997-09-06T00:00:00Z,15.2,170.7,23.14998
EQ-usp000873h__TC-TY9719,EQ-TY,1997-09-06T03:00:00Z,15.5022,169.841,23.14998
EQ-usp000873h__TC-TY9719,EQ-TY,1997-09-06T06:00:00Z,15.8,169.0,23.14998
EQ-usp000873h__TC-TY9719,EQ-TY,1997-09-06T09:00:00Z,16.0648,168.212,24.178868
EQ-usp000873h__TC-TY9719,EQ-TY,1997-09-06T12:00:00Z,16.3,167.5,25.7222
EQ-usp000873h__TC-TY9719,EQ-TY,1997-09-06T15:00:00Z,16.5073,166.855,25.7222
EQ-usp000873h__TC-TY9719,EQ-TY,1997-09-06T18:00:00Z,16.7,166.3,25.7222
EQ-usp000873h__TC-TY9719,EQ-TY,1997-09-06T21:00:00Z,16.8999,165.805,25.7222
EQ-usp000873h__TC-TY9719,EQ-TY,1997-09-07T00:00:00Z,17.1,165.4,25.7222
EQ-usp000873h__TC-TY9719,EQ-TY,1997-09-07T03:00:00Z,17.3073,165.092,25.7222
EQ-usp000873h__TC-TY9719,EQ-TY,1997-09-07T06:00:00Z,17.5,164.8,25.7222
EQ-usp000873h__TC-TY9719,EQ-TY,1997-09-07T09:00:00Z,17.6575,164.407,26.751088
EQ-usp000873h__TC-TY9719,EQ-TY,1997-09-07T12:00:00Z,17.8,164.0,28.29442
EQ-usp000873h__TC-TY9719,EQ-TY,1997-09-07T15:00:00Z,17.9574,163.65,28.29442
EQ-usp000873h__TC-TY9719,EQ-TY,1997-09-07T18:00:00Z,18.1,163.3,28.29442
EQ-usp000873h__TC-TY9719,EQ-TY,1997-09-07T21:00:00Z,18.2224,162.923,28.29442
EQ-usp000873h__TC-TY9719,EQ-TY,1997-09-08T00:00:00Z,18.3,162.5,28.29442
EQ-usp000873h__TC-TY9719,EQ-TY,1997-09-08T03:00:00Z,18.3223,162.037,29.323308
EQ-usp000873h__TC-TY9719,EQ-TY,1997-09-08T06:00:00Z,18.3,161.5,30.86664
EQ-usp000873h__TC-TY9719,EQ-TY,1997-09-08T09:00:00Z,18.2576,160.865,30.86664
EQ-usp000873h__TC-TY9719,EQ-TY,1997-09-08T12:00:00Z,18.2,160.2,30.86664
EQ-usp000873h__TC-TY9719,EQ-TY,1997-09-08T15:00:00Z,18.1495,159.615,31.895528
EQ-usp000873h__TC-TY9719,EQ-TY,1997-09-08T18:00:00Z,18.1,159.0,33.43886
EQ-usp000873h__TC-TY9719,EQ-TY,1997-09-08T21:00:00Z,18.0277,158.25,34.467748
EQ-usp000873h__TC-TY9719,EQ-TY,1997-09-09T00:00:00Z,18.0,157.5,36.01108
EQ-usp000873h__TC-TY9719,EQ-TY,1997-09-09T03:00:00Z,18.0846,156.878,37.039968
EQ-usp000873h__TC-TY9719,EQ-TY,1997-09-09T06:00:00Z,18.2,156.3,38.5833
EQ-usp000873h__TC-TY9719,EQ-TY,1997-09-09T09:00:00Z,18.2496,155.722,39.612188
EQ-usp000873h__TC-TY9719,EQ-TY,1997-09-09T12:00:00Z,18.3,155.1,41.15552
EQ-usp000873h__TC-TY9719,EQ-TY,1997-09-09T15:00:00Z,18.3926,154.358,43.72774
EQ-usp000873h__TC-TY9719,EQ-TY,1997-09-09T18:00:00Z,18.5,153.6,46.29996
EQ-usp000873h__TC-TY9719,EQ-TY,1997-09-09T21:00:00Z,18.5995,152.95,47.328848
EQ-usp000873h__TC-TY9719,EQ-TY,1997-09-10T00:00:00Z,18.7,152.3,48.87218
EQ-usp000873h__TC-TY9719,EQ-TY,1997-09-10T03:00:00Z,18.8075,151.55,49.901068
EQ-usp000873h__TC-TY9719,EQ-TY,1997-09-10T06:00:00Z,18.9,150.8,51.4444
EQ-usp000873h__TC-TY9719,EQ-TY,1997-09-10T09:00:00Z,18.9496,150.135,51.4444
EQ-usp000873h__TC-TY9719,EQ-TY,1997-09-10T12:00:00Z,19.0,149.5,51.4444
EQ-usp000873h__TC-TY9719,EQ-TY,1997-09-10T15:00:00Z,19.0922,148.857,51.4444
EQ-usp000873h__TC-TY9719,EQ-TY,1997-09-10T18:00:00Z,19.2,148.2,51.4444
EQ-usp000873h__TC-TY9719,EQ-TY,1997-09-10T21:00:00Z,19.2774,147.5,51.4444
EQ-usp000873h__TC-TY9719,EQ-TY,1997-09-11T00:00:00Z,19.4,146.8,51.4444
EQ-usp000873h__TC-TY9719,EQ-TY,1997-09-11T03:00:00Z,19.6346,146.15,51.4444
EQ-usp000873h__TC-TY9719,EQ-TY,1997-09-11T06:00:00Z,19.9,145.5,51.4444
EQ-usp000873h__TC-TY9719,EQ-TY,1997-09-11T09:00:00Z,20.1148,144.807,51.4444
EQ-usp000873h__TC-TY9719,EQ-TY,1997-09-11T12:00:00Z,20.3,144.1,51.4444
EQ-usp000873h__TC-TY9719,EQ-TY,1997-09-11T15:00:00Z,20.4424,143.385,51.4444
EQ-usp000873h__TC-TY9719,EQ-TY,1997-09-11T18:00:00Z,20.6,142.7,51.4444
EQ-usp000873h__TC-TY9719,EQ-TY,1997-09-11T21:00:00Z,20.8195,142.092,51.4444
EQ-usp000873h__TC-TY9719,EQ-TY,1997-09-12T00:00:00Z,21.1,141.5,51.4444
EQ-usp000873h__TC-TY9719,EQ-TY,1997-09-12T03:00:00Z,21.4422,140.865,51.4444
EQ-usp000873h__TC-TY9719,EQ-TY,1997-09-12T06:00:00Z,21.8,140.2,51.4444
EQ-usp000873h__TC-TY9719,EQ-TY,1997-09-12T09:00:00Z,22.0923,139.507,49.901068
EQ-usp000873h__TC-TY9719,EQ-TY,1997-09-12T12:00:00Z,22.4,138.8,48.87218
EQ-usp000873h__TC-TY9719,EQ-TY,1997-09-12T15:00:00Z,22.7849,138.085,47.328848
EQ-usp000873h__TC-TY9719,EQ-TY,1997-09-12T18:00:00Z,23.2,137.4,46.29996
EQ-usp000873h__TC-TY9719,EQ-TY,1997-09-12T21:00:00Z,23.5846,136.784,46.29996
EQ-usp000873h__TC-TY9719,EQ-TY,1997-09-13T00:00:00Z,24.0,136.2,46.29996
EQ-usp000873h__TC-TY9719,EQ-TY,1997-09-13T03:00:00Z,24.4925,135.578,44.756628
EQ-usp000873h__TC-TY9719,EQ-TY,1997-09-13T06:00:00Z,25.0,135.0,43.72774
EQ-usp000873h__TC-TY9719,EQ-TY,1997-09-13T09:00:00Z,25.4255,134.579,43.72774
EQ-usp000873h__TC-TY9719,EQ-TY,1997-09-13T12:00:00Z,25.9,134.1,43.72774
EQ-usp000873h__TC-TY9719,EQ-TY,1997-09-13T15:00:00Z,26.5,133.4,41.15552
EQ-usp000873h__TC-TY9719,EQ-TY,1997-09-13T18:00:00Z,26.8,132.9,41.15552
EQ-usp000873h__TC-TY9719,EQ-TY,1997-09-13T21:00:00Z,27.2,132.2,41.15552
EQ-usp000873h__TC-TY9719,EQ-TY,1997-09-14T00:00:00Z,27.5,131.6,41.15552
EQ-usp000873h__TC-TY9719,EQ-TY,1997-09-14T03:00:00Z,27.7,131.1,41.15552
EQ-usp000873h__TC-TY9719,EQ-TY,1997-09-14T06:00:00Z,27.8,130.7,38.5833
EQ-usp000873h__TC-TY9719,EQ-TY,1997-09-14T09:00:00Z,28.0,130.3,38.5833
EQ-usp000873h__TC-TY9719,EQ-TY,1997-09-14T12:00:00Z,28.2,130.0,38.5833
EQ-usp000873h__TC-TY9719,EQ-TY,1997-09-14T15:00:00Z,28.3,129.9,38.5833
EQ-usp000873h__TC-TY9719,EQ-TY,1997-09-14T18:00:00Z,28.5,129.8,38.5833
EQ-usp000873h__TC-TY9719,EQ-TY,1997-09-14T21:00:00Z,28.7,129.7,38.5833
EQ-usp000873h__TC-TY9719,EQ-TY,1997-09-15T00:00:00Z,28.9,129.6,38.5833
EQ-usp000873h__TC-TY9719,EQ-TY,1997-09-15T03:00:00Z,29.2,129.6,38.5833
EQ-usp000873h__TC-TY9719,EQ-TY,1997-09-15T06:00:00Z,29.4,129.6,38.5833
EQ-usp000873h__TC-TY9719,EQ-TY,1997-09-15T09:00:00Z,29.7,129.6,38.5833
EQ-usp000873h__TC-TY9719,EQ-TY,1997-09-15T12:00:00Z,30.0,129.7,38.5833
EQ-usp000873h__TC-TY9719,EQ-TY,1997-09-15T15:00:00Z,30.3,129.8,38.5833
EQ-usp000873h__TC-TY9719,EQ-TY,1997-09-15T18:00:00Z,30.6,130.0,38.5833
EQ-usp000873h__TC-TY9719,EQ-TY,1997-09-15T21:00:00Z,31.0,130.1,38.5833
EQ-usp000873h__TC-TY9719,EQ-TY,1997-09-15T23:00:00Z,31.2,130.3,38.5833
EQ-usp000873h__TC-TY9719,EQ-TY,1997-09-16T00:00:00Z,31.5,130.4,36.01108
EQ-usp000873h__TC-TY9719,EQ-TY,1997-09-16T03:00:00Z,32.1,130.8,33.43886
EQ-usp000873h__TC-TY9719,EQ-TY,1997-09-16T06:00:00Z,32.9,131.3,28.29442
EQ-usp000873h__TC-TY9719,EQ-TY,1997-09-16T09:00:00Z,33.6,132.1,25.7222
EQ-usp000873h__TC-TY9719,EQ-TY,1997-09-16T12:00:00Z,34.2,132.9,23.14998
EQ-usp000873h__TC-TY9719,EQ-TY,1997-09-16T15:00:00Z,34.7,133.7,18.00554
EQ-usp000873h__TC-TY9719,EQ-TY,1997-09-16T18:00:00Z,35.3,134.9,18.00554
EQ-usp000873h__TC-TY9719,EQ-TY,1997-09-16T21:00:00Z,35.9,135.9,11.574055
EQ-usp000873h__TC-TY9719,EQ-TY,1997-09-17T00:00:00Z,37.1,137.3,9.616676
EQ-usp000873h__TC-TY9719,EQ-TY,1997-09-17T03:00:00Z,38.1279,138.002,9.616676
EQ-usp000873h__TC-TY9719,EQ-TY,1997-09-17T06:00:00Z,39.2,138.6,9.616676
EQ-usp000873h__TC-TY9719,EQ-TY,1997-09-17T09:00:00Z,40.6582,139.875,7.406657
EQ-usp000873h__TC-TY9719,EQ-TY,1997-09-17T12:00:00Z,42.0,141.6,4.739788
EQ-usp000873h__TC-TY9719,EQ-TY,1997-09-17T15:00:00Z,42.7019,143.606,4.739788
EQ-usp000873h__TC-TY9719,EQ-TY,1997-09-17T18:00:00Z,43.3,145.8,4.739788
EQ-usp000873h__TC-TY9719,EQ-TY,1997-09-17T21:00:00Z,44.4025,148.073,4.739788
EQ-usp000873h__TC-TY9719,EQ-TY,1997-09-18T00:00:00Z,45.4,150.3,4.739788
EQ-usp000873h__TC-TY9719,EQ-TY,1997-09-18T03:00:00Z,45.7916,152.241,4.739788
EQ-usp000873h__TC-TY9719,EQ-TY,1997-09-18T06:00:00Z,46.0,154.0,4.739788
EQ-usp000873h__TC-TY9719,EQ-TY,1997-09-18T09:00:00Z,46.3722,155.599,4.739788
EQ-usp000873h__TC-TY9719,EQ-TY,1997-09-18T12:00:00Z,46.8,157.5,4.739788
EQ-usp000873h__TC-TY9719,EQ-TY,1997-09-18T15:00:00Z,47.2873,160.23,3.033162
EQ-usp000873h__TC-TY9719,EQ-TY,1997-09-18T18:00:00Z,47.6,163.3,
EQ-usp000873h__TC-TY9719,EQ-TY,1997-09-18T21:00:00Z,47.5081,166.114,
EQ-usp000873h__TC-TY9719,EQ-TY,1997-09-19T00:00:00Z,47.3,168.9,
EQ-usp000873h__TC-TY9719,EQ-TY,1997-09-19T03:00:00Z,47.2295,171.79,
EQ-usp000873h__TC-TY9719,EQ-TY,1997-09-19T06:00:00Z,47.2,174.7,
EQ-usp000873h__TC-TY9719,EQ-TY,1997-09-19T09:00:00Z,47.1679,177.566,
EQ-usp000873h__TC-TY9719,EQ-TY,1997-09-19T12:00:00Z,47.1,180.4,
EQ-usp00083yd__TC-TY9708,Simultaneous,1997-06-15T12:00:00Z,5.5,162.4,
EQ-usp00083yd__TC-TY9708,Simultaneous,1997-06-15T15:00:00Z,5.60009,161.9,
EQ-usp00083yd__TC-TY9708,Simultaneous,1997-06-15T18:00:00Z,5.7,161.4,
EQ-usp00083yd__TC-TY9708,Simultaneous,1997-06-15T21:00:00Z,5.79996,160.9,
EQ-usp00083yd__TC-TY9708,Simultaneous,1997-06-16T00:00:00Z,5.9,160.4,
EQ-usp00083yd__TC-TY9708,Simultaneous,1997-06-16T03:00:00Z,5.99246,159.9,
EQ-usp00083yd__TC-TY9708,Simultaneous,1997-06-16T06:00:00Z,6.1,159.4,
EQ-usp00083yd__TC-TY9708,Simultaneous,1997-06-16T09:00:00Z,6.24245,158.9,
EQ-usp00083yd__TC-TY9708,Simultaneous,1997-06-16T12:00:00Z,6.4,158.4,
EQ-usp00083yd__TC-TY9708,Simultaneous,1997-06-16T15:00:00Z,6.54995,157.9,
EQ-usp00083yd__TC-TY9708,Simultaneous,1997-06-16T18:00:00Z,6.7,157.4,
EQ-usp00083yd__TC-TY9708,Simultaneous,1997-06-16T21:00:00Z,6.84247,156.892,
EQ-usp00083yd__TC-TY9708,Simultaneous,1997-06-17T00:00:00Z,7.0,156.4,
EQ-usp00083yd__TC-TY9708,Simultaneous,1997-06-17T03:00:00Z,7.19243,155.942,
EQ-usp00083yd__TC-TY9708,Simultaneous,1997-06-17T06:00:00Z,7.4,155.5,
EQ-usp00083yd__TC-TY9708,Simultaneous,1997-06-17T09:00:00Z,7.60743,155.057,
EQ-usp00083yd__TC-TY9708,Simultaneous,1997-06-17T12:00:00Z,7.8,154.6,
EQ-usp00083yd__TC-TY9708,Simultaneous,1997-06-17T15:00:00Z,7.94999,154.1,
EQ-usp00083yd__TC-TY9708,Simultaneous,1997-06-17T18:00:00Z,8.1,153.6,
EQ-usp00083yd__TC-TY9708,Simultaneous,1997-06-17T21:00:00Z,8.29237,153.157,
EQ-usp00083yd__TC-TY9708,Simultaneous,1997-06-18T00:00:00Z,8.5,152.7,
EQ-usp00083yd__TC-TY9708,Simultaneous,1997-06-18T03:00:00Z,8.69987,152.187,
EQ-usp00083yd__TC-TY9708,Simultaneous,1997-06-18T06:00:00Z,8.9,151.6,
EQ-usp00083yd__TC-TY9708,Simultaneous,1997-06-18T09:00:00Z,9.0999,150.937,
EQ-usp00083yd__TC-TY9708,Simultaneous,1997-06-18T12:00:00Z,9.3,150.2,
EQ-usp00083yd__TC-TY9708,Simultaneous,1997-06-18T15:00:00Z,9.50725,149.437,
EQ-usp00083yd__TC-TY9708,Simultaneous,1997-06-18T18:00:00Z,9.7,148.6,
EQ-usp00083yd__TC-TY9708,Simultaneous,1997-06-18T21:00:00Z,9.86485,147.68,
EQ-usp00083yd__TC-TY9708,Simultaneous,1997-06-19T00:00:00Z,10.0,146.7,
EQ-usp00083yd__TC-TY9708,Simultaneous,1997-06-19T03:00:00Z,10.1075,145.685,
EQ-usp00083yd__TC-TY9708,Simultaneous,1997-06-19T06:00:00Z,10.2,144.7,
EQ-usp00083yd__TC-TY9708,Simultaneous,1997-06-19T09:00:00Z,10.2998,143.798,
EQ-usp00083yd__TC-TY9708,Simultaneous,1997-06-19T12:00:00Z,10.4,143.0,
EQ-usp00083yd__TC-TY9708,Simultaneous,1997-06-19T15:00:00Z,10.4849,142.282,
EQ-usp00083yd__TC-TY9708,Simultaneous,1997-06-19T18:00:00Z,10.6,141.7,
EQ-usp00083yd__TC-TY9708,Simultaneous,1997-06-19T21:00:00Z,10.7699,141.225,
EQ-usp00083yd__TC-TY9708,Simultaneous,1997-06-20T00:00:00Z,11.0,140.9,
EQ-usp00083yd__TC-TY9708,Simultaneous,1997-06-20T03:00:00Z,11.3074,140.705,
EQ-usp00083yd__TC-TY9708,Simultaneous,1997-06-20T06:00:00Z,11.6,140.6,
EQ-usp00083yd__TC-TY9708,Simultaneous,1997-06-20T09:00:00Z,11.78,140.507,
EQ-usp00083yd__TC-TY9708,Simultaneous,1997-06-20T12:00:00Z,11.9,140.4,
EQ-usp00083yd__TC-TY9708,Simultaneous,1997-06-20T15:00:00Z,12.015,140.223,
EQ-usp00083yd__TC-TY9708,Simultaneous,1997-06-20T18:00:00Z,12.1,140.0,
EQ-usp00083yd__TC-TY9708,Simultaneous,1997-06-20T21:00:00Z,12.1574,139.78,
EQ-usp00083yd__TC-TY9708,Simultaneous,1997-06-21T00:00:00Z,12.2,139.5,
EQ-usp00083yd__TC-TY9708,Simultaneous,1997-06-21T03:00:00Z,12.2425,139.137,
EQ-usp00083yd__TC-TY9708,Simultaneous,1997-06-21T06:00:00Z,12.3,138.7,
EQ-usp00083yd__TC-TY9708,Simultaneous,1997-06-21T09:00:00Z,12.3848,138.237,
EQ-usp00083yd__TC-TY9708,Simultaneous,1997-06-21T12:00:00Z,12.5,137.7,
EQ-usp00083yd__TC-TY9708,Simultaneous,1997-06-21T15:00:00Z,12.6499,137.08,
EQ-usp00083yd__TC-TY9708,Simultaneous,1997-06-21T18:00:00Z,12.8,136.4,
EQ-usp00083yd__TC-TY9708,Simultaneous,1997-06-21T21:00:00Z,12.9075,135.692,
EQ-usp00083yd__TC-TY9708,Simultaneous,1997-06-22T00:00:00Z,13.0,135.0,
EQ-usp00083yd__TC-TY9708,Simultaneous,1997-06-22T03:00:00Z,13.1073,134.37,
EQ-usp00083yd__TC-TY9708,Simultaneous,1997-06-22T06:00:00Z,13.2,132.3,9.616676
EQ-usp00083yd__TC-TY9708,Simultaneous,1997-06-22T09:00:00Z,13.2,132.245,9.616676
EQ-usp00083yd__TC-TY9708,Simultaneous,1997-06-22T12:00:00Z,13.2,132.2,9.616676
EQ-usp00083yd__TC-TY9708,Simultaneous,1997-06-22T15:00:00Z,13.2,132.165,10.620347
EQ-usp00083yd__TC-TY9708,Simultaneous,1997-06-22T18:00:00Z,13.2,132.1,11.574055
EQ-usp00083yd__TC-TY9708,Simultaneous,1997-06-22T21:00:00Z,13.185,131.98,12.486127
EQ-usp00083yd__TC-TY9708,Simultaneous,1997-06-23T00:00:00Z,13.2,131.8,13.362742
EQ-usp00083yd__TC-TY9708,Simultaneous,1997-06-23T03:00:00Z,13.285,131.558,13.362742
EQ-usp00083yd__TC-TY9708,Simultaneous,1997-06-23T06:00:00Z,13.4,131.3,13.362742
EQ-usp00083yd__TC-TY9708,Simultaneous,1997-06-23T09:00:00Z,13.485,131.092,14.208639
EQ-usp00083yd__TC-TY9708,Simultaneous,1997-06-23T12:00:00Z,13.6,130.9,15.027554
EQ-usp00083yd__TC-TY9708,Simultaneous,1997-06-23T15:00:00Z,13.7775,130.707,15.027554
EQ-usp00083yd__TC-TY9708,Simultaneous,1997-06-23T18:00:00Z,14.0,130.5,15.027554
EQ-usp00083yd__TC-TY9708,Simultaneous,1997-06-23T21:00:00Z,14.2124,130.287,15.027554
EQ-usp00083yd__TC-TY9708,Simultaneous,1997-06-24T00:00:00Z,14.5,130.0,15.027554
EQ-usp00083yd__TC-TY9708,Simultaneous,1997-06-24T03:00:00Z,14.9351,129.58,15.8225
EQ-usp00083yd__TC-TY9708,Simultaneous,1997-06-24T06:00:00Z,15.4,129.1,18.00554
EQ-usp00083yd__TC-TY9708,Simultaneous,1997-06-24T09:00:00Z,15.7799,128.642,18.00554
EQ-usp00083yd__TC-TY9708,Simultaneous,1997-06-24T12:00:00Z,16.1,128.2,18.00554
EQ-usp00083yd__TC-TY9708,Simultaneous,1997-06-24T15:00:00Z,16.3574,127.785,18.00554
EQ-usp00083yd__TC-TY9708,Simultaneous,1997-06-24T18:00:00Z,16.6,127.4,18.00554
EQ-usp00083yd__TC-TY9708,Simultaneous,1997-06-24T21:00:00Z,16.8775,127.005,19.034428
EQ-usp00083yd__TC-TY9708,Simultaneous,1997-06-25T00:00:00Z,17.2,126.7,20.57776
EQ-usp00083yd__TC-TY9708,Simultaneous,1997-06-25T03:00:00Z,17.5849,126.54,21.606648
EQ-usp00083yd__TC-TY9708,Simultaneous,1997-06-25T06:00:00Z,18.0,126.5,23.14998
EQ-usp00083yd__TC-TY9708,Simultaneous,1997-06-25T09:00:00Z,18.3925,126.527,23.14998
EQ-usp00083yd__TC-TY9708,Simultaneous,1997-06-25T12:00:00Z,18.8,126.6,23.14998
EQ-usp00083yd__TC-TY9708,Simultaneous,1997-06-25T15:00:00Z,19.2275,126.657,23.14998
EQ-usp00083yd__TC-TY9708,Simultaneous,1997-06-25T18:00:00Z,19.7,126.7,23.14998
EQ-usp00083yd__TC-TY9708,Simultaneous,1997-06-25T21:00:00Z,20.2125,126.708,24.178868
EQ-usp00083yd__TC-TY9708,Simultaneous,1997-06-26T00:00:00Z,20.8,126.7,25.7222
EQ-usp00083yd__TC-TY9708,Simultaneous,1997-06-26T03:00:00Z,21.4775,126.715,26.751088
EQ-usp00083yd__TC-TY9708,Simultaneous,1997-06-26T06:00:00Z,22.2,126.7,28.29442
EQ-usp00083yd__TC-TY9708,Simultaneous,1997-06-26T09:00:00Z,22.9,126.634,28.29442
EQ-usp00083yd__TC-TY9708,Simultaneous,1997-06-26T12:00:00Z,23.6,126.5,28.29442
EQ-usp00083yd__TC-TY9708,Simultaneous,1997-06-26T15:00:00Z,24.3,126.3,30.86664
EQ-usp00083yd__TC-TY9708,Simultaneous,1997-06-26T18:00:00Z,25.0,126.3,30.86664
EQ-usp00083yd__TC-TY9708,Simultaneous,1997-06-26T21:00:00Z,25.7,126.3,30.86664
EQ-usp00083yd__TC-TY9708,Simultaneous,1997-06-27T00:00:00Z,26.4,126.3,30.86664
EQ-usp00083yd__TC-TY9708,Simultaneous,1997-06-27T03:00:00Z,27.2,126.4,30.86664
EQ-usp00083yd__TC-TY9708,Simultaneous,1997-06-27T06:00:00Z,28.4,126.5,33.43886
EQ-usp00083yd__TC-TY9708,Simultaneous,1997-06-27T09:00:00Z,29.4,126.8,33.43886
EQ-usp00083yd__TC-TY9708,Simultaneous,1997-06-27T12:00:00Z,30.0,127.1,33.43886
EQ-usp00083yd__TC-TY9708,Simultaneous,1997-06-27T15:00:00Z,30.9,127.8,33.43886
EQ-usp00083yd__TC-TY9708,Simultaneous,1997-06-27T18:00:00Z,31.7,128.4,33.43886
EQ-usp00083yd__TC-TY9708,Simultaneous,1997-06-27T21:00:00Z,32.2,128.9,30.86664
EQ-usp00083yd__TC-TY9708,Simultaneous,1997-06-28T00:00:00Z,32.8,129.7,30.86664
EQ-usp00083yd__TC-TY9708,Simultaneous,1997-06-28T03:00:00Z,33.1,130.7,30.86664
EQ-usp00083yd__TC-TY9708,Simultaneous,1997-06-28T06:00:00Z,33.9,132.4,28.29442
EQ-usp00083yd__TC-TY9708,Simultaneous,1997-06-28T07:00:00Z,34.3,133.2,28.29442
EQ-usp00083yd__TC-TY9708,Simultaneous,1997-06-28T09:00:00Z,34.8,134.4,28.29442
EQ-usp00083yd__TC-TY9708,Simultaneous,1997-06-28T12:00:00Z,35.7,136.3,25.7222
EQ-usp00083yd__TC-TY9708,Simultaneous,1997-06-28T15:00:00Z,36.5,138.7,25.7222
EQ-usp00083yd__TC-TY9708,Simultaneous,1997-06-28T18:00:00Z,37.0,140.6,25.7222
EQ-usp00083yd__TC-TY9708,Simultaneous,1997-06-28T21:00:00Z,38.0,143.8,27.112007
EQ-usp00083yd__TC-TY9708,Simultaneous,1997-06-29T00:00:00Z,40.1,147.3,24.725121
EQ-usp00083yd__TC-TY9708,Simultaneous,1997-06-29T03:00:00Z,41.4359,149.665,25.933752
EQ-usp00083yd__TC-TY9708,Simultaneous,1997-06-29T06:00:00Z,42.5,151.2,27.112007
EQ-usp00083yd__TC-TY9708,Simultaneous,1997-06-29T09:00:00Z,44.0548,152.967,28.262604
EQ-usp00083yd__TC-TY9708,Simultaneous,1997-06-29T12:00:00Z,45.4,154.1,29.387863
EQ-usp00083yd__TC-TY9708,Simultaneous,1997-06-29T15:00:00Z,46.0999,154.09,31.032552
EQ-usp00083yd__TC-TY9708,Simultaneous,1997-06-29T18:00:00Z,46.4,153.6,32.630386
EQ-usp00083yd__TC-TY9708,Simultaneous,1997-06-29T21:00:00Z,46.6123,153.466,33.153424
EQ-usp00083yd__TC-TY9708,Simultaneous,1997-06-30T00:00:00Z,46.6,153.5,33.671939
EQ-usp00083yd__TC-TY9708,Simultaneous,1997-06-30T03:00:00Z,46.3779,153.612,33.671939
EQ-usp00083yd__TC-TY9708,Simultaneous,1997-06-30T06:00:00Z,46.1,154.1,33.671939
EQ-usp00083yd__TC-TY9708,Simultaneous,1997-06-30T09:00:00Z,45.9271,155.176,33.153424
EQ-usp00083yd__TC-TY9708,Simultaneous,1997-06-30T12:00:00Z,45.9,156.5,32.630386
EQ-usp00083yd__TC-TY9708,Simultaneous,1997-06-30T15:00:00Z,46.1051,157.707,31.570119
EQ-usp00083yd__TC-TY9708,Simultaneous,1997-06-30T18:00:00Z,46.4,158.8,30.489787
EQ-usp00083yd__TC-TY9708,Simultaneous,1997-06-30T21:00:00Z,46.5986,159.677,28.828269
EQ-usp00083yd__TC-TY9708,Simultaneous,1997-07-01T00:00:00Z,46.8,160.4,27.112007
EQ-usp00083yd__TC-TY9708,Simultaneous,1997-07-01T03:00:00Z,47.0647,161.102,25.933752
EQ-usp00083yd__TC-TY9708,Simultaneous,1997-07-01T06:00:00Z,47.3,161.7,24.725121
EQ-usp00083yd__TC-TY9708,Simultaneous,1997-07-01T09:00:00Z,47.4297,162.211,23.482894
EQ-usp00083yd__TC-TY9708,Simultaneous,1997-07-01T12:00:00Z,47.5,162.6,22.203211
EQ-usp00083yd__TC-TY9708,Simultaneous,1997-07-01T15:00:00Z,47.624,162.811,20.881366
EQ-usp00083yd__TC-TY9708,Simultaneous,1997-07-01T18:00:00Z,47.6,163.1,19.511519
EQ-usp00083yd__TC-TY9708,Simultaneous,1997-07-01T21:00:00Z,47.2674,163.704,18.806357
EQ-usp00083yd__TC-TY9708,Simultaneous,1997-07-02T00:00:00Z,46.8,164.5,18.086263
EQ-usp00083yd__TC-TY9708,Simultaneous,1997-07-02T03:00:00Z,46.3315,165.335,17.349955
EQ-usp00083yd__TC-TY9708,Simultaneous,1997-07-02T06:00:00Z,46.0,166.3,16.595947
EQ-usp00083yd__TC-TY9708,Simultaneous,1997-07-02T09:00:00Z,45.9395,167.493,15.8225
EQ-usp00083yd__TC-TY9708,Simultaneous,1997-07-02T12:00:00Z,46.1,168.6,15.027554
EQ-usp00083yd__TC-TY9708,Simultaneous,1997-07-02T15:00:00Z,46.4092,169.216,15.027554
EQ-usp00083yd__TC-TY9708,Simultaneous,1997-07-02T18:00:00Z,46.8,169.8,15.027554
EQ-usp00083yd__TC-TY9708,Simultaneous,1997-07-02T21:00:00Z,47.1287,170.722,15.027554
EQ-usp00083yd__TC-TY9708,Simultaneous,1997-07-03T00:00:00Z,47.4,171.9,15.027554
EQ-usp00083yd__TC-TY9708,Simultaneous,1997-07-03T03:00:00Z,47.5428,173.294,15.027554
EQ-usp00083yd__TC-TY9708,Simultaneous,1997-07-03T06:00:00Z,47.7,174.8,15.027554
EQ-usp00083yd__TC-TY9708,Simultaneous,1997-07-03T09:00:00Z,48.0063,176.346,15.027554
EQ-usp00083yd__TC-TY9708,Simultaneous,1997-07-03T12:00:00Z,48.4,177.7,15.027554
EQ-usp00083yd__TC-TY9708,Simultaneous,1997-07-03T15:00:00Z,48.8468,178.6,14.208639
EQ-usp00083yd__TC-TY9708,Simultaneous,1997-07-03T18:00:00Z,49.3,179.3,13.362742
EQ-usp00083yd__TC-TY9708,Simultaneous,1997-07-03T21:00:00Z,49.4778,180.968,13.362742
EQ-usp00083yd__TC-TY9708,Simultaneous,1997-07-04T00:00:00Z,50.0,180.9,13.362742
EQ-usp00083qj__TC-TY9711,EQ-TY,1997-07-21T00:00:00Z,4.3,152.3,
EQ-usp00083qj__TC-TY9711,EQ-TY,1997-07-21T03:00:00Z,4.61006,151.888,
EQ-usp00083qj__TC-TY9711,EQ-TY,1997-07-21T06:00:00Z,4.9,151.5,
EQ-usp00083qj__TC-TY9711,EQ-TY,1997-07-21T09:00:00Z,5.15745,151.15,
EQ-usp00083qj__TC-TY9711,EQ-TY,1997-07-21T12:00:00Z,5.4,150.8,
EQ-usp00083qj__TC-TY9711,EQ-TY,1997-07-21T15:00:00Z,5.64999,150.407,
EQ-usp00083qj__TC-TY9711,EQ-TY,1997-07-21T18:00:00Z,5.9,150.0,
EQ-usp00083qj__TC-TY9711,EQ-TY,1997-07-21T21:00:00Z,6.16502,149.57,
EQ-usp00083qj__TC-TY9711,EQ-TY,1997-07-22T00:00:00Z,6.4,149.2,
EQ-usp00083qj__TC-TY9711,EQ-TY,1997-07-22T03:00:00Z,6.57244,148.97,
EQ-usp00083qj__TC-TY9711,EQ-TY,1997-07-22T06:00:00Z,6.7,148.8,
EQ-usp00083qj__TC-TY9711,EQ-TY,1997-07-22T09:00:00Z,6.81499,148.6,
EQ-usp00083qj__TC-TY9711,EQ-TY,1997-07-22T12:00:00Z,6.9,148.4,
EQ-usp00083qj__TC-TY9711,EQ-TY,1997-07-22T15:00:00Z,6.96499,148.2,
EQ-usp00083qj__TC-TY9711,EQ-TY,1997-07-22T18:00:00Z,7.0,148.0,
EQ-usp00083qj__TC-TY9711,EQ-TY,1997-07-22T21:00:00Z,7.00748,147.807,
EQ-usp00083qj__TC-TY9711,EQ-TY,1997-07-23T00:00:00Z,7.0,147.6,
EQ-usp00083qj__TC-TY9711,EQ-TY,1997-07-23T03:00:00Z,6.98497,147.372,
EQ-usp00083qj__TC-TY9711,EQ-TY,1997-07-23T06:00:00Z,7.0,147.1,
EQ-usp00083qj__TC-TY9711,EQ-TY,1997-07-23T09:00:00Z,7.07749,146.772,
EQ-usp00083qj__TC-TY9711,EQ-TY,1997-07-23T12:00:00Z,7.2,146.4,
EQ-usp00083qj__TC-TY9711,EQ-TY,1997-07-23T15:00:00Z,7.3275,146.0,
EQ-usp00083qj__TC-TY9711,EQ-TY,1997-07-23T18:00:00Z,7.5,145.6,
EQ-usp00083qj__TC-TY9711,EQ-TY,1997-07-23T21:00:00Z,7.73493,145.25,
EQ-usp00083qj__TC-TY9711,EQ-TY,1997-07-24T00:00:00Z,8.0,144.9,
EQ-usp00083qj__TC-TY9711,EQ-TY,1997-07-24T03:00:00Z,8.25002,144.492,
EQ-usp00083qj__TC-TY9711,EQ-TY,1997-07-24T06:00:00Z,8.5,144.1,
EQ-usp00083qj__TC-TY9711,EQ-TY,1997-07-24T09:00:00Z,8.75745,143.777,
EQ-usp00083qj__TC-TY9711,EQ-TY,1997-07-24T12:00:00Z,9.0,143.5,
EQ-usp00083qj__TC-TY9711,EQ-TY,1997-07-24T15:00:00Z,9.185,143.22,
EQ-usp00083qj__TC-TY9711,EQ-TY,1997-07-24T18:00:00Z,9.4,143.0,
EQ-usp00083qj__TC-TY9711,EQ-TY,1997-07-24T21:00:00Z,9.72747,142.87,
EQ-usp00083qj__TC-TY9711,EQ-TY,1997-07-25T00:00:00Z,10.1,142.8,
EQ-usp00083qj__TC-TY9711,EQ-TY,1997-07-25T03:00:00Z,10.45,142.735,
EQ-usp00083qj__TC-TY9711,EQ-TY,1997-07-25T06:00:00Z,10.8,142.7,
EQ-usp00083qj__TC-TY9711,EQ-TY,1997-07-25T09:00:00Z,11.15,142.685,
EQ-usp00083qj__TC-TY9711,EQ-TY,1997-07-25T12:00:00Z,11.5,142.7,
EQ-usp00083qj__TC-TY9711,EQ-TY,1997-07-25T15:00:00Z,11.8575,142.765,
EQ-usp00083qj__TC-TY9711,EQ-TY,1997-07-25T18:00:00Z,12.2,142.8,
EQ-usp00083qj__TC-TY9711,EQ-TY,1997-07-25T21:00:00Z,12.545,142.723,
EQ-usp00083qj__TC-TY9711,EQ-TY,1997-07-26T00:00:00Z,12.8,142.6,
EQ-usp00083qj__TC-TY9711,EQ-TY,1997-07-26T03:00:00Z,12.895,142.522,
EQ-usp00083qj__TC-TY9711,EQ-TY,1997-07-26T06:00:00Z,12.9,142.4,
EQ-usp00083qj__TC-TY9711,EQ-TY,1997-07-26T09:00:00Z,12.915,142.18,
EQ-usp00083qj__TC-TY9711,EQ-TY,1997-07-26T12:00:00Z,12.9,141.9,
EQ-usp00083qj__TC-TY9711,EQ-TY,1997-07-26T15:00:00Z,12.865,141.608,
EQ-usp00083qj__TC-TY9711,EQ-TY,1997-07-26T18:00:00Z,12.8,141.3,
EQ-usp00083qj__TC-TY9711,EQ-TY,1997-07-26T21:00:00Z,12.6999,141.007,
EQ-usp00083qj__TC-TY9711,EQ-TY,1997-07-27T00:00:00Z,12.6,140.7,
EQ-usp00083qj__TC-TY9711,EQ-TY,1997-07-27T03:00:00Z,12.5424,140.38,
EQ-usp00083qj__TC-TY9711,EQ-TY,1997-07-27T06:00:00Z,12.5,140.0,
EQ-usp00083qj__TC-TY9711,EQ-TY,1997-07-27T09:00:00Z,12.4425,139.53,
EQ-usp00083qj__TC-TY9711,EQ-TY,1997-07-27T12:00:00Z,12.4,139.0,
EQ-usp00083qj__TC-TY9711,EQ-TY,1997-07-27T15:00:00Z,12.3774,138.457,
EQ-usp00083qj__TC-TY9711,EQ-TY,1997-07-27T18:00:00Z,12.4,137.9,
EQ-usp00083qj__TC-TY9711,EQ-TY,1997-07-27T21:00:00Z,12.455,137.327,
EQ-usp00083qj__TC-TY9711,EQ-TY,1997-07-28T00:00:00Z,12.6,136.8,
EQ-usp00083qj__TC-TY9711,EQ-TY,1997-07-28T03:00:00Z,12.855,136.34,
EQ-usp00083qj__TC-TY9711,EQ-TY,1997-07-28T06:00:00Z,13.2,136.0,
EQ-usp00083qj__TC-TY9711,EQ-TY,1997-07-28T09:00:00Z,13.5849,135.797,
EQ-usp00083qj__TC-TY9711,EQ-TY,1997-07-28T12:00:00Z,14.0,135.7,
EQ-usp00083qj__TC-TY9711,EQ-TY,1997-07-28T15:00:00Z,14.415,135.642,
EQ-usp00083qj__TC-TY9711,EQ-TY,1997-07-28T18:00:00Z,14.8,135.6,
EQ-usp00083qj__TC-TY9711,EQ-TY,1997-07-28T21:00:00Z,15.145,135.508,
EQ-usp00083qj__TC-TY9711,EQ-TY,1997-07-29T00:00:00Z,14.9,135.5,7.406657
EQ-usp00083qj__TC-TY9711,EQ-TY,1997-07-29T03:00:00Z,14.95,135.508,8.551302
EQ-usp00083qj__TC-TY9711,EQ-TY,1997-07-29T06:00:00Z,15.0,135.5,9.616676
EQ-usp00083qj__TC-TY9711,EQ-TY,1997-07-29T09:00:00Z,15.05,135.465,9.616676
EQ-usp00083qj__TC-TY9711,EQ-TY,1997-07-29T12:00:00Z,15.1,135.4,9.616676
EQ-usp00083qj__TC-TY9711,EQ-TY,1997-07-29T15:00:00Z,15.165,135.308,10.620347
EQ-usp00083qj__TC-TY9711,EQ-TY,1997-07-29T18:00:00Z,15.2,135.2,11.574055
EQ-usp00083qj__TC-TY9711,EQ-TY,1997-07-29T21:00:00Z,15.1725,135.092,11.574055
EQ-usp00083qj__TC-TY9711,EQ-TY,1997-07-30T00:00:00Z,15.1,135.0,11.574055
EQ-usp00083qj__TC-TY9711,EQ-TY,1997-07-30T03:00:00Z,15.0,134.927,12.486127
EQ-usp00083qj__TC-TY9711,EQ-TY,1997-07-30T06:00:00Z,14.9,134.9,13.362742
EQ-usp00083qj__TC-TY9711,EQ-TY,1997-07-30T09:00:00Z,14.865,134.927,13.362742
EQ-usp00083qj__TC-TY9711,EQ-TY,1997-07-30T12:00:00Z,14.8,135.0,13.362742
EQ-usp00083qj__TC-TY9711,EQ-TY,1997-07-30T15:00:00Z,14.6375,135.108,14.208639
EQ-usp00083qj__TC-TY9711,EQ-TY,1997-07-30T18:00:00Z,14.4,135.2,15.027554
EQ-usp00083qj__TC-TY9711,EQ-TY,1997-07-30T21:00:00Z,14.085,135.207,15.027554
EQ-usp00083qj__TC-TY9711,EQ-TY,1997-07-31T00:00:00Z,13.8,135.2,15.027554
EQ-usp00083qj__TC-TY9711,EQ-TY,1997-07-31T03:00:00Z,13.655,135.258,15.8225
EQ-usp00083qj__TC-TY9711,EQ-TY,1997-07-31T06:00:00Z,13.6,135.3,18.00554
EQ-usp00083qj__TC-TY9711,EQ-TY,1997-07-31T09:00:00Z,13.585,135.265,18.00554
EQ-usp00083qj__TC-TY9711,EQ-TY,1997-07-31T12:00:00Z,13.6,135.2,18.00554
EQ-usp00083qj__TC-TY9711,EQ-TY,1997-07-31T15:00:00Z,13.6,135.15,19.034428
EQ-usp00083qj__TC-TY9711,EQ-TY,1997-07-31T18:00:00Z,13.6,135.1,20.57776
EQ-usp00083qj__TC-TY9711,EQ-TY,1997-07-31T21:00:00Z,13.6,135.058,20.57776
EQ-usp00083qj__TC-TY9711,EQ-TY,1997-08-01T00:00:00Z,13.6,135.0,20.57776
EQ-usp00083qj__TC-TY9711,EQ-TY,1997-08-01T03:00:00Z,13.5925,134.908,21.606648
EQ-usp00083qj__TC-TY9711,EQ-TY,1997-08-01T06:00:00Z,13.6,134.8,23.14998
EQ-usp00083qj__TC-TY9711,EQ-TY,1997-08-01T09:00:00Z,13.65,134.723,23.14998
EQ-usp00083qj__TC-TY9711,EQ-TY,1997-08-01T12:00:00Z,13.7,134.6,23.14998
EQ-usp00083qj__TC-TY9711,EQ-TY,1997-08-01T15:00:00Z,13.6999,134.402,23.14998
EQ-usp00083qj__TC-TY9711,EQ-TY,1997-08-01T18:00:00Z,13.7,134.1,23.14998
EQ-usp00083qj__TC-TY9711,EQ-TY,1997-08-01T21:00:00Z,13.7351,133.665,24.178868
EQ-usp00083qj__TC-TY9711,EQ-TY,1997-08-02T00:00:00Z,13.8,133.2,25.7222
EQ-usp00083qj__TC-TY9711,EQ-TY,1997-08-02T03:00:00Z,13.8925,132.813,25.7222
EQ-usp00083qj__TC-TY9711,EQ-TY,1997-08-02T06:00:00Z,14.0,132.5,25.7222
EQ-usp00083qj__TC-TY9711,EQ-TY,1997-08-02T09:00:00Z,14.1074,132.27,26.751088
EQ-usp00083qj__TC-TY9711,EQ-TY,1997-08-02T12:00:00Z,14.2,132.1,28.29442
EQ-usp00083qj__TC-TY9711,EQ-TY,1997-08-02T15:00:00Z,14.25,131.942,28.29442
EQ-usp00083qj__TC-TY9711,EQ-TY,1997-08-02T18:00:00Z,14.3,131.8,28.29442
EQ-usp00083qj__TC-TY9711,EQ-TY,1997-08-02T21:00:00Z,14.3699,131.672,29.323308
EQ-usp00083qj__TC-TY9711,EQ-TY,1997-08-03T00:00:00Z,14.5,131.5,30.86664
EQ-usp00083qj__TC-TY9711,EQ-TY,1997-08-03T03:00:00Z,14.72,131.23,30.86664
EQ-usp00083qj__TC-TY9711,EQ-TY,1997-08-03T06:00:00Z,15.0,130.9,30.86664
EQ-usp00083qj__TC-TY9711,EQ-TY,1997-08-03T09:00:00Z,15.285,130.542,30.86664
EQ-usp00083qj__TC-TY9711,EQ-TY,1997-08-03T12:00:00Z,15.6,130.2,30.86664
EQ-usp00083qj__TC-TY9711,EQ-TY,1997-08-03T15:00:00Z,15.9349,129.942,30.86664
EQ-usp00083qj__TC-TY9711,EQ-TY,1997-08-03T18:00:00Z,16.3,129.7,30.86664
EQ-usp00083qj__TC-TY9711,EQ-TY,1997-08-03T21:00:00Z,16.6925,129.415,31.895528
EQ-usp00083qj__TC-TY9711,EQ-TY,1997-08-04T00:00:00Z,17.1,129.1,33.43886
EQ-usp00083qj__TC-TY9711,EQ-TY,1997-08-04T03:00:00Z,17.5075,128.75,33.43886
EQ-usp00083qj__TC-TY9711,EQ-TY,1997-08-04T06:00:00Z,17.9,128.4,33.43886
EQ-usp00083qj__TC-TY9711,EQ-TY,1997-08-04T09:00:00Z,18.2649,128.085,33.43886
EQ-usp00083qj__TC-TY9711,EQ-TY,1997-08-04T12:00:00Z,18.6,127.8,33.43886
EQ-usp00083qj__TC-TY9711,EQ-TY,1997-08-04T15:00:00Z,18.8925,127.527,33.43886
EQ-usp00083qj__TC-TY9711,EQ-TY,1997-08-04T18:00:00Z,19.2,127.3,33.43886
EQ-usp00083qj__TC-TY9711,EQ-TY,1997-08-04T21:00:00Z,19.5774,127.135,34.467748
EQ-usp00083qj__TC-TY9711,EQ-TY,1997-08-05T00:00:00Z,20.0,127.0,36.01108
EQ-usp00083qj__TC-TY9711,EQ-TY,1997-08-05T03:00:00Z,20.4575,126.857,36.01108
EQ-usp00083qj__TC-TY9711,EQ-TY,1997-08-05T06:00:00Z,20.9,126.7,36.01108
EQ-usp00083qj__TC-TY9711,EQ-TY,1997-08-05T09:00:00Z,21.2943,126.507,36.01108
EQ-usp00083qj__TC-TY9711,EQ-TY,1997-08-05T12:00:00Z,21.6,126.3,36.01108
EQ-usp00083qj__TC-TY9711,EQ-TY,1997-08-05T15:00:00Z,21.8,126.1,36.01108
EQ-usp00083qj__TC-TY9711,EQ-TY,1997-08-05T18:00:00Z,22.1,126.1,36.01108
EQ-usp00083qj__TC-TY9711,EQ-TY,1997-08-05T21:00:00Z,22.6,126.0,36.01108
EQ-usp00083qj__TC-TY9711,EQ-TY,1997-08-06T00:00:00Z,23.1,126.2,38.5833
EQ-usp00083qj__TC-TY9711,EQ-TY,1997-08-06T03:00:00Z,23.6,126.3,38.5833
EQ-usp00083qj__TC-TY9711,EQ-TY,1997-08-06T06:00:00Z,24.1,126.4,38.5833
EQ-usp00083qj__TC-TY9711,EQ-TY,1997-08-06T09:00:00Z,24.5,126.4,38.5833
EQ-usp00083qj__TC-TY9711,EQ-TY,1997-08-06T12:00:00Z,24.9,126.4,38.5833
EQ-usp00083qj__TC-TY9711,EQ-TY,1997-08-06T15:00:00Z,25.3,126.3,38.5833
EQ-usp00083qj__TC-TY9711,EQ-TY,1997-08-06T18:00:00Z,25.8,126.3,38.5833
EQ-usp00083qj__TC-TY9711,EQ-TY,1997-08-06T21:00:00Z,26.3,126.4,38.5833
EQ-usp00083qj__TC-TY9711,EQ-TY,1997-08-07T00:00:00Z,26.8,126.4,38.5833
EQ-usp00083qj__TC-TY9711,EQ-TY,1997-08-07T03:00:00Z,27.2,126.3,38.5833
EQ-usp00083qj__TC-TY9711,EQ-TY,1997-08-07T06:00:00Z,27.6,126.2,38.5833
EQ-usp00083qj__TC-TY9711,EQ-TY,1997-08-07T09:00:00Z,27.9,126.0,38.5833
EQ-usp00083qj__TC-TY9711,EQ-TY,1997-08-07T12:00:00Z,28.3,126.0,38.5833
EQ-usp00083qj__TC-TY9711,EQ-TY,1997-08-07T15:00:00Z,28.8,126.1,38.5833
EQ-usp00083qj__TC-TY9711,EQ-TY,1997-08-07T18:00:00Z,29.1,126.2,38.5833
EQ-usp00083qj__TC-TY9711,EQ-TY,1997-08-07T21:00:00Z,29.5,126.2,38.5833
EQ-usp00083qj__TC-TY9711,EQ-TY,1997-08-08T00:00:00Z,30.1,126.2,36.01108
EQ-usp00083qj__TC-TY9711,EQ-TY,1997-08-08T03:00:00Z,30.6,126.2,36.01108
EQ-usp00083qj__TC-TY9711,EQ-TY,1997-08-08T06:00:00Z,31.3,126.2,33.43886
EQ-usp00083qj__TC-TY9711,EQ-TY,1997-08-08T09:00:00Z,31.9,126.2,33.43886
EQ-usp00083qj__TC-TY9711,EQ-TY,1997-08-08T12:00:00Z,32.4,126.2,30.86664
EQ-usp00083qj__TC-TY9711,EQ-TY,1997-08-08T15:00:00Z,33.1,126.5,28.29442
EQ-usp00083qj__TC-TY9711,EQ-TY,1997-08-08T18:00:00Z,33.9,127.0,25.7222
EQ-usp00083qj__TC-TY9711,EQ-TY,1997-08-08T21:00:00Z,34.6,127.8,25.7222
EQ-usp00083qj__TC-TY9711,EQ-TY,1997-08-09T00:00:00Z,35.3,128.6,25.7222
EQ-usp00083qj__TC-TY9711,EQ-TY,1997-08-09T03:00:00Z,36.5,129.8,23.14998
EQ-usp00083qj__TC-TY9711,EQ-TY,1997-08-09T06:00:00Z,37.6,131.0,23.14998
EQ-usp00083qj__TC-TY9711,EQ-TY,1997-08-09T09:00:00Z,38.7,132.6,20.881366
EQ-usp00083qj__TC-TY9711,EQ-TY,1997-08-09T12:00:00Z,39.9,134.8,20.881366
EQ-usp00083qj__TC-TY9711,EQ-TY,1997-08-09T15:00:00Z,41.047,136.824,20.881366
EQ-usp00083qj__TC-TY9711,EQ-TY,1997-08-09T18:00:00Z,41.9,139.0,20.881366
EQ-usp00083qj__TC-TY9711,EQ-TY,1997-08-09T21:00:00Z,42.2113,141.765,18.806357
EQ-usp00083qj__TC-TY9711,EQ-TY,1997-08-10T00:00:00Z,42.2,144.6,16.595947
EQ-usp00083qj__TC-TY9711,EQ-TY,1997-08-10T03:00:00Z,42.1989,147.029,16.595947
EQ-usp00083qj__TC-TY9711,EQ-TY,1997-08-10T06:00:00Z,42.1,149.4,16.595947
EQ-usp00083qj__TC-TY9711,EQ-TY,1997-08-10T09:00:00Z,41.8553,152.133,16.595947
EQ-usp00083qj__TC-TY9711,EQ-TY,1997-08-10T12:00:00Z,41.6,154.6,16.595947
EQ-usp00083qj__TC-TY9711,EQ-TY,1997-08-10T15:00:00Z,41.4964,156.365,16.595947
EQ-usp00083qj__TC-TY9711,EQ-TY,1997-08-10T18:00:00Z,41.5,157.7,16.595947
EQ-usp000827p__TC-TY9713,EQ-TY,1997-08-05T00:00:00Z,5.6,168.0,
EQ-usp000827p__TC-TY9713,EQ-TY,1997-08-05T03:00:00Z,5.65001,167.85,
EQ-usp000827p__TC-TY9713,EQ-TY,1997-08-05T06:00:00Z,5.7,167.7,
EQ-usp000827p__TC-TY9713,EQ-TY,1997-08-05T09:00:00Z,5.75,167.55,
EQ-usp000827p__TC-TY9713,EQ-TY,1997-08-05T12:00:00Z,5.8,167.4,
EQ-usp000827p__TC-TY9713,EQ-TY,1997-08-05T15:00:00Z,5.84249,167.257,
EQ-usp000827p__TC-TY9713,EQ-TY,1997-08-05T18:00:00Z,5.9,167.1,
EQ-usp000827p__TC-TY9713,EQ-TY,1997-08-05T21:00:00Z,5.99249,166.915,
EQ-usp000827p__TC-TY9713,EQ-TY,1997-08-06T00:00:00Z,6.1,166.7,
EQ-usp000827p__TC-TY9713,EQ-TY,1997-08-06T03:00:00Z,6.19996,166.48,
EQ-usp000827p__TC-TY9713,EQ-TY,1997-08-06T06:00:00Z,6.5,167.0,4.739788
EQ-usp000827p__TC-TY9713,EQ-TY,1997-08-06T09:00:00Z,6.70759,166.515,4.739788
EQ-usp000827p__TC-TY9713,EQ-TY,1997-08-06T12:00:00Z,7.0,166.0,4.739788
EQ-usp000827p__TC-TY9713,EQ-TY,1997-08-06T15:00:00Z,7.42742,165.43,6.154059
EQ-usp000827p__TC-TY9713,EQ-TY,1997-08-06T18:00:00Z,7.9,164.8,7.406657
EQ-usp000827p__TC-TY9713,EQ-TY,1997-08-06T21:00:00Z,8.32995,164.115,7.406657
EQ-usp000827p__TC-TY9713,EQ-TY,1997-08-07T00:00:00Z,8.7,163.4,7.406657
EQ-usp000827p__TC-TY9713,EQ-TY,1997-08-07T03:00:00Z,8.96494,162.685,7.406657
EQ-usp000827p__TC-TY9713,EQ-TY,1997-08-07T06:00:00Z,9.2,162.0,7.406657
EQ-usp000827p__TC-TY9713,EQ-TY,1997-08-07T09:00:00Z,9.48489,161.37,7.406657
EQ-usp000827p__TC-TY9713,EQ-TY,1997-08-07T12:00:00Z,9.8,160.8,7.406657
EQ-usp000827p__TC-TY9713,EQ-TY,1997-08-07T15:00:00Z,10.1424,160.277,7.406657
EQ-usp000827p__TC-TY9713,EQ-TY,1997-08-07T18:00:00Z,10.5,159.8,7.406657
EQ-usp000827p__TC-TY9713,EQ-TY,1997-08-07T21:00:00Z,10.85,159.32,7.406657
EQ-usp000827p__TC-TY9713,EQ-TY,1997-08-08T00:00:00Z,11.2,158.9,7.406657
EQ-usp000827p__TC-TY9713,EQ-TY,1997-08-08T03:00:00Z,11.5498,158.6,7.406657
EQ-usp000827p__TC-TY9713,EQ-TY,1997-08-08T06:00:00Z,11.9,158.3,7.406657
EQ-usp000827p__TC-TY9713,EQ-TY,1997-08-08T09:00:00Z,12.2275,157.88,8.551302
EQ-usp000827p__TC-TY9713,EQ-TY,1997-08-08T12:00:00Z,12.6,157.4,9.616676
EQ-usp000827p__TC-TY9713,EQ-TY,1997-08-08T15:00:00Z,13.1076,156.885,10.620347
EQ-usp000827p__TC-TY9713,EQ-TY,1997-08-08T18:00:00Z,13.6,156.4,11.574055
EQ-usp000827p__TC-TY9713,EQ-TY,1997-08-08T21:00:00Z,13.9524,156.005,12.486127
EQ-usp000827p__TC-TY9713,EQ-TY,1997-08-09T00:00:00Z,14.2,155.7,13.362742
EQ-usp000827p__TC-TY9713,EQ-TY,1997-08-09T03:00:00Z,14.3724,155.47,14.208639
EQ-usp000827p__TC-TY9713,EQ-TY,1997-08-09T06:00:00Z,14.5,155.3,15.027554
EQ-usp000827p__TC-TY9713,EQ-TY,1997-08-09T09:00:00Z,14.6499,155.157,15.8225
EQ-usp000827p__TC-TY9713,EQ-TY,1997-08-09T12:00:00Z,14.8,155.0,18.00554
EQ-usp000827p__TC-TY9713,EQ-TY,1997-08-09T15:00:00Z,14.9425,154.78,19.034428
EQ-usp000827p__TC-TY9713,EQ-TY,1997-08-09T18:00:00Z,15.1,154.5,20.57776
EQ-usp000827p__TC-TY9713,EQ-TY,1997-08-09T21:00:00Z,15.2999,154.18,21.606648
EQ-usp000827p__TC-TY9713,EQ-TY,1997-08-10T00:00:00Z,15.5,153.8,23.14998
EQ-usp000827p__TC-TY9713,EQ-TY,1997-08-10T03:00:00Z,15.6649,153.38,24.178868
EQ-usp000827p__TC-TY9713,EQ-TY,1997-08-10T06:00:00Z,15.8,152.9,25.7222
EQ-usp000827p__TC-TY9713,EQ-TY,1997-08-10T09:00:00Z,15.9152,152.335,26.751088
EQ-usp000827p__TC-TY9713,EQ-TY,1997-08-10T12:00:00Z,16.0,151.8,28.29442
EQ-usp000827p__TC-TY9713,EQ-TY,1997-08-10T15:00:00Z,16.0572,151.435,29.323308
EQ-usp000827p__TC-TY9713,EQ-TY,1997-08-10T18:00:00Z,16.1,151.1,30.86664
EQ-usp000827p__TC-TY9713,EQ-TY,1997-08-10T21:00:00Z,16.1501,150.65,31.895528
EQ-usp000827p__TC-TY9713,EQ-TY,1997-08-11T00:00:00Z,16.2,150.2,33.43886
EQ-usp000827p__TC-TY9713,EQ-TY,1997-08-11T03:00:00Z,16.2349,149.835,36.01108
EQ-usp000827p__TC-TY9713,EQ-TY,1997-08-11T06:00:00Z,16.3,149.5,38.5833
EQ-usp000827p__TC-TY9713,EQ-TY,1997-08-11T09:00:00Z,16.4424,149.15,39.612188
EQ-usp000827p__TC-TY9713,EQ-TY,1997-08-11T12:00:00Z,16.6,148.8,41.15552
EQ-usp000827p__TC-TY9713,EQ-TY,1997-08-11T15:00:00Z,16.6924,148.465,42.184408
EQ-usp000827p__TC-TY9713,EQ-TY,1997-08-11T18:00:00Z,16.8,148.1,43.72774
EQ-usp000827p__TC-TY9713,EQ-TY,1997-08-11T21:00:00Z,16.9698,147.687,44.756628
EQ-usp000827p__TC-TY9713,EQ-TY,1997-08-12T00:00:00Z,17.2,147.2,46.29996
EQ-usp000827p__TC-TY9713,EQ-TY,1997-08-12T03:00:00Z,17.5076,146.615,47.328848
EQ-usp000827p__TC-TY9713,EQ-TY,1997-08-12T06:00:00Z,17.8,146.0,48.87218
EQ-usp000827p__TC-TY9713,EQ-TY,1997-08-12T09:00:00Z,17.9723,145.435,49.901068
EQ-usp000827p__TC-TY9713,EQ-TY,1997-08-12T12:00:00Z,18.1,144.9,51.4444
EQ-usp000827p__TC-TY9713,EQ-TY,1997-08-12T15:00:00Z,18.2425,144.37,51.4444
EQ-usp000827p__TC-TY9713,EQ-TY,1997-08-12T18:00:00Z,18.4,143.9,51.4444
EQ-usp000827p__TC-TY9713,EQ-TY,1997-08-12T21:00:00Z,18.5547,143.542,51.4444
EQ-usp000827p__TC-TY9713,EQ-TY,1997-08-13T00:00:00Z,18.8,143.2,51.4444
EQ-usp000827p__TC-TY9713,EQ-TY,1997-08-13T03:00:00Z,19.2499,142.773,51.4444
EQ-usp000827p__TC-TY9713,EQ-TY,1997-08-13T06:00:00Z,19.7,142.3,51.4444
EQ-usp000827p__TC-TY9713,EQ-TY,1997-08-13T09:00:00Z,19.9299,141.807,49.901068
EQ-usp000827p__TC-TY9713,EQ-TY,1997-08-13T12:00:00Z,20.1,141.3,48.87218
EQ-usp000827p__TC-TY9713,EQ-TY,1997-08-13T15:00:00Z,20.35,140.785,48.87218
EQ-usp000827p__TC-TY9713,EQ-TY,1997-08-13T18:00:00Z,20.6,140.3,48.87218
EQ-usp000827p__TC-TY9713,EQ-TY,1997-08-13T21:00:00Z,20.7924,139.87,48.87218
EQ-usp000827p__TC-TY9713,EQ-TY,1997-08-14T00:00:00Z,21.0,139.5,48.87218
EQ-usp000827p__TC-TY9713,EQ-TY,1997-08-14T03:00:00Z,21.2846,139.222,47.328848
EQ-usp000827p__TC-TY9713,EQ-TY,1997-08-14T06:00:00Z,21.6,138.9,46.29996
EQ-usp000827p__TC-TY9713,EQ-TY,1997-08-14T09:00:00Z,21.9301,138.395,46.29996
EQ-usp000827p__TC-TY9713,EQ-TY,1997-08-14T12:00:00Z,22.2,137.8,46.29996
EQ-usp000827p__TC-TY9713,EQ-TY,1997-08-14T15:00:00Z,22.3301,137.177,44.756628
EQ-usp000827p__TC-TY9713,EQ-TY,1997-08-14T18:00:00Z,22.4,136.6,43.72774
EQ-usp000827p__TC-TY9713,EQ-TY,1997-08-14T21:00:00Z,22.4846,136.177,43.72774
EQ-usp000827p__TC-TY9713,EQ-TY,1997-08-15T00:00:00Z,22.6,135.8,43.72774
EQ-usp000827p__TC-TY9713,EQ-TY,1997-08-15T03:00:00Z,22.7925,135.35,43.72774
EQ-usp000827p__TC-TY9713,EQ-TY,1997-08-15T06:00:00Z,23.0,134.9,43.72774
EQ-usp000827p__TC-TY9713,EQ-TY,1997-08-15T09:00:00Z,23.1463,134.513,43.72774
EQ-usp000827p__TC-TY9713,EQ-TY,1997-08-15T12:00:00Z,23.3,134.1,43.72774
EQ-usp000827p__TC-TY9713,EQ-TY,1997-08-15T15:00:00Z,23.5,133.6,43.72774
EQ-usp000827p__TC-TY9713,EQ-TY,1997-08-15T18:00:00Z,23.6,132.9,43.72774
EQ-usp000827p__TC-TY9713,EQ-TY,1997-08-15T21:00:00Z,23.6,132.6,43.72774
EQ-usp000827p__TC-TY9713,EQ-TY,1997-08-16T00:00:00Z,23.6,132.1,43.72774
EQ-usp000827p__TC-TY9713,EQ-TY,1997-08-16T03:00:00Z,23.9,131.6,43.72774
EQ-usp000827p__TC-TY9713,EQ-TY,1997-08-16T06:00:00Z,24.1,131.1,43.72774
EQ-usp000827p__TC-TY9713,EQ-TY,1997-08-16T09:00:00Z,24.0,130.7,43.72774
EQ-usp000827p__TC-TY9713,EQ-TY,1997-08-16T12:00:00Z,24.0,130.2,43.72774
EQ-usp000827p__TC-TY9713,EQ-TY,1997-08-16T15:00:00Z,24.0,129.8,43.72774
EQ-usp000827p__TC-TY9713,EQ-TY,1997-08-16T18:00:00Z,24.2,129.3,43.72774
EQ-usp000827p__TC-TY9713,EQ-TY,1997-08-16T21:00:00Z,24.5,128.8,43.72774
EQ-usp000827p__TC-TY9713,EQ-TY,1997-08-17T00:00:00Z,24.8,128.3,43.72774
EQ-usp000827p__TC-TY9713,EQ-TY,1997-08-17T03:00:00Z,24.9,127.8,43.72774
EQ-usp000827p__TC-TY9713,EQ-TY,1997-08-17T06:00:00Z,25.3,127.1,43.72774
EQ-usp000827p__TC-TY9713,EQ-TY,1997-08-17T09:00:00Z,25.4,126.5,43.72774
EQ-usp000827p__TC-TY9713,EQ-TY,1997-08-17T12:00:00Z,25.4,126.0,41.15552
EQ-usp000827p__TC-TY9713,EQ-TY,1997-08-17T15:00:00Z,25.6,125.5,41.15552
EQ-usp000827p__TC-TY9713,EQ-TY,1997-08-17T18:00:00Z,25.9,124.9,41.15552
EQ-usp000827p__TC-TY9713,EQ-TY,1997-08-17T21:00:00Z,26.3,124.6,41.15552
EQ-usp000827p__TC-TY9713,EQ-TY,1997-08-18T00:00:00Z,26.6,124.1,38.5833
EQ-usp000827p__TC-TY9713,EQ-TY,1997-08-18T03:00:00Z,27.1,123.3,38.5833
EQ-usp000827p__TC-TY9713,EQ-TY,1997-08-18T06:00:00Z,27.3,122.5,38.5833
EQ-usp000827p__TC-TY9713,EQ-TY,1997-08-18T09:00:00Z,27.5,122.2,38.5833
EQ-usp000827p__TC-TY9713,EQ-TY,1997-08-18T12:00:00Z,28.0,121.9,38.5833
EQ-usp000827p__TC-TY9713,EQ-TY,1997-08-18T15:00:00Z,28.6003,121.322,37.039968
EQ-usp000827p__TC-TY9713,EQ-TY,1997-08-18T18:00:00Z,29.2,120.6,36.01108
EQ-usp000827p__TC-TY9713,EQ-TY,1997-08-18T21:00:00Z,29.6427,119.904,33.43886
EQ-usp000827p__TC-TY9713,EQ-TY,1997-08-19T00:00:00Z,30.1,119.3,30.86664
EQ-usp000827p__TC-TY9713,EQ-TY,1997-08-19T03:00:00Z,30.727,118.89,28.29442
EQ-usp000827p__TC-TY9713,EQ-TY,1997-08-19T06:00:00Z,31.4,118.6,25.7222
EQ-usp000827p__TC-TY9713,EQ-TY,1997-08-19T09:00:00Z,32.0224,118.312,24.178868
EQ-usp000827p__TC-TY9713,EQ-TY,1997-08-19T12:00:00Z,32.6,118.1,23.14998
EQ-usp000827p__TC-TY9713,EQ-TY,1997-08-19T15:00:00Z,33.0699,117.94,21.606648
EQ-usp000827p__TC-TY9713,EQ-TY,1997-08-19T18:00:00Z,33.6,117.9,20.57776
EQ-usp000827p__TC-TY9713,EQ-TY,1997-08-19T21:00:00Z,34.3623,117.968,18.806357
EQ-usp000827p__TC-TY9713,EQ-TY,1997-08-20T00:00:00Z,35.2,118.2,18.086263
EQ-usp000827p__TC-TY9713,EQ-TY,1997-08-20T03:00:00Z,35.9351,118.598,17.349955
EQ-usp000827p__TC-TY9713,EQ-TY,1997-08-20T06:00:00Z,36.7,119.1,16.595947
EQ-usp000827p__TC-TY9713,EQ-TY,1997-08-20T09:00:00Z,37.6222,119.578,16.595947
EQ-usp000827p__TC-TY9713,EQ-TY,1997-08-20T12:00:00Z,38.5,120.1,16.595947
EQ-usp000827p__TC-TY9713,EQ-TY,1997-08-20T15:00:00Z,39.0606,120.603,16.595947
EQ-usp000827p__TC-TY9713,EQ-TY,1997-08-20T18:00:00Z,39.7,121.3,16.595947
EQ-usp000827p__TC-TY9713,EQ-TY,1997-08-20T21:00:00Z,40.8075,122.448,17.349955
EQ-usp000827p__TC-TY9713,EQ-TY,1997-08-21T00:00:00Z,42.0,123.7,18.086263
EQ-usp000827p__TC-TY9713,EQ-TY,1997-08-21T03:00:00Z,43.0107,124.663,19.511519
EQ-usp000827p__TC-TY9713,EQ-TY,1997-08-21T06:00:00Z,43.8,125.5,20.881366
EQ-usp000827p__TC-TY9713,EQ-TY,1997-08-21T09:00:00Z,44.2739,126.312,22.848006
EQ-usp000827p__TC-TY9713,EQ-TY,1997-08-21T12:00:00Z,44.6,127.1,24.725121
EQ-usp000827p__TC-TY9713,EQ-TY,1997-08-21T15:00:00Z,45.0297,127.95,24.108431
EQ-usp000827p__TC-TY9713,EQ-TY,1997-08-21T18:00:00Z,45.4,128.8,23.482894
EQ-usp000827p__TC-TY9713,EQ-TY,1997-08-21T21:00:00Z,45.6291,129.602,22.848006
EQ-usp000827p__TC-TY9713,EQ-TY,1997-08-22T00:00:00Z,45.8,130.4,22.203211
EQ-usp000827p__TC-TY9713,EQ-TY,1997-08-22T03:00:00Z,46.0148,131.257,21.547893
EQ-usp000827p__TC-TY9713,EQ-TY,1997-08-22T06:00:00Z,46.2,132.1,20.881366
EQ-usp000827p__TC-TY9713,EQ-TY,1997-08-22T09:00:00Z,46.322,132.881,20.202862
EQ-usp000827p__TC-TY9713,EQ-TY,1997-08-22T12:00:00Z,46.4,133.6,19.511519
EQ-usp000827p__TC-TY9713,EQ-TY,1997-08-22T15:00:00Z,46.5006,134.203,18.806357
EQ-usp000827p__TC-TY9713,EQ-TY,1997-08-22T18:00:00Z,46.5,134.9,18.086263
EQ-usp000827p__TC-TY9713,EQ-TY,1997-08-22T21:00:00Z,46.3565,135.935,17.349955
EQ-usp000827p__TC-TY9713,EQ-TY,1997-08-23T00:00:00Z,46.0,137.0,16.595947
EQ-usp000827p__TC-TY9713,EQ-TY,1997-08-23T03:00:00Z,45.3648,137.889,15.8225
EQ-usp000827p__TC-TY9713,EQ-TY,1997-08-23T06:00:00Z,44.7,138.5,15.027554
EQ-usp000827p__TC-TY9713,EQ-TY,1997-08-23T09:00:00Z,44.3042,138.737,14.208639
EQ-usp000827p__TC-TY9713,EQ-TY,1997-08-23T12:00:00Z,44.0,138.8,13.362742
EQ-usp000827p__TC-TY9713,EQ-TY,1997-08-23T15:00:00Z,43.6425,138.95,13.362742
EQ-usp000827p__TC-TY9713,EQ-TY,1997-08-23T18:00:00Z,43.3,139.1,13.362742
EQ-usp000827p__TC-TY9713,EQ-TY,1997-08-23T21:00:00Z,43.03,139.273,12.486127
EQ-usp000827p__TC-TY9713,EQ-TY,1997-08-24T00:00:00Z,42.7,139.4,11.574055
EQ-usp000827p__TC-TY9713,EQ-TY,1997-08-24T03:00:00Z,42.1499,139.445,10.620347
EQ-usp000827p__TC-TY9713,EQ-TY,1997-08-24T06:00:00Z,41.6,139.4,9.616676
EQ-usp000827p__TC-TY9713,EQ-TY,1997-08-24T09:00:00Z,41.2476,139.257,8.551302
EQ-usp000827p__TC-TY9713,EQ-TY,1997-08-24T12:00:00Z,41.0,139.1,7.406657
EQ-usp000827p__TC-TY9713,EQ-TY,1997-08-24T15:00:00Z,40.7774,139.058,7.406657
EQ-usp000827p__TC-TY9713,EQ-TY,1997-08-24T18:00:00Z,40.6,139.0,7.406657
EQ-usp000827p__TC-TY9713,EQ-TY,1997-08-24T21:00:00Z,40.4424,138.845,6.154059
EQ-usp000827p__TC-TY9713,EQ-TY,1997-08-25T00:00:00Z,40.3,138.6,4.739788
EQ-usp000827p__TC-TY9713,EQ-TY,1997-08-25T03:00:00Z,40.1528,138.272,4.739788
EQ-usp000827p__TC-TY9713,EQ-TY,1997-08-25T06:00:00Z,40.0,137.9,4.739788
EQ-usp0007zz0__TC-TY9709,EQ-TY,1997-07-15T00:00:00Z,7.9,142.4,
EQ-usp0007zz0__TC-TY9709,EQ-TY,1997-07-15T03:00:00Z,7.95001,142.25,
EQ-usp0007zz0__TC-TY9709,EQ-TY,1997-07-15T06:00:00Z,8.0,142.1,
EQ-usp0007zz0__TC-TY9709,EQ-TY,1997-07-15T09:00:00Z,8.05,141.95,
EQ-usp0007zz0__TC-TY9709,EQ-TY,1997-07-15T12:00:00Z,8.1,141.8,
EQ-usp0007zz0__TC-TY9709,EQ-TY,1997-07-15T15:00:00Z,8.15749,141.65,
EQ-usp0007zz0__TC-TY9709,EQ-TY,1997-07-15T18:00:00Z,8.2,141.5,
EQ-usp0007zz0__TC-TY9709,EQ-TY,1997-07-15T21:00:00Z,8.20749,141.35,
EQ-usp0007zz0__TC-TY9709,EQ-TY,1997-07-16T00:00:00Z,8.2,141.2,
EQ-usp0007zz0__TC-TY9709,EQ-TY,1997-07-16T03:00:00Z,8.19999,141.05,
EQ-usp0007zz0__TC-TY9709,EQ-TY,1997-07-16T06:00:00Z,8.2,140.9,
EQ-usp0007zz0__TC-TY9709,EQ-TY,1997-07-16T09:00:00Z,8.19999,140.75,
EQ-usp0007zz0__TC-TY9709,EQ-TY,1997-07-16T12:00:00Z,8.2,140.6,
EQ-usp0007zz0__TC-TY9709,EQ-TY,1997-07-16T15:00:00Z,8.2,140.45,
EQ-usp0007zz0__TC-TY9709,EQ-TY,1997-07-16T18:00:00Z,8.2,140.3,
EQ-usp0007zz0__TC-TY9709,EQ-TY,1997-07-16T21:00:00Z,8.19249,140.15,
EQ-usp0007zz0__TC-TY9709,EQ-TY,1997-07-17T00:00:00Z,8.2,140.0,
EQ-usp0007zz0__TC-TY9709,EQ-TY,1997-07-17T03:00:00Z,8.23499,139.85,
EQ-usp0007zz0__TC-TY9709,EQ-TY,1997-07-17T06:00:00Z,8.3,139.7,
EQ-usp0007zz0__TC-TY9709,EQ-TY,1997-07-17T09:00:00Z,8.38498,139.557,
EQ-usp0007zz0__TC-TY9709,EQ-TY,1997-07-17T12:00:00Z,8.5,139.4,
EQ-usp0007zz0__TC-TY9709,EQ-TY,1997-07-17T15:00:00Z,8.64249,139.215,
EQ-usp0007zz0__TC-TY9709,EQ-TY,1997-07-17T18:00:00Z,8.8,139.0,
EQ-usp0007zz0__TC-TY9709,EQ-TY,1997-07-17T21:00:00Z,8.92751,138.75,
EQ-usp0007zz0__TC-TY9709,EQ-TY,1997-07-18T00:00:00Z,9.24,138.54,
EQ-usp0007zz0__TC-TY9709,EQ-TY,1997-07-18T03:00:00Z,9.56835,138.327,
EQ-usp0007zz0__TC-TY9709,EQ-TY,1997-07-18T06:00:00Z,10.1,138.2,9.616676
EQ-usp0007zz0__TC-TY9709,EQ-TY,1997-07-18T09:00:00Z,10.2525,138.148,9.616676
EQ-usp0007zz0__TC-TY9709,EQ-TY,1997-07-18T12:00:00Z,10.4,138.1,9.616676
EQ-usp0007zz0__TC-TY9709,EQ-TY,1997-07-18T15:00:00Z,10.5425,138.057,10.620347
EQ-usp0007zz0__TC-TY9709,EQ-TY,1997-07-18T18:00:00Z,10.7,138.0,11.574055
EQ-usp0007zz0__TC-TY9709,EQ-TY,1997-07-18T21:00:00Z,10.8775,137.9,11.574055
EQ-usp0007zz0__TC-TY9709,EQ-TY,1997-07-19T00:00:00Z,11.1,137.8,11.574055
EQ-usp0007zz0__TC-TY9709,EQ-TY,1997-07-19T03:00:00Z,11.385,137.75,12.486127
EQ-usp0007zz0__TC-TY9709,EQ-TY,1997-07-19T06:00:00Z,11.7,137.7,13.362742
EQ-usp0007zz0__TC-TY9709,EQ-TY,1997-07-19T09:00:00Z,12.0075,137.615,14.208639
EQ-usp0007zz0__TC-TY9709,EQ-TY,1997-07-19T12:00:00Z,12.3,137.5,15.027554
EQ-usp0007zz0__TC-TY9709,EQ-TY,1997-07-19T15:00:00Z,12.5575,137.357,15.027554
EQ-usp0007zz0__TC-TY9709,EQ-TY,1997-07-19T18:00:00Z,12.8,137.2,15.027554
EQ-usp0007zz0__TC-TY9709,EQ-TY,1997-07-19T21:00:00Z,13.0425,137.057,15.8225
EQ-usp0007zz0__TC-TY9709,EQ-TY,1997-07-20T00:00:00Z,13.3,136.9,18.00554
EQ-usp0007zz0__TC-TY9709,EQ-TY,1997-07-20T03:00:00Z,13.6,136.722,19.034428
EQ-usp0007zz0__TC-TY9709,EQ-TY,1997-07-20T06:00:00Z,13.9,136.5,20.57776
EQ-usp0007zz0__TC-TY9709,EQ-TY,1997-07-20T09:00:00Z,14.165,136.208,23.14998
EQ-usp0007zz0__TC-TY9709,EQ-TY,1997-07-20T12:00:00Z,14.4,135.9,25.7222
EQ-usp0007zz0__TC-TY9709,EQ-TY,1997-07-20T15:00:00Z,14.5999,135.65,26.751088
EQ-usp0007zz0__TC-TY9709,EQ-TY,1997-07-20T18:00:00Z,14.8,135.4,28.29442
EQ-usp0007zz0__TC-TY9709,EQ-TY,1997-07-20T21:00:00Z,15.0425,135.107,29.323308
EQ-usp0007zz0__TC-TY9709,EQ-TY,1997-07-21T00:00:00Z,15.3,134.8,30.86664
EQ-usp0007zz0__TC-TY9709,EQ-TY,1997-07-21T03:00:00Z,15.5424,134.507,30.86664
EQ-usp0007zz0__TC-TY9709,EQ-TY,1997-07-21T06:00:00Z,15.8,134.2,30.86664
EQ-usp0007zz0__TC-TY9709,EQ-TY,1997-07-21T09:00:00Z,16.1001,133.835,31.895528
EQ-usp0007zz0__TC-TY9709,EQ-TY,1997-07-21T12:00:00Z,16.4,133.5,33.43886
EQ-usp0007zz0__TC-TY9709,EQ-TY,1997-07-21T15:00:00Z,16.6499,133.285,34.467748
EQ-usp0007zz0__TC-TY9709,EQ-TY,1997-07-21T18:00:00Z,16.9,133.1,36.01108
EQ-usp0007zz0__TC-TY9709,EQ-TY,1997-07-21T21:00:00Z,17.215,132.843,37.039968
EQ-usp0007zz0__TC-TY9709,EQ-TY,1997-07-22T00:00:00Z,17.5,132.6,38.5833
EQ-usp0007zz0__TC-TY9709,EQ-TY,1997-07-22T03:00:00Z,17.665,132.427,39.612188
EQ-usp0007zz0__TC-TY9709,EQ-TY,1997-07-22T06:00:00Z,17.8,132.3,41.15552
EQ-usp0007zz0__TC-TY9709,EQ-TY,1997-07-22T09:00:00Z,17.9925,132.185,43.72774
EQ-usp0007zz0__TC-TY9709,EQ-TY,1997-07-22T12:00:00Z,18.2,132.1,46.29996
EQ-usp0007zz0__TC-TY9709,EQ-TY,1997-07-22T15:00:00Z,18.3925,132.042,47.328848
EQ-usp0007zz0__TC-TY9709,EQ-TY,1997-07-22T18:00:00Z,18.6,132.0,48.87218
EQ-usp0007zz0__TC-TY9709,EQ-TY,1997-07-22T21:00:00Z,18.8275,131.943,49.901068
EQ-usp0007zz0__TC-TY9709,EQ-TY,1997-07-23T00:00:00Z,19.1,131.9,51.4444
EQ-usp0007zz0__TC-TY9709,EQ-TY,1997-07-23T03:00:00Z,19.435,131.885,51.4444
EQ-usp0007zz0__TC-TY9709,EQ-TY,1997-07-23T06:00:00Z,19.8,131.9,51.4444
EQ-usp0007zz0__TC-TY9709,EQ-TY,1997-07-23T09:00:00Z,20.135,131.935,51.4444
EQ-usp0007zz0__TC-TY9709,EQ-TY,1997-07-23T12:00:00Z,20.5,132.0,51.4444
EQ-usp0007zz0__TC-TY9709,EQ-TY,1997-07-23T15:00:00Z,20.9275,132.078,51.4444
EQ-usp0007zz0__TC-TY9709,EQ-TY,1997-07-23T18:00:00Z,21.4,132.2,51.4444
EQ-usp0007zz0__TC-TY9709,EQ-TY,1997-07-23T21:00:00Z,21.8932,132.407,49.901068
EQ-usp0007zz0__TC-TY9709,EQ-TY,1997-07-24T00:00:00Z,22.4,132.6,48.87218
EQ-usp0007zz0__TC-TY9709,EQ-TY,1997-07-24T03:00:00Z,22.9,132.7,48.87218
EQ-usp0007zz0__TC-TY9709,EQ-TY,1997-07-24T06:00:00Z,23.5,132.8,46.29996
EQ-usp0007zz0__TC-TY9709,EQ-TY,1997-07-24T09:00:00Z,24.0,133.0,46.29996
EQ-usp0007zz0__TC-TY9709,EQ-TY,1997-07-24T12:00:00Z,24.5,133.2,46.29996
EQ-usp0007zz0__TC-TY9709,EQ-TY,1997-07-24T15:00:00Z,25.1,133.5,46.29996
EQ-usp0007zz0__TC-TY9709,EQ-TY,1997-07-24T18:00:00Z,25.9,133.7,43.72774
EQ-usp0007zz0__TC-TY9709,EQ-TY,1997-07-24T21:00:00Z,26.4,133.7,43.72774
EQ-usp0007zz0__TC-TY9709,EQ-TY,1997-07-25T00:00:00Z,26.9,133.7,43.72774
EQ-usp0007zz0__TC-TY9709,EQ-TY,1997-07-25T03:00:00Z,27.6,133.8,43.72774
EQ-usp0007zz0__TC-TY9709,EQ-TY,1997-07-25T06:00:00Z,28.3,134.0,41.15552
EQ-usp0007zz0__TC-TY9709,EQ-TY,1997-07-25T09:00:00Z,28.9,134.3,41.15552
EQ-usp0007zz0__TC-TY9709,EQ-TY,1997-07-25T12:00:00Z,29.4,134.7,41.15552
EQ-usp0007zz0__TC-TY9709,EQ-TY,1997-07-25T15:00:00Z,30.0,134.9,41.15552
EQ-usp0007zz0__TC-TY9709,EQ-TY,1997-07-25T18:00:00Z,30.7,135.1,38.5833
EQ-usp0007zz0__TC-TY9709,EQ-TY,1997-07-25T21:00:00Z,31.4,135.2,38.5833
EQ-usp0007zz0__TC-TY9709,EQ-TY,1997-07-26T00:00:00Z,32.1,135.1,38.5833
EQ-usp0007zz0__TC-TY9709,EQ-TY,1997-07-26T03:00:00Z,32.6,134.8,38.5833
EQ-usp0007zz0__TC-TY9709,EQ-TY,1997-07-26T06:00:00Z,33.2,134.7,38.5833
EQ-usp0007zz0__TC-TY9709,EQ-TY,1997-07-26T08:00:00Z,33.7,134.7,36.01108
EQ-usp0007zz0__TC-TY9709,EQ-TY,1997-07-26T09:00:00Z,34.0,134.6,36.01108
EQ-usp0007zz0__TC-TY9709,EQ-TY,1997-07-26T11:00:00Z,34.6,134.4,36.01108
EQ-usp0007zz0__TC-TY9709,EQ-TY,1997-07-26T12:00:00Z,34.8,134.2,30.86664
EQ-usp0007zz0__TC-TY9709,EQ-TY,1997-07-26T15:00:00Z,35.2,133.1,25.7222
EQ-usp0007zz0__TC-TY9709,EQ-TY,1997-07-26T18:00:00Z,35.5,132.6,25.7222
EQ-usp0007zz0__TC-TY9709,EQ-TY,1997-07-26T21:00:00Z,35.6,132.4,25.7222
EQ-usp0007zz0__TC-TY9709,EQ-TY,1997-07-27T00:00:00Z,35.7,132.3,23.14998
EQ-usp0007zz0__TC-TY9709,EQ-TY,1997-07-27T03:00:00Z,35.7,132.4,23.14998
EQ-usp0007zz0__TC-TY9709,EQ-TY,1997-07-27T06:00:00Z,35.8,132.6,23.14998
EQ-usp0007zz0__TC-TY9709,EQ-TY,1997-07-27T09:00:00Z,35.8,132.7,23.14998
EQ-usp0007zz0__TC-TY9709,EQ-TY,1997-07-27T12:00:00Z,35.8,132.9,20.57776
EQ-usp0007zz0__TC-TY9709,EQ-TY,1997-07-27T15:00:00Z,35.8,133.1,20.57776
EQ-usp0007zz0__TC-TY9709,EQ-TY,1997-07-27T18:00:00Z,35.8,133.2,18.00554
EQ-usp0007zz0__TC-TY9709,EQ-TY,1997-07-27T21:00:00Z,35.8,133.5,15.027554
EQ-usp0007zz0__TC-TY9709,EQ-TY,1997-07-28T00:00:00Z,35.8,133.8,13.362742
EQ-usp0007zz0__TC-TY9709,EQ-TY,1997-07-28T03:00:00Z,35.8094,134.692,12.486127
EQ-usp0007zz0__TC-TY9709,EQ-TY,1997-07-28T06:00:00Z,35.8,135.7,11.574055
EQ-usp0007zz0__TC-TY9709,EQ-TY,1997-07-28T09:00:00Z,35.8089,136.22,11.574055
EQ-usp0007zz0__TC-TY9709,EQ-TY,1997-07-28T12:00:00Z,35.7,136.5,11.574055
EQ-usp0007zz0__TC-TY9709,EQ-TY,1997-07-28T15:00:00Z,35.3521,136.657,11.574055
EQ-usp0007zz0__TC-TY9709,EQ-TY,1997-07-28T18:00:00Z,34.9,136.8,11.574055
EQ-usp0007zz0__TC-TY9709,EQ-TY,1997-07-28T21:00:00Z,34.4477,137.136,11.574055
EQ-usp0007zz0__TC-TY9709,EQ-TY,1997-07-29T00:00:00Z,34.1,137.5,11.574055
EQ-usp0007zz0__TC-TY9709,EQ-TY,1997-07-29T03:00:00Z,34.02,137.794,11.574055
EQ-usp0007zz0__TC-TY9709,EQ-TY,1997-07-29T06:00:00Z,34.0,138.0,11.574055
EQ-usp0007zz0__TC-TY9709,EQ-TY,1997-07-29T09:00:00Z,33.8224,138.08,11.574055
EQ-usp0007zz0__TC-TY9709,EQ-TY,1997-07-29T12:00:00Z,33.6,138.1,11.574055
EQ-usp0007zz0__TC-TY9709,EQ-TY,1997-07-29T15:00:00Z,33.3925,138.158,11.574055
EQ-usp0007zz0__TC-TY9709,EQ-TY,1997-07-29T18:00:00Z,33.2,138.2,11.574055
EQ-usp0007zz0__TC-TY9709,EQ-TY,1997-07-29T21:00:00Z,33.0575,138.23,10.620347
EQ-usp0007zz0__TC-TY9709,EQ-TY,1997-07-30T00:00:00Z,32.9,138.2,9.616676
EQ-usp0007zz0__TC-TY9709,EQ-TY,1997-07-30T03:00:00Z,32.65,138.072,9.616676
EQ-usp0007zz0__TC-TY9709,EQ-TY,1997-07-30T06:00:00Z,32.4,137.9,9.616676
EQ-usp0007zz0__TC-TY9709,EQ-TY,1997-07-30T09:00:00Z,32.2274,137.765,8.551302
EQ-usp0007zz0__TC-TY9709,EQ-TY,1997-07-30T12:00:00Z,32.1,137.6,7.406657
EQ-usp0007zz0__TC-TY9709,EQ-TY,1997-07-30T15:00:00Z,31.9775,137.365,7.406657
EQ-usp0007zz0__TC-TY9709,EQ-TY,1997-07-30T18:00:00Z,31.9,137.1,7.406657
EQ-usp0007zz0__TC-TY9709,EQ-TY,1997-07-30T21:00:00Z,31.8925,136.843,7.406657
EQ-usp0007zz0__TC-TY9709,EQ-TY,1997-07-31T00:00:00Z,31.9,136.6,7.406657
EQ-usp0007zz0__TC-TY9709,EQ-TY,1997-07-31T03:00:00Z,31.865,136.39,7.406657
EQ-usp0007zz0__TC-TY9709,EQ-TY,1997-07-31T06:00:00Z,31.8,136.2,7.406657
EQ-usp0007zev__TC-TY9707,EQ-TY,1997-06-13T12:00:00Z,12.1,138.8,
EQ-usp0007zev__TC-TY9707,EQ-TY,1997-06-13T15:00:00Z,12.0926,138.4,
EQ-usp0007zev__TC-TY9707,EQ-TY,1997-06-13T18:00:00Z,12.1,138.0,
EQ-usp0007zev__TC-TY9707,EQ-TY,1997-06-13T21:00:00Z,12.1349,137.6,
EQ-usp0007zev__TC-TY9707,EQ-TY,1997-06-14T00:00:00Z,12.2,137.2,
EQ-usp0007zev__TC-TY9707,EQ-TY,1997-06-14T03:00:00Z,12.2849,136.8,
EQ-usp0007zev__TC-TY9707,EQ-TY,1997-06-14T06:00:00Z,12.4,136.4,
EQ-usp0007zev__TC-TY9707,EQ-TY,1997-06-14T09:00:00Z,12.535,135.992,
EQ-usp0007zev__TC-TY9707,EQ-TY,1997-06-14T12:00:00Z,14.0,133.7,4.739788
EQ-usp0007zev__TC-TY9707,EQ-TY,1997-06-14T15:00:00Z,14.1475,133.648,4.739788
EQ-usp0007zev__TC-TY9707,EQ-TY,1997-06-14T18:00:00Z,14.3,133.6,4.739788
EQ-usp0007zev__TC-TY9707,EQ-TY,1997-06-14T21:00:00Z,14.4575,133.557,6.154059
EQ-usp0007zev__TC-TY9707,EQ-TY,1997-06-15T00:00:00Z,14.6,133.5,7.406657
EQ-usp0007zev__TC-TY9707,EQ-TY,1997-06-15T03:00:00Z,14.715,133.408,8.551302
EQ-usp0007zev__TC-TY9707,EQ-TY,1997-06-15T06:00:00Z,14.8,133.3,9.616676
EQ-usp0007zev__TC-TY9707,EQ-TY,1997-06-15T09:00:00Z,14.8575,133.2,10.620347
EQ-usp0007zev__TC-TY9707,EQ-TY,1997-06-15T12:00:00Z,14.9,133.1,11.574055
EQ-usp0007zev__TC-TY9707,EQ-TY,1997-06-15T15:00:00Z,14.95,132.993,12.486127
EQ-usp0007zev__TC-TY9707,EQ-TY,1997-06-15T18:00:00Z,15.0,132.9,13.362742
EQ-usp0007zev__TC-TY9707,EQ-TY,1997-06-15T21:00:00Z,15.0425,132.85,15.027554
EQ-usp0007zev__TC-TY9707,EQ-TY,1997-06-16T00:00:00Z,15.1,132.8,18.00554
EQ-usp0007zev__TC-TY9707,EQ-TY,1997-06-16T03:00:00Z,15.185,132.708,20.57776
EQ-usp0007zev__TC-TY9707,EQ-TY,1997-06-16T06:00:00Z,15.3,132.6,23.14998
EQ-usp0007zev__TC-TY9707,EQ-TY,1997-06-16T09:00:00Z,15.4425,132.493,24.178868
EQ-usp0007zev__TC-TY9707,EQ-TY,1997-06-16T12:00:00Z,15.6,132.4,25.7222
EQ-usp0007zev__TC-TY9707,EQ-TY,1997-06-16T15:00:00Z,15.735,132.328,26.751088
EQ-usp0007zev__TC-TY9707,EQ-TY,1997-06-16T18:00:00Z,15.9,132.3,28.29442
EQ-usp0007zev__TC-TY9707,EQ-TY,1997-06-16T21:00:00Z,16.105,132.328,29.323308
EQ-usp0007zev__TC-TY9707,EQ-TY,1997-06-17T00:00:00Z,16.4,132.4,30.86664
EQ-usp0007zev__TC-TY9707,EQ-TY,1997-06-17T03:00:00Z,16.805,132.485,31.895528
EQ-usp0007zev__TC-TY9707,EQ-TY,1997-06-17T06:00:00Z,17.3,132.6,33.43886
EQ-usp0007zev__TC-TY9707,EQ-TY,1997-06-17T09:00:00Z,17.8275,132.743,34.467748
EQ-usp0007zev__TC-TY9707,EQ-TY,1997-06-17T12:00:00Z,18.4,132.9,36.01108
EQ-usp0007zev__TC-TY9707,EQ-TY,1997-06-17T15:00:00Z,19.0,133.043,36.01108
EQ-usp0007zev__TC-TY9707,EQ-TY,1997-06-17T18:00:00Z,19.6,133.2,36.01108
EQ-usp0007zev__TC-TY9707,EQ-TY,1997-06-17T21:00:00Z,20.1201,133.415,37.039968
EQ-usp0007zev__TC-TY9707,EQ-TY,1997-06-18T00:00:00Z,20.7,133.6,38.5833
EQ-usp0007zev__TC-TY9707,EQ-TY,1997-06-18T03:00:00Z,21.4625,133.673,38.5833
EQ-usp0007zev__TC-TY9707,EQ-TY,1997-06-18T06:00:00Z,22.3,133.7,38.5833
EQ-usp0007zev__TC-TY9707,EQ-TY,1997-06-18T09:00:00Z,23.0795,133.78,38.5833
EQ-usp0007zev__TC-TY9707,EQ-TY,1997-06-18T12:00:00Z,23.9,133.8,38.5833
EQ-usp0007zev__TC-TY9707,EQ-TY,1997-06-18T15:00:00Z,24.8,133.7,38.5833
EQ-usp0007zev__TC-TY9707,EQ-TY,1997-06-18T18:00:00Z,25.6,133.7,38.5833
EQ-usp0007zev__TC-TY9707,EQ-TY,1997-06-18T21:00:00Z,26.5,133.6,38.5833
EQ-usp0007zev__TC-TY9707,EQ-TY,1997-06-19T00:00:00Z,27.5,133.5,36.01108
EQ-usp0007zev__TC-TY9707,EQ-TY,1997-06-19T03:00:00Z,28.1,133.5,36.01108
EQ-usp0007zev__TC-TY9707,EQ-TY,1997-06-19T06:00:00Z,28.9,133.6,36.01108
EQ-usp0007zev__TC-TY9707,EQ-TY,1997-06-19T09:00:00Z,29.7,133.8,36.01108
EQ-usp0007zev__TC-TY9707,EQ-TY,1997-06-19T12:00:00Z,30.4,134.2,36.01108
EQ-usp0007zev__TC-TY9707,EQ-TY,1997-06-19T15:00:00Z,31.3,134.6,33.43886
EQ-usp0007zev__TC-TY9707,EQ-TY,1997-06-19T18:00:00Z,32.2,135.0,33.43886
EQ-usp0007zev__TC-TY9707,EQ-TY,1997-06-19T21:00:00Z,32.9,135.6,30.86664
EQ-usp0007zev__TC-TY9707,EQ-TY,1997-06-20T00:00:00Z,33.9,136.4,30.86664
EQ-usp0007zev__TC-TY9707,EQ-TY,1997-06-20T01:00:00Z,34.3,136.7,30.86664
EQ-usp0007zev__TC-TY9707,EQ-TY,1997-06-20T02:00:00Z,34.6,137.0,28.29442
EQ-usp0007zev__TC-TY9707,EQ-TY,1997-06-20T03:00:00Z,35.0,137.4,28.29442
EQ-usp0007zev__TC-TY9707,EQ-TY,1997-06-20T06:00:00Z,36.1,138.8,25.7222
EQ-usp0007zev__TC-TY9707,EQ-TY,1997-06-20T09:00:00Z,37.2,140.0,25.7222
EQ-usp0007zev__TC-TY9707,EQ-TY,1997-06-20T12:00:00Z,38.5,141.2,23.14998
EQ-usp0007zev__TC-TY9707,EQ-TY,1997-06-20T15:00:00Z,39.5,142.4,23.14998
EQ-usp0007zev__TC-TY9707,EQ-TY,1997-06-20T18:00:00Z,40.0,143.4,23.14998
EQ-usp0007zev__TC-TY9707,EQ-TY,1997-06-20T21:00:00Z,40.5,144.8,23.14998
EQ-usp0007zev__TC-TY9707,EQ-TY,1997-06-21T00:00:00Z,41.0,146.4,20.881366
EQ-usp0007zev__TC-TY9707,EQ-TY,1997-06-21T03:00:00Z,41.4676,148.465,20.881366
EQ-usp0007zev__TC-TY9707,EQ-TY,1997-06-21T06:00:00Z,41.8,150.4,20.881366
EQ-usp0007zev__TC-TY9707,EQ-TY,1997-06-21T09:00:00Z,41.9441,151.394,20.881366
EQ-usp0007zev__TC-TY9707,EQ-TY,1997-06-21T12:00:00Z,42.0,152.2,20.881366
EQ-usp0007zev__TC-TY9707,EQ-TY,1997-06-21T15:00:00Z,41.9792,153.435,20.881366
EQ-usp0007zev__TC-TY9707,EQ-TY,1997-06-21T18:00:00Z,42.1,155.0,20.881366
EQ-usp0007zev__TC-TY9707,EQ-TY,1997-06-21T21:00:00Z,42.5561,156.994,18.806357
EQ-usp0007zev__TC-TY9707,EQ-TY,1997-06-22T00:00:00Z,43.2,159.1,16.595947
EQ-usp0007zev__TC-TY9707,EQ-TY,1997-06-22T03:00:00Z,43.8954,160.938,16.595947
EQ-usp0007zev__TC-TY9707,EQ-TY,1997-06-22T06:00:00Z,44.6,162.6,16.595947
EQ-usp0007tw5__TC-TY9624,TY-EQ,1996-11-02T00:00:00Z,9.1,154.0,
EQ-usp0007tw5__TC-TY9624,TY-EQ,1996-11-02T03:00:00Z,9.10002,153.845,
EQ-usp0007tw5__TC-TY9624,TY-EQ,1996-11-02T06:00:00Z,9.1,153.7,
EQ-usp0007tw5__TC-TY9624,TY-EQ,1996-11-02T09:00:00Z,9.09997,153.565,
EQ-usp0007tw5__TC-TY9624,TY-EQ,1996-11-02T12:00:00Z,9.1,153.4,
EQ-usp0007tw5__TC-TY9624,TY-EQ,1996-11-02T15:00:00Z,9.09252,153.157,
EQ-usp0007tw5__TC-TY9624,TY-EQ,1996-11-02T18:00:00Z,9.1,152.9,
EQ-usp0007tw5__TC-TY9624,TY-EQ,1996-11-02T21:00:00Z,9.13499,152.685,
EQ-usp0007tw5__TC-TY9624,TY-EQ,1996-11-03T00:00:00Z,9.2,152.5,
EQ-usp0007tw5__TC-TY9624,TY-EQ,1996-11-03T03:00:00Z,9.285,152.328,
EQ-usp0007tw5__TC-TY9624,TY-EQ,1996-11-03T06:00:00Z,9.4,152.2,
EQ-usp0007tw5__TC-TY9624,TY-EQ,1996-11-03T09:00:00Z,9.54999,152.12,
EQ-usp0007tw5__TC-TY9624,TY-EQ,1996-11-03T12:00:00Z,9.7,152.1,
EQ-usp0007tw5__TC-TY9624,TY-EQ,1996-11-03T15:00:00Z,9.8225,152.165,
EQ-usp0007tw5__TC-TY9624,TY-EQ,1996-11-03T18:00:00Z,9.8,152.1,13.362742
EQ-usp0007tw5__TC-TY9624,TY-EQ,1996-11-03T21:00:00Z,9.85,152.043,13.362742
EQ-usp0007tw5__TC-TY9624,TY-EQ,1996-11-04T00:00:00Z,9.9,152.0,13.362742
EQ-usp0007tw5__TC-TY9624,TY-EQ,1996-11-04T03:00:00Z,9.95,151.985,14.208639
EQ-usp0007tw5__TC-TY9624,TY-EQ,1996-11-04T06:00:00Z,10.0,152.0,15.027554
EQ-usp0007tw5__TC-TY9624,TY-EQ,1996-11-04T09:00:00Z,10.05,152.043,15.027554
EQ-usp0007tw5__TC-TY9624,TY-EQ,1996-11-04T12:00:00Z,10.1,152.1,15.027554
EQ-usp0007tw5__TC-TY9624,TY-EQ,1996-11-04T15:00:00Z,10.15,152.158,15.027554
EQ-usp0007tw5__TC-TY9624,TY-EQ,1996-11-04T18:00:00Z,10.2,152.2,15.027554
EQ-usp0007tw5__TC-TY9624,TY-EQ,1996-11-04T21:00:00Z,10.25,152.215,15.027554
EQ-usp0007tw5__TC-TY9624,TY-EQ,1996-11-05T00:00:00Z,10.3,152.2,15.027554
EQ-usp0007tw5__TC-TY9624,TY-EQ,1996-11-05T03:00:00Z,10.35,152.158,15.8225
EQ-usp0007tw5__TC-TY9624,TY-EQ,1996-11-05T06:00:00Z,10.4,152.1,16.595947
EQ-usp0007tw5__TC-TY9624,TY-EQ,1996-11-05T09:00:00Z,10.4425,152.057,16.595947
EQ-usp0007tw5__TC-TY9624,TY-EQ,1996-11-05T12:00:00Z,10.5,152.0,16.595947
EQ-usp0007tw5__TC-TY9624,TY-EQ,1996-11-05T15:00:00Z,10.585,151.915,18.086263
EQ-usp0007tw5__TC-TY9624,TY-EQ,1996-11-05T18:00:00Z,10.7,151.8,18.00554
EQ-usp0007tw5__TC-TY9624,TY-EQ,1996-11-05T21:00:00Z,10.8275,151.672,18.00554
EQ-usp0007tw5__TC-TY9624,TY-EQ,1996-11-06T00:00:00Z,11.0,151.5,18.00554
EQ-usp0007tw5__TC-TY9624,TY-EQ,1996-11-06T03:00:00Z,11.2348,151.317,20.57776
EQ-usp0007tw5__TC-TY9624,TY-EQ,1996-11-06T06:00:00Z,11.5,151.0,23.14998
EQ-usp0007tw5__TC-TY9624,TY-EQ,1996-11-06T09:00:00Z,11.7951,150.453,24.178868
EQ-usp0007tw5__TC-TY9624,TY-EQ,1996-11-06T12:00:00Z,12.0,149.8,25.7222
EQ-usp0007tw5__TC-TY9624,TY-EQ,1996-11-06T15:00:00Z,12.0326,149.147,26.751088
EQ-usp0007tw5__TC-TY9624,TY-EQ,1996-11-06T18:00:00Z,11.9,148.6,28.29442
EQ-usp0007tw5__TC-TY9624,TY-EQ,1996-11-06T21:00:00Z,11.6073,148.282,28.29442
EQ-usp0007tw5__TC-TY9624,TY-EQ,1996-11-07T00:00:00Z,11.3,148.1,28.29442
EQ-usp0007tw5__TC-TY9624,TY-EQ,1996-11-07T03:00:00Z,11.1022,148.017,29.323308
EQ-usp0007tw5__TC-TY9624,TY-EQ,1996-11-07T06:00:00Z,11.1,147.8,30.86664
EQ-usp0007tw5__TC-TY9624,TY-EQ,1996-11-07T09:00:00Z,11.435,147.213,31.895528
EQ-usp0007tw5__TC-TY9624,TY-EQ,1996-11-07T12:00:00Z,11.8,146.4,33.43886
EQ-usp0007tw5__TC-TY9624,TY-EQ,1996-11-07T15:00:00Z,11.8529,145.485,33.43886
EQ-usp0007tw5__TC-TY9624,TY-EQ,1996-11-07T18:00:00Z,11.8,144.6,33.43886
EQ-usp0007tw5__TC-TY9624,TY-EQ,1996-11-07T21:00:00Z,11.8145,143.955,33.43886
EQ-usp0007tw5__TC-TY9624,TY-EQ,1996-11-08T00:00:00Z,11.8,143.4,33.43886
EQ-usp0007tw5__TC-TY9624,TY-EQ,1996-11-08T03:00:00Z,11.6774,142.8,33.43886
EQ-usp0007tw5__TC-TY9624,TY-EQ,1996-11-08T06:00:00Z,11.6,142.2,33.43886
EQ-usp0007tw5__TC-TY9624,TY-EQ,1996-11-08T09:00:00Z,11.6975,141.585,33.43886
EQ-usp0007tw5__TC-TY9624,TY-EQ,1996-11-08T12:00:00Z,11.9,141.0,33.43886
EQ-usp0007tw5__TC-TY9624,TY-EQ,1996-11-08T15:00:00Z,12.1498,140.485,34.467748
EQ-usp0007tw5__TC-TY9624,TY-EQ,1996-11-08T18:00:00Z,12.4,140.0,36.01108
EQ-usp0007tw5__TC-TY9624,TY-EQ,1996-11-08T21:00:00Z,12.5123,139.522,37.039968
EQ-usp0007tw5__TC-TY9624,TY-EQ,1996-11-09T00:00:00Z,12.7,139.0,38.5833
EQ-usp0007tw5__TC-TY9624,TY-EQ,1996-11-09T03:00:00Z,13.1476,138.365,41.15552
EQ-usp0007tw5__TC-TY9624,TY-EQ,1996-11-09T06:00:00Z,13.7,137.7,43.72774
EQ-usp0007tw5__TC-TY9624,TY-EQ,1996-11-09T09:00:00Z,14.1997,137.1,44.756628
EQ-usp0007tw5__TC-TY9624,TY-EQ,1996-11-09T12:00:00Z,14.7,136.5,46.29996
EQ-usp0007tw5__TC-TY9624,TY-EQ,1996-11-09T15:00:00Z,15.1924,135.857,46.29996
EQ-usp0007tw5__TC-TY9624,TY-EQ,1996-11-09T18:00:00Z,15.7,135.2,46.29996
EQ-usp0007tw5__TC-TY9624,TY-EQ,1996-11-09T21:00:00Z,16.28,134.528,46.29996
EQ-usp0007tw5__TC-TY9624,TY-EQ,1996-11-10T00:00:00Z,16.8,133.9,46.29996
EQ-usp0007tw5__TC-TY9624,TY-EQ,1996-11-10T03:00:00Z,17.1073,133.362,46.29996
EQ-usp0007tw5__TC-TY9624,TY-EQ,1996-11-10T06:00:00Z,17.4,132.9,46.29996
EQ-usp0007tw5__TC-TY9624,TY-EQ,1996-11-10T09:00:00Z,17.8624,132.463,46.29996
EQ-usp0007tw5__TC-TY9624,TY-EQ,1996-11-10T12:00:00Z,18.4,132.1,46.29996
EQ-usp0007tw5__TC-TY9624,TY-EQ,1996-11-10T15:00:00Z,18.9424,131.812,46.29996
EQ-usp0007tw5__TC-TY9624,TY-EQ,1996-11-10T18:00:00Z,19.5,131.6,46.29996
EQ-usp0007tw5__TC-TY9624,TY-EQ,1996-11-10T21:00:00Z,20.0425,131.42,46.29996
EQ-usp0007tw5__TC-TY9624,TY-EQ,1996-11-11T00:00:00Z,20.6,131.3,46.29996
EQ-usp0007tw5__TC-TY9624,TY-EQ,1996-11-11T03:00:00Z,21.2075,131.213,46.29996
EQ-usp0007tw5__TC-TY9624,TY-EQ,1996-11-11T06:00:00Z,21.8,131.2,46.29996
EQ-usp0007tw5__TC-TY9624,TY-EQ,1996-11-11T09:00:00Z,22.2932,131.279,44.756628
EQ-usp0007tw5__TC-TY9624,TY-EQ,1996-11-11T12:00:00Z,22.8,131.4,43.72774
EQ-usp0007tw5__TC-TY9624,TY-EQ,1996-11-11T15:00:00Z,23.4,131.5,43.72774
EQ-usp0007tw5__TC-TY9624,TY-EQ,1996-11-11T18:00:00Z,24.0,131.7,41.15552
EQ-usp0007tw5__TC-TY9624,TY-EQ,1996-11-11T21:00:00Z,24.6,132.0,38.5833
EQ-usp0007tw5__TC-TY9624,TY-EQ,1996-11-12T00:00:00Z,25.1,132.5,38.5833
EQ-usp0007tw5__TC-TY9624,TY-EQ,1996-11-12T03:00:00Z,25.7,133.1,38.5833
EQ-usp0007tw5__TC-TY9624,TY-EQ,1996-11-12T06:00:00Z,26.3,133.9,36.01108
EQ-usp0007tw5__TC-TY9624,TY-EQ,1996-11-12T09:00:00Z,26.8639,134.741,34.467748
EQ-usp0007tw5__TC-TY9624,TY-EQ,1996-11-12T12:00:00Z,27.5,135.8,33.43886
EQ-usp0007tw5__TC-TY9624,TY-EQ,1996-11-12T15:00:00Z,28.2851,137.218,31.895528
EQ-usp0007tw5__TC-TY9624,TY-EQ,1996-11-12T18:00:00Z,29.2,138.9,30.86664
EQ-usp0007tw5__TC-TY9624,TY-EQ,1996-11-12T21:00:00Z,30.2,140.7,30.86664
EQ-usp0007tw5__TC-TY9624,TY-EQ,1996-11-13T00:00:00Z,31.3,143.2,28.29442
EQ-usp0007tw5__TC-TY9624,TY-EQ,1996-11-13T03:00:00Z,32.0365,145.646,
EQ-usp0007tw5__TC-TY9624,TY-EQ,1996-11-13T06:00:00Z,32.85,148.317,25.7222
EQ-usp0007tw5__TC-TY9624,TY-EQ,1996-11-13T09:00:00Z,33.8345,151.398,
EQ-usp0007tw5__TC-TY9624,TY-EQ,1996-11-13T12:00:00Z,34.9,154.3,27.112007
EQ-usp0007tw5__TC-TY9624,TY-EQ,1996-11-13T15:00:00Z,36.0481,157.396,
EQ-usp0007tw5__TC-TY9624,TY-EQ,1996-11-13T18:00:00Z,37.4,160.6,27.112007
EQ-usp0007tw5__TC-TY9624,TY-EQ,1996-11-13T21:00:00Z,39.0054,163.755,
EQ-usp0007tw5__TC-TY9624,TY-EQ,1996-11-14T00:00:00Z,40.7,167.1,29.387863
EQ-usp0007tw5__TC-TY9624,TY-EQ,1996-11-14T03:00:00Z,42.241,170.801,
EQ-usp0007tw5__TC-TY9624,TY-EQ,1996-11-14T06:00:00Z,43.6,174.8,31.570119
EQ-usp0007ng9__TC-TY9612,Simultaneous,1996-07-28T00:00:00Z,5.3,155.8,
EQ-usp0007ng9__TC-TY9612,Simultaneous,1996-07-28T03:00:00Z,5.40001,155.563,
EQ-usp0007ng9__TC-TY9612,Simultaneous,1996-07-28T06:00:00Z,5.5,155.3,
EQ-usp0007ng9__TC-TY9612,Simultaneous,1996-07-28T09:00:00Z,5.60001,155.0,
EQ-usp0007ng9__TC-TY9612,Simultaneous,1996-07-28T12:00:00Z,5.7,154.7,
EQ-usp0007ng9__TC-TY9612,Simultaneous,1996-07-28T15:00:00Z,5.79998,154.442,
EQ-usp0007ng9__TC-TY9612,Simultaneous,1996-07-28T18:00:00Z,5.9,154.2,
EQ-usp0007ng9__TC-TY9612,Simultaneous,1996-07-28T21:00:00Z,5.99995,153.972,
EQ-usp0007ng9__TC-TY9612,Simultaneous,1996-07-29T00:00:00Z,6.1,153.7,
EQ-usp0007ng9__TC-TY9612,Simultaneous,1996-07-29T03:00:00Z,6.2,153.33,
EQ-usp0007ng9__TC-TY9612,Simultaneous,1996-07-29T06:00:00Z,6.3,152.9,
EQ-usp0007ng9__TC-TY9612,Simultaneous,1996-07-29T09:00:00Z,6.39246,152.465,
EQ-usp0007ng9__TC-TY9612,Simultaneous,1996-07-29T12:00:00Z,6.5,152.0,
EQ-usp0007ng9__TC-TY9612,Simultaneous,1996-07-29T15:00:00Z,6.6424,151.53,
EQ-usp0007ng9__TC-TY9612,Simultaneous,1996-07-29T18:00:00Z,6.8,151.0,
EQ-usp0007ng9__TC-TY9612,Simultaneous,1996-07-29T21:00:00Z,6.95,150.372,
EQ-usp0007ng9__TC-TY9612,Simultaneous,1996-07-30T00:00:00Z,7.1,149.7,
EQ-usp0007ng9__TC-TY9612,Simultaneous,1996-07-30T03:00:00Z,7.25747,149.035,
EQ-usp0007ng9__TC-TY9612,Simultaneous,1996-07-30T06:00:00Z,7.4,148.4,
EQ-usp0007ng9__TC-TY9612,Simultaneous,1996-07-30T09:00:00Z,7.50737,147.835,
EQ-usp0007ng9__TC-TY9612,Simultaneous,1996-07-30T12:00:00Z,7.6,147.3,
EQ-usp0007ng9__TC-TY9612,Simultaneous,1996-07-30T15:00:00Z,7.69998,146.735,
EQ-usp0007ng9__TC-TY9612,Simultaneous,1996-07-30T18:00:00Z,7.8,146.2,
EQ-usp0007ng9__TC-TY9612,Simultaneous,1996-07-30T21:00:00Z,7.90744,145.72,
EQ-usp0007ng9__TC-TY9612,Simultaneous,1996-07-31T00:00:00Z,8.0,145.3,
EQ-usp0007ng9__TC-TY9612,Simultaneous,1996-07-31T03:00:00Z,8.06493,144.935,
EQ-usp0007ng9__TC-TY9612,Simultaneous,1996-07-31T06:00:00Z,8.1,144.6,
EQ-usp0007ng9__TC-TY9612,Simultaneous,1996-07-31T09:00:00Z,8.09997,144.25,
EQ-usp0007ng9__TC-TY9612,Simultaneous,1996-07-31T12:00:00Z,8.1,143.9,
EQ-usp0007ng9__TC-TY9612,Simultaneous,1996-07-31T15:00:00Z,8.13497,143.55,
EQ-usp0007ng9__TC-TY9612,Simultaneous,1996-07-31T18:00:00Z,8.2,143.2,
EQ-usp0007ng9__TC-TY9612,Simultaneous,1996-07-31T21:00:00Z,8.28493,142.865,
EQ-usp0007ng9__TC-TY9612,Simultaneous,1996-08-01T00:00:00Z,8.4,142.5,
EQ-usp0007ng9__TC-TY9612,Simultaneous,1996-08-01T03:00:00Z,8.55,142.065,
EQ-usp0007ng9__TC-TY9612,Simultaneous,1996-08-01T06:00:00Z,8.7,141.6,
EQ-usp0007ng9__TC-TY9612,Simultaneous,1996-08-01T09:00:00Z,8.79245,141.15,
EQ-usp0007ng9__TC-TY9612,Simultaneous,1996-08-01T12:00:00Z,8.9,140.7,
EQ-usp0007ng9__TC-TY9612,Simultaneous,1996-08-01T15:00:00Z,9.07745,140.25,
EQ-usp0007ng9__TC-TY9612,Simultaneous,1996-08-01T18:00:00Z,9.3,139.8,
EQ-usp0007ng9__TC-TY9612,Simultaneous,1996-08-01T21:00:00Z,9.53497,139.342,
EQ-usp0007ng9__TC-TY9612,Simultaneous,1996-08-02T00:00:00Z,9.8,138.9,
EQ-usp0007ng9__TC-TY9612,Simultaneous,1996-08-02T03:00:00Z,10.0925,138.485,
EQ-usp0007ng9__TC-TY9612,Simultaneous,1996-08-02T06:00:00Z,10.4,138.1,
EQ-usp0007ng9__TC-TY9612,Simultaneous,1996-08-02T09:00:00Z,10.6999,137.742,
EQ-usp0007ng9__TC-TY9612,Simultaneous,1996-08-02T12:00:00Z,11.0,137.4,
EQ-usp0007ng9__TC-TY9612,Simultaneous,1996-08-02T15:00:00Z,11.2324,137.072,
EQ-usp0007ng9__TC-TY9612,Simultaneous,1996-08-02T18:00:00Z,11.6,136.7,
EQ-usp0007ng9__TC-TY9612,Simultaneous,1996-08-02T21:00:00Z,12.2301,136.222,
EQ-usp0007ng9__TC-TY9612,Simultaneous,1996-08-03T00:00:00Z,13.1,135.7,
EQ-usp0007ng9__TC-TY9612,Simultaneous,1996-08-03T03:00:00Z,14.1326,135.178,
EQ-usp0007ng9__TC-TY9612,Simultaneous,1996-08-03T06:00:00Z,15.3,134.7,
EQ-usp0007ng9__TC-TY9612,Simultaneous,1996-08-03T09:00:00Z,16.4849,134.319,
EQ-usp0007ng9__TC-TY9612,Simultaneous,1996-08-03T12:00:00Z,17.7,134.0,
EQ-usp0007ng9__TC-TY9612,Simultaneous,1996-08-03T15:00:00Z,18.9147,133.729,
EQ-usp0007ng9__TC-TY9612,Simultaneous,1996-08-03T18:00:00Z,21.0,133.7,9.616676
EQ-usp0007ng9__TC-TY9612,Simultaneous,1996-08-03T21:00:00Z,21.8529,133.051,9.616676
EQ-usp0007ng9__TC-TY9612,Simultaneous,1996-08-04T00:00:00Z,22.7,132.4,9.616676
EQ-usp0007ng9__TC-TY9612,Simultaneous,1996-08-04T03:00:00Z,23.5175,131.775,10.620347
EQ-usp0007ng9__TC-TY9612,Simultaneous,1996-08-04T06:00:00Z,24.2,131.3,11.574055
EQ-usp0007ng9__TC-TY9612,Simultaneous,1996-08-04T09:00:00Z,24.6296,131.074,11.574055
EQ-usp0007ng9__TC-TY9612,Simultaneous,1996-08-04T12:00:00Z,25.0,131.0,11.574055
EQ-usp0007ng9__TC-TY9612,Simultaneous,1996-08-04T15:00:00Z,25.55,130.95,13.362742
EQ-usp0007ng9__TC-TY9612,Simultaneous,1996-08-04T18:00:00Z,26.1,130.9,15.027554
EQ-usp0007ng9__TC-TY9612,Simultaneous,1996-08-04T21:00:00Z,26.56,130.765,15.027554
EQ-usp0007ng9__TC-TY9612,Simultaneous,1996-08-05T00:00:00Z,26.9,130.6,15.027554
EQ-usp0007ng9__TC-TY9612,Simultaneous,1996-08-05T03:00:00Z,27.065,130.42,15.027554
EQ-usp0007ng9__TC-TY9612,Simultaneous,1996-08-05T06:00:00Z,27.2,130.3,15.027554
EQ-usp0007ng9__TC-TY9612,Simultaneous,1996-08-05T09:00:00Z,27.515,130.32,15.8225
EQ-usp0007ng9__TC-TY9612,Simultaneous,1996-08-05T12:00:00Z,27.8,130.4,16.595947
EQ-usp0007ng9__TC-TY9612,Simultaneous,1996-08-05T15:00:00Z,27.9324,130.427,16.595947
EQ-usp0007ng9__TC-TY9612,Simultaneous,1996-08-05T18:00:00Z,27.9,130.5,18.00554
EQ-usp0007ng9__TC-TY9612,Simultaneous,1996-08-05T21:00:00Z,27.6806,130.639,19.034428
EQ-usp0007ng9__TC-TY9612,Simultaneous,1996-08-06T00:00:00Z,27.4,130.9,20.57776
EQ-usp0007ng9__TC-TY9612,Simultaneous,1996-08-06T03:00:00Z,27.2,131.3,20.57776
EQ-usp0007ng9__TC-TY9612,Simultaneous,1996-08-06T06:00:00Z,27.1,131.6,20.57776
EQ-usp0007ng9__TC-TY9612,Simultaneous,1996-08-06T09:00:00Z,26.9,131.9,20.57776
EQ-usp0007ng9__TC-TY9612,Simultaneous,1996-08-06T12:00:00Z,26.7,132.1,20.57776
EQ-usp0007ng9__TC-TY9612,Simultaneous,1996-08-06T15:00:00Z,26.4,132.3,20.57776
EQ-usp0007ng9__TC-TY9612,Simultaneous,1996-08-06T18:00:00Z,26.2,132.6,20.57776
EQ-usp0007ng9__TC-TY9612,Simultaneous,1996-08-06T21:00:00Z,26.1,132.9,20.57776
EQ-usp0007ng9__TC-TY9612,Simultaneous,1996-08-07T00:00:00Z,26.0,133.2,20.57776
EQ-usp0007ng9__TC-TY9612,Simultaneous,1996-08-07T03:00:00Z,25.9,133.4,20.57776
EQ-usp0007ng9__TC-TY9612,Simultaneous,1996-08-07T06:00:00Z,25.8,133.5,20.57776
EQ-usp0007ng9__TC-TY9612,Simultaneous,1996-08-07T09:00:00Z,25.6069,133.66,20.57776
EQ-usp0007ng9__TC-TY9612,Simultaneous,1996-08-07T12:00:00Z,25.4,133.8,20.57776
EQ-usp0007ng9__TC-TY9612,Simultaneous,1996-08-07T15:00:00Z,25.3,133.807,20.57776
EQ-usp0007ng9__TC-TY9612,Simultaneous,1996-08-07T18:00:00Z,25.2,133.8,20.57776
EQ-usp0007ng9__TC-TY9612,Simultaneous,1996-08-07T21:00:00Z,24.985,133.885,20.57776
EQ-usp0007ng9__TC-TY9612,Simultaneous,1996-08-08T00:00:00Z,24.8,134.0,20.57776
EQ-usp0007ng9__TC-TY9612,Simultaneous,1996-08-08T03:00:00Z,24.7625,134.137,21.606648
EQ-usp0007ng9__TC-TY9612,Simultaneous,1996-08-08T06:00:00Z,24.8,134.2,23.14998
EQ-usp0007ng9__TC-TY9612,Simultaneous,1996-08-08T09:00:00Z,24.85,134.103,23.14998
EQ-usp0007ng9__TC-TY9612,Simultaneous,1996-08-08T12:00:00Z,24.9,133.9,23.14998
EQ-usp0007ng9__TC-TY9612,Simultaneous,1996-08-08T15:00:00Z,24.8851,133.657,23.14998
EQ-usp0007ng9__TC-TY9612,Simultaneous,1996-08-08T18:00:00Z,24.9,133.4,23.14998
EQ-usp0007ng9__TC-TY9612,Simultaneous,1996-08-08T21:00:00Z,25.0191,133.234,24.178868
EQ-usp0007ng9__TC-TY9612,Simultaneous,1996-08-09T00:00:00Z,25.2,133.0,25.7222
EQ-usp0007ng9__TC-TY9612,Simultaneous,1996-08-09T03:00:00Z,25.4,132.6,28.29442
EQ-usp0007ng9__TC-TY9612,Simultaneous,1996-08-09T06:00:00Z,25.4,132.3,28.29442
EQ-usp0007ng9__TC-TY9612,Simultaneous,1996-08-09T09:00:00Z,25.3,131.8,28.29442
EQ-usp0007ng9__TC-TY9612,Simultaneous,1996-08-09T12:00:00Z,25.0,131.4,28.29442
EQ-usp0007ng9__TC-TY9612,Simultaneous,1996-08-09T15:00:00Z,24.8,131.2,28.29442
EQ-usp0007ng9__TC-TY9612,Simultaneous,1996-08-09T18:00:00Z,24.6,131.0,30.86664
EQ-usp0007ng9__TC-TY9612,Simultaneous,1996-08-09T21:00:00Z,24.5,130.9,30.86664
EQ-usp0007ng9__TC-TY9612,Simultaneous,1996-08-10T00:00:00Z,24.4,130.8,30.86664
EQ-usp0007ng9__TC-TY9612,Simultaneous,1996-08-10T03:00:00Z,24.4,130.7,30.86664
EQ-usp0007ng9__TC-TY9612,Simultaneous,1996-08-10T06:00:00Z,24.4,130.7,33.43886
EQ-usp0007ng9__TC-TY9612,Simultaneous,1996-08-10T09:00:00Z,24.3,130.6,33.43886
EQ-usp0007ng9__TC-TY9612,Simultaneous,1996-08-10T12:00:00Z,24.2,130.5,33.43886
EQ-usp0007ng9__TC-TY9612,Simultaneous,1996-08-10T15:00:00Z,24.1,130.4,33.43886
EQ-usp0007ng9__TC-TY9612,Simultaneous,1996-08-10T18:00:00Z,24.1,130.4,33.43886
EQ-usp0007ng9__TC-TY9612,Simultaneous,1996-08-10T21:00:00Z,24.2,130.3,36.01108
EQ-usp0007ng9__TC-TY9612,Simultaneous,1996-08-11T00:00:00Z,24.3,130.3,36.01108
EQ-usp0007ng9__TC-TY9612,Simultaneous,1996-08-11T03:00:00Z,24.5,130.3,36.01108
EQ-usp0007ng9__TC-TY9612,Simultaneous,1996-08-11T06:00:00Z,24.8,130.3,36.01108
EQ-usp0007ng9__TC-TY9612,Simultaneous,1996-08-11T09:00:00Z,25.0,130.1,36.01108
EQ-usp0007ng9__TC-TY9612,Simultaneous,1996-08-11T12:00:00Z,25.1,129.7,36.01108
EQ-usp0007ng9__TC-TY9612,Simultaneous,1996-08-11T15:00:00Z,25.2,129.3,36.01108
EQ-usp0007ng9__TC-TY9612,Simultaneous,1996-08-11T18:00:00Z,25.4,129.0,36.01108
EQ-usp0007ng9__TC-TY9612,Simultaneous,1996-08-11T21:00:00Z,25.7,128.6,36.01108
EQ-usp0007ng9__TC-TY9612,Simultaneous,1996-08-12T00:00:00Z,25.9,128.3,36.01108
EQ-usp0007ng9__TC-TY9612,Simultaneous,1996-08-12T03:00:00Z,26.1,128.1,36.01108
EQ-usp0007ng9__TC-TY9612,Simultaneous,1996-08-12T06:00:00Z,26.3,127.9,36.01108
EQ-usp0007ng9__TC-TY9612,Simultaneous,1996-08-12T09:00:00Z,26.5,127.7,36.01108
EQ-usp0007ng9__TC-TY9612,Simultaneous,1996-08-12T12:00:00Z,26.6,127.7,36.01108
EQ-usp0007ng9__TC-TY9612,Simultaneous,1996-08-12T15:00:00Z,26.8,127.6,38.5833
EQ-usp0007ng9__TC-TY9612,Simultaneous,1996-08-12T18:00:00Z,27.1,127.5,38.5833
EQ-usp0007ng9__TC-TY9612,Simultaneous,1996-08-12T21:00:00Z,27.4,127.6,38.5833
EQ-usp0007ng9__TC-TY9612,Simultaneous,1996-08-13T00:00:00Z,27.8,127.7,38.5833
EQ-usp0007ng9__TC-TY9612,Simultaneous,1996-08-13T03:00:00Z,28.2,127.9,38.5833
EQ-usp0007ng9__TC-TY9612,Simultaneous,1996-08-13T06:00:00Z,28.7,128.1,38.5833
EQ-usp0007ng9__TC-TY9612,Simultaneous,1996-08-13T09:00:00Z,29.3,128.4,38.5833
EQ-usp0007ng9__TC-TY9612,Simultaneous,1996-08-13T12:00:00Z,29.9,128.7,38.5833
EQ-usp0007ng9__TC-TY9612,Simultaneous,1996-08-13T15:00:00Z,30.4,129.0,38.5833
EQ-usp0007ng9__TC-TY9612,Simultaneous,1996-08-13T18:00:00Z,30.9,129.2,38.5833
EQ-usp0007ng9__TC-TY9612,Simultaneous,1996-08-13T21:00:00Z,31.7,129.6,38.5833
EQ-usp0007ng9__TC-TY9612,Simultaneous,1996-08-14T00:00:00Z,32.4,130.3,38.5833
EQ-usp0007ng9__TC-TY9612,Simultaneous,1996-08-14T01:00:00Z,32.7,130.5,38.5833
EQ-usp0007ng9__TC-TY9612,Simultaneous,1996-08-14T03:00:00Z,33.2,131.0,36.01108
EQ-usp0007ng9__TC-TY9612,Simultaneous,1996-08-14T06:00:00Z,33.9,131.8,33.43886
EQ-usp0007ng9__TC-TY9612,Simultaneous,1996-08-14T09:00:00Z,34.6,132.9,30.86664
EQ-usp0007ng9__TC-TY9612,Simultaneous,1996-08-14T12:00:00Z,35.8,134.4,28.29442
EQ-usp0007ng9__TC-TY9612,Simultaneous,1996-08-14T15:00:00Z,36.5,135.3,28.29442
EQ-usp0007ng9__TC-TY9612,Simultaneous,1996-08-14T18:00:00Z,37.2,136.3,28.29442
EQ-usp0007ng9__TC-TY9612,Simultaneous,1996-08-14T21:00:00Z,37.9,137.9,25.7222
EQ-usp0007ng9__TC-TY9612,Simultaneous,1996-08-15T00:00:00Z,38.4,139.5,25.7222
EQ-usp0007ng9__TC-TY9612,Simultaneous,1996-08-15T03:00:00Z,38.8,141.5,25.7222
EQ-usp0007ng9__TC-TY9612,Simultaneous,1996-08-15T06:00:00Z,39.6,143.1,25.7222
EQ-usp0007ng9__TC-TY9612,Simultaneous,1996-08-15T09:00:00Z,40.1,144.2,23.14998
EQ-usp0007ng9__TC-TY9612,Simultaneous,1996-08-15T12:00:00Z,40.6,145.1,23.14998
EQ-usp0007ng9__TC-TY9612,Simultaneous,1996-08-15T15:00:00Z,40.9597,145.441,23.14998
EQ-usp0007ng9__TC-TY9612,Simultaneous,1996-08-15T18:00:00Z,41.4,146.0,23.14998
EQ-usp0007ng9__TC-TY9612,Simultaneous,1996-08-15T21:00:00Z,42.1971,147.903,24.725121
EQ-usp0007ng9__TC-TY9612,Simultaneous,1996-08-16T00:00:00Z,43.0,150.0,24.725121
EQ-usp0007ng9__TC-TY9612,Simultaneous,1996-08-16T03:00:00Z,43.6084,151.006,24.725121
EQ-usp0007ng9__TC-TY9612,Simultaneous,1996-08-16T06:00:00Z,44.0,152.0,24.725121
EQ-usp0007ng9__TC-TY9612,Simultaneous,1996-08-16T09:00:00Z,44.0096,154.01,23.482894
EQ-usp0007ng9__TC-TY9612,Simultaneous,1996-08-16T12:00:00Z,44.0,156.0,22.203211
EQ-usp0007ng9__TC-TY9612,Simultaneous,1996-08-16T15:00:00Z,44.4188,157.149,22.203211
EQ-usp0007ng9__TC-TY9612,Simultaneous,1996-08-16T18:00:00Z,45.0,158.0,22.203211
EQ-usp0007ng9__TC-TY9612,Simultaneous,1996-08-16T21:00:00Z,45.4969,158.929,20.881366
EQ-usp0007ng9__TC-TY9612,Simultaneous,1996-08-17T00:00:00Z,46.0,160.0,19.511519
EQ-usp0007ng9__TC-TY9612,Simultaneous,1996-08-17T03:00:00Z,46.5007,161.426,18.806357
EQ-usp0007ng9__TC-TY9612,Simultaneous,1996-08-17T06:00:00Z,47.0,163.0,18.086263
EQ-usp0007ng9__TC-TY9612,Simultaneous,1996-08-17T09:00:00Z,47.4232,164.509,17.349955
EQ-usp0007ng9__TC-TY9612,Simultaneous,1996-08-17T12:00:00Z,48.0,166.0,16.595947
EQ-usp0007ng9__TC-TY9612,Simultaneous,1996-08-17T15:00:00Z,48.9981,167.492,15.8225
EQ-usp0007ng9__TC-TY9612,Simultaneous,1996-08-17T18:00:00Z,50.0,169.0,15.027554
EQ-usp0007ng9__TC-TY9612,Simultaneous,1996-08-17T21:00:00Z,50.4256,170.594,15.8225
EQ-usp0007ng9__TC-TY9612,Simultaneous,1996-08-18T00:00:00Z,51.0,172.0,16.595947
EQ-usp0007ng9__TC-TY9612,Simultaneous,1996-08-18T03:00:00Z,52.422,173.071,16.595947
EQ-usp0007ng9__TC-TY9612,Simultaneous,1996-08-18T06:00:00Z,54.0,174.0,16.595947
EQ-usp0007ng9__TC-TY9612,Simultaneous,1996-08-18T09:00:00Z,55.0661,174.803,16.595947
EQ-usp0007ng9__TC-TY9612,Simultaneous,1996-08-18T12:00:00Z,56.0,176.0,16.595947
EQ-usp0007ng9__TC-TY9612,Simultaneous,1996-08-18T15:00:00Z,56.9947,178.153,17.349955
EQ-usp0007ng9__TC-TY9612,Simultaneous,1996-08-18T18:00:00Z,58.0,181.0,18.086263
EQ-usp0007nc7__TC-TY9617,EQ-TY,1996-09-09T18:00:00Z,13.3,138.4,
EQ-usp0007nc7__TC-TY9617,EQ-TY,1996-09-09T21:00:00Z,13.7256,137.671,
EQ-usp0007nc7__TC-TY9617,EQ-TY,1996-09-10T00:00:00Z,14.1,137.0,
EQ-usp0007nc7__TC-TY9617,EQ-TY,1996-09-10T03:00:00Z,14.3872,136.427,
EQ-usp0007nc7__TC-TY9617,EQ-TY,1996-09-10T06:00:00Z,14.6,135.9,
EQ-usp0007nc7__TC-TY9617,EQ-TY,1996-09-10T09:00:00Z,14.7649,135.35,
EQ-usp0007nc7__TC-TY9617,EQ-TY,1996-09-10T12:00:00Z,14.9,134.8,
EQ-usp0007nc7__TC-TY9617,EQ-TY,1996-09-10T15:00:00Z,15.05,134.227,
EQ-usp0007nc7__TC-TY9617,EQ-TY,1996-09-10T18:00:00Z,15.2,133.7,
EQ-usp0007nc7__TC-TY9617,EQ-TY,1996-09-10T21:00:00Z,15.3573,133.27,
EQ-usp0007nc7__TC-TY9617,EQ-TY,1996-09-11T00:00:00Z,15.5,132.9,
EQ-usp0007nc7__TC-TY9617,EQ-TY,1996-09-11T03:00:00Z,15.615,132.527,
EQ-usp0007nc7__TC-TY9617,EQ-TY,1996-09-11T06:00:00Z,15.0,130.9,13.362742
EQ-usp0007nc7__TC-TY9617,EQ-TY,1996-09-11T09:00:00Z,15.16,130.753,13.362742
EQ-usp0007nc7__TC-TY9617,EQ-TY,1996-09-11T12:00:00Z,15.3,130.6,13.362742
EQ-usp0007nc7__TC-TY9617,EQ-TY,1996-09-11T15:00:00Z,15.4075,130.442,13.362742
EQ-usp0007nc7__TC-TY9617,EQ-TY,1996-09-11T18:00:00Z,15.5,130.3,13.362742
EQ-usp0007nc7__TC-TY9617,EQ-TY,1996-09-11T21:00:00Z,15.6,130.192,14.208639
EQ-usp0007nc7__TC-TY9617,EQ-TY,1996-09-12T00:00:00Z,15.7,130.1,15.027554
EQ-usp0007nc7__TC-TY9617,EQ-TY,1996-09-12T03:00:00Z,15.7925,130.0,15.027554
EQ-usp0007nc7__TC-TY9617,EQ-TY,1996-09-12T06:00:00Z,15.9,129.9,15.027554
EQ-usp0007nc7__TC-TY9617,EQ-TY,1996-09-12T09:00:00Z,16.0575,129.8,15.8225
EQ-usp0007nc7__TC-TY9617,EQ-TY,1996-09-12T12:00:00Z,16.2,129.7,16.595947
EQ-usp0007nc7__TC-TY9617,EQ-TY,1996-09-12T15:00:00Z,16.265,129.6,16.595947
EQ-usp0007nc7__TC-TY9617,EQ-TY,1996-09-12T18:00:00Z,16.3,129.5,16.595947
EQ-usp0007nc7__TC-TY9617,EQ-TY,1996-09-12T21:00:00Z,16.3575,129.4,18.086263
EQ-usp0007nc7__TC-TY9617,EQ-TY,1996-09-13T00:00:00Z,16.4,129.3,20.57776
EQ-usp0007nc7__TC-TY9617,EQ-TY,1996-09-13T03:00:00Z,16.4075,129.2,21.606648
EQ-usp0007nc7__TC-TY9617,EQ-TY,1996-09-13T06:00:00Z,16.4,129.1,23.14998
EQ-usp0007nc7__TC-TY9617,EQ-TY,1996-09-13T09:00:00Z,16.4075,129.0,24.178868
EQ-usp0007nc7__TC-TY9617,EQ-TY,1996-09-13T12:00:00Z,16.4,128.9,25.7222
EQ-usp0007nc7__TC-TY9617,EQ-TY,1996-09-13T15:00:00Z,16.35,128.785,26.751088
EQ-usp0007nc7__TC-TY9617,EQ-TY,1996-09-13T18:00:00Z,16.3,128.7,28.29442
EQ-usp0007nc7__TC-TY9617,EQ-TY,1996-09-13T21:00:00Z,16.2625,128.692,28.29442
EQ-usp0007nc7__TC-TY9617,EQ-TY,1996-09-14T00:00:00Z,16.3,128.7,28.29442
EQ-usp0007nc7__TC-TY9617,EQ-TY,1996-09-14T03:00:00Z,16.4625,128.665,29.323308
EQ-usp0007nc7__TC-TY9617,EQ-TY,1996-09-14T06:00:00Z,16.7,128.6,30.86664
EQ-usp0007nc7__TC-TY9617,EQ-TY,1996-09-14T09:00:00Z,16.9425,128.53,31.895528
EQ-usp0007nc7__TC-TY9617,EQ-TY,1996-09-14T12:00:00Z,17.2,128.4,33.43886
EQ-usp0007nc7__TC-TY9617,EQ-TY,1996-09-14T15:00:00Z,17.465,128.173,34.467748
EQ-usp0007nc7__TC-TY9617,EQ-TY,1996-09-14T18:00:00Z,17.7,127.9,36.01108
EQ-usp0007nc7__TC-TY9617,EQ-TY,1996-09-14T21:00:00Z,17.85,127.635,37.039968
EQ-usp0007nc7__TC-TY9617,EQ-TY,1996-09-15T00:00:00Z,18.0,127.4,38.5833
EQ-usp0007nc7__TC-TY9617,EQ-TY,1996-09-15T03:00:00Z,18.2424,127.235,38.5833
EQ-usp0007nc7__TC-TY9617,EQ-TY,1996-09-15T06:00:00Z,18.5,127.1,38.5833
EQ-usp0007nc7__TC-TY9617,EQ-TY,1996-09-15T09:00:00Z,18.7,126.935,39.612188
EQ-usp0007nc7__TC-TY9617,EQ-TY,1996-09-15T12:00:00Z,18.9,126.8,41.15552
EQ-usp0007nc7__TC-TY9617,EQ-TY,1996-09-15T15:00:00Z,19.135,126.75,42.184408
EQ-usp0007nc7__TC-TY9617,EQ-TY,1996-09-15T18:00:00Z,19.4,126.7,43.72774
EQ-usp0007nc7__TC-TY9617,EQ-TY,1996-09-15T21:00:00Z,19.7,126.55,44.756628
EQ-usp0007nc7__TC-TY9617,EQ-TY,1996-09-16T00:00:00Z,20.0,126.4,46.29996
EQ-usp0007nc7__TC-TY9617,EQ-TY,1996-09-16T03:00:00Z,20.2949,126.297,46.29996
EQ-usp0007nc7__TC-TY9617,EQ-TY,1996-09-16T06:00:00Z,20.5,126.3,46.29996
EQ-usp0007nc7__TC-TY9617,EQ-TY,1996-09-16T09:00:00Z,20.4925,126.455,46.29996
EQ-usp0007nc7__TC-TY9617,EQ-TY,1996-09-16T12:00:00Z,20.5,126.7,46.29996
EQ-usp0007nc7__TC-TY9617,EQ-TY,1996-09-16T15:00:00Z,20.785,126.942,46.29996
EQ-usp0007nc7__TC-TY9617,EQ-TY,1996-09-16T18:00:00Z,21.1,127.2,46.29996
EQ-usp0007nc7__TC-TY9617,EQ-TY,1996-09-16T21:00:00Z,21.2074,127.435,46.29996
EQ-usp0007nc7__TC-TY9617,EQ-TY,1996-09-17T00:00:00Z,21.3,127.7,46.29996
EQ-usp0007nc7__TC-TY9617,EQ-TY,1996-09-17T03:00:00Z,21.5351,128.05,44.756628
EQ-usp0007nc7__TC-TY9617,EQ-TY,1996-09-17T06:00:00Z,21.8,128.4,43.72774
EQ-usp0007nc7__TC-TY9617,EQ-TY,1996-09-17T09:00:00Z,21.9998,128.65,43.72774
EQ-usp0007nc7__TC-TY9617,EQ-TY,1996-09-17T12:00:00Z,22.2,128.9,43.72774
EQ-usp0007nc7__TC-TY9617,EQ-TY,1996-09-17T15:00:00Z,22.4576,129.25,43.72774
EQ-usp0007nc7__TC-TY9617,EQ-TY,1996-09-17T18:00:00Z,22.7,129.6,43.72774
EQ-usp0007nc7__TC-TY9617,EQ-TY,1996-09-17T21:00:00Z,22.8724,129.865,42.184408
EQ-usp0007nc7__TC-TY9617,EQ-TY,1996-09-18T00:00:00Z,23.0,130.1,41.15552
EQ-usp0007nc7__TC-TY9617,EQ-TY,1996-09-18T03:00:00Z,23.115,130.35,41.15552
EQ-usp0007nc7__TC-TY9617,EQ-TY,1996-09-18T06:00:00Z,23.2,130.6,41.15552
EQ-usp0007nc7__TC-TY9617,EQ-TY,1996-09-18T09:00:00Z,23.2575,130.858,41.15552
EQ-usp0007nc7__TC-TY9617,EQ-TY,1996-09-18T12:00:00Z,23.3,131.1,41.15552
EQ-usp0007nc7__TC-TY9617,EQ-TY,1996-09-18T15:00:00Z,23.335,131.323,41.15552
EQ-usp0007nc7__TC-TY9617,EQ-TY,1996-09-18T18:00:00Z,23.4,131.5,41.15552
EQ-usp0007nc7__TC-TY9617,EQ-TY,1996-09-18T21:00:00Z,23.5261,131.634,41.15552
EQ-usp0007nc7__TC-TY9617,EQ-TY,1996-09-19T00:00:00Z,23.7,131.7,41.15552
EQ-usp0007nc7__TC-TY9617,EQ-TY,1996-09-19T03:00:00Z,23.9,131.7,41.15552
EQ-usp0007nc7__TC-TY9617,EQ-TY,1996-09-19T06:00:00Z,24.0,131.7,41.15552
EQ-usp0007nc7__TC-TY9617,EQ-TY,1996-09-19T09:00:00Z,24.2,131.8,41.15552
EQ-usp0007nc7__TC-TY9617,EQ-TY,1996-09-19T12:00:00Z,24.4,131.9,41.15552
EQ-usp0007nc7__TC-TY9617,EQ-TY,1996-09-19T15:00:00Z,24.6,131.9,41.15552
EQ-usp0007nc7__TC-TY9617,EQ-TY,1996-09-19T18:00:00Z,24.8,131.9,41.15552
EQ-usp0007nc7__TC-TY9617,EQ-TY,1996-09-19T21:00:00Z,24.9,131.9,41.15552
EQ-usp0007nc7__TC-TY9617,EQ-TY,1996-09-20T00:00:00Z,25.1,132.0,41.15552
EQ-usp0007nc7__TC-TY9617,EQ-TY,1996-09-20T03:00:00Z,25.3,132.1,41.15552
EQ-usp0007nc7__TC-TY9617,EQ-TY,1996-09-20T06:00:00Z,25.6,132.3,41.15552
EQ-usp0007nc7__TC-TY9617,EQ-TY,1996-09-20T09:00:00Z,25.9,132.5,41.15552
EQ-usp0007nc7__TC-TY9617,EQ-TY,1996-09-20T12:00:00Z,26.2,132.7,41.15552
EQ-usp0007nc7__TC-TY9617,EQ-TY,1996-09-20T15:00:00Z,26.5,133.0,41.15552
EQ-usp0007nc7__TC-TY9617,EQ-TY,1996-09-20T18:00:00Z,26.8,133.2,38.5833
EQ-usp0007nc7__TC-TY9617,EQ-TY,1996-09-20T21:00:00Z,27.2,133.8,38.5833
EQ-usp0007nc7__TC-TY9617,EQ-TY,1996-09-21T00:00:00Z,27.5,134.2,38.5833
EQ-usp0007nc7__TC-TY9617,EQ-TY,1996-09-21T03:00:00Z,27.8,134.6,38.5833
EQ-usp0007nc7__TC-TY9617,EQ-TY,1996-09-21T06:00:00Z,28.2,135.0,38.5833
EQ-usp0007nc7__TC-TY9617,EQ-TY,1996-09-21T09:00:00Z,28.7,135.5,38.5833
EQ-usp0007nc7__TC-TY9617,EQ-TY,1996-09-21T12:00:00Z,29.4,136.4,38.5833
EQ-usp0007nc7__TC-TY9617,EQ-TY,1996-09-21T15:00:00Z,30.0,137.0,38.5833
EQ-usp0007nc7__TC-TY9617,EQ-TY,1996-09-21T18:00:00Z,30.8,137.7,36.01108
EQ-usp0007nc7__TC-TY9617,EQ-TY,1996-09-21T21:00:00Z,31.6,138.3,36.01108
EQ-usp0007nc7__TC-TY9617,EQ-TY,1996-09-22T00:00:00Z,32.5,138.9,36.01108
EQ-usp0007nc7__TC-TY9617,EQ-TY,1996-09-22T03:00:00Z,33.9,140.0,36.01108
EQ-usp0007nc7__TC-TY9617,EQ-TY,1996-09-22T06:00:00Z,35.1,141.0,36.01108
EQ-usp0007nc7__TC-TY9617,EQ-TY,1996-09-22T09:00:00Z,36.4,142.2,36.01108
EQ-usp0007nc7__TC-TY9617,EQ-TY,1996-09-22T12:00:00Z,37.8,143.3,33.43886
EQ-usp0007nc7__TC-TY9617,EQ-TY,1996-09-22T15:00:00Z,38.5,144.2,33.43886
EQ-usp0007nc7__TC-TY9617,EQ-TY,1996-09-22T18:00:00Z,39.2,145.2,30.86664
EQ-usp0007nc7__TC-TY9617,EQ-TY,1996-09-22T21:00:00Z,40.5,146.0,28.29442
EQ-usp0007nc7__TC-TY9617,EQ-TY,1996-09-23T00:00:00Z,41.4,146.8,25.7222
EQ-usp0007nc7__TC-TY9617,EQ-TY,1996-09-23T03:00:00Z,42.1,147.5,25.7222
EQ-usp0007nc7__TC-TY9617,EQ-TY,1996-09-23T06:00:00Z,42.8,148.0,25.7222
EQ-usp0007nc7__TC-TY9617,EQ-TY,1996-09-23T09:00:00Z,43.6658,148.5,22.848006
EQ-usp0007nc7__TC-TY9617,EQ-TY,1996-09-23T12:00:00Z,44.6,149.0,20.881366
EQ-usp0007nc7__TC-TY9617,EQ-TY,1996-09-23T15:00:00Z,45.4714,149.451,20.881366
EQ-usp0007nc7__TC-TY9617,EQ-TY,1996-09-23T18:00:00Z,46.3,150.0,20.881366
EQ-usp0007nc7__TC-TY9617,EQ-TY,1996-09-23T21:00:00Z,47.0955,150.804,20.202862
EQ-usp0007nc7__TC-TY9617,EQ-TY,1996-09-24T00:00:00Z,47.8,151.7,19.511519
EQ-usp0007nc7__TC-TY9617,EQ-TY,1996-09-24T03:00:00Z,48.4157,152.465,19.511519
EQ-usp0007nc7__TC-TY9617,EQ-TY,1996-09-24T06:00:00Z,48.9,153.3,19.511519
EQ-usp0007nc7__TC-TY9617,EQ-TY,1996-09-24T09:00:00Z,49.2524,154.349,19.511519
EQ-usp0007nc7__TC-TY9617,EQ-TY,1996-09-24T12:00:00Z,49.5,155.5,19.511519
EQ-usp0007nc7__TC-TY9617,EQ-TY,1996-09-24T15:00:00Z,49.744,156.642,19.511519
EQ-usp0007nc7__TC-TY9617,EQ-TY,1996-09-24T18:00:00Z,49.9,157.8,19.511519
EQ-usp0007nc7__TC-TY9617,EQ-TY,1996-09-24T21:00:00Z,49.96,158.995,18.806357
EQ-usp0007nc7__TC-TY9617,EQ-TY,1996-09-25T00:00:00Z,49.9,160.1,18.086263
EQ-usp0007nc7__TC-TY9617,EQ-TY,1996-09-25T03:00:00Z,49.7504,160.979,18.086263
EQ-usp0007nc7__TC-TY9617,EQ-TY,1996-09-25T06:00:00Z,49.5,161.8,18.086263
EQ-usp0007nc7__TC-TY9617,EQ-TY,1996-09-25T09:00:00Z,49.1567,162.721,17.349955
EQ-usp0007nc7__TC-TY9617,EQ-TY,1996-09-25T12:00:00Z,48.8,163.7,16.595947
EQ-usp0007nc7__TC-TY9617,EQ-TY,1996-09-25T15:00:00Z,48.5563,164.709,15.027554
EQ-usp0007nc7__TC-TY9617,EQ-TY,1996-09-25T18:00:00Z,48.3,165.8,13.362742
EQ-usp0007nc7__TC-TY9617,EQ-TY,1996-09-25T21:00:00Z,47.9289,166.962,13.362742
EQ-usp0007nc7__TC-TY9617,EQ-TY,1996-09-26T00:00:00Z,47.5,168.2,13.362742
EQ-usp0007nc7__TC-TY9617,EQ-TY,1996-09-26T03:00:00Z,47.0562,169.476,11.574055
EQ-usp0007nc7__TC-TY9617,EQ-TY,1996-09-26T06:00:00Z,46.6,170.8,9.616676
EQ-usp0007nc7__TC-TY9617,EQ-TY,1996-09-26T09:00:00Z,46.1422,172.172,7.406657
EQ-usp0007nc7__TC-TY9617,EQ-TY,1996-09-26T12:00:00Z,45.7,173.5,4.739788
EQ-usp0007nc7__TC-TY9617,EQ-TY,1996-09-26T15:00:00Z,45.2981,174.684,3.033162
EQ-usp0007nc7__TC-TY9617,EQ-TY,1996-09-26T18:00:00Z,44.9,175.8,
EQ-usp0007nc7__TC-TY9617,EQ-TY,1996-09-26T21:00:00Z,44.4645,176.936,
EQ-usp0007nc7__TC-TY9617,EQ-TY,1996-09-27T00:00:00Z,44.0,178.0,
EQ-usp0007nc7__TC-TY9617,EQ-TY,1996-09-27T03:00:00Z,43.5221,178.981,
EQ-usp0007nc7__TC-TY9617,EQ-TY,1996-09-27T06:00:00Z,43.0,179.8,
EQ-usp0007nc7__TC-TY9617,EQ-TY,1996-09-27T09:00:00Z,42.4176,180.411,
EQ-usp0007nc7__TC-TY9617,EQ-TY,1996-09-27T12:00:00Z,41.8,180.9,
EQ-usp00073e8__TC-TY9512,Simultaneous,1995-09-07T06:00:00Z,8.5,161.2,
EQ-usp00073e8__TC-TY9512,Simultaneous,1995-09-07T09:00:00Z,8.69772,160.59,
EQ-usp00073e8__TC-TY9512,Simultaneous,1995-09-07T12:00:00Z,8.9,160.0,
EQ-usp00073e8__TC-TY9512,Simultaneous,1995-09-07T15:00:00Z,9.10738,159.442,
EQ-usp00073e8__TC-TY9512,Simultaneous,1995-09-07T18:00:00Z,9.3,158.9,
EQ-usp00073e8__TC-TY9512,Simultaneous,1995-09-07T21:00:00Z,9.44984,158.365,
EQ-usp00073e8__TC-TY9512,Simultaneous,1995-09-08T00:00:00Z,9.6,157.8,
EQ-usp00073e8__TC-TY9512,Simultaneous,1995-09-08T03:00:00Z,9.8,157.158,
EQ-usp00073e8__TC-TY9512,Simultaneous,1995-09-08T06:00:00Z,10.0,156.5,
EQ-usp00073e8__TC-TY9512,Simultaneous,1995-09-08T09:00:00Z,10.1574,155.877,
EQ-usp00073e8__TC-TY9512,Simultaneous,1995-09-08T12:00:00Z,10.3,155.3,
EQ-usp00073e8__TC-TY9512,Simultaneous,1995-09-08T15:00:00Z,10.4574,154.77,
EQ-usp00073e8__TC-TY9512,Simultaneous,1995-09-08T18:00:00Z,10.6,154.3,
EQ-usp00073e8__TC-TY9512,Simultaneous,1995-09-08T21:00:00Z,10.7074,153.87,
EQ-usp00073e8__TC-TY9512,Simultaneous,1995-09-09T00:00:00Z,10.8,153.5,
EQ-usp00073e8__TC-TY9512,Simultaneous,1995-09-09T03:00:00Z,10.8925,153.17,
EQ-usp00073e8__TC-TY9512,Simultaneous,1995-09-09T06:00:00Z,11.0,152.9,
EQ-usp00073e8__TC-TY9512,Simultaneous,1995-09-09T09:00:00Z,11.1425,152.685,
EQ-usp00073e8__TC-TY9512,Simultaneous,1995-09-09T12:00:00Z,11.3,152.5,
EQ-usp00073e8__TC-TY9512,Simultaneous,1995-09-09T15:00:00Z,11.45,152.3,
EQ-usp00073e8__TC-TY9512,Simultaneous,1995-09-09T18:00:00Z,11.6,152.1,
EQ-usp00073e8__TC-TY9512,Simultaneous,1995-09-09T21:00:00Z,11.7425,151.907,
EQ-usp00073e8__TC-TY9512,Simultaneous,1995-09-10T00:00:00Z,11.9,151.7,
EQ-usp00073e8__TC-TY9512,Simultaneous,1995-09-10T03:00:00Z,12.085,151.465,
EQ-usp00073e8__TC-TY9512,Simultaneous,1995-09-10T06:00:00Z,12.3,151.2,
EQ-usp00073e8__TC-TY9512,Simultaneous,1995-09-10T09:00:00Z,12.535,150.907,
EQ-usp00073e8__TC-TY9512,Simultaneous,1995-09-10T12:00:00Z,12.8,150.6,
EQ-usp00073e8__TC-TY9512,Simultaneous,1995-09-10T15:00:00Z,13.1,150.293,
EQ-usp00073e8__TC-TY9512,Simultaneous,1995-09-10T18:00:00Z,13.4,150.0,
EQ-usp00073e8__TC-TY9512,Simultaneous,1995-09-10T21:00:00Z,13.6574,149.75,
EQ-usp00073e8__TC-TY9512,Simultaneous,1995-09-11T00:00:00Z,13.9,149.5,
EQ-usp00073e8__TC-TY9512,Simultaneous,1995-09-11T03:00:00Z,14.15,149.215,
EQ-usp00073e8__TC-TY9512,Simultaneous,1995-09-11T06:00:00Z,14.4,148.9,
EQ-usp00073e8__TC-TY9512,Simultaneous,1995-09-11T09:00:00Z,14.6575,148.543,
EQ-usp00073e8__TC-TY9512,Simultaneous,1995-09-11T12:00:00Z,14.9,148.2,
EQ-usp00073e8__TC-TY9512,Simultaneous,1995-09-11T15:00:00Z,15.0999,147.935,
EQ-usp00073e8__TC-TY9512,Simultaneous,1995-09-11T18:00:00Z,15.16,147.8,
EQ-usp00073e8__TC-TY9512,Simultaneous,1995-09-11T21:00:00Z,15.34,147.617,
EQ-usp00073e8__TC-TY9512,Simultaneous,1995-09-12T00:00:00Z,15.2,147.5,4.739788
EQ-usp00073e8__TC-TY9512,Simultaneous,1995-09-12T03:00:00Z,15.7375,147.303,7.406657
EQ-usp00073e8__TC-TY9512,Simultaneous,1995-09-12T06:00:00Z,16.2,147.1,9.616676
EQ-usp00073e8__TC-TY9512,Simultaneous,1995-09-12T09:00:00Z,16.5375,146.892,11.574055
EQ-usp00073e8__TC-TY9512,Simultaneous,1995-09-12T12:00:00Z,16.8,146.7,13.362742
EQ-usp00073e8__TC-TY9512,Simultaneous,1995-09-12T15:00:00Z,17.065,146.542,15.027554
EQ-usp00073e8__TC-TY9512,Simultaneous,1995-09-12T18:00:00Z,17.3,146.4,18.00554
EQ-usp00073e8__TC-TY9512,Simultaneous,1995-09-12T21:00:00Z,17.4697,146.309,19.034428
EQ-usp00073e8__TC-TY9512,Simultaneous,1995-09-13T00:00:00Z,17.7,146.1,20.57776
EQ-usp00073e8__TC-TY9512,Simultaneous,1995-09-13T03:00:00Z,18.12,145.633,21.606648
EQ-usp00073e8__TC-TY9512,Simultaneous,1995-09-13T06:00:00Z,18.6,145.0,23.14998
EQ-usp00073e8__TC-TY9512,Simultaneous,1995-09-13T09:00:00Z,19.0302,144.3,24.178868
EQ-usp00073e8__TC-TY9512,Simultaneous,1995-09-13T12:00:00Z,19.4,143.6,25.7222
EQ-usp00073e8__TC-TY9512,Simultaneous,1995-09-13T15:00:00Z,19.672,143.042,28.29442
EQ-usp00073e8__TC-TY9512,Simultaneous,1995-09-13T18:00:00Z,19.9,142.5,30.86664
EQ-usp00073e8__TC-TY9512,Simultaneous,1995-09-13T21:00:00Z,20.1576,141.85,31.895528
EQ-usp00073e8__TC-TY9512,Simultaneous,1995-09-14T00:00:00Z,20.4,141.2,33.43886
EQ-usp00073e8__TC-TY9512,Simultaneous,1995-09-14T03:00:00Z,20.5849,140.612,34.467748
EQ-usp00073e8__TC-TY9512,Simultaneous,1995-09-14T06:00:00Z,20.8,140.1,36.01108
EQ-usp00073e8__TC-TY9512,Simultaneous,1995-09-14T09:00:00Z,21.1273,139.67,37.039968
EQ-usp00073e8__TC-TY9512,Simultaneous,1995-09-14T12:00:00Z,21.5,139.3,38.5833
EQ-usp00073e8__TC-TY9512,Simultaneous,1995-09-14T15:00:00Z,21.8499,138.935,41.15552
EQ-usp00073e8__TC-TY9512,Simultaneous,1995-09-14T18:00:00Z,22.2,138.6,43.72774
EQ-usp00073e8__TC-TY9512,Simultaneous,1995-09-14T21:00:00Z,22.5199,138.292,44.756628
EQ-usp00073e8__TC-TY9512,Simultaneous,1995-09-15T00:00:00Z,22.9,138.0,46.29996
EQ-usp00073e8__TC-TY9512,Simultaneous,1995-09-15T03:00:00Z,23.435,137.685,47.328848
EQ-usp00073e8__TC-TY9512,Simultaneous,1995-09-15T06:00:00Z,24.0,137.4,48.87218
EQ-usp00073e8__TC-TY9512,Simultaneous,1995-09-15T09:00:00Z,24.4649,137.177,48.87218
EQ-usp00073e8__TC-TY9512,Simultaneous,1995-09-15T12:00:00Z,24.9,137.0,48.87218
EQ-usp00073e8__TC-TY9512,Simultaneous,1995-09-15T15:00:00Z,25.32,136.835,48.87218
EQ-usp00073e8__TC-TY9512,Simultaneous,1995-09-15T18:00:00Z,25.8,136.7,48.87218
EQ-usp00073e8__TC-TY9512,Simultaneous,1995-09-15T21:00:00Z,26.433,136.573,49.901068
EQ-usp00073e8__TC-TY9512,Simultaneous,1995-09-16T00:00:00Z,27.1,136.5,51.4444
EQ-usp00073e8__TC-TY9512,Simultaneous,1995-09-16T03:00:00Z,27.7,136.5,51.4444
EQ-usp00073e8__TC-TY9512,Simultaneous,1995-09-16T06:00:00Z,28.2,136.6,51.4444
EQ-usp00073e8__TC-TY9512,Simultaneous,1995-09-16T09:00:00Z,28.9,136.9,51.4444
EQ-usp00073e8__TC-TY9512,Simultaneous,1995-09-16T12:00:00Z,29.5,137.4,51.4444
EQ-usp00073e8__TC-TY9512,Simultaneous,1995-09-16T15:00:00Z,30.4,137.9,51.4444
EQ-usp00073e8__TC-TY9512,Simultaneous,1995-09-16T18:00:00Z,31.3,138.3,48.87218
EQ-usp00073e8__TC-TY9512,Simultaneous,1995-09-16T21:00:00Z,32.3,138.9,48.87218
EQ-usp00073e8__TC-TY9512,Simultaneous,1995-09-17T00:00:00Z,33.4,139.8,48.87218
EQ-usp00073e8__TC-TY9512,Simultaneous,1995-09-17T03:00:00Z,34.5,141.0,43.72774
EQ-usp00073e8__TC-TY9512,Simultaneous,1995-09-17T06:00:00Z,36.3,142.5,43.72774
EQ-usp00073e8__TC-TY9512,Simultaneous,1995-09-17T09:00:00Z,38.3,144.1,41.15552
EQ-usp00073e8__TC-TY9512,Simultaneous,1995-09-17T12:00:00Z,40.1,145.8,38.5833
EQ-usp00073e8__TC-TY9512,Simultaneous,1995-09-17T15:00:00Z,41.6,148.1,36.01108
EQ-usp00073e8__TC-TY9512,Simultaneous,1995-09-17T18:00:00Z,42.4,150.4,29.387863
EQ-usp00073e8__TC-TY9512,Simultaneous,1995-09-17T21:00:00Z,43.6313,153.001,28.262604
EQ-usp00073e8__TC-TY9512,Simultaneous,1995-09-18T00:00:00Z,45.0,156.0,27.112007
EQ-usp00073e8__TC-TY9512,Simultaneous,1995-09-18T03:00:00Z,46.1178,159.395,28.262604
EQ-usp00073e8__TC-TY9512,Simultaneous,1995-09-18T06:00:00Z,47.0,163.0,29.387863
EQ-usp00073e8__TC-TY9512,Simultaneous,1995-09-18T09:00:00Z,47.5701,166.593,30.489787
EQ-usp00073e8__TC-TY9512,Simultaneous,1995-09-18T12:00:00Z,48.0,170.0,31.570119
EQ-usp00073e8__TC-TY9512,Simultaneous,1995-09-18T15:00:00Z,48.5705,173.216,32.630386
EQ-usp00073e8__TC-TY9512,Simultaneous,1995-09-18T18:00:00Z,49.0,176.0,33.671939
EQ-usp00073e8__TC-TY9512,Simultaneous,1995-09-18T21:00:00Z,49.062,178.161,34.695976
EQ-usp00073e8__TC-TY9512,Simultaneous,1995-09-19T00:00:00Z,49.0,180.0,35.703568
EQ-usp00073e8__TC-TY9512,Simultaneous,1995-09-19T03:00:00Z,48.9869,181.945,36.69568
EQ-usp00073e8__TC-TY9512,Simultaneous,1995-09-19T06:00:00Z,49.0,184.0,37.673179
EQ-usp0006rew__TC-TY9426,TY-EQ,1994-09-16T00:00:00Z,12.0,128.0,
EQ-usp0006rew__TC-TY9426,TY-EQ,1994-09-16T03:00:00Z,11.9879,128.75,
EQ-usp0006rew__TC-TY9426,TY-EQ,1994-09-16T06:00:00Z,12.0,129.5,
EQ-usp0006rew__TC-TY9426,TY-EQ,1994-09-16T09:00:00Z,12.0498,130.25,
EQ-usp0006rew__TC-TY9426,TY-EQ,1994-09-16T12:00:00Z,12.1,131.0,
EQ-usp0006rew__TC-TY9426,TY-EQ,1994-09-16T15:00:00Z,12.0998,131.75,
EQ-usp0006rew__TC-TY9426,TY-EQ,1994-09-16T18:00:00Z,12.1,132.5,
EQ-usp0006rew__TC-TY9426,TY-EQ,1994-09-16T21:00:00Z,12.1499,133.257,
EQ-usp0006rew__TC-TY9426,TY-EQ,1994-09-17T00:00:00Z,12.2,134.0,
EQ-usp0006rew__TC-TY9426,TY-EQ,1994-09-17T03:00:00Z,12.2073,134.715,
EQ-usp0006rew__TC-TY9426,TY-EQ,1994-09-17T06:00:00Z,12.56,135.32,
EQ-usp0006rew__TC-TY9426,TY-EQ,1994-09-17T09:00:00Z,12.7517,135.933,
EQ-usp0006rew__TC-TY9426,TY-EQ,1994-09-17T12:00:00Z,13.5,136.5,13.362742
EQ-usp0006rew__TC-TY9426,TY-EQ,1994-09-17T15:00:00Z,13.5175,136.95,13.362742
EQ-usp0006rew__TC-TY9426,TY-EQ,1994-09-17T18:00:00Z,13.5,137.5,13.362742
EQ-usp0006rew__TC-TY9426,TY-EQ,1994-09-17T21:00:00Z,13.4226,138.213,13.362742
EQ-usp0006rew__TC-TY9426,TY-EQ,1994-09-18T00:00:00Z,13.3,139.0,13.362742
EQ-usp0006rew__TC-TY9426,TY-EQ,1994-09-18T03:00:00Z,13.2104,139.847,13.362742
EQ-usp0006rew__TC-TY9426,TY-EQ,1994-09-18T06:00:00Z,13.0,140.5,13.362742
EQ-usp0006rew__TC-TY9426,TY-EQ,1994-09-18T09:00:00Z,12.492,140.645,14.208639
EQ-usp0006rew__TC-TY9426,TY-EQ,1994-09-18T12:00:00Z,12.0,140.7,15.027554
EQ-usp0006rew__TC-TY9426,TY-EQ,1994-09-18T15:00:00Z,11.8026,141.098,15.8225
EQ-usp0006rew__TC-TY9426,TY-EQ,1994-09-18T18:00:00Z,11.8,141.6,18.00554
EQ-usp0006rew__TC-TY9426,TY-EQ,1994-09-18T21:00:00Z,11.8902,142.132,18.00554
EQ-usp0006rew__TC-TY9426,TY-EQ,1994-09-19T00:00:00Z,12.1,142.5,18.00554
EQ-usp0006rew__TC-TY9426,TY-EQ,1994-09-19T03:00:00Z,12.3624,142.453,18.00554
EQ-usp0006rew__TC-TY9426,TY-EQ,1994-09-19T06:00:00Z,12.7,142.3,18.00554
EQ-usp0006rew__TC-TY9426,TY-EQ,1994-09-19T09:00:00Z,13.0925,142.362,18.00554
EQ-usp0006rew__TC-TY9426,TY-EQ,1994-09-19T12:00:00Z,13.5,142.5,18.00554
EQ-usp0006rew__TC-TY9426,TY-EQ,1994-09-19T15:00:00Z,13.865,142.635,18.00554
EQ-usp0006rew__TC-TY9426,TY-EQ,1994-09-19T18:00:00Z,14.2,142.8,18.00554
EQ-usp0006rew__TC-TY9426,TY-EQ,1994-09-19T21:00:00Z,14.4924,143.097,19.034428
EQ-usp0006rew__TC-TY9426,TY-EQ,1994-09-20T00:00:00Z,14.8,143.2,20.57776
EQ-usp0006rew__TC-TY9426,TY-EQ,1994-09-20T03:00:00Z,15.2078,142.791,20.57776
EQ-usp0006rew__TC-TY9426,TY-EQ,1994-09-20T06:00:00Z,15.6,142.2,20.57776
EQ-usp0006rew__TC-TY9426,TY-EQ,1994-09-20T09:00:00Z,15.835,141.747,20.57776
EQ-usp0006rew__TC-TY9426,TY-EQ,1994-09-20T12:00:00Z,16.1,141.4,20.57776
EQ-usp0006rew__TC-TY9426,TY-EQ,1994-09-20T15:00:00Z,16.5699,141.168,21.606648
EQ-usp0006rew__TC-TY9426,TY-EQ,1994-09-20T18:00:00Z,17.1,141.1,23.14998
EQ-usp0006rew__TC-TY9426,TY-EQ,1994-09-20T21:00:00Z,17.5875,141.22,23.14998
EQ-usp0006rew__TC-TY9426,TY-EQ,1994-09-21T00:00:00Z,18.0,141.4,23.14998
EQ-usp0006rew__TC-TY9426,TY-EQ,1994-09-21T03:00:00Z,18.2799,141.517,23.14998
EQ-usp0006rew__TC-TY9426,TY-EQ,1994-09-21T06:00:00Z,18.5,141.5,23.14998
EQ-usp0006rew__TC-TY9426,TY-EQ,1994-09-21T09:00:00Z,18.8175,141.268,23.14998
EQ-usp0006rew__TC-TY9426,TY-EQ,1994-09-21T12:00:00Z,19.0,140.9,23.14998
EQ-usp0006rew__TC-TY9426,TY-EQ,1994-09-21T15:00:00Z,18.8675,140.515,24.178868
EQ-usp0006rew__TC-TY9426,TY-EQ,1994-09-21T18:00:00Z,18.6,140.1,25.7222
EQ-usp0006rew__TC-TY9426,TY-EQ,1994-09-21T21:00:00Z,18.4,139.693,25.7222
EQ-usp0006rew__TC-TY9426,TY-EQ,1994-09-22T00:00:00Z,18.2,139.3,25.7222
EQ-usp0006rew__TC-TY9426,TY-EQ,1994-09-22T03:00:00Z,17.9925,138.928,26.751088
EQ-usp0006rew__TC-TY9426,TY-EQ,1994-09-22T06:00:00Z,17.8,138.6,28.29442
EQ-usp0006rew__TC-TY9426,TY-EQ,1994-09-22T09:00:00Z,17.6425,138.313,28.29442
EQ-usp0006rew__TC-TY9426,TY-EQ,1994-09-22T12:00:00Z,17.5,138.1,28.29442
EQ-usp0006rew__TC-TY9426,TY-EQ,1994-09-22T15:00:00Z,17.3275,137.948,28.29442
EQ-usp0006rew__TC-TY9426,TY-EQ,1994-09-22T18:00:00Z,17.2,137.9,28.29442
EQ-usp0006rew__TC-TY9426,TY-EQ,1994-09-22T21:00:00Z,17.155,137.993,29.323308
EQ-usp0006rew__TC-TY9426,TY-EQ,1994-09-23T00:00:00Z,17.2,138.1,30.86664
EQ-usp0006rew__TC-TY9426,TY-EQ,1994-09-23T03:00:00Z,17.32,138.08,31.895528
EQ-usp0006rew__TC-TY9426,TY-EQ,1994-09-23T06:00:00Z,17.5,138.0,33.43886
EQ-usp0006rew__TC-TY9426,TY-EQ,1994-09-23T09:00:00Z,17.685,137.915,36.01108
EQ-usp0006rew__TC-TY9426,TY-EQ,1994-09-23T12:00:00Z,17.9,137.8,38.5833
EQ-usp0006rew__TC-TY9426,TY-EQ,1994-09-23T15:00:00Z,18.1425,137.665,41.15552
EQ-usp0006rew__TC-TY9426,TY-EQ,1994-09-23T18:00:00Z,18.4,137.5,43.72774
EQ-usp0006rew__TC-TY9426,TY-EQ,1994-09-23T21:00:00Z,18.665,137.3,44.756628
EQ-usp0006rew__TC-TY9426,TY-EQ,1994-09-24T00:00:00Z,18.9,137.1,46.29996
EQ-usp0006rew__TC-TY9426,TY-EQ,1994-09-24T03:00:00Z,19.0725,136.927,47.328848
EQ-usp0006rew__TC-TY9426,TY-EQ,1994-09-24T06:00:00Z,19.2,136.8,48.87218
EQ-usp0006rew__TC-TY9426,TY-EQ,1994-09-24T09:00:00Z,19.2925,136.727,49.901068
EQ-usp0006rew__TC-TY9426,TY-EQ,1994-09-24T12:00:00Z,19.4,136.7,51.4444
EQ-usp0006rew__TC-TY9426,TY-EQ,1994-09-24T15:00:00Z,19.585,136.692,51.4444
EQ-usp0006rew__TC-TY9426,TY-EQ,1994-09-24T18:00:00Z,19.8,136.7,51.4444
EQ-usp0006rew__TC-TY9426,TY-EQ,1994-09-24T21:00:00Z,19.9925,136.715,51.4444
EQ-usp0006rew__TC-TY9426,TY-EQ,1994-09-25T00:00:00Z,20.2,136.7,51.4444
EQ-usp0006rew__TC-TY9426,TY-EQ,1994-09-25T03:00:00Z,20.45,136.608,51.4444
EQ-usp0006rew__TC-TY9426,TY-EQ,1994-09-25T06:00:00Z,20.7,136.5,51.4444
EQ-usp0006rew__TC-TY9426,TY-EQ,1994-09-25T09:00:00Z,20.8775,136.457,51.4444
EQ-usp0006rew__TC-TY9426,TY-EQ,1994-09-25T12:00:00Z,21.1,136.4,51.4444
EQ-usp0006rew__TC-TY9426,TY-EQ,1994-09-25T15:00:00Z,21.485,136.273,51.4444
EQ-usp0006rew__TC-TY9426,TY-EQ,1994-09-25T18:00:00Z,21.9,136.1,51.4444
EQ-usp0006rew__TC-TY9426,TY-EQ,1994-09-25T21:00:00Z,22.1924,135.937,51.4444
EQ-usp0006rew__TC-TY9426,TY-EQ,1994-09-26T00:00:00Z,22.5,135.7,51.4444
EQ-usp0006rew__TC-TY9426,TY-EQ,1994-09-26T03:00:00Z,22.9501,135.33,51.4444
EQ-usp0006rew__TC-TY9426,TY-EQ,1994-09-26T06:00:00Z,23.4,134.9,51.4444
EQ-usp0006rew__TC-TY9426,TY-EQ,1994-09-26T09:00:00Z,23.7203,134.52,51.4444
EQ-usp0006rew__TC-TY9426,TY-EQ,1994-09-26T12:00:00Z,24.0,134.1,51.4444
EQ-usp0006rew__TC-TY9426,TY-EQ,1994-09-26T15:00:00Z,24.3,133.6,51.4444
EQ-usp0006rew__TC-TY9426,TY-EQ,1994-09-26T18:00:00Z,24.5,133.5,51.4444
EQ-usp0006rew__TC-TY9426,TY-EQ,1994-09-26T21:00:00Z,24.8,133.3,51.4444
EQ-usp0006rew__TC-TY9426,TY-EQ,1994-09-27T00:00:00Z,25.2,132.9,48.87218
EQ-usp0006rew__TC-TY9426,TY-EQ,1994-09-27T03:00:00Z,25.4,132.8,48.87218
EQ-usp0006rew__TC-TY9426,TY-EQ,1994-09-27T06:00:00Z,25.6,132.7,48.87218
EQ-usp0006rew__TC-TY9426,TY-EQ,1994-09-27T09:00:00Z,25.9,132.6,48.87218
EQ-usp0006rew__TC-TY9426,TY-EQ,1994-09-27T12:00:00Z,26.2,132.6,48.87218
EQ-usp0006rew__TC-TY9426,TY-EQ,1994-09-27T15:00:00Z,26.5,132.5,48.87218
EQ-usp0006rew__TC-TY9426,TY-EQ,1994-09-27T18:00:00Z,26.8,132.4,48.87218
EQ-usp0006rew__TC-TY9426,TY-EQ,1994-09-27T21:00:00Z,27.1,132.4,48.87218
EQ-usp0006rew__TC-TY9426,TY-EQ,1994-09-28T00:00:00Z,27.3,132.5,46.29996
EQ-usp0006rew__TC-TY9426,TY-EQ,1994-09-28T03:00:00Z,27.7,132.6,46.29996
EQ-usp0006rew__TC-TY9426,TY-EQ,1994-09-28T06:00:00Z,28.0,132.7,46.29996
EQ-usp0006rew__TC-TY9426,TY-EQ,1994-09-28T09:00:00Z,28.4,132.9,46.29996
EQ-usp0006rew__TC-TY9426,TY-EQ,1994-09-28T12:00:00Z,28.6,133.0,46.29996
EQ-usp0006rew__TC-TY9426,TY-EQ,1994-09-28T15:00:00Z,29.1,133.3,43.72774
EQ-usp0006rew__TC-TY9426,TY-EQ,1994-09-28T18:00:00Z,29.5,133.5,43.72774
EQ-usp0006rew__TC-TY9426,TY-EQ,1994-09-28T21:00:00Z,30.1,133.7,43.72774
EQ-usp0006rew__TC-TY9426,TY-EQ,1994-09-29T00:00:00Z,31.0,134.0,41.15552
EQ-usp0006rew__TC-TY9426,TY-EQ,1994-09-29T03:00:00Z,31.6,134.3,41.15552
EQ-usp0006rew__TC-TY9426,TY-EQ,1994-09-29T06:00:00Z,32.4,134.7,41.15552
EQ-usp0006rew__TC-TY9426,TY-EQ,1994-09-29T09:00:00Z,33.2,135.1,41.15552
EQ-usp0006rew__TC-TY9426,TY-EQ,1994-09-29T10:00:00Z,33.5,135.3,41.15552
EQ-usp0006rew__TC-TY9426,TY-EQ,1994-09-29T12:00:00Z,34.2,135.7,38.5833
EQ-usp0006rew__TC-TY9426,TY-EQ,1994-09-29T15:00:00Z,35.4,136.1,30.86664
EQ-usp0006rew__TC-TY9426,TY-EQ,1994-09-29T18:00:00Z,36.9,136.4,28.29442
EQ-usp0006rew__TC-TY9426,TY-EQ,1994-09-29T21:00:00Z,38.0,137.6,28.29442
EQ-usp0006rew__TC-TY9426,TY-EQ,1994-09-30T00:00:00Z,39.3,138.3,28.29442
EQ-usp0006rew__TC-TY9426,TY-EQ,1994-09-30T03:00:00Z,40.6,138.8,25.7222
EQ-usp0006rew__TC-TY9426,TY-EQ,1994-09-30T06:00:00Z,41.4,139.2,20.881366
EQ-usp0006rew__TC-TY9426,TY-EQ,1994-09-30T09:00:00Z,42.4748,139.848,18.086263
EQ-usp0006rew__TC-TY9426,TY-EQ,1994-09-30T12:00:00Z,43.5,140.5,15.027554
EQ-usp0006rew__TC-TY9426,TY-EQ,1994-09-30T15:00:00Z,44.042,140.67,14.208639
EQ-usp0006rew__TC-TY9426,TY-EQ,1994-09-30T18:00:00Z,44.5,141.0,13.362742
EQ-usp0006rew__TC-TY9426,TY-EQ,1994-09-30T21:00:00Z,45.2544,142.167,12.486127
EQ-usp0006rew__TC-TY9426,TY-EQ,1994-10-01T00:00:00Z,46.0,143.5,11.574055
EQ-usp0006rew__TC-TY9426,TY-EQ,1994-10-01T03:00:00Z,46.5357,144.367,11.574055
EQ-usp0006rew__TC-TY9426,TY-EQ,1994-10-01T06:00:00Z,47.0,145.0,11.574055
EQ-usp0006rew__TC-TY9426,TY-EQ,1994-10-01T09:00:00Z,47.4992,145.539,11.574055
EQ-usp0006rew__TC-TY9426,TY-EQ,1994-10-01T12:00:00Z,48.0,146.0,11.574055
EQ-usp0006rew__TC-TY9426,TY-EQ,1994-10-01T15:00:00Z,48.4998,146.501,12.486127
EQ-usp0006rew__TC-TY9426,TY-EQ,1994-10-01T18:00:00Z,49.0,147.0,13.362742
EQ-usp0006rew__TC-TY9426,TY-EQ,1994-10-01T21:00:00Z,49.5373,147.5,13.362742
EQ-usp0006rew__TC-TY9426,TY-EQ,1994-10-02T00:00:00Z,50.0,148.0,13.362742
EQ-usp0006rew__TC-TY9426,TY-EQ,1994-10-02T03:00:00Z,50.3252,148.538,13.362742
EQ-usp0006rew__TC-TY9426,TY-EQ,1994-10-02T06:00:00Z,50.5,149.0,13.362742
EQ-usp0006rew__TC-TY9426,TY-EQ,1994-10-02T09:00:00Z,50.5373,149.3,13.362742
EQ-usp0006rew__TC-TY9426,TY-EQ,1994-10-02T12:00:00Z,50.5,149.5,13.362742
EQ-usp0006bty__TC-TY9414,EQ-TY,1994-08-03T00:00:00Z,30.3,148.7,
EQ-usp0006bty__TC-TY9414,EQ-TY,1994-08-03T03:00:00Z,30.1875,148.6,
EQ-usp0006bty__TC-TY9414,EQ-TY,1994-08-03T06:00:00Z,30.1,148.5,
EQ-usp0006bty__TC-TY9414,EQ-TY,1994-08-03T09:00:00Z,30.05,148.4,
EQ-usp0006bty__TC-TY9414,EQ-TY,1994-08-03T12:00:00Z,30.0,148.3,
EQ-usp0006bty__TC-TY9414,EQ-TY,1994-08-03T15:00:00Z,29.9,148.2,
EQ-usp0006bty__TC-TY9414,EQ-TY,1994-08-03T18:00:00Z,29.8,148.1,
EQ-usp0006bty__TC-TY9414,EQ-TY,1994-08-03T21:00:00Z,29.75,148.0,
EQ-usp0006bty__TC-TY9414,EQ-TY,1994-08-04T00:00:00Z,29.7,147.9,
EQ-usp0006bty__TC-TY9414,EQ-TY,1994-08-04T03:00:00Z,29.6075,147.8,
EQ-usp0006bty__TC-TY9414,EQ-TY,1994-08-04T06:00:00Z,29.5,147.7,
EQ-usp0006bty__TC-TY9414,EQ-TY,1994-08-04T09:00:00Z,29.4,147.6,
EQ-usp0006bty__TC-TY9414,EQ-TY,1994-08-04T12:00:00Z,29.3,147.5,
EQ-usp0006bty__TC-TY9414,EQ-TY,1994-08-04T15:00:00Z,29.2,147.393,
EQ-usp0006bty__TC-TY9414,EQ-TY,1994-08-04T18:00:00Z,29.1,147.3,
EQ-usp0006bty__TC-TY9414,EQ-TY,1994-08-04T21:00:00Z,29.0,147.25,
EQ-usp0006bty__TC-TY9414,EQ-TY,1994-08-05T00:00:00Z,28.9,147.2,
EQ-usp0006bty__TC-TY9414,EQ-TY,1994-08-05T03:00:00Z,28.8,147.1,
EQ-usp0006bty__TC-TY9414,EQ-TY,1994-08-05T06:00:00Z,28.7,147.0,
EQ-usp0006bty__TC-TY9414,EQ-TY,1994-08-05T09:00:00Z,28.6,146.943,
EQ-usp0006bty__TC-TY9414,EQ-TY,1994-08-05T12:00:00Z,28.5,146.9,
EQ-usp0006bty__TC-TY9414,EQ-TY,1994-08-05T15:00:00Z,28.4075,146.858,
EQ-usp0006bty__TC-TY9414,EQ-TY,1994-08-05T18:00:00Z,28.3,146.8,
EQ-usp0006bty__TC-TY9414,EQ-TY,1994-08-05T21:00:00Z,28.18,146.7,
EQ-usp0006bty__TC-TY9414,EQ-TY,1994-08-06T00:00:00Z,28.5,146.5,4.739788
EQ-usp0006bty__TC-TY9414,EQ-TY,1994-08-06T03:00:00Z,28.25,146.495,4.739788
EQ-usp0006bty__TC-TY9414,EQ-TY,1994-08-06T06:00:00Z,28.0,146.5,4.739788
EQ-usp0006bty__TC-TY9414,EQ-TY,1994-08-06T09:00:00Z,27.75,146.515,4.739788
EQ-usp0006bty__TC-TY9414,EQ-TY,1994-08-06T12:00:00Z,27.5,146.5,4.739788
EQ-usp0006bty__TC-TY9414,EQ-TY,1994-08-06T15:00:00Z,27.25,146.423,4.739788
EQ-usp0006bty__TC-TY9414,EQ-TY,1994-08-06T18:00:00Z,27.0,146.3,4.739788
EQ-usp0006bty__TC-TY9414,EQ-TY,1994-08-06T21:00:00Z,26.7874,146.173,4.739788
EQ-usp0006bty__TC-TY9414,EQ-TY,1994-08-07T00:00:00Z,26.5,146.0,4.739788
EQ-usp0006bty__TC-TY9414,EQ-TY,1994-08-07T03:00:00Z,26.0,145.765,6.154059
EQ-usp0006bty__TC-TY9414,EQ-TY,1994-08-07T06:00:00Z,25.5,145.5,7.406657
EQ-usp0006bty__TC-TY9414,EQ-TY,1994-08-07T09:00:00Z,25.1751,145.213,7.406657
EQ-usp0006bty__TC-TY9414,EQ-TY,1994-08-07T12:00:00Z,25.0,145.0,7.406657
EQ-usp0006bty__TC-TY9414,EQ-TY,1994-08-07T15:00:00Z,24.9624,144.978,8.551302
EQ-usp0006bty__TC-TY9414,EQ-TY,1994-08-07T18:00:00Z,25.0,145.0,9.616676
EQ-usp0006bty__TC-TY9414,EQ-TY,1994-08-07T21:00:00Z,24.9922,144.982,10.620347
EQ-usp0006bty__TC-TY9414,EQ-TY,1994-08-08T00:00:00Z,25.0,144.8,11.574055
EQ-usp0006bty__TC-TY9414,EQ-TY,1994-08-08T03:00:00Z,25.043,144.303,12.486127
EQ-usp0006bty__TC-TY9414,EQ-TY,1994-08-08T06:00:00Z,25.1,143.7,18.00554
EQ-usp0006bty__TC-TY9414,EQ-TY,1994-08-08T09:00:00Z,25.1574,143.213,19.034428
EQ-usp0006bty__TC-TY9414,EQ-TY,1994-08-08T12:00:00Z,25.2,142.8,20.57776
EQ-usp0006bty__TC-TY9414,EQ-TY,1994-08-08T15:00:00Z,25.2298,142.478,20.57776
EQ-usp0006bty__TC-TY9414,EQ-TY,1994-08-08T18:00:00Z,25.2,142.2,20.57776
EQ-usp0006bty__TC-TY9414,EQ-TY,1994-08-08T21:00:00Z,25.0722,141.93,20.57776
EQ-usp0006bty__TC-TY9414,EQ-TY,1994-08-09T00:00:00Z,24.9,141.6,20.57776
EQ-usp0006bty__TC-TY9414,EQ-TY,1994-08-09T03:00:00Z,24.7428,141.107,21.606648
EQ-usp0006bty__TC-TY9414,EQ-TY,1994-08-09T06:00:00Z,24.6,140.6,23.14998
EQ-usp0006bty__TC-TY9414,EQ-TY,1994-08-09T09:00:00Z,24.4922,140.235,23.14998
EQ-usp0006bty__TC-TY9414,EQ-TY,1994-08-09T12:00:00Z,24.4,139.9,23.14998
EQ-usp0006bty__TC-TY9414,EQ-TY,1994-08-09T15:00:00Z,24.3151,139.493,24.178868
EQ-usp0006bty__TC-TY9414,EQ-TY,1994-08-09T18:00:00Z,24.2,139.1,25.7222
EQ-usp0006bty__TC-TY9414,EQ-TY,1994-08-09T21:00:00Z,24.0225,138.732,25.7222
EQ-usp0006bty__TC-TY9414,EQ-TY,1994-08-10T00:00:00Z,23.8,138.5,25.7222
EQ-usp0006bty__TC-TY9414,EQ-TY,1994-08-10T03:00:00Z,23.5274,138.483,25.7222
EQ-usp0006bty__TC-TY9414,EQ-TY,1994-08-10T06:00:00Z,23.3,138.6,25.7222
EQ-usp0006bty__TC-TY9414,EQ-TY,1994-08-10T09:00:00Z,23.1975,138.743,25.7222
EQ-usp0006bty__TC-TY9414,EQ-TY,1994-08-10T12:00:00Z,23.2,138.9,25.7222
EQ-usp0006bty__TC-TY9414,EQ-TY,1994-08-10T15:00:00Z,23.2475,139.037,25.7222
EQ-usp0006bty__TC-TY9414,EQ-TY,1994-08-10T18:00:00Z,23.4,139.1,25.7222
EQ-usp0006bty__TC-TY9414,EQ-TY,1994-08-10T21:00:00Z,23.6399,139.052,26.751088
EQ-usp0006bty__TC-TY9414,EQ-TY,1994-08-11T00:00:00Z,24.0,138.9,28.29442
EQ-usp0006bty__TC-TY9414,EQ-TY,1994-08-11T03:00:00Z,24.4698,138.71,28.29442
EQ-usp0006bty__TC-TY9414,EQ-TY,1994-08-11T06:00:00Z,25.0,138.4,28.29442
EQ-usp0006bty__TC-TY9414,EQ-TY,1994-08-11T09:00:00Z,25.5226,137.938,28.29442
EQ-usp0006bty__TC-TY9414,EQ-TY,1994-08-11T12:00:00Z,26.0,137.4,28.29442
EQ-usp0006bty__TC-TY9414,EQ-TY,1994-08-11T15:00:00Z,26.3797,136.907,28.29442
EQ-usp0006bty__TC-TY9414,EQ-TY,1994-08-11T18:00:00Z,26.7,136.4,28.29442
EQ-usp0006bty__TC-TY9414,EQ-TY,1994-08-11T21:00:00Z,26.9923,135.864,28.29442
EQ-usp0006bty__TC-TY9414,EQ-TY,1994-08-12T00:00:00Z,27.3,135.3,28.29442
EQ-usp0006bty__TC-TY9414,EQ-TY,1994-08-12T03:00:00Z,27.7069,134.687,30.86664
EQ-usp0006bty__TC-TY9414,EQ-TY,1994-08-12T06:00:00Z,28.1,134.1,33.43886
EQ-usp0006bty__TC-TY9414,EQ-TY,1994-08-12T09:00:00Z,28.4,133.6,33.43886
EQ-usp0006bty__TC-TY9414,EQ-TY,1994-08-12T12:00:00Z,28.8,133.0,36.01108
EQ-usp0006bty__TC-TY9414,EQ-TY,1994-08-12T15:00:00Z,29.1,132.3,36.01108
EQ-usp0006bty__TC-TY9414,EQ-TY,1994-08-12T18:00:00Z,29.4,131.5,36.01108
EQ-usp0006bty__TC-TY9414,EQ-TY,1994-08-12T21:00:00Z,29.7,130.8,36.01108
EQ-usp0006bty__TC-TY9414,EQ-TY,1994-08-13T00:00:00Z,30.0,130.2,36.01108
EQ-usp0006bty__TC-TY9414,EQ-TY,1994-08-13T03:00:00Z,30.3,129.5,36.01108
EQ-usp0006bty__TC-TY9414,EQ-TY,1994-08-13T06:00:00Z,30.6,128.9,36.01108
EQ-usp0006bty__TC-TY9414,EQ-TY,1994-08-13T09:00:00Z,30.9,128.1,36.01108
EQ-usp0006bty__TC-TY9414,EQ-TY,1994-08-13T12:00:00Z,31.2,127.4,36.01108
EQ-usp0006bty__TC-TY9414,EQ-TY,1994-08-13T15:00:00Z,31.5,126.6,36.01108
EQ-usp0006bty__TC-TY9414,EQ-TY,1994-08-13T18:00:00Z,31.7,125.9,33.43886
EQ-usp0006bty__TC-TY9414,EQ-TY,1994-08-13T21:00:00Z,31.9531,125.273,33.43886
EQ-usp0006bty__TC-TY9414,EQ-TY,1994-08-14T00:00:00Z,32.2,124.7,33.43886
EQ-usp0006bty__TC-TY9414,EQ-TY,1994-08-14T03:00:00Z,32.3723,124.127,31.895528
EQ-usp0006bty__TC-TY9414,EQ-TY,1994-08-14T06:00:00Z,32.5,123.6,30.86664
EQ-usp0006bty__TC-TY9414,EQ-TY,1994-08-14T09:00:00Z,32.5923,123.12,29.323308
EQ-usp0006bty__TC-TY9414,EQ-TY,1994-08-14T12:00:00Z,32.7,122.7,28.29442
EQ-usp0006bty__TC-TY9414,EQ-TY,1994-08-14T15:00:00Z,32.8475,122.29,26.751088
EQ-usp0006bty__TC-TY9414,EQ-TY,1994-08-14T18:00:00Z,33.1,122.0,25.7222
EQ-usp0006bty__TC-TY9414,EQ-TY,1994-08-14T21:00:00Z,33.4973,121.905,25.7222
EQ-usp0006bty__TC-TY9414,EQ-TY,1994-08-15T00:00:00Z,34.0,121.9,25.7222
EQ-usp0006bty__TC-TY9414,EQ-TY,1994-08-15T03:00:00Z,34.5425,121.85,25.7222
EQ-usp0006bty__TC-TY9414,EQ-TY,1994-08-15T06:00:00Z,35.1,121.8,25.7222
EQ-usp0006bty__TC-TY9414,EQ-TY,1994-08-15T09:00:00Z,35.5775,121.75,25.7222
EQ-usp0006bty__TC-TY9414,EQ-TY,1994-08-15T12:00:00Z,36.1,121.7,25.7222
EQ-usp0006bty__TC-TY9414,EQ-TY,1994-08-15T15:00:00Z,36.7473,121.585,25.7222
EQ-usp0006bty__TC-TY9414,EQ-TY,1994-08-15T18:00:00Z,37.5,121.6,25.7222
EQ-usp0006bty__TC-TY9414,EQ-TY,1994-08-15T21:00:00Z,38.3497,121.887,24.178868
EQ-usp0006bty__TC-TY9414,EQ-TY,1994-08-16T00:00:00Z,39.2,122.4,23.14998
EQ-usp0006bty__TC-TY9414,EQ-TY,1994-08-16T03:00:00Z,39.8753,122.956,21.606648
EQ-usp0006bty__TC-TY9414,EQ-TY,1994-08-16T06:00:00Z,40.6,123.8,20.57776
EQ-usp0006bty__TC-TY9414,EQ-TY,1994-08-16T09:00:00Z,41.447,124.99,15.8225
EQ-usp0006bty__TC-TY9414,EQ-TY,1994-08-16T12:00:00Z,42.6,126.6,13.362742
EQ-usp0006bty__TC-TY9414,EQ-TY,1994-08-16T15:00:00Z,44.3039,128.69,12.486127
EQ-usp0006bty__TC-TY9414,EQ-TY,1994-08-16T18:00:00Z,46.0,131.0,11.574055
EQ-usp0006bty__TC-TY9414,EQ-TY,1994-08-16T21:00:00Z,47.0162,132.922,12.486127
EQ-usp0006bty__TC-TY9414,EQ-TY,1994-08-17T00:00:00Z,48.0,135.0,13.362742
EQ-usp0006bty__TC-TY9414,EQ-TY,1994-08-17T03:00:00Z,49.5877,137.958,14.208639
EQ-usp0006bty__TC-TY9414,EQ-TY,1994-08-17T06:00:00Z,51.0,141.0,15.027554
EQ-usp0006bty__TC-TY9414,EQ-TY,1994-08-17T09:00:00Z,51.5988,143.189,15.027554
EQ-usp0006bty__TC-TY9414,EQ-TY,1994-08-17T12:00:00Z,52.0,145.0,15.027554
EQ-usp0006bty__TC-TY9414,EQ-TY,1994-08-17T15:00:00Z,52.7467,146.997,15.8225
EQ-usp0006bty__TC-TY9414,EQ-TY,1994-08-17T18:00:00Z,53.5,149.0,16.595947
EQ-usp0006bty__TC-TY9414,EQ-TY,1994-08-17T21:00:00Z,54.0025,151.158,16.595947
EQ-usp0006bty__TC-TY9414,EQ-TY,1994-08-18T00:00:00Z,54.5,153.0,16.595947
EQ-usp0006bty__TC-TY9414,EQ-TY,1994-08-18T03:00:00Z,55.244,154.154,17.349955
EQ-usp0006bty__TC-TY9414,EQ-TY,1994-08-18T06:00:00Z,56.0,155.0,18.086263
EQ-usp0006bty__TC-TY9414,EQ-TY,1994-08-18T09:00:00Z,56.5366,156.006,16.595947
EQ-usp0006bty__TC-TY9414,EQ-TY,1994-08-18T12:00:00Z,57.0,157.0,15.027554
EQ-usp0006bty__TC-TY9414,EQ-TY,1994-08-18T15:00:00Z,57.4167,157.801,13.362742
EQ-usp0006bty__TC-TY9414,EQ-TY,1994-08-18T18:00:00Z,58.0,159.0,11.574055
EQ-usp0006bty__TC-TY9414,EQ-TY,1994-08-18T21:00:00Z,58.9353,161.33,10.620347
EQ-usp0006bty__TC-TY9414,EQ-TY,1994-08-19T00:00:00Z,60.0,164.0,9.616676
EQ-usp0006bty__TC-TY9414,EQ-TY,1994-08-19T03:00:00Z,61.0605,165.94,9.616676
EQ-usp0006bty__TC-TY9414,EQ-TY,1994-08-19T06:00:00Z,62.0,168.0,9.616676
EQ-usp0006bty__TC-TY9414,EQ-TY,1994-08-19T09:00:00Z,62.2104,171.045,9.616676
EQ-usp0006bty__TC-TY9414,EQ-TY,1994-08-19T12:00:00Z,63.0,174.0,9.616676
EQ-usp0006bty__TC-TY9414,EQ-TY,1994-08-19T15:00:00Z,65.4735,176.445,9.616676
EQ-usp0006bty__TC-TY9414,EQ-TY,1994-08-19T18:00:00Z,69.0,179.0,9.616676
EQ-usp00064a8__TC-TY9311,TY-EQ,1993-08-17T00:00:00Z,10.1,158.6,
EQ-usp00064a8__TC-TY9311,TY-EQ,1993-08-17T03:00:00Z,10.35,158.608,
EQ-usp00064a8__TC-TY9311,TY-EQ,1993-08-17T06:00:00Z,10.6,158.6,
EQ-usp00064a8__TC-TY9311,TY-EQ,1993-08-17T09:00:00Z,10.85,158.565,
EQ-usp00064a8__TC-TY9311,TY-EQ,1993-08-17T12:00:00Z,11.1,158.5,
EQ-usp00064a8__TC-TY9311,TY-EQ,1993-08-17T15:00:00Z,11.3575,158.415,
EQ-usp00064a8__TC-TY9311,TY-EQ,1993-08-17T18:00:00Z,11.6,158.3,
EQ-usp00064a8__TC-TY9311,TY-EQ,1993-08-17T21:00:00Z,11.8075,158.157,
EQ-usp00064a8__TC-TY9311,TY-EQ,1993-08-18T00:00:00Z,12.0,158.0,
EQ-usp00064a8__TC-TY9311,TY-EQ,1993-08-18T03:00:00Z,12.2,157.85,
EQ-usp00064a8__TC-TY9311,TY-EQ,1993-08-18T06:00:00Z,12.4,157.7,
EQ-usp00064a8__TC-TY9311,TY-EQ,1993-08-18T09:00:00Z,12.6075,157.557,
EQ-usp00064a8__TC-TY9311,TY-EQ,1993-08-18T12:00:00Z,12.8,157.4,
EQ-usp00064a8__TC-TY9311,TY-EQ,1993-08-18T15:00:00Z,12.9575,157.207,
EQ-usp00064a8__TC-TY9311,TY-EQ,1993-08-18T18:00:00Z,13.1,157.0,
EQ-usp00064a8__TC-TY9311,TY-EQ,1993-08-18T21:00:00Z,13.25,156.8,
EQ-usp00064a8__TC-TY9311,TY-EQ,1993-08-19T00:00:00Z,13.4,156.6,
EQ-usp00064a8__TC-TY9311,TY-EQ,1993-08-19T03:00:00Z,13.55,156.4,
EQ-usp00064a8__TC-TY9311,TY-EQ,1993-08-19T06:00:00Z,13.7,156.2,
EQ-usp00064a8__TC-TY9311,TY-EQ,1993-08-19T09:00:00Z,13.8575,156.007,
EQ-usp00064a8__TC-TY9311,TY-EQ,1993-08-19T12:00:00Z,14.0,155.8,
EQ-usp00064a8__TC-TY9311,TY-EQ,1993-08-19T15:00:00Z,14.1075,155.557,
EQ-usp00064a8__TC-TY9311,TY-EQ,1993-08-19T18:00:00Z,14.2,155.3,
EQ-usp00064a8__TC-TY9311,TY-EQ,1993-08-19T21:00:00Z,14.3074,155.058,
EQ-usp00064a8__TC-TY9311,TY-EQ,1993-08-20T00:00:00Z,14.4,154.8,
EQ-usp00064a8__TC-TY9311,TY-EQ,1993-08-20T03:00:00Z,14.4575,154.515,
EQ-usp00064a8__TC-TY9311,TY-EQ,1993-08-20T06:00:00Z,14.5,154.2,
EQ-usp00064a8__TC-TY9311,TY-EQ,1993-08-20T09:00:00Z,14.5274,153.865,
EQ-usp00064a8__TC-TY9311,TY-EQ,1993-08-20T12:00:00Z,14.6,153.5,
EQ-usp00064a8__TC-TY9311,TY-EQ,1993-08-20T15:00:00Z,14.7401,153.085,
EQ-usp00064a8__TC-TY9311,TY-EQ,1993-08-20T18:00:00Z,15.0,152.7,
EQ-usp00064a8__TC-TY9311,TY-EQ,1993-08-20T21:00:00Z,15.405,152.375,
EQ-usp00064a8__TC-TY9311,TY-EQ,1993-08-21T00:00:00Z,15.9,152.2,
EQ-usp00064a8__TC-TY9311,TY-EQ,1993-08-21T03:00:00Z,16.3999,152.225,
EQ-usp00064a8__TC-TY9311,TY-EQ,1993-08-21T06:00:00Z,17.02,152.68,
EQ-usp00064a8__TC-TY9311,TY-EQ,1993-08-21T09:00:00Z,17.5393,152.902,
EQ-usp00064a8__TC-TY9311,TY-EQ,1993-08-21T12:00:00Z,18.6,153.6,7.406657
EQ-usp00064a8__TC-TY9311,TY-EQ,1993-08-21T15:00:00Z,18.7,153.503,8.551302
EQ-usp00064a8__TC-TY9311,TY-EQ,1993-08-21T18:00:00Z,18.8,153.4,9.616676
EQ-usp00064a8__TC-TY9311,TY-EQ,1993-08-21T21:00:00Z,18.9,153.292,10.620347
EQ-usp00064a8__TC-TY9311,TY-EQ,1993-08-22T00:00:00Z,19.0,153.2,11.574055
EQ-usp00064a8__TC-TY9311,TY-EQ,1993-08-22T03:00:00Z,19.085,153.15,13.362742
EQ-usp00064a8__TC-TY9311,TY-EQ,1993-08-22T06:00:00Z,19.2,153.1,18.00554
EQ-usp00064a8__TC-TY9311,TY-EQ,1993-08-22T09:00:00Z,19.385,153.015,18.00554
EQ-usp00064a8__TC-TY9311,TY-EQ,1993-08-22T12:00:00Z,19.6,152.9,18.00554
EQ-usp00064a8__TC-TY9311,TY-EQ,1993-08-22T15:00:00Z,19.7849,152.78,19.034428
EQ-usp00064a8__TC-TY9311,TY-EQ,1993-08-22T18:00:00Z,20.0,152.6,20.57776
EQ-usp00064a8__TC-TY9311,TY-EQ,1993-08-22T21:00:00Z,20.2701,152.315,20.57776
EQ-usp00064a8__TC-TY9311,TY-EQ,1993-08-23T00:00:00Z,20.6,152.0,20.57776
EQ-usp00064a8__TC-TY9311,TY-EQ,1993-08-23T03:00:00Z,20.9698,151.765,21.606648
EQ-usp00064a8__TC-TY9311,TY-EQ,1993-08-23T06:00:00Z,21.4,151.5,23.14998
EQ-usp00064a8__TC-TY9311,TY-EQ,1993-08-23T09:00:00Z,21.915,151.123,24.178868
EQ-usp00064a8__TC-TY9311,TY-EQ,1993-08-23T12:00:00Z,22.4,150.7,25.7222
EQ-usp00064a8__TC-TY9311,TY-EQ,1993-08-23T15:00:00Z,22.73,150.285,25.7222
EQ-usp00064a8__TC-TY9311,TY-EQ,1993-08-23T18:00:00Z,23.0,149.9,25.7222
EQ-usp00064a8__TC-TY9311,TY-EQ,1993-08-23T21:00:00Z,23.2849,149.577,26.751088
EQ-usp00064a8__TC-TY9311,TY-EQ,1993-08-24T00:00:00Z,23.6,149.3,28.29442
EQ-usp00064a8__TC-TY9311,TY-EQ,1993-08-24T03:00:00Z,23.9924,149.05,28.29442
EQ-usp00064a8__TC-TY9311,TY-EQ,1993-08-24T06:00:00Z,24.4,148.8,28.29442
EQ-usp00064a8__TC-TY9311,TY-EQ,1993-08-24T09:00:00Z,24.7499,148.515,28.29442
EQ-usp00064a8__TC-TY9311,TY-EQ,1993-08-24T12:00:00Z,25.1,148.2,28.29442
EQ-usp00064a8__TC-TY9311,TY-EQ,1993-08-24T15:00:00Z,25.4924,147.865,28.29442
EQ-usp00064a8__TC-TY9311,TY-EQ,1993-08-24T18:00:00Z,25.9,147.5,28.29442
EQ-usp00064a8__TC-TY9311,TY-EQ,1993-08-24T21:00:00Z,26.2588,147.147,28.29442
EQ-usp00064a8__TC-TY9311,TY-EQ,1993-08-25T00:00:00Z,26.7,146.7,28.29442
EQ-usp00064a8__TC-TY9311,TY-EQ,1993-08-25T03:00:00Z,27.3,146.1,30.86664
EQ-usp00064a8__TC-TY9311,TY-EQ,1993-08-25T06:00:00Z,27.9,145.4,33.43886
EQ-usp00064a8__TC-TY9311,TY-EQ,1993-08-25T09:00:00Z,28.3,144.6,33.43886
EQ-usp00064a8__TC-TY9311,TY-EQ,1993-08-25T12:00:00Z,28.6,143.8,36.01108
EQ-usp00064a8__TC-TY9311,TY-EQ,1993-08-25T15:00:00Z,28.8,143.2,36.01108
EQ-usp00064a8__TC-TY9311,TY-EQ,1993-08-25T18:00:00Z,29.0,142.7,36.01108
EQ-usp00064a8__TC-TY9311,TY-EQ,1993-08-25T21:00:00Z,29.3,142.0,36.01108
EQ-usp00064a8__TC-TY9311,TY-EQ,1993-08-26T00:00:00Z,29.7,141.5,36.01108
EQ-usp00064a8__TC-TY9311,TY-EQ,1993-08-26T03:00:00Z,30.0,141.2,36.01108
EQ-usp00064a8__TC-TY9311,TY-EQ,1993-08-26T06:00:00Z,30.5,141.0,33.43886
EQ-usp00064a8__TC-TY9311,TY-EQ,1993-08-26T09:00:00Z,30.9,140.9,33.43886
EQ-usp00064a8__TC-TY9311,TY-EQ,1993-08-26T12:00:00Z,31.4,140.8,33.43886
EQ-usp00064a8__TC-TY9311,TY-EQ,1993-08-26T15:00:00Z,32.0,140.7,33.43886
EQ-usp00064a8__TC-TY9311,TY-EQ,1993-08-26T18:00:00Z,32.6,140.6,33.43886
EQ-usp00064a8__TC-TY9311,TY-EQ,1993-08-26T21:00:00Z,33.2,140.6,33.43886
EQ-usp00064a8__TC-TY9311,TY-EQ,1993-08-27T00:00:00Z,33.9,140.6,33.43886
EQ-usp00064a8__TC-TY9311,TY-EQ,1993-08-27T03:00:00Z,35.0,140.6,33.43886
EQ-usp00064a8__TC-TY9311,TY-EQ,1993-08-27T06:00:00Z,35.6,140.8,33.43886
EQ-usp00064a8__TC-TY9311,TY-EQ,1993-08-27T09:00:00Z,36.3,141.1,30.86664
EQ-usp00064a8__TC-TY9311,TY-EQ,1993-08-27T12:00:00Z,37.1,141.5,30.86664
EQ-usp00064a8__TC-TY9311,TY-EQ,1993-08-27T15:00:00Z,38.0,141.9,30.86664
EQ-usp00064a8__TC-TY9311,TY-EQ,1993-08-27T18:00:00Z,39.1,142.4,30.86664
EQ-usp00064a8__TC-TY9311,TY-EQ,1993-08-27T21:00:00Z,40.5,143.2,30.86664
EQ-usp00064a8__TC-TY9311,TY-EQ,1993-08-28T00:00:00Z,41.9,143.8,28.29442
EQ-usp00064a8__TC-TY9311,TY-EQ,1993-08-28T02:00:00Z,42.8,144.2,28.29442
EQ-usp00064a8__TC-TY9311,TY-EQ,1993-08-28T03:00:00Z,43.3,144.4,25.7222
EQ-usp00064a8__TC-TY9311,TY-EQ,1993-08-28T06:00:00Z,44.7,145.1,23.482894
EQ-usp00064a8__TC-TY9311,TY-EQ,1993-08-28T09:00:00Z,45.6879,145.6,22.848006
EQ-usp00064a8__TC-TY9311,TY-EQ,1993-08-28T12:00:00Z,46.5,146.0,22.203211
EQ-usp00064a8__TC-TY9311,TY-EQ,1993-08-28T15:00:00Z,47.5227,146.528,21.547893
EQ-usp00064a8__TC-TY9311,TY-EQ,1993-08-28T18:00:00Z,48.5,147.0,20.881366
EQ-usp00064a8__TC-TY9311,TY-EQ,1993-08-28T21:00:00Z,49.287,147.291,20.202862
EQ-usp00064a8__TC-TY9311,TY-EQ,1993-08-29T00:00:00Z,50.0,147.5,19.511519
EQ-usp00064a8__TC-TY9311,TY-EQ,1993-08-29T03:00:00Z,50.7496,147.715,18.806357
EQ-usp00064a8__TC-TY9311,TY-EQ,1993-08-29T06:00:00Z,51.5,148.0,18.086263
EQ-usp00064a8__TC-TY9311,TY-EQ,1993-08-29T09:00:00Z,52.2871,148.425,18.086263
EQ-usp00064a8__TC-TY9311,TY-EQ,1993-08-29T12:00:00Z,53.0,149.0,18.086263
EQ-usp00064a8__TC-TY9311,TY-EQ,1993-08-29T15:00:00Z,53.5376,149.714,18.086263
EQ-usp00064a8__TC-TY9311,TY-EQ,1993-08-29T18:00:00Z,54.0,150.5,18.086263
EQ-usp00064a8__TC-TY9311,TY-EQ,1993-08-29T21:00:00Z,54.4988,151.216,17.349955
EQ-usp00064a8__TC-TY9311,TY-EQ,1993-08-30T00:00:00Z,55.0,152.0,16.595947
EQ-usp00064a8__TC-TY9311,TY-EQ,1993-08-30T03:00:00Z,55.5,152.964,16.595947
EQ-usp00064a8__TC-TY9311,TY-EQ,1993-08-30T06:00:00Z,56.0,154.0,16.595947
EQ-usp00064a8__TC-TY9311,TY-EQ,1993-08-30T09:00:00Z,56.5357,154.963,16.595947
EQ-usp00064a8__TC-TY9311,TY-EQ,1993-08-30T12:00:00Z,57.0,156.0,16.595947
EQ-usp00064a8__TC-TY9311,TY-EQ,1993-08-30T15:00:00Z,57.3034,157.199,17.349955
EQ-usp00064a8__TC-TY9311,TY-EQ,1993-08-30T18:00:00Z,57.5,158.5,18.086263
EQ-usp00061cj__TC-TY9313,TY-EQ,1993-08-27T12:00:00Z,17.0,141.7,
EQ-usp00061cj__TC-TY9313,TY-EQ,1993-08-27T15:00:00Z,17.3501,141.543,
EQ-usp00061cj__TC-TY9313,TY-EQ,1993-08-27T18:00:00Z,17.7,141.4,
EQ-usp00061cj__TC-TY9313,TY-EQ,1993-08-27T21:00:00Z,18.0499,141.272,
EQ-usp00061cj__TC-TY9313,TY-EQ,1993-08-28T00:00:00Z,18.4,141.1,
EQ-usp00061cj__TC-TY9313,TY-EQ,1993-08-28T03:00:00Z,18.765,140.838,
EQ-usp00061cj__TC-TY9313,TY-EQ,1993-08-28T06:00:00Z,19.1,140.5,
EQ-usp00061cj__TC-TY9313,TY-EQ,1993-08-28T09:00:00Z,19.3874,140.123,
EQ-usp00061cj__TC-TY9313,TY-EQ,1993-08-28T12:00:00Z,19.6,139.7,
EQ-usp00061cj__TC-TY9313,TY-EQ,1993-08-28T15:00:00Z,19.7299,139.265,
EQ-usp00061cj__TC-TY9313,TY-EQ,1993-08-28T18:00:00Z,19.8,138.8,
EQ-usp00061cj__TC-TY9313,TY-EQ,1993-08-28T21:00:00Z,19.8574,138.307,
EQ-usp00061cj__TC-TY9313,TY-EQ,1993-08-29T00:00:00Z,19.5,138.0,9.616676
EQ-usp00061cj__TC-TY9313,TY-EQ,1993-08-29T03:00:00Z,19.4934,137.205,9.616676
EQ-usp00061cj__TC-TY9313,TY-EQ,1993-08-29T06:00:00Z,19.5,136.5,9.616676
EQ-usp00061cj__TC-TY9313,TY-EQ,1993-08-29T09:00:00Z,19.5346,135.948,10.620347
EQ-usp00061cj__TC-TY9313,TY-EQ,1993-08-29T12:00:00Z,19.6,135.5,11.574055
EQ-usp00061cj__TC-TY9313,TY-EQ,1993-08-29T15:00:00Z,19.6774,135.062,12.486127
EQ-usp00061cj__TC-TY9313,TY-EQ,1993-08-29T18:00:00Z,19.8,134.7,13.362742
EQ-usp00061cj__TC-TY9313,TY-EQ,1993-08-29T21:00:00Z,19.9848,134.442,14.208639
EQ-usp00061cj__TC-TY9313,TY-EQ,1993-08-30T00:00:00Z,20.2,134.2,18.00554
EQ-usp00061cj__TC-TY9313,TY-EQ,1993-08-30T03:00:00Z,20.4146,133.917,18.00554
EQ-usp00061cj__TC-TY9313,TY-EQ,1993-08-30T06:00:00Z,20.6,133.5,18.00554
EQ-usp00061cj__TC-TY9313,TY-EQ,1993-08-30T09:00:00Z,20.73,132.868,18.00554
EQ-usp00061cj__TC-TY9313,TY-EQ,1993-08-30T12:00:00Z,20.8,132.1,18.00554
EQ-usp00061cj__TC-TY9313,TY-EQ,1993-08-30T15:00:00Z,20.8301,131.293,18.00554
EQ-usp00061cj__TC-TY9313,TY-EQ,1993-08-30T18:00:00Z,20.8,130.5,18.00554
EQ-usp00061cj__TC-TY9313,TY-EQ,1993-08-30T21:00:00Z,20.6997,129.805,19.034428
EQ-usp00061cj__TC-TY9313,TY-EQ,1993-08-31T00:00:00Z,20.6,129.2,20.57776
EQ-usp00061cj__TC-TY9313,TY-EQ,1993-08-31T03:00:00Z,20.5773,128.655,21.606648
EQ-usp00061cj__TC-TY9313,TY-EQ,1993-08-31T06:00:00Z,20.6,128.2,23.14998
EQ-usp00061cj__TC-TY9313,TY-EQ,1993-08-31T09:00:00Z,20.6047,127.835,24.178868
EQ-usp00061cj__TC-TY9313,TY-EQ,1993-08-31T12:00:00Z,20.7,127.5,25.7222
EQ-usp00061cj__TC-TY9313,TY-EQ,1993-08-31T15:00:00Z,20.9551,127.093,26.751088
EQ-usp00061cj__TC-TY9313,TY-EQ,1993-08-31T18:00:00Z,21.3,126.7,28.29442
EQ-usp00061cj__TC-TY9313,TY-EQ,1993-08-31T21:00:00Z,21.6328,126.386,29.323308
EQ-usp00061cj__TC-TY9313,TY-EQ,1993-09-01T00:00:00Z,22.0,126.1,30.86664
EQ-usp00061cj__TC-TY9313,TY-EQ,1993-09-01T03:00:00Z,22.4,125.8,36.01108
EQ-usp00061cj__TC-TY9313,TY-EQ,1993-09-01T06:00:00Z,22.8,125.5,38.5833
EQ-usp00061cj__TC-TY9313,TY-EQ,1993-09-01T09:00:00Z,23.1,125.4,38.5833
EQ-usp00061cj__TC-TY9313,TY-EQ,1993-09-01T12:00:00Z,23.4,125.3,41.15552
EQ-usp00061cj__TC-TY9313,TY-EQ,1993-09-01T15:00:00Z,23.7,125.3,41.15552
EQ-usp00061cj__TC-TY9313,TY-EQ,1993-09-01T18:00:00Z,24.1,125.4,43.72774
EQ-usp00061cj__TC-TY9313,TY-EQ,1993-09-01T21:00:00Z,24.5,125.5,43.72774
EQ-usp00061cj__TC-TY9313,TY-EQ,1993-09-02T00:00:00Z,25.0,125.7,46.29996
EQ-usp00061cj__TC-TY9313,TY-EQ,1993-09-02T03:00:00Z,25.5,126.0,46.29996
EQ-usp00061cj__TC-TY9313,TY-EQ,1993-09-02T06:00:00Z,26.0,126.3,48.87218
EQ-usp00061cj__TC-TY9313,TY-EQ,1993-09-02T09:00:00Z,26.5,126.7,48.87218
EQ-usp00061cj__TC-TY9313,TY-EQ,1993-09-02T12:00:00Z,27.0,127.1,48.87218
EQ-usp00061cj__TC-TY9313,TY-EQ,1993-09-02T15:00:00Z,27.5,127.5,48.87218
EQ-usp00061cj__TC-TY9313,TY-EQ,1993-09-02T18:00:00Z,28.1,128.0,48.87218
EQ-usp00061cj__TC-TY9313,TY-EQ,1993-09-02T21:00:00Z,28.7,128.5,48.87218
EQ-usp00061cj__TC-TY9313,TY-EQ,1993-09-03T00:00:00Z,29.5,129.1,48.87218
EQ-usp00061cj__TC-TY9313,TY-EQ,1993-09-03T03:00:00Z,30.2,129.7,48.87218
EQ-usp00061cj__TC-TY9313,TY-EQ,1993-09-03T06:00:00Z,30.9,130.3,48.87218
EQ-usp00061cj__TC-TY9313,TY-EQ,1993-09-03T09:00:00Z,31.9,131.1,43.72774
EQ-usp00061cj__TC-TY9313,TY-EQ,1993-09-03T12:00:00Z,32.8,131.8,38.5833
EQ-usp00061cj__TC-TY9313,TY-EQ,1993-09-03T14:00:00Z,33.3,132.3,33.43886
EQ-usp00061cj__TC-TY9313,TY-EQ,1993-09-03T15:00:00Z,33.7,132.6,33.43886
EQ-usp00061cj__TC-TY9313,TY-EQ,1993-09-03T16:00:00Z,34.1,132.9,33.43886
EQ-usp00061cj__TC-TY9313,TY-EQ,1993-09-03T18:00:00Z,35.1,133.7,30.86664
EQ-usp00061cj__TC-TY9313,TY-EQ,1993-09-03T21:00:00Z,36.4,134.9,28.29442
EQ-usp00061cj__TC-TY9313,TY-EQ,1993-09-04T00:00:00Z,37.2,135.6,28.29442
EQ-usp00061cj__TC-TY9313,TY-EQ,1993-09-04T03:00:00Z,38.2,136.2,28.29442
EQ-usp00061cj__TC-TY9313,TY-EQ,1993-09-04T06:00:00Z,39.3,136.7,25.7222
EQ-usp00061cj__TC-TY9313,TY-EQ,1993-09-04T09:00:00Z,40.2,137.0,25.7222
EQ-usp00061cj__TC-TY9313,TY-EQ,1993-09-04T12:00:00Z,41.0,137.0,20.881366
EQ-usp00061cj__TC-TY9313,TY-EQ,1993-09-04T15:00:00Z,41.3624,137.034,19.511519
EQ-usp00061cj__TC-TY9313,TY-EQ,1993-09-04T18:00:00Z,41.5,137.0,18.086263
EQ-usp00061cj__TC-TY9313,TY-EQ,1993-09-04T21:00:00Z,41.7876,136.788,16.595947
EQ-usp00061cj__TC-TY9313,TY-EQ,1993-09-05T00:00:00Z,42.0,136.5,15.027554
EQ-usp00061cj__TC-TY9313,TY-EQ,1993-09-05T03:00:00Z,42.0749,136.25,13.362742
EQ-usp00061cj__TC-TY9313,TY-EQ,1993-09-05T06:00:00Z,42.0,136.0,11.574055
EQ-usp00061cj__TC-TY9313,TY-EQ,1993-09-05T09:00:00Z,41.7876,135.712,9.616676
EQ-usp00061cj__TC-TY9313,TY-EQ,1993-09-05T12:00:00Z,41.5,135.5,7.406657
EQ-usp00061cj__TC-TY9313,TY-EQ,1993-09-05T15:00:00Z,41.2499,135.463,6.154059
EQ-usp00061cj__TC-TY9313,TY-EQ,1993-09-05T18:00:00Z,41.0,135.5,4.739788
EQ-usp00061cj__TC-TY9313,TY-EQ,1993-09-05T21:00:00Z,40.75,135.5,3.033162
EQ-usp00061cj__TC-TY9313,TY-EQ,1993-09-06T00:00:00Z,40.5,135.5,
EQ-usp00061cj__TC-TY9313,TY-EQ,1993-09-06T03:00:00Z,40.2125,135.5,
EQ-usp00061cj__TC-TY9313,TY-EQ,1993-09-06T06:00:00Z,40.0,135.5,
EQ-usp00061cj__TC-TY9313,TY-EQ,1993-09-06T09:00:00Z,39.9624,135.537,
EQ-usp00061cj__TC-TY9313,TY-EQ,1993-09-06T12:00:00Z,40.0,135.5,
EQ-usp00061cj__TC-TY9313,TY-EQ,1993-09-06T15:00:00Z,40.0003,135.25,
EQ-usp00061cj__TC-TY9313,TY-EQ,1993-09-06T18:00:00Z,40.0,135.0,
EQ-usp00061cj__TC-TY9313,TY-EQ,1993-09-06T21:00:00Z,39.9998,135.0,
EQ-usp00061cj__TC-TY9313,TY-EQ,1993-09-07T00:00:00Z,40.0,135.0,
EQ-usp00061cj__TC-TY9313,TY-EQ,1993-09-07T03:00:00Z,40.0376,134.788,
EQ-usp00061cj__TC-TY9313,TY-EQ,1993-09-07T06:00:00Z,40.0,134.5,
EQ-usp00061cj__TC-TY9313,TY-EQ,1993-09-07T09:00:00Z,39.8,134.237,
EQ-usp00061cj__TC-TY9313,TY-EQ,1993-09-07T12:00:00Z,39.5,134.0,
EQ-usp0005c3t__TC-TY9210,Simultaneous,1992-07-30T00:00:00Z,5.0,154.3,
EQ-usp0005c3t__TC-TY9210,Simultaneous,1992-07-30T03:00:00Z,5.0025,154.2,
EQ-usp0005c3t__TC-TY9210,Simultaneous,1992-07-30T06:00:00Z,5.0,154.1,
EQ-usp0005c3t__TC-TY9210,Simultaneous,1992-07-30T09:00:00Z,4.9925,154.0,
EQ-usp0005c3t__TC-TY9210,Simultaneous,1992-07-30T12:00:00Z,5.0,153.9,
EQ-usp0005c3t__TC-TY9210,Simultaneous,1992-07-30T15:00:00Z,5.035,153.8,
EQ-usp0005c3t__TC-TY9210,Simultaneous,1992-07-30T18:00:00Z,5.1,153.7,
EQ-usp0005c3t__TC-TY9210,Simultaneous,1992-07-30T21:00:00Z,5.185,153.6,
EQ-usp0005c3t__TC-TY9210,Simultaneous,1992-07-31T00:00:00Z,5.3,153.5,
EQ-usp0005c3t__TC-TY9210,Simultaneous,1992-07-31T03:00:00Z,5.4425,153.4,
EQ-usp0005c3t__TC-TY9210,Simultaneous,1992-07-31T06:00:00Z,5.6,153.3,
EQ-usp0005c3t__TC-TY9210,Simultaneous,1992-07-31T09:00:00Z,5.75,153.2,
EQ-usp0005c3t__TC-TY9210,Simultaneous,1992-07-31T12:00:00Z,5.9,153.1,
EQ-usp0005c3t__TC-TY9210,Simultaneous,1992-07-31T15:00:00Z,6.04249,153.015,
EQ-usp0005c3t__TC-TY9210,Simultaneous,1992-07-31T18:00:00Z,6.2,152.9,
EQ-usp0005c3t__TC-TY9210,Simultaneous,1992-07-31T21:00:00Z,6.385,152.722,
EQ-usp0005c3t__TC-TY9210,Simultaneous,1992-08-01T00:00:00Z,6.6,152.5,
EQ-usp0005c3t__TC-TY9210,Simultaneous,1992-08-01T03:00:00Z,6.83499,152.265,
EQ-usp0005c3t__TC-TY9210,Simultaneous,1992-08-01T06:00:00Z,7.1,152.0,
EQ-usp0005c3t__TC-TY9210,Simultaneous,1992-08-01T09:00:00Z,7.39251,151.7,
EQ-usp0005c3t__TC-TY9210,Simultaneous,1992-08-01T12:00:00Z,7.7,151.4,
EQ-usp0005c3t__TC-TY9210,Simultaneous,1992-08-01T15:00:00Z,7.99992,151.165,
EQ-usp0005c3t__TC-TY9210,Simultaneous,1992-08-01T18:00:00Z,8.3,150.9,
EQ-usp0005c3t__TC-TY9210,Simultaneous,1992-08-01T21:00:00Z,8.59999,150.53,
EQ-usp0005c3t__TC-TY9210,Simultaneous,1992-08-02T00:00:00Z,9.12,149.88,
EQ-usp0005c3t__TC-TY9210,Simultaneous,1992-08-02T03:00:00Z,9.4041,149.278,
EQ-usp0005c3t__TC-TY9210,Simultaneous,1992-08-02T06:00:00Z,9.58571,148.643,
EQ-usp0005c3t__TC-TY9210,Simultaneous,1992-08-02T09:00:00Z,9.7638,147.933,
EQ-usp0005c3t__TC-TY9210,Simultaneous,1992-08-02T12:00:00Z,9.95,147.3,
EQ-usp0005c3t__TC-TY9210,Simultaneous,1992-08-02T15:00:00Z,10.117,146.839,
EQ-usp0005c3t__TC-TY9210,Simultaneous,1992-08-02T18:00:00Z,10.3286,146.471,
EQ-usp0005c3t__TC-TY9210,Simultaneous,1992-08-02T21:00:00Z,10.6864,146.091,
EQ-usp0005c3t__TC-TY9210,Simultaneous,1992-08-03T00:00:00Z,11.2,145.0,7.406657
EQ-usp0005c3t__TC-TY9210,Simultaneous,1992-08-03T03:00:00Z,11.5174,144.792,8.551302
EQ-usp0005c3t__TC-TY9210,Simultaneous,1992-08-03T06:00:00Z,11.9,144.5,9.616676
EQ-usp0005c3t__TC-TY9210,Simultaneous,1992-08-03T09:00:00Z,12.3851,144.073,9.616676
EQ-usp0005c3t__TC-TY9210,Simultaneous,1992-08-03T12:00:00Z,12.9,143.6,9.616676
EQ-usp0005c3t__TC-TY9210,Simultaneous,1992-08-03T15:00:00Z,13.3499,143.192,11.574055
EQ-usp0005c3t__TC-TY9210,Simultaneous,1992-08-03T18:00:00Z,13.8,142.8,18.00554
EQ-usp0005c3t__TC-TY9210,Simultaneous,1992-08-03T21:00:00Z,14.3071,142.445,18.00554
EQ-usp0005c3t__TC-TY9210,Simultaneous,1992-08-04T00:00:00Z,14.8,142.0,18.00554
EQ-usp0005c3t__TC-TY9210,Simultaneous,1992-08-04T03:00:00Z,15.208,141.3,19.034428
EQ-usp0005c3t__TC-TY9210,Simultaneous,1992-08-04T06:00:00Z,15.6,140.6,20.57776
EQ-usp0005c3t__TC-TY9210,Simultaneous,1992-08-04T09:00:00Z,16.0271,140.162,23.14998
EQ-usp0005c3t__TC-TY9210,Simultaneous,1992-08-04T12:00:00Z,16.5,139.8,25.7222
EQ-usp0005c3t__TC-TY9210,Simultaneous,1992-08-04T15:00:00Z,17.0347,139.395,26.751088
EQ-usp0005c3t__TC-TY9210,Simultaneous,1992-08-04T18:00:00Z,17.6,138.9,28.29442
EQ-usp0005c3t__TC-TY9210,Simultaneous,1992-08-04T21:00:00Z,18.1952,138.223,30.86664
EQ-usp0005c3t__TC-TY9210,Simultaneous,1992-08-05T00:00:00Z,18.7,137.5,33.43886
EQ-usp0005c3t__TC-TY9210,Simultaneous,1992-08-05T03:00:00Z,18.9796,136.884,36.01108
EQ-usp0005c3t__TC-TY9210,Simultaneous,1992-08-05T06:00:00Z,19.2,136.3,38.5833
EQ-usp0005c3t__TC-TY9210,Simultaneous,1992-08-05T09:00:00Z,19.5199,135.685,38.5833
EQ-usp0005c3t__TC-TY9210,Simultaneous,1992-08-05T12:00:00Z,19.9,135.1,38.5833
EQ-usp0005c3t__TC-TY9210,Simultaneous,1992-08-05T15:00:00Z,20.3348,134.577,38.5833
EQ-usp0005c3t__TC-TY9210,Simultaneous,1992-08-05T18:00:00Z,20.8,134.1,38.5833
EQ-usp0005c3t__TC-TY9210,Simultaneous,1992-08-05T21:00:00Z,21.219,133.673,39.612188
EQ-usp0005c3t__TC-TY9210,Simultaneous,1992-08-06T00:00:00Z,21.7,133.2,41.15552
EQ-usp0005c3t__TC-TY9210,Simultaneous,1992-08-06T03:00:00Z,22.3,132.6,41.15552
EQ-usp0005c3t__TC-TY9210,Simultaneous,1992-08-06T06:00:00Z,22.8,132.2,41.15552
EQ-usp0005c3t__TC-TY9210,Simultaneous,1992-08-06T09:00:00Z,23.5,131.8,41.15552
EQ-usp0005c3t__TC-TY9210,Simultaneous,1992-08-06T12:00:00Z,24.1,131.3,46.29996
EQ-usp0005c3t__TC-TY9210,Simultaneous,1992-08-06T15:00:00Z,24.8,130.7,48.87218
EQ-usp0005c3t__TC-TY9210,Simultaneous,1992-08-06T18:00:00Z,25.3,130.2,48.87218
EQ-usp0005c3t__TC-TY9210,Simultaneous,1992-08-06T21:00:00Z,25.9,129.9,46.29996
EQ-usp0005c3t__TC-TY9210,Simultaneous,1992-08-07T00:00:00Z,26.5,129.6,46.29996
EQ-usp0005c3t__TC-TY9210,Simultaneous,1992-08-07T03:00:00Z,27.4,129.4,43.72774
EQ-usp0005c3t__TC-TY9210,Simultaneous,1992-08-07T06:00:00Z,28.1,129.3,43.72774
EQ-usp0005c3t__TC-TY9210,Simultaneous,1992-08-07T09:00:00Z,28.8,129.1,41.15552
EQ-usp0005c3t__TC-TY9210,Simultaneous,1992-08-07T12:00:00Z,29.4,129.1,41.15552
EQ-usp0005c3t__TC-TY9210,Simultaneous,1992-08-07T15:00:00Z,30.0,129.3,41.15552
EQ-usp0005c3t__TC-TY9210,Simultaneous,1992-08-07T18:00:00Z,30.8,129.7,38.5833
EQ-usp0005c3t__TC-TY9210,Simultaneous,1992-08-07T21:00:00Z,31.7,130.0,38.5833
EQ-usp0005c3t__TC-TY9210,Simultaneous,1992-08-08T00:00:00Z,32.7,130.5,36.01108
EQ-usp0005c3t__TC-TY9210,Simultaneous,1992-08-08T03:00:00Z,33.7,131.1,30.86664
EQ-usp0005c3t__TC-TY9210,Simultaneous,1992-08-08T04:00:00Z,33.9,131.2,30.86664
EQ-usp0005c3t__TC-TY9210,Simultaneous,1992-08-08T06:00:00Z,34.4,131.7,28.29442
EQ-usp0005c3t__TC-TY9210,Simultaneous,1992-08-08T09:00:00Z,35.0,133.0,28.29442
EQ-usp0005c3t__TC-TY9210,Simultaneous,1992-08-08T12:00:00Z,35.9,134.1,25.7222
EQ-usp0005c3t__TC-TY9210,Simultaneous,1992-08-08T15:00:00Z,36.6,135.0,25.7222
EQ-usp0005c3t__TC-TY9210,Simultaneous,1992-08-08T18:00:00Z,37.0,136.1,23.14998
EQ-usp0005c3t__TC-TY9210,Simultaneous,1992-08-08T21:00:00Z,37.8,137.4,20.57776
EQ-usp0005c3t__TC-TY9210,Simultaneous,1992-08-09T00:00:00Z,39.0,138.6,20.57776
EQ-usp0005c3t__TC-TY9210,Simultaneous,1992-08-09T03:00:00Z,39.7,139.3,16.595947
EQ-usp0005c3t__TC-TY9210,Simultaneous,1992-08-09T06:00:00Z,41.0,142.0,15.027554
EQ-usp0005c3t__TC-TY9210,Simultaneous,1992-08-09T09:00:00Z,42.0512,143.364,15.027554
EQ-usp0005c3t__TC-TY9210,Simultaneous,1992-08-09T12:00:00Z,43.0,144.0,15.027554
EQ-usp0005c3t__TC-TY9210,Simultaneous,1992-08-09T15:00:00Z,44.0006,145.074,15.027554
EQ-usp0005c3t__TC-TY9210,Simultaneous,1992-08-09T18:00:00Z,45.0,146.0,15.027554
EQ-usp0005c3t__TC-TY9210,Simultaneous,1992-08-09T21:00:00Z,46.0733,146.579,15.027554
EQ-usp0005c3t__TC-TY9210,Simultaneous,1992-08-10T00:00:00Z,47.0,147.0,15.027554
EQ-usp0005c3t__TC-TY9210,Simultaneous,1992-08-10T03:00:00Z,47.5747,147.503,15.027554
EQ-usp0005c3t__TC-TY9210,Simultaneous,1992-08-10T06:00:00Z,48.0,148.0,15.027554
EQ-usp0005c3t__TC-TY9210,Simultaneous,1992-08-10T09:00:00Z,48.4998,148.501,14.208639
EQ-usp0005c3t__TC-TY9210,Simultaneous,1992-08-10T12:00:00Z,49.0,149.0,13.362742
EQ-usp0005c3t__TC-TY9210,Simultaneous,1992-08-10T15:00:00Z,49.4998,149.501,11.574055
EQ-usp0005c3t__TC-TY9210,Simultaneous,1992-08-10T18:00:00Z,50.0,150.0,9.616676
EQ-usp0005c3t__TC-TY9210,Simultaneous,1992-08-10T21:00:00Z,50.4998,150.501,8.551302
EQ-usp0005c3t__TC-TY9210,Simultaneous,1992-08-11T00:00:00Z,51.0,151.0,7.406657
EQ-usp0005c3t__TC-TY9210,Simultaneous,1992-08-11T03:00:00Z,51.4985,151.429,7.406657
EQ-usp0005c3t__TC-TY9210,Simultaneous,1992-08-11T06:00:00Z,52.0,152.0,7.406657
EQ-usp0005c3t__TC-TY9210,Simultaneous,1992-08-11T09:00:00Z,52.5023,152.997,7.406657
EQ-usp0005c3t__TC-TY9210,Simultaneous,1992-08-11T12:00:00Z,53.0,154.0,7.406657
EQ-usp0005c3t__TC-TY9210,Simultaneous,1992-08-11T15:00:00Z,53.5646,154.28,6.154059
EQ-usp0005c3t__TC-TY9210,Simultaneous,1992-08-11T18:00:00Z,54.0,155.0,4.739788
EQ-usp0005c3t__TC-TY9210,Simultaneous,1992-08-11T21:00:00Z,54.0946,157.431,3.033162
EQ-usp0005c3t__TC-TY9210,Simultaneous,1992-08-12T00:00:00Z,54.0,160.0,
EQ-usp0005c3t__TC-TY9210,Simultaneous,1992-08-12T03:00:00Z,53.9136,161.156,3.033162
EQ-usp0005c3t__TC-TY9210,Simultaneous,1992-08-12T06:00:00Z,54.0,162.0,4.739788
EQ-usp0005c3t__TC-TY9210,Simultaneous,1992-08-12T09:00:00Z,54.4258,163.42,4.739788
EQ-usp0005c3t__TC-TY9210,Simultaneous,1992-08-12T12:00:00Z,55.0,165.0,4.739788
EQ-usp0005c3t__TC-TY9210,Simultaneous,1992-08-12T15:00:00Z,55.57,166.421,4.739788
EQ-usp0005c3t__TC-TY9210,Simultaneous,1992-08-12T18:00:00Z,56.0,168.0,4.739788
EQ-usp0005c3t__TC-TY9210,Simultaneous,1992-08-12T21:00:00Z,56.0662,169.786,4.739788
EQ-usp0005c3t__TC-TY9210,Simultaneous,1992-08-13T00:00:00Z,56.0,172.0,4.739788
EQ-usp0005c3t__TC-TY9210,Simultaneous,1992-08-13T03:00:00Z,56.0161,175.075,8.551302
EQ-usp0005c3t__TC-TY9210,Simultaneous,1992-08-13T06:00:00Z,56.0,178.0,11.574055
EQ-usp0005c3t__TC-TY9210,Simultaneous,1992-08-13T09:00:00Z,55.989,179.849,11.574055
EQ-usp0005c3t__TC-TY9210,Simultaneous,1992-08-13T12:00:00Z,56.0,181.0,11.574055
EQ-usp0004vyh__TC-TY9121,EQ-TY,1991-10-01T00:00:00Z,13.6,149.2,
EQ-usp0004vyh__TC-TY9121,EQ-TY,1991-10-01T03:00:00Z,14.1801,149.095,
EQ-usp0004vyh__TC-TY9121,EQ-TY,1991-10-01T06:00:00Z,14.7,149.0,
EQ-usp0004vyh__TC-TY9121,EQ-TY,1991-10-01T09:00:00Z,15.1223,148.902,
EQ-usp0004vyh__TC-TY9121,EQ-TY,1991-10-01T12:00:00Z,15.5,148.7,
EQ-usp0004vyh__TC-TY9121,EQ-TY,1991-10-01T15:00:00Z,15.9227,148.288,
EQ-usp0004vyh__TC-TY9121,EQ-TY,1991-10-01T18:00:00Z,16.3,147.8,
EQ-usp0004vyh__TC-TY9121,EQ-TY,1991-10-01T21:00:00Z,16.5799,147.392,
EQ-usp0004vyh__TC-TY9121,EQ-TY,1991-10-02T00:00:00Z,16.8,147.0,
EQ-usp0004vyh__TC-TY9121,EQ-TY,1991-10-02T03:00:00Z,17.0074,146.6,
EQ-usp0004vyh__TC-TY9121,EQ-TY,1991-10-02T06:00:00Z,17.2,146.2,
EQ-usp0004vyh__TC-TY9121,EQ-TY,1991-10-02T09:00:00Z,17.3998,145.822,
EQ-usp0004vyh__TC-TY9121,EQ-TY,1991-10-02T12:00:00Z,17.6,145.4,
EQ-usp0004vyh__TC-TY9121,EQ-TY,1991-10-02T15:00:00Z,17.8151,144.858,
EQ-usp0004vyh__TC-TY9121,EQ-TY,1991-10-02T18:00:00Z,18.0,144.3,
EQ-usp0004vyh__TC-TY9121,EQ-TY,1991-10-02T21:00:00Z,18.1073,143.835,
EQ-usp0004vyh__TC-TY9121,EQ-TY,1991-10-03T00:00:00Z,18.5,142.5,9.616676
EQ-usp0004vyh__TC-TY9121,EQ-TY,1991-10-03T03:00:00Z,18.5081,141.825,11.574055
EQ-usp0004vyh__TC-TY9121,EQ-TY,1991-10-03T06:00:00Z,18.5,141.2,13.362742
EQ-usp0004vyh__TC-TY9121,EQ-TY,1991-10-03T09:00:00Z,18.4773,140.662,13.362742
EQ-usp0004vyh__TC-TY9121,EQ-TY,1991-10-03T12:00:00Z,18.5,140.2,13.362742
EQ-usp0004vyh__TC-TY9121,EQ-TY,1991-10-03T15:00:00Z,18.6348,139.785,14.208639
EQ-usp0004vyh__TC-TY9121,EQ-TY,1991-10-03T18:00:00Z,18.8,139.4,15.027554
EQ-usp0004vyh__TC-TY9121,EQ-TY,1991-10-03T21:00:00Z,18.9224,139.008,16.595947
EQ-usp0004vyh__TC-TY9121,EQ-TY,1991-10-04T00:00:00Z,19.0,138.6,18.00554
EQ-usp0004vyh__TC-TY9121,EQ-TY,1991-10-04T03:00:00Z,19.0075,138.142,18.00554
EQ-usp0004vyh__TC-TY9121,EQ-TY,1991-10-04T06:00:00Z,19.0,137.7,18.00554
EQ-usp0004vyh__TC-TY9121,EQ-TY,1991-10-04T09:00:00Z,19.0499,137.313,19.034428
EQ-usp0004vyh__TC-TY9121,EQ-TY,1991-10-04T12:00:00Z,19.1,137.0,20.57776
EQ-usp0004vyh__TC-TY9121,EQ-TY,1991-10-04T15:00:00Z,19.1074,136.755,21.606648
EQ-usp0004vyh__TC-TY9121,EQ-TY,1991-10-04T18:00:00Z,19.1,136.6,23.14998
EQ-usp0004vyh__TC-TY9121,EQ-TY,1991-10-04T21:00:00Z,19.0849,136.557,24.178868
EQ-usp0004vyh__TC-TY9121,EQ-TY,1991-10-05T00:00:00Z,19.1,136.5,25.7222
EQ-usp0004vyh__TC-TY9121,EQ-TY,1991-10-05T03:00:00Z,19.1998,136.318,25.7222
EQ-usp0004vyh__TC-TY9121,EQ-TY,1991-10-05T06:00:00Z,19.3,136.0,25.7222
EQ-usp0004vyh__TC-TY9121,EQ-TY,1991-10-05T09:00:00Z,19.3153,135.507,25.7222
EQ-usp0004vyh__TC-TY9121,EQ-TY,1991-10-05T12:00:00Z,19.3,135.0,25.7222
EQ-usp0004vyh__TC-TY9121,EQ-TY,1991-10-05T15:00:00Z,19.3148,134.67,26.751088
EQ-usp0004vyh__TC-TY9121,EQ-TY,1991-10-05T18:00:00Z,19.3,134.4,28.29442
EQ-usp0004vyh__TC-TY9121,EQ-TY,1991-10-05T21:00:00Z,19.2074,134.107,29.323308
EQ-usp0004vyh__TC-TY9121,EQ-TY,1991-10-06T00:00:00Z,19.1,133.8,30.86664
EQ-usp0004vyh__TC-TY9121,EQ-TY,1991-10-06T03:00:00Z,19.0425,133.45,33.43886
EQ-usp0004vyh__TC-TY9121,EQ-TY,1991-10-06T06:00:00Z,19.0,133.1,36.01108
EQ-usp0004vyh__TC-TY9121,EQ-TY,1991-10-06T09:00:00Z,18.9349,132.792,37.039968
EQ-usp0004vyh__TC-TY9121,EQ-TY,1991-10-06T12:00:00Z,18.9,132.5,38.5833
EQ-usp0004vyh__TC-TY9121,EQ-TY,1991-10-06T15:00:00Z,18.935,132.185,41.15552
EQ-usp0004vyh__TC-TY9121,EQ-TY,1991-10-06T18:00:00Z,19.0,131.9,43.72774
EQ-usp0004vyh__TC-TY9121,EQ-TY,1991-10-06T21:00:00Z,19.0349,131.685,43.72774
EQ-usp0004vyh__TC-TY9121,EQ-TY,1991-10-07T00:00:00Z,19.1,131.5,43.72774
EQ-usp0004vyh__TC-TY9121,EQ-TY,1991-10-07T03:00:00Z,19.22,131.292,44.756628
EQ-usp0004vyh__TC-TY9121,EQ-TY,1991-10-07T06:00:00Z,19.4,131.1,46.29996
EQ-usp0004vyh__TC-TY9121,EQ-TY,1991-10-07T09:00:00Z,19.6425,130.943,47.328848
EQ-usp0004vyh__TC-TY9121,EQ-TY,1991-10-07T12:00:00Z,19.9,130.8,48.87218
EQ-usp0004vyh__TC-TY9121,EQ-TY,1991-10-07T15:00:00Z,20.1,130.635,48.87218
EQ-usp0004vyh__TC-TY9121,EQ-TY,1991-10-07T18:00:00Z,20.3,130.5,48.87218
EQ-usp0004vyh__TC-TY9121,EQ-TY,1991-10-07T21:00:00Z,20.535,130.435,48.87218
EQ-usp0004vyh__TC-TY9121,EQ-TY,1991-10-08T00:00:00Z,20.8,130.4,48.87218
EQ-usp0004vyh__TC-TY9121,EQ-TY,1991-10-08T03:00:00Z,21.0727,130.319,48.87218
EQ-usp0004vyh__TC-TY9121,EQ-TY,1991-10-08T06:00:00Z,21.4,130.3,48.87218
EQ-usp0004vyh__TC-TY9121,EQ-TY,1991-10-08T09:00:00Z,21.8,130.4,48.87218
EQ-usp0004vyh__TC-TY9121,EQ-TY,1991-10-08T12:00:00Z,22.1,130.5,48.87218
EQ-usp0004vyh__TC-TY9121,EQ-TY,1991-10-08T15:00:00Z,22.5,130.6,48.87218
EQ-usp0004vyh__TC-TY9121,EQ-TY,1991-10-08T18:00:00Z,22.9,131.0,46.29996
EQ-usp0004vyh__TC-TY9121,EQ-TY,1991-10-08T21:00:00Z,23.4,131.4,46.29996
EQ-usp0004vyh__TC-TY9121,EQ-TY,1991-10-09T00:00:00Z,24.0,131.7,46.29996
EQ-usp0004vyh__TC-TY9121,EQ-TY,1991-10-09T03:00:00Z,24.4,132.1,46.29996
EQ-usp0004vyh__TC-TY9121,EQ-TY,1991-10-09T06:00:00Z,25.0,132.5,43.72774
EQ-usp0004vyh__TC-TY9121,EQ-TY,1991-10-09T09:00:00Z,25.4,132.9,43.72774
EQ-usp0004vyh__TC-TY9121,EQ-TY,1991-10-09T12:00:00Z,25.8,133.3,43.72774
EQ-usp0004vyh__TC-TY9121,EQ-TY,1991-10-09T15:00:00Z,26.1,133.6,43.72774
EQ-usp0004vyh__TC-TY9121,EQ-TY,1991-10-09T18:00:00Z,26.6,133.9,41.15552
EQ-usp0004vyh__TC-TY9121,EQ-TY,1991-10-09T21:00:00Z,26.7,134.4,41.15552
EQ-usp0004vyh__TC-TY9121,EQ-TY,1991-10-10T00:00:00Z,27.0,134.8,38.5833
EQ-usp0004vyh__TC-TY9121,EQ-TY,1991-10-10T03:00:00Z,27.5,135.0,38.5833
EQ-usp0004vyh__TC-TY9121,EQ-TY,1991-10-10T06:00:00Z,27.8,135.2,38.5833
EQ-usp0004vyh__TC-TY9121,EQ-TY,1991-10-10T09:00:00Z,28.0,135.5,38.5833
EQ-usp0004vyh__TC-TY9121,EQ-TY,1991-10-10T12:00:00Z,28.3,135.8,38.5833
EQ-usp0004vyh__TC-TY9121,EQ-TY,1991-10-10T15:00:00Z,28.6,136.0,38.5833
EQ-usp0004vyh__TC-TY9121,EQ-TY,1991-10-10T18:00:00Z,28.9,136.3,38.5833
EQ-usp0004vyh__TC-TY9121,EQ-TY,1991-10-10T21:00:00Z,29.2,136.6,38.5833
EQ-usp0004vyh__TC-TY9121,EQ-TY,1991-10-11T00:00:00Z,29.6,136.8,38.5833
EQ-usp0004vyh__TC-TY9121,EQ-TY,1991-10-11T03:00:00Z,30.0,136.9,38.5833
EQ-usp0004vyh__TC-TY9121,EQ-TY,1991-10-11T06:00:00Z,30.3,137.0,38.5833
EQ-usp0004vyh__TC-TY9121,EQ-TY,1991-10-11T09:00:00Z,30.5,137.0,38.5833
EQ-usp0004vyh__TC-TY9121,EQ-TY,1991-10-11T12:00:00Z,30.8,137.0,38.5833
EQ-usp0004vyh__TC-TY9121,EQ-TY,1991-10-11T15:00:00Z,31.0,137.0,36.01108
EQ-usp0004vyh__TC-TY9121,EQ-TY,1991-10-11T18:00:00Z,31.1,137.3,33.43886
EQ-usp0004vyh__TC-TY9121,EQ-TY,1991-10-11T21:00:00Z,31.2,137.5,33.43886
EQ-usp0004vyh__TC-TY9121,EQ-TY,1991-10-12T00:00:00Z,31.3,138.0,30.86664
EQ-usp0004vyh__TC-TY9121,EQ-TY,1991-10-12T03:00:00Z,31.6,138.2,30.86664
EQ-usp0004vyh__TC-TY9121,EQ-TY,1991-10-12T06:00:00Z,31.9,138.7,30.86664
EQ-usp0004vyh__TC-TY9121,EQ-TY,1991-10-12T09:00:00Z,32.1,138.8,30.86664
EQ-usp0004vyh__TC-TY9121,EQ-TY,1991-10-12T12:00:00Z,32.3,139.3,30.86664
EQ-usp0004vyh__TC-TY9121,EQ-TY,1991-10-12T15:00:00Z,32.6,139.9,30.86664
EQ-usp0004vyh__TC-TY9121,EQ-TY,1991-10-12T18:00:00Z,32.8,140.6,30.86664
EQ-usp0004vyh__TC-TY9121,EQ-TY,1991-10-12T21:00:00Z,33.2,141.7,30.86664
EQ-usp0004vyh__TC-TY9121,EQ-TY,1991-10-13T00:00:00Z,33.8,143.0,30.86664
EQ-usp0004vyh__TC-TY9121,EQ-TY,1991-10-13T03:00:00Z,34.4,143.7,30.86664
EQ-usp0004vyh__TC-TY9121,EQ-TY,1991-10-13T06:00:00Z,35.5,144.7,28.29442
EQ-usp0004vyh__TC-TY9121,EQ-TY,1991-10-13T09:00:00Z,36.5,145.7,28.29442
EQ-usp0004vyh__TC-TY9121,EQ-TY,1991-10-13T12:00:00Z,37.4,146.9,28.29442
EQ-usp0004vyh__TC-TY9121,EQ-TY,1991-10-13T15:00:00Z,38.5,148.1,28.29442
EQ-usp0004vyh__TC-TY9121,EQ-TY,1991-10-13T18:00:00Z,39.7,149.6,28.29442
EQ-usp0004vyh__TC-TY9121,EQ-TY,1991-10-13T21:00:00Z,40.9,150.6,25.7222
EQ-usp0004vyh__TC-TY9121,EQ-TY,1991-10-14T00:00:00Z,42.7,151.7,23.14998
EQ-usp0004vyh__TC-TY9121,EQ-TY,1991-10-14T03:00:00Z,44.0,154.0,29.387863
EQ-usp0004vyh__TC-TY9121,EQ-TY,1991-10-14T06:00:00Z,46.0,155.0,31.570119
EQ-usp0004vyh__TC-TY9121,EQ-TY,1991-10-14T09:00:00Z,47.14,156.813,31.570119
EQ-usp0004vyh__TC-TY9121,EQ-TY,1991-10-14T12:00:00Z,48.0,159.0,31.570119
EQ-usp0004vyh__TC-TY9121,EQ-TY,1991-10-14T15:00:00Z,49.5713,160.984,31.570119
EQ-usp0004vyh__TC-TY9121,EQ-TY,1991-10-14T18:00:00Z,51.0,163.0,31.570119
EQ-usp0004vyh__TC-TY9121,EQ-TY,1991-10-14T21:00:00Z,51.6459,165.023,31.570119
EQ-usp0004vyh__TC-TY9121,EQ-TY,1991-10-15T00:00:00Z,52.0,167.0,31.570119
EQ-usp0004vyh__TC-TY9121,EQ-TY,1991-10-15T03:00:00Z,52.4927,168.933,30.489787
EQ-usp0004vyh__TC-TY9121,EQ-TY,1991-10-15T06:00:00Z,53.0,171.0,29.387863
EQ-usp0004vyh__TC-TY9121,EQ-TY,1991-10-15T09:00:00Z,53.4993,173.429,29.387863
EQ-usp0004vyh__TC-TY9121,EQ-TY,1991-10-15T12:00:00Z,54.0,176.0,29.387863
EQ-usp0004vyh__TC-TY9121,EQ-TY,1991-10-15T15:00:00Z,54.5075,178.513,29.387863
EQ-usp0004vyh__TC-TY9121,EQ-TY,1991-10-15T18:00:00Z,55.0,181.0,29.387863
EQ-usp0004suj__TC-TY9119,EQ-TY,1991-09-13T00:00:00Z,13.0,171.0,
EQ-usp0004suj__TC-TY9119,EQ-TY,1991-09-13T03:00:00Z,12.7026,170.672,
EQ-usp0004suj__TC-TY9119,EQ-TY,1991-09-13T06:00:00Z,12.5,170.4,
EQ-usp0004suj__TC-TY9119,EQ-TY,1991-09-13T09:00:00Z,12.4549,170.208,
EQ-usp0004suj__TC-TY9119,EQ-TY,1991-09-13T12:00:00Z,12.5,170.0,
EQ-usp0004suj__TC-TY9119,EQ-TY,1991-09-13T15:00:00Z,12.5276,169.665,
EQ-usp0004suj__TC-TY9119,EQ-TY,1991-09-13T18:00:00Z,12.6,169.3,
EQ-usp0004suj__TC-TY9119,EQ-TY,1991-09-13T21:00:00Z,12.7424,169.008,3.033162
EQ-usp0004suj__TC-TY9119,EQ-TY,1991-09-14T00:00:00Z,12.9,168.7,4.739788
EQ-usp0004suj__TC-TY9119,EQ-TY,1991-09-14T03:00:00Z,13.0225,168.315,6.154059
EQ-usp0004suj__TC-TY9119,EQ-TY,1991-09-14T06:00:00Z,13.1,167.9,7.406657
EQ-usp0004suj__TC-TY9119,EQ-TY,1991-09-14T09:00:00Z,13.0923,167.522,7.406657
EQ-usp0004suj__TC-TY9119,EQ-TY,1991-09-14T12:00:00Z,13.1,167.1,7.406657
EQ-usp0004suj__TC-TY9119,EQ-TY,1991-09-14T15:00:00Z,13.2425,166.58,7.406657
EQ-usp0004suj__TC-TY9119,EQ-TY,1991-09-14T18:00:00Z,13.4,166.0,7.406657
EQ-usp0004suj__TC-TY9119,EQ-TY,1991-09-14T21:00:00Z,13.4646,165.445,8.551302
EQ-usp0004suj__TC-TY9119,EQ-TY,1991-09-15T00:00:00Z,13.5,164.8,9.616676
EQ-usp0004suj__TC-TY9119,EQ-TY,1991-09-15T03:00:00Z,13.5277,163.972,9.616676
EQ-usp0004suj__TC-TY9119,EQ-TY,1991-09-15T06:00:00Z,13.6,163.1,9.616676
EQ-usp0004suj__TC-TY9119,EQ-TY,1991-09-15T09:00:00Z,13.7694,162.357,9.616676
EQ-usp0004suj__TC-TY9119,EQ-TY,1991-09-15T12:00:00Z,14.0,161.6,9.616676
EQ-usp0004suj__TC-TY9119,EQ-TY,1991-09-15T15:00:00Z,14.2579,160.67,9.616676
EQ-usp0004suj__TC-TY9119,EQ-TY,1991-09-15T18:00:00Z,14.5,159.8,9.616676
EQ-usp0004suj__TC-TY9119,EQ-TY,1991-09-15T21:00:00Z,14.6643,159.212,11.574055
EQ-usp0004suj__TC-TY9119,EQ-TY,1991-09-16T00:00:00Z,14.8,158.7,18.00554
EQ-usp0004suj__TC-TY9119,EQ-TY,1991-09-16T03:00:00Z,14.9652,158.028,21.606648
EQ-usp0004suj__TC-TY9119,EQ-TY,1991-09-16T06:00:00Z,15.1,157.4,25.7222
EQ-usp0004suj__TC-TY9119,EQ-TY,1991-09-16T09:00:00Z,15.1572,156.955,26.751088
EQ-usp0004suj__TC-TY9119,EQ-TY,1991-09-16T12:00:00Z,15.2,156.6,28.29442
EQ-usp0004suj__TC-TY9119,EQ-TY,1991-09-16T15:00:00Z,15.2774,156.25,30.86664
EQ-usp0004suj__TC-TY9119,EQ-TY,1991-09-16T18:00:00Z,15.4,155.9,33.43886
EQ-usp0004suj__TC-TY9119,EQ-TY,1991-09-16T21:00:00Z,15.6,155.5,34.467748
EQ-usp0004suj__TC-TY9119,EQ-TY,1991-09-17T00:00:00Z,15.8,155.1,36.01108
EQ-usp0004suj__TC-TY9119,EQ-TY,1991-09-17T03:00:00Z,15.9149,154.742,36.01108
EQ-usp0004suj__TC-TY9119,EQ-TY,1991-09-17T06:00:00Z,16.0,154.4,36.01108
EQ-usp0004suj__TC-TY9119,EQ-TY,1991-09-17T09:00:00Z,16.115,154.043,36.01108
EQ-usp0004suj__TC-TY9119,EQ-TY,1991-09-17T12:00:00Z,16.2,153.7,36.01108
EQ-usp0004suj__TC-TY9119,EQ-TY,1991-09-17T15:00:00Z,16.2374,153.393,36.01108
EQ-usp0004suj__TC-TY9119,EQ-TY,1991-09-17T18:00:00Z,16.2,153.1,36.01108
EQ-usp0004suj__TC-TY9119,EQ-TY,1991-09-17T21:00:00Z,16.0649,152.815,37.039968
EQ-usp0004suj__TC-TY9119,EQ-TY,1991-09-18T00:00:00Z,15.9,152.5,38.5833
EQ-usp0004suj__TC-TY9119,EQ-TY,1991-09-18T03:00:00Z,15.7925,152.108,38.5833
EQ-usp0004suj__TC-TY9119,EQ-TY,1991-09-18T06:00:00Z,15.7,151.7,38.5833
EQ-usp0004suj__TC-TY9119,EQ-TY,1991-09-18T09:00:00Z,15.5924,151.35,39.612188
EQ-usp0004suj__TC-TY9119,EQ-TY,1991-09-18T12:00:00Z,15.5,151.0,41.15552
EQ-usp0004suj__TC-TY9119,EQ-TY,1991-09-18T15:00:00Z,15.4347,150.645,41.15552
EQ-usp0004suj__TC-TY9119,EQ-TY,1991-09-18T18:00:00Z,15.4,150.2,41.15552
EQ-usp0004suj__TC-TY9119,EQ-TY,1991-09-18T21:00:00Z,15.385,149.595,41.15552
EQ-usp0004suj__TC-TY9119,EQ-TY,1991-09-19T00:00:00Z,15.4,148.9,41.15552
EQ-usp0004suj__TC-TY9119,EQ-TY,1991-09-19T03:00:00Z,15.4423,148.215,41.15552
EQ-usp0004suj__TC-TY9119,EQ-TY,1991-09-19T06:00:00Z,15.5,147.5,41.15552
EQ-usp0004suj__TC-TY9119,EQ-TY,1991-09-19T09:00:00Z,15.5573,146.758,41.15552
EQ-usp0004suj__TC-TY9119,EQ-TY,1991-09-19T12:00:00Z,15.6,146.0,41.15552
EQ-usp0004suj__TC-TY9119,EQ-TY,1991-09-19T15:00:00Z,15.63,145.228,41.15552
EQ-usp0004suj__TC-TY9119,EQ-TY,1991-09-19T18:00:00Z,15.6,144.5,41.15552
EQ-usp0004suj__TC-TY9119,EQ-TY,1991-09-19T21:00:00Z,15.4644,143.9,41.15552
EQ-usp0004suj__TC-TY9119,EQ-TY,1991-09-20T00:00:00Z,15.3,143.3,41.15552
EQ-usp0004suj__TC-TY9119,EQ-TY,1991-09-20T03:00:00Z,15.1852,142.55,41.15552
EQ-usp0004suj__TC-TY9119,EQ-TY,1991-09-20T06:00:00Z,15.1,141.8,41.15552
EQ-usp0004suj__TC-TY9119,EQ-TY,1991-09-20T09:00:00Z,15.0645,141.193,41.15552
EQ-usp0004suj__TC-TY9119,EQ-TY,1991-09-20T12:00:00Z,15.0,140.6,41.15552
EQ-usp0004suj__TC-TY9119,EQ-TY,1991-09-20T15:00:00Z,14.8078,139.87,41.15552
EQ-usp0004suj__TC-TY9119,EQ-TY,1991-09-20T18:00:00Z,14.6,139.2,41.15552
EQ-usp0004suj__TC-TY9119,EQ-TY,1991-09-20T21:00:00Z,14.4695,138.785,41.15552
EQ-usp0004suj__TC-TY9119,EQ-TY,1991-09-21T00:00:00Z,14.4,138.4,41.15552
EQ-usp0004suj__TC-TY9119,EQ-TY,1991-09-21T03:00:00Z,14.3551,137.822,41.15552
EQ-usp0004suj__TC-TY9119,EQ-TY,1991-09-21T06:00:00Z,14.4,137.2,41.15552
EQ-usp0004suj__TC-TY9119,EQ-TY,1991-09-21T09:00:00Z,14.5775,136.62,42.184408
EQ-usp0004suj__TC-TY9119,EQ-TY,1991-09-21T12:00:00Z,14.8,136.1,43.72774
EQ-usp0004suj__TC-TY9119,EQ-TY,1991-09-21T15:00:00Z,14.9573,135.677,44.756628
EQ-usp0004suj__TC-TY9119,EQ-TY,1991-09-21T18:00:00Z,15.1,135.3,46.29996
EQ-usp0004suj__TC-TY9119,EQ-TY,1991-09-21T21:00:00Z,15.2424,134.9,46.29996
EQ-usp0004suj__TC-TY9119,EQ-TY,1991-09-22T00:00:00Z,15.4,134.5,46.29996
EQ-usp0004suj__TC-TY9119,EQ-TY,1991-09-22T03:00:00Z,15.585,134.077,47.328848
EQ-usp0004suj__TC-TY9119,EQ-TY,1991-09-22T06:00:00Z,15.8,133.7,48.87218
EQ-usp0004suj__TC-TY9119,EQ-TY,1991-09-22T09:00:00Z,16.0423,133.435,48.87218
EQ-usp0004suj__TC-TY9119,EQ-TY,1991-09-22T12:00:00Z,16.3,133.2,48.87218
EQ-usp0004suj__TC-TY9119,EQ-TY,1991-09-22T15:00:00Z,16.535,132.9,48.87218
EQ-usp0004suj__TC-TY9119,EQ-TY,1991-09-22T18:00:00Z,16.8,132.6,48.87218
EQ-usp0004suj__TC-TY9119,EQ-TY,1991-09-22T21:00:00Z,17.1349,132.35,48.87218
EQ-usp0004suj__TC-TY9119,EQ-TY,1991-09-23T00:00:00Z,17.5,132.1,48.87218
EQ-usp0004suj__TC-TY9119,EQ-TY,1991-09-23T03:00:00Z,17.8574,131.822,49.901068
EQ-usp0004suj__TC-TY9119,EQ-TY,1991-09-23T06:00:00Z,18.2,131.5,51.4444
EQ-usp0004suj__TC-TY9119,EQ-TY,1991-09-23T09:00:00Z,18.5301,131.1,51.4444
EQ-usp0004suj__TC-TY9119,EQ-TY,1991-09-23T12:00:00Z,18.8,130.7,51.4444
EQ-usp0004suj__TC-TY9119,EQ-TY,1991-09-23T15:00:00Z,18.9799,130.37,51.4444
EQ-usp0004suj__TC-TY9119,EQ-TY,1991-09-23T18:00:00Z,19.1,130.1,51.4444
EQ-usp0004suj__TC-TY9119,EQ-TY,1991-09-23T21:00:00Z,19.1774,129.892,51.4444
EQ-usp0004suj__TC-TY9119,EQ-TY,1991-09-24T00:00:00Z,19.3,129.7,51.4444
EQ-usp0004suj__TC-TY9119,EQ-TY,1991-09-24T03:00:00Z,19.5775,129.45,51.4444
EQ-usp0004suj__TC-TY9119,EQ-TY,1991-09-24T06:00:00Z,19.9,129.2,51.4444
EQ-usp0004suj__TC-TY9119,EQ-TY,1991-09-24T09:00:00Z,20.1669,129.014,49.901068
EQ-usp0004suj__TC-TY9119,EQ-TY,1991-09-24T12:00:00Z,20.4,128.8,48.87218
EQ-usp0004suj__TC-TY9119,EQ-TY,1991-09-24T15:00:00Z,20.6,128.5,48.87218
EQ-usp0004suj__TC-TY9119,EQ-TY,1991-09-24T18:00:00Z,20.9,128.2,48.87218
EQ-usp0004suj__TC-TY9119,EQ-TY,1991-09-24T21:00:00Z,21.2,127.9,48.87218
EQ-usp0004suj__TC-TY9119,EQ-TY,1991-09-25T00:00:00Z,21.4,127.6,48.87218
EQ-usp0004suj__TC-TY9119,EQ-TY,1991-09-25T03:00:00Z,21.8,127.4,48.87218
EQ-usp0004suj__TC-TY9119,EQ-TY,1991-09-25T06:00:00Z,22.2,127.2,46.29996
EQ-usp0004suj__TC-TY9119,EQ-TY,1991-09-25T09:00:00Z,22.6,127.0,46.29996
EQ-usp0004suj__TC-TY9119,EQ-TY,1991-09-25T12:00:00Z,23.0,126.8,46.29996
EQ-usp0004suj__TC-TY9119,EQ-TY,1991-09-25T15:00:00Z,23.4,126.4,46.29996
EQ-usp0004suj__TC-TY9119,EQ-TY,1991-09-25T18:00:00Z,23.7,126.1,46.29996
EQ-usp0004suj__TC-TY9119,EQ-TY,1991-09-25T21:00:00Z,24.0,125.9,46.29996
EQ-usp0004suj__TC-TY9119,EQ-TY,1991-09-26T00:00:00Z,24.4,125.8,46.29996
EQ-usp0004suj__TC-TY9119,EQ-TY,1991-09-26T03:00:00Z,24.9,125.7,48.87218
EQ-usp0004suj__TC-TY9119,EQ-TY,1991-09-26T06:00:00Z,25.4,125.7,48.87218
EQ-usp0004suj__TC-TY9119,EQ-TY,1991-09-26T09:00:00Z,25.9,125.8,48.87218
EQ-usp0004suj__TC-TY9119,EQ-TY,1991-09-26T12:00:00Z,26.5,126.0,48.87218
EQ-usp0004suj__TC-TY9119,EQ-TY,1991-09-26T15:00:00Z,27.3,126.2,48.87218
EQ-usp0004suj__TC-TY9119,EQ-TY,1991-09-26T18:00:00Z,28.1,126.4,48.87218
EQ-usp0004suj__TC-TY9119,EQ-TY,1991-09-26T21:00:00Z,29.0,126.9,48.87218
EQ-usp0004suj__TC-TY9119,EQ-TY,1991-09-27T00:00:00Z,29.9,127.6,48.87218
EQ-usp0004suj__TC-TY9119,EQ-TY,1991-09-27T03:00:00Z,31.2,128.4,48.87218
EQ-usp0004suj__TC-TY9119,EQ-TY,1991-09-27T06:00:00Z,32.5,129.3,48.87218
EQ-usp0004suj__TC-TY9119,EQ-TY,1991-09-27T07:00:00Z,32.8,129.7,48.87218
EQ-usp0004suj__TC-TY9119,EQ-TY,1991-09-27T09:00:00Z,33.9,130.6,46.29996
EQ-usp0004suj__TC-TY9119,EQ-TY,1991-09-27T12:00:00Z,35.5,132.3,46.29996
EQ-usp0004suj__TC-TY9119,EQ-TY,1991-09-27T15:00:00Z,37.1,133.9,43.72774
EQ-usp0004suj__TC-TY9119,EQ-TY,1991-09-27T18:00:00Z,39.0,136.3,43.72774
EQ-usp0004suj__TC-TY9119,EQ-TY,1991-09-27T21:00:00Z,40.7,138.3,41.15552
EQ-usp0004suj__TC-TY9119,EQ-TY,1991-09-27T22:00:00Z,41.2,139.0,41.15552
EQ-usp0004suj__TC-TY9119,EQ-TY,1991-09-28T00:00:00Z,43.5,141.7,33.43886
EQ-usp0004suj__TC-TY9119,EQ-TY,1991-09-28T03:00:00Z,45.5,145.5,30.86664
EQ-usp0004suj__TC-TY9119,EQ-TY,1991-09-28T06:00:00Z,47.0,148.0,34.695976
EQ-usp0004suj__TC-TY9119,EQ-TY,1991-09-28T09:00:00Z,47.7005,150.191,34.695976
EQ-usp0004suj__TC-TY9119,EQ-TY,1991-09-28T12:00:00Z,48.0,152.0,34.695976
EQ-usp0004suj__TC-TY9119,EQ-TY,1991-09-28T15:00:00Z,48.3177,153.181,35.703568
EQ-usp0004suj__TC-TY9119,EQ-TY,1991-09-28T18:00:00Z,49.0,155.0,36.69568
EQ-usp0004suj__TC-TY9119,EQ-TY,1991-09-28T21:00:00Z,50.5532,159.255,37.186205
EQ-usp0004suj__TC-TY9119,EQ-TY,1991-09-29T00:00:00Z,52.0,164.0,37.673179
EQ-usp0004suj__TC-TY9119,EQ-TY,1991-09-29T03:00:00Z,52.6997,166.985,39.587417
EQ-usp0004suj__TC-TY9119,EQ-TY,1991-09-29T06:00:00Z,53.0,169.0,41.451782
EQ-usp0004suj__TC-TY9119,EQ-TY,1991-09-29T09:00:00Z,53.0682,170.736,42.366734
EQ-usp0004suj__TC-TY9119,EQ-TY,1991-09-29T12:00:00Z,53.0,172.0,43.27089
EQ-usp0004suj__TC-TY9119,EQ-TY,1991-09-29T15:00:00Z,52.9984,173.15,42.366734
EQ-usp0004suj__TC-TY9119,EQ-TY,1991-09-29T18:00:00Z,53.0,174.0,41.451782
EQ-usp0004suj__TC-TY9119,EQ-TY,1991-09-29T21:00:00Z,52.9223,174.504,40.525527
EQ-usp0004suj__TC-TY9119,EQ-TY,1991-09-30T00:00:00Z,53.0,175.0,39.587417
EQ-usp0004suj__TC-TY9119,EQ-TY,1991-09-30T03:00:00Z,53.5007,175.916,38.636852
EQ-usp0004suj__TC-TY9119,EQ-TY,1991-09-30T06:00:00Z,54.0,177.0,37.673179
EQ-usp0004suj__TC-TY9119,EQ-TY,1991-09-30T09:00:00Z,54.0756,178.08,37.673179
EQ-usp0004suj__TC-TY9119,EQ-TY,1991-09-30T12:00:00Z,54.0,179.0,37.673179
EQ-usp0004suj__TC-TY9119,EQ-TY,1991-09-30T15:00:00Z,53.9235,179.578,35.703568
EQ-usp0004suj__TC-TY9119,EQ-TY,1991-09-30T18:00:00Z,54.0,180.0,33.671939
EQ-usp0004suj__TC-TY9119,EQ-TY,1991-09-30T21:00:00Z,54.401,180.47,32.630386
EQ-usp0004suj__TC-TY9119,EQ-TY,1991-10-01T00:00:00Z,55.0,181.0,31.570119
EQ-usp0004hu0__TC-TY9028,TY-EQ,1990-11-05T06:00:00Z,8.0,167.0,
EQ-usp0004hu0__TC-TY9028,TY-EQ,1990-11-05T09:00:00Z,8.10001,166.853,
EQ-usp0004hu0__TC-TY9028,TY-EQ,1990-11-05T12:00:00Z,8.2,166.7,
EQ-usp0004hu0__TC-TY9028,TY-EQ,1990-11-05T15:00:00Z,8.3,166.542,
EQ-usp0004hu0__TC-TY9028,TY-EQ,1990-11-05T18:00:00Z,8.4,166.4,
EQ-usp0004hu0__TC-TY9028,TY-EQ,1990-11-05T21:00:00Z,8.49999,166.292,
EQ-usp0004hu0__TC-TY9028,TY-EQ,1990-11-06T00:00:00Z,8.6,166.2,
EQ-usp0004hu0__TC-TY9028,TY-EQ,1990-11-06T03:00:00Z,8.7,166.1,
EQ-usp0004hu0__TC-TY9028,TY-EQ,1990-11-06T06:00:00Z,8.8,166.0,
EQ-usp0004hu0__TC-TY9028,TY-EQ,1990-11-06T09:00:00Z,8.9,165.9,
EQ-usp0004hu0__TC-TY9028,TY-EQ,1990-11-06T12:00:00Z,9.0,165.8,
EQ-usp0004hu0__TC-TY9028,TY-EQ,1990-11-06T15:00:00Z,9.1,165.7,
EQ-usp0004hu0__TC-TY9028,TY-EQ,1990-11-06T18:00:00Z,9.2,165.6,
EQ-usp0004hu0__TC-TY9028,TY-EQ,1990-11-06T21:00:00Z,9.3,165.5,
EQ-usp0004hu0__TC-TY9028,TY-EQ,1990-11-07T00:00:00Z,9.4,165.4,
EQ-usp0004hu0__TC-TY9028,TY-EQ,1990-11-07T03:00:00Z,9.5075,165.3,
EQ-usp0004hu0__TC-TY9028,TY-EQ,1990-11-07T06:00:00Z,9.6,165.2,
EQ-usp0004hu0__TC-TY9028,TY-EQ,1990-11-07T09:00:00Z,9.6575,165.1,
EQ-usp0004hu0__TC-TY9028,TY-EQ,1990-11-07T12:00:00Z,9.7,165.0,
EQ-usp0004hu0__TC-TY9028,TY-EQ,1990-11-07T15:00:00Z,9.75,164.9,
EQ-usp0004hu0__TC-TY9028,TY-EQ,1990-11-07T18:00:00Z,9.8,164.8,
EQ-usp0004hu0__TC-TY9028,TY-EQ,1990-11-07T21:00:00Z,9.85,164.7,
EQ-usp0004hu0__TC-TY9028,TY-EQ,1990-11-08T00:00:00Z,9.9,164.6,
EQ-usp0004hu0__TC-TY9028,TY-EQ,1990-11-08T03:00:00Z,9.95,164.485,
EQ-usp0004hu0__TC-TY9028,TY-EQ,1990-11-08T06:00:00Z,10.0,164.4,
EQ-usp0004hu0__TC-TY9028,TY-EQ,1990-11-08T09:00:00Z,10.05,164.415,
EQ-usp0004hu0__TC-TY9028,TY-EQ,1990-11-08T12:00:00Z,10.1,164.4,
EQ-usp0004hu0__TC-TY9028,TY-EQ,1990-11-08T15:00:00Z,10.15,164.215,
EQ-usp0004hu0__TC-TY9028,TY-EQ,1990-11-08T18:00:00Z,10.2,164.0,
EQ-usp0004hu0__TC-TY9028,TY-EQ,1990-11-08T21:00:00Z,10.25,163.885,
EQ-usp0004hu0__TC-TY9028,TY-EQ,1990-11-09T00:00:00Z,10.3,163.8,
EQ-usp0004hu0__TC-TY9028,TY-EQ,1990-11-09T03:00:00Z,10.35,163.7,
EQ-usp0004hu0__TC-TY9028,TY-EQ,1990-11-09T06:00:00Z,10.4,163.6,
EQ-usp0004hu0__TC-TY9028,TY-EQ,1990-11-09T09:00:00Z,10.45,163.5,
EQ-usp0004hu0__TC-TY9028,TY-EQ,1990-11-09T12:00:00Z,10.5,163.4,
EQ-usp0004hu0__TC-TY9028,TY-EQ,1990-11-09T15:00:00Z,10.55,163.3,
EQ-usp0004hu0__TC-TY9028,TY-EQ,1990-11-09T18:00:00Z,10.6,163.2,
EQ-usp0004hu0__TC-TY9028,TY-EQ,1990-11-09T21:00:00Z,10.65,163.1,
EQ-usp0004hu0__TC-TY9028,TY-EQ,1990-11-10T00:00:00Z,10.7,163.0,
EQ-usp0004hu0__TC-TY9028,TY-EQ,1990-11-10T03:00:00Z,10.75,162.9,
EQ-usp0004hu0__TC-TY9028,TY-EQ,1990-11-10T06:00:00Z,10.8,162.8,
EQ-usp0004hu0__TC-TY9028,TY-EQ,1990-11-10T09:00:00Z,10.85,162.7,
EQ-usp0004hu0__TC-TY9028,TY-EQ,1990-11-10T12:00:00Z,10.9,162.6,
EQ-usp0004hu0__TC-TY9028,TY-EQ,1990-11-10T15:00:00Z,10.95,162.5,
EQ-usp0004hu0__TC-TY9028,TY-EQ,1990-11-10T18:00:00Z,11.0,162.4,
EQ-usp0004hu0__TC-TY9028,TY-EQ,1990-11-10T21:00:00Z,11.0575,162.3,
EQ-usp0004hu0__TC-TY9028,TY-EQ,1990-11-11T00:00:00Z,11.1,162.2,
EQ-usp0004hu0__TC-TY9028,TY-EQ,1990-11-11T03:00:00Z,11.1075,162.1,
EQ-usp0004hu0__TC-TY9028,TY-EQ,1990-11-11T06:00:00Z,11.1,162.0,
EQ-usp0004hu0__TC-TY9028,TY-EQ,1990-11-11T09:00:00Z,11.1,161.908,
EQ-usp0004hu0__TC-TY9028,TY-EQ,1990-11-11T12:00:00Z,11.1,161.8,
EQ-usp0004hu0__TC-TY9028,TY-EQ,1990-11-11T15:00:00Z,11.1,161.665,
EQ-usp0004hu0__TC-TY9028,TY-EQ,1990-11-11T18:00:00Z,11.1,161.5,
EQ-usp0004hu0__TC-TY9028,TY-EQ,1990-11-11T21:00:00Z,11.0925,161.307,
EQ-usp0004hu0__TC-TY9028,TY-EQ,1990-11-12T00:00:00Z,11.1,161.1,
EQ-usp0004hu0__TC-TY9028,TY-EQ,1990-11-12T03:00:00Z,11.15,160.908,
EQ-usp0004hu0__TC-TY9028,TY-EQ,1990-11-12T06:00:00Z,11.2,160.7,
EQ-usp0004hu0__TC-TY9028,TY-EQ,1990-11-12T09:00:00Z,11.2075,160.45,
EQ-usp0004hu0__TC-TY9028,TY-EQ,1990-11-12T12:00:00Z,11.2,160.2,
EQ-usp0004hu0__TC-TY9028,TY-EQ,1990-11-12T15:00:00Z,11.2,160.0,
EQ-usp0004hu0__TC-TY9028,TY-EQ,1990-11-12T18:00:00Z,11.2,159.8,
EQ-usp0004hu0__TC-TY9028,TY-EQ,1990-11-12T21:00:00Z,11.1925,159.557,
EQ-usp0004hu0__TC-TY9028,TY-EQ,1990-11-13T00:00:00Z,11.2,159.3,
EQ-usp0004hu0__TC-TY9028,TY-EQ,1990-11-13T03:00:00Z,11.25,159.05,
EQ-usp0004hu0__TC-TY9028,TY-EQ,1990-11-13T06:00:00Z,11.3,158.8,
EQ-usp0004hu0__TC-TY9028,TY-EQ,1990-11-13T09:00:00Z,11.3075,158.55,
EQ-usp0004hu0__TC-TY9028,TY-EQ,1990-11-13T12:00:00Z,11.3,158.3,
EQ-usp0004hu0__TC-TY9028,TY-EQ,1990-11-13T15:00:00Z,11.3,158.05,
EQ-usp0004hu0__TC-TY9028,TY-EQ,1990-11-13T18:00:00Z,11.3,157.8,
EQ-usp0004hu0__TC-TY9028,TY-EQ,1990-11-13T21:00:00Z,11.3,157.55,
EQ-usp0004hu0__TC-TY9028,TY-EQ,1990-11-14T00:00:00Z,11.3,157.3,
EQ-usp0004hu0__TC-TY9028,TY-EQ,1990-11-14T03:00:00Z,11.3,157.05,
EQ-usp0004hu0__TC-TY9028,TY-EQ,1990-11-14T06:00:00Z,11.3,156.8,
EQ-usp0004hu0__TC-TY9028,TY-EQ,1990-11-14T09:00:00Z,11.3,156.55,
EQ-usp0004hu0__TC-TY9028,TY-EQ,1990-11-14T12:00:00Z,11.3,156.3,
EQ-usp0004hu0__TC-TY9028,TY-EQ,1990-11-14T15:00:00Z,11.2925,156.042,
EQ-usp0004hu0__TC-TY9028,TY-EQ,1990-11-14T18:00:00Z,11.3,155.8,
EQ-usp0004hu0__TC-TY9028,TY-EQ,1990-11-14T21:00:00Z,11.35,155.593,
EQ-usp0004hu0__TC-TY9028,TY-EQ,1990-11-15T00:00:00Z,11.4,155.4,
EQ-usp0004hu0__TC-TY9028,TY-EQ,1990-11-15T03:00:00Z,11.4075,155.2,
EQ-usp0004hu0__TC-TY9028,TY-EQ,1990-11-15T06:00:00Z,11.4,155.0,
EQ-usp0004hu0__TC-TY9028,TY-EQ,1990-11-15T09:00:00Z,11.4,154.8,
EQ-usp0004hu0__TC-TY9028,TY-EQ,1990-11-15T12:00:00Z,11.4,154.6,
EQ-usp0004hu0__TC-TY9028,TY-EQ,1990-11-15T15:00:00Z,11.4,154.4,
EQ-usp0004hu0__TC-TY9028,TY-EQ,1990-11-15T18:00:00Z,11.4,154.2,
EQ-usp0004hu0__TC-TY9028,TY-EQ,1990-11-15T21:00:00Z,11.4,153.993,
EQ-usp0004hu0__TC-TY9028,TY-EQ,1990-11-16T00:00:00Z,11.4,153.8,
EQ-usp0004hu0__TC-TY9028,TY-EQ,1990-11-16T03:00:00Z,11.3925,153.657,
EQ-usp0004hu0__TC-TY9028,TY-EQ,1990-11-16T06:00:00Z,11.4,153.5,
EQ-usp0004hu0__TC-TY9028,TY-EQ,1990-11-16T09:00:00Z,11.4575,153.258,
EQ-usp0004hu0__TC-TY9028,TY-EQ,1990-11-16T12:00:00Z,11.5,153.0,
EQ-usp0004hu0__TC-TY9028,TY-EQ,1990-11-16T15:00:00Z,11.465,152.785,
EQ-usp0004hu0__TC-TY9028,TY-EQ,1990-11-16T18:00:00Z,11.4,152.6,
EQ-usp0004hu0__TC-TY9028,TY-EQ,1990-11-16T21:00:00Z,11.365,152.458,
EQ-usp0004hu0__TC-TY9028,TY-EQ,1990-11-17T00:00:00Z,11.3,152.3,
EQ-usp0004hu0__TC-TY9028,TY-EQ,1990-11-17T03:00:00Z,11.18,152.08,
EQ-usp0004hu0__TC-TY9028,TY-EQ,1990-11-17T06:00:00Z,11.0,151.8,
EQ-usp0004hu0__TC-TY9028,TY-EQ,1990-11-17T09:00:00Z,10.7648,151.51,
EQ-usp0004hu0__TC-TY9028,TY-EQ,1990-11-17T12:00:00Z,10.5,151.1,
EQ-usp0004hu0__TC-TY9028,TY-EQ,1990-11-17T15:00:00Z,10.2499,150.518,
EQ-usp0004hu0__TC-TY9028,TY-EQ,1990-11-17T18:00:00Z,10.0,149.8,
EQ-usp0004hu0__TC-TY9028,TY-EQ,1990-11-17T21:00:00Z,9.75765,148.993,
EQ-usp0004hu0__TC-TY9028,TY-EQ,1990-11-18T00:00:00Z,9.5,148.2,
EQ-usp0004hu0__TC-TY9028,TY-EQ,1990-11-18T03:00:00Z,9.19244,147.518,
EQ-usp0004hu0__TC-TY9028,TY-EQ,1990-11-18T06:00:00Z,8.9,147.0,
EQ-usp0004hu0__TC-TY9028,TY-EQ,1990-11-18T09:00:00Z,8.66982,146.705,
EQ-usp0004hu0__TC-TY9028,TY-EQ,1990-11-18T12:00:00Z,8.5,146.5,
EQ-usp0004hu0__TC-TY9028,TY-EQ,1990-11-18T15:00:00Z,8.36243,146.23,
EQ-usp0004hu0__TC-TY9028,TY-EQ,1990-11-18T18:00:00Z,8.3,145.9,
EQ-usp0004hu0__TC-TY9028,TY-EQ,1990-11-18T21:00:00Z,8.34999,145.48,
EQ-usp0004hu0__TC-TY9028,TY-EQ,1990-11-19T00:00:00Z,8.4,145.0,
EQ-usp0004hu0__TC-TY9028,TY-EQ,1990-11-19T03:00:00Z,8.33006,144.477,
EQ-usp0004hu0__TC-TY9028,TY-EQ,1990-11-19T06:00:00Z,8.2,144.0,
EQ-usp0004hu0__TC-TY9028,TY-EQ,1990-11-19T09:00:00Z,8.03495,143.632,
EQ-usp0004hu0__TC-TY9028,TY-EQ,1990-11-19T12:00:00Z,7.9,143.4,
EQ-usp0004hu0__TC-TY9028,TY-EQ,1990-11-19T15:00:00Z,7.88495,143.328,
EQ-usp0004hu0__TC-TY9028,TY-EQ,1990-11-19T18:00:00Z,7.9,143.3,
EQ-usp0004hu0__TC-TY9028,TY-EQ,1990-11-19T21:00:00Z,7.85751,143.158,
EQ-usp0004hu0__TC-TY9028,TY-EQ,1990-11-20T00:00:00Z,7.8,143.0,
EQ-usp0004hu0__TC-TY9028,TY-EQ,1990-11-20T03:00:00Z,7.76499,142.893,
EQ-usp0004hu0__TC-TY9028,TY-EQ,1990-11-20T06:00:00Z,7.7,142.8,
EQ-usp0004hu0__TC-TY9028,TY-EQ,1990-11-20T09:00:00Z,7.56499,142.655,
EQ-usp0004hu0__TC-TY9028,TY-EQ,1990-11-20T12:00:00Z,7.42,143.18,
EQ-usp0004hu0__TC-TY9028,TY-EQ,1990-11-20T15:00:00Z,7.39745,143.561,
EQ-usp0004hu0__TC-TY9028,TY-EQ,1990-11-20T18:00:00Z,7.48571,143.857,
EQ-usp0004hu0__TC-TY9028,TY-EQ,1990-11-20T21:00:00Z,7.66756,144.088,
EQ-usp0004hu0__TC-TY9028,TY-EQ,1990-11-21T00:00:00Z,7.5,145.4,13.362742
EQ-usp0004hu0__TC-TY9028,TY-EQ,1990-11-21T03:00:00Z,7.83254,145.353,13.362742
EQ-usp0004hu0__TC-TY9028,TY-EQ,1990-11-21T06:00:00Z,8.2,145.3,13.362742
EQ-usp0004hu0__TC-TY9028,TY-EQ,1990-11-21T09:00:00Z,8.61489,145.217,13.362742
EQ-usp0004hu0__TC-TY9028,TY-EQ,1990-11-21T12:00:00Z,9.0,145.0,13.362742
EQ-usp0004hu0__TC-TY9028,TY-EQ,1990-11-21T15:00:00Z,9.28024,144.508,13.362742
EQ-usp0004hu0__TC-TY9028,TY-EQ,1990-11-21T18:00:00Z,9.5,144.0,13.362742
EQ-usp0004hu0__TC-TY9028,TY-EQ,1990-11-21T21:00:00Z,9.71488,143.747,13.362742
EQ-usp0004hu0__TC-TY9028,TY-EQ,1990-11-22T00:00:00Z,9.9,143.6,13.362742
EQ-usp0004hu0__TC-TY9028,TY-EQ,1990-11-22T03:00:00Z,10.0425,143.45,14.208639
EQ-usp0004hu0__TC-TY9028,TY-EQ,1990-11-22T06:00:00Z,10.2,143.3,18.00554
EQ-usp0004hu0__TC-TY9028,TY-EQ,1990-11-22T09:00:00Z,10.4124,143.145,19.034428
EQ-usp0004hu0__TC-TY9028,TY-EQ,1990-11-22T12:00:00Z,10.7,142.9,20.57776
EQ-usp0004hu0__TC-TY9028,TY-EQ,1990-11-22T15:00:00Z,11.0776,142.48,21.606648
EQ-usp0004hu0__TC-TY9028,TY-EQ,1990-11-22T18:00:00Z,11.5,142.0,23.14998
EQ-usp0004hu0__TC-TY9028,TY-EQ,1990-11-22T21:00:00Z,11.9449,141.585,24.178868
EQ-usp0004hu0__TC-TY9028,TY-EQ,1990-11-23T00:00:00Z,12.3,141.2,25.7222
EQ-usp0004hu0__TC-TY9028,TY-EQ,1990-11-23T03:00:00Z,12.46,140.827,26.751088
EQ-usp0004hu0__TC-TY9028,TY-EQ,1990-11-23T06:00:00Z,12.5,140.5,28.29442
EQ-usp0004hu0__TC-TY9028,TY-EQ,1990-11-23T09:00:00Z,12.5373,140.28,28.29442
EQ-usp0004hu0__TC-TY9028,TY-EQ,1990-11-23T12:00:00Z,12.5,140.0,28.29442
EQ-usp0004hu0__TC-TY9028,TY-EQ,1990-11-23T15:00:00Z,12.3728,139.465,28.29442
EQ-usp0004hu0__TC-TY9028,TY-EQ,1990-11-23T18:00:00Z,12.2,138.9,28.29442
EQ-usp0004hu0__TC-TY9028,TY-EQ,1990-11-23T21:00:00Z,12.0273,138.528,29.323308
EQ-usp0004hu0__TC-TY9028,TY-EQ,1990-11-24T00:00:00Z,11.9,138.2,30.86664
EQ-usp0004hu0__TC-TY9028,TY-EQ,1990-11-24T03:00:00Z,11.8773,137.838,30.86664
EQ-usp0004hu0__TC-TY9028,TY-EQ,1990-11-24T06:00:00Z,11.9,137.4,30.86664
EQ-usp0004hu0__TC-TY9028,TY-EQ,1990-11-24T09:00:00Z,11.9001,136.815,33.43886
EQ-usp0004hu0__TC-TY9028,TY-EQ,1990-11-24T12:00:00Z,11.9,136.2,36.01108
EQ-usp0004hu0__TC-TY9028,TY-EQ,1990-11-24T15:00:00Z,11.8999,135.678,36.01108
EQ-usp0004hu0__TC-TY9028,TY-EQ,1990-11-24T18:00:00Z,11.9,135.2,36.01108
EQ-usp0004hu0__TC-TY9028,TY-EQ,1990-11-24T21:00:00Z,11.8999,134.743,37.039968
EQ-usp0004hu0__TC-TY9028,TY-EQ,1990-11-25T00:00:00Z,11.9,134.3,38.5833
EQ-usp0004hu0__TC-TY9028,TY-EQ,1990-11-25T03:00:00Z,11.8924,133.85,39.612188
EQ-usp0004hu0__TC-TY9028,TY-EQ,1990-11-25T06:00:00Z,11.9,133.4,41.15552
EQ-usp0004hu0__TC-TY9028,TY-EQ,1990-11-25T09:00:00Z,11.935,132.942,42.184408
EQ-usp0004hu0__TC-TY9028,TY-EQ,1990-11-25T12:00:00Z,12.0,132.5,43.72774
EQ-usp0004hu0__TC-TY9028,TY-EQ,1990-11-25T15:00:00Z,12.0924,132.092,44.756628
EQ-usp0004hu0__TC-TY9028,TY-EQ,1990-11-25T18:00:00Z,12.2,131.7,46.29996
EQ-usp0004hu0__TC-TY9028,TY-EQ,1990-11-25T21:00:00Z,12.2999,131.307,47.328848
EQ-usp0004hu0__TC-TY9028,TY-EQ,1990-11-26T00:00:00Z,12.4,130.9,48.87218
EQ-usp0004hu0__TC-TY9028,TY-EQ,1990-11-26T03:00:00Z,12.4775,130.45,49.901068
EQ-usp0004hu0__TC-TY9028,TY-EQ,1990-11-26T06:00:00Z,12.6,130.0,51.4444
EQ-usp0004hu0__TC-TY9028,TY-EQ,1990-11-26T09:00:00Z,12.8049,129.6,51.4444
EQ-usp0004hu0__TC-TY9028,TY-EQ,1990-11-26T12:00:00Z,13.1,129.2,51.4444
EQ-usp0004hu0__TC-TY9028,TY-EQ,1990-11-26T15:00:00Z,13.485,128.758,51.4444
EQ-usp0004hu0__TC-TY9028,TY-EQ,1990-11-26T18:00:00Z,13.9,128.3,51.4444
EQ-usp0004hu0__TC-TY9028,TY-EQ,1990-11-26T21:00:00Z,14.2425,127.835,52.473288
EQ-usp0004hu0__TC-TY9028,TY-EQ,1990-11-27T00:00:00Z,14.6,127.4,54.01662
EQ-usp0004hu0__TC-TY9028,TY-EQ,1990-11-27T03:00:00Z,15.0349,127.02,54.01662
EQ-usp0004hu0__TC-TY9028,TY-EQ,1990-11-27T06:00:00Z,15.5,126.7,54.01662
EQ-usp0004hu0__TC-TY9028,TY-EQ,1990-11-27T09:00:00Z,15.95,126.42,54.01662
EQ-usp0004hu0__TC-TY9028,TY-EQ,1990-11-27T12:00:00Z,16.4,126.2,54.01662
EQ-usp0004hu0__TC-TY9028,TY-EQ,1990-11-27T15:00:00Z,16.835,125.998,52.473288
EQ-usp0004hu0__TC-TY9028,TY-EQ,1990-11-27T18:00:00Z,17.3,125.9,51.4444
EQ-usp0004hu0__TC-TY9028,TY-EQ,1990-11-27T21:00:00Z,17.835,125.955,48.87218
EQ-usp0004hu0__TC-TY9028,TY-EQ,1990-11-28T00:00:00Z,18.4,126.1,46.29996
EQ-usp0004hu0__TC-TY9028,TY-EQ,1990-11-28T03:00:00Z,18.9274,126.206,46.29996
EQ-usp0004hu0__TC-TY9028,TY-EQ,1990-11-28T06:00:00Z,19.5,126.4,46.29996
EQ-usp0004hu0__TC-TY9028,TY-EQ,1990-11-28T09:00:00Z,20.1774,126.74,44.756628
EQ-usp0004hu0__TC-TY9028,TY-EQ,1990-11-28T12:00:00Z,20.9,127.2,43.72774
EQ-usp0004hu0__TC-TY9028,TY-EQ,1990-11-28T15:00:00Z,21.5925,127.728,43.72774
EQ-usp0004hu0__TC-TY9028,TY-EQ,1990-11-28T18:00:00Z,22.3,128.3,43.72774
EQ-usp0004hu0__TC-TY9028,TY-EQ,1990-11-28T21:00:00Z,23.0347,128.843,42.184408
EQ-usp0004hu0__TC-TY9028,TY-EQ,1990-11-29T00:00:00Z,23.8,129.4,41.15552
EQ-usp0004hu0__TC-TY9028,TY-EQ,1990-11-29T03:00:00Z,24.547,129.965,39.612188
EQ-usp0004hu0__TC-TY9028,TY-EQ,1990-11-29T06:00:00Z,25.4,130.6,38.5833
EQ-usp0004hu0__TC-TY9028,TY-EQ,1990-11-29T09:00:00Z,26.4625,131.363,37.039968
EQ-usp0004hu0__TC-TY9028,TY-EQ,1990-11-29T12:00:00Z,27.6,132.2,36.01108
EQ-usp0004hu0__TC-TY9028,TY-EQ,1990-11-29T15:00:00Z,28.6653,133.088,34.467748
EQ-usp0004hu0__TC-TY9028,TY-EQ,1990-11-29T18:00:00Z,29.7,133.9,33.43886
EQ-usp0004hu0__TC-TY9028,TY-EQ,1990-11-29T21:00:00Z,30.7143,134.519,33.43886
EQ-usp0004hu0__TC-TY9028,TY-EQ,1990-11-30T00:00:00Z,31.7,135.0,33.43886
EQ-usp0004hu0__TC-TY9028,TY-EQ,1990-11-30T03:00:00Z,32.6662,135.362,30.86664
EQ-usp0004hu0__TC-TY9028,TY-EQ,1990-11-30T06:00:00Z,33.6,135.8,28.29442
EQ-usp0004hu0__TC-TY9028,TY-EQ,1990-11-30T09:00:00Z,34.5,136.5,27.112007
EQ-usp0004hu0__TC-TY9028,TY-EQ,1990-11-30T12:00:00Z,36.0,137.0,24.725121
EQ-usp0004hu0__TC-TY9028,TY-EQ,1990-11-30T15:00:00Z,37.5704,137.959,23.482894
EQ-usp0004hu0__TC-TY9028,TY-EQ,1990-11-30T18:00:00Z,39.0,139.0,22.203211
EQ-usp0004hu0__TC-TY9028,TY-EQ,1990-11-30T21:00:00Z,40.072,139.511,22.203211
EQ-usp0004hu0__TC-TY9028,TY-EQ,1990-12-01T00:00:00Z,41.0,140.0,22.203211
EQ-usp0004hu0__TC-TY9028,TY-EQ,1990-12-01T03:00:00Z,42.0008,140.925,20.881366
EQ-usp0004hu0__TC-TY9028,TY-EQ,1990-12-01T06:00:00Z,43.0,142.0,19.511519
EQ-usp0004hu0__TC-TY9028,TY-EQ,1990-12-01T09:00:00Z,43.9991,143.003,19.511519
EQ-usp0004hu0__TC-TY9028,TY-EQ,1990-12-01T12:00:00Z,45.0,144.0,19.511519
EQ-usp0004hu0__TC-TY9028,TY-EQ,1990-12-01T15:00:00Z,45.9991,145.004,20.202862
EQ-usp0004hu0__TC-TY9028,TY-EQ,1990-12-01T18:00:00Z,47.0,146.0,20.881366
EQ-usp0004hu0__TC-TY9028,TY-EQ,1990-12-01T21:00:00Z,47.9991,147.004,20.881366
EQ-usp0004hu0__TC-TY9028,TY-EQ,1990-12-02T00:00:00Z,49.0,148.0,20.881366
EQ-usp0004hu0__TC-TY9028,TY-EQ,1990-12-02T03:00:00Z,50.074,148.999,21.547893
EQ-usp0004hu0__TC-TY9028,TY-EQ,1990-12-02T06:00:00Z,51.0,150.0,22.203211
EQ-usp0004hu0__TC-TY9028,TY-EQ,1990-12-02T09:00:00Z,51.5755,151.08,24.108431
EQ-usp0004hu0__TC-TY9028,TY-EQ,1990-12-02T12:00:00Z,52.0,152.0,25.933752
EQ-usp0004hu0__TC-TY9028,TY-EQ,1990-12-02T15:00:00Z,52.4985,152.579,27.690609
EQ-usp0004hu0__TC-TY9028,TY-EQ,1990-12-02T18:00:00Z,53.0,153.0,29.387863
EQ-usp0004hu0__TC-TY9028,TY-EQ,1990-12-02T21:00:00Z,53.5748,153.499,29.387863
EQ-usp0004hu0__TC-TY9028,TY-EQ,1990-12-03T00:00:00Z,54.0,154.0,29.387863
EQ-usp0004hu0__TC-TY9028,TY-EQ,1990-12-03T03:00:00Z,54.0748,154.503,29.387863
EQ-usp0004hu0__TC-TY9028,TY-EQ,1990-12-03T06:00:00Z,54.0,155.0,29.387863
EQ-usp0004hu0__TC-TY9028,TY-EQ,1990-12-03T09:00:00Z,53.9754,155.499,29.387863
EQ-usp0004hu0__TC-TY9028,TY-EQ,1990-12-03T12:00:00Z,54.0,156.0,29.387863
EQ-usp0004fe9__TC-TY9021,Simultaneous,1990-09-28T06:00:00Z,12.7,153.2,
EQ-usp0004fe9__TC-TY9021,Simultaneous,1990-09-28T09:00:00Z,12.7901,152.89,
EQ-usp0004fe9__TC-TY9021,Simultaneous,1990-09-28T12:00:00Z,12.9,152.6,
EQ-usp0004fe9__TC-TY9021,Simultaneous,1990-09-28T15:00:00Z,13.0425,152.342,
EQ-usp0004fe9__TC-TY9021,Simultaneous,1990-09-28T18:00:00Z,13.2,152.1,
EQ-usp0004fe9__TC-TY9021,Simultaneous,1990-09-28T21:00:00Z,13.3575,151.85,
EQ-usp0004fe9__TC-TY9021,Simultaneous,1990-09-29T00:00:00Z,13.5,151.6,
EQ-usp0004fe9__TC-TY9021,Simultaneous,1990-09-29T03:00:00Z,13.6075,151.342,
EQ-usp0004fe9__TC-TY9021,Simultaneous,1990-09-29T06:00:00Z,13.7,151.1,
EQ-usp0004fe9__TC-TY9021,Simultaneous,1990-09-29T09:00:00Z,13.8,150.878,
EQ-usp0004fe9__TC-TY9021,Simultaneous,1990-09-29T12:00:00Z,13.9,150.7,
EQ-usp0004fe9__TC-TY9021,Simultaneous,1990-09-29T15:00:00Z,14.0,150.592,
EQ-usp0004fe9__TC-TY9021,Simultaneous,1990-09-29T18:00:00Z,14.1,150.5,
EQ-usp0004fe9__TC-TY9021,Simultaneous,1990-09-29T21:00:00Z,14.2,150.365,
EQ-usp0004fe9__TC-TY9021,Simultaneous,1990-09-30T00:00:00Z,14.3,150.2,
EQ-usp0004fe9__TC-TY9021,Simultaneous,1990-09-30T03:00:00Z,14.4,150.0,
EQ-usp0004fe9__TC-TY9021,Simultaneous,1990-09-30T06:00:00Z,16.0,150.0,9.616676
EQ-usp0004fe9__TC-TY9021,Simultaneous,1990-09-30T09:00:00Z,15.81,149.752,9.616676
EQ-usp0004fe9__TC-TY9021,Simultaneous,1990-09-30T12:00:00Z,15.6,149.5,9.616676
EQ-usp0004fe9__TC-TY9021,Simultaneous,1990-09-30T15:00:00Z,15.37,149.242,10.620347
EQ-usp0004fe9__TC-TY9021,Simultaneous,1990-09-30T18:00:00Z,15.2,149.0,11.574055
EQ-usp0004fe9__TC-TY9021,Simultaneous,1990-09-30T21:00:00Z,15.1549,148.8,12.486127
EQ-usp0004fe9__TC-TY9021,Simultaneous,1990-10-01T00:00:00Z,15.2,148.6,13.362742
EQ-usp0004fe9__TC-TY9021,Simultaneous,1990-10-01T03:00:00Z,15.27,148.35,13.362742
EQ-usp0004fe9__TC-TY9021,Simultaneous,1990-10-01T06:00:00Z,15.4,148.1,13.362742
EQ-usp0004fe9__TC-TY9021,Simultaneous,1990-10-01T09:00:00Z,15.562,147.982,14.208639
EQ-usp0004fe9__TC-TY9021,Simultaneous,1990-10-01T12:00:00Z,15.8,147.7,18.00554
EQ-usp0004fe9__TC-TY9021,Simultaneous,1990-10-01T15:00:00Z,16.1429,146.99,19.034428
EQ-usp0004fe9__TC-TY9021,Simultaneous,1990-10-01T18:00:00Z,16.5,146.1,20.57776
EQ-usp0004fe9__TC-TY9021,Simultaneous,1990-10-01T21:00:00Z,16.7873,145.292,21.606648
EQ-usp0004fe9__TC-TY9021,Simultaneous,1990-10-02T00:00:00Z,17.0,144.5,23.14998
EQ-usp0004fe9__TC-TY9021,Simultaneous,1990-10-02T03:00:00Z,17.0998,143.727,24.178868
EQ-usp0004fe9__TC-TY9021,Simultaneous,1990-10-02T06:00:00Z,17.2,143.0,25.7222
EQ-usp0004fe9__TC-TY9021,Simultaneous,1990-10-02T09:00:00Z,17.4271,142.335,26.751088
EQ-usp0004fe9__TC-TY9021,Simultaneous,1990-10-02T12:00:00Z,17.7,141.7,28.29442
EQ-usp0004fe9__TC-TY9021,Simultaneous,1990-10-02T15:00:00Z,17.9496,141.065,29.323308
EQ-usp0004fe9__TC-TY9021,Simultaneous,1990-10-02T18:00:00Z,18.2,140.4,30.86664
EQ-usp0004fe9__TC-TY9021,Simultaneous,1990-10-02T21:00:00Z,18.4124,139.664,31.895528
EQ-usp0004fe9__TC-TY9021,Simultaneous,1990-10-03T00:00:00Z,18.7,138.9,33.43886
EQ-usp0004fe9__TC-TY9021,Simultaneous,1990-10-03T03:00:00Z,19.1918,138.18,34.467748
EQ-usp0004fe9__TC-TY9021,Simultaneous,1990-10-03T06:00:00Z,19.7,137.4,36.01108
EQ-usp0004fe9__TC-TY9021,Simultaneous,1990-10-03T09:00:00Z,20.0228,136.457,36.01108
EQ-usp0004fe9__TC-TY9021,Simultaneous,1990-10-03T12:00:00Z,20.3,135.5,36.01108
EQ-usp0004fe9__TC-TY9021,Simultaneous,1990-10-03T15:00:00Z,20.6194,134.669,36.01108
EQ-usp0004fe9__TC-TY9021,Simultaneous,1990-10-03T18:00:00Z,21.0,133.9,36.01108
EQ-usp0004fe9__TC-TY9021,Simultaneous,1990-10-03T21:00:00Z,21.4848,133.128,37.039968
EQ-usp0004fe9__TC-TY9021,Simultaneous,1990-10-04T00:00:00Z,22.0,132.4,38.5833
EQ-usp0004fe9__TC-TY9021,Simultaneous,1990-10-04T03:00:00Z,22.4723,131.712,38.5833
EQ-usp0004fe9__TC-TY9021,Simultaneous,1990-10-04T06:00:00Z,22.9,131.1,38.5833
EQ-usp0004fe9__TC-TY9021,Simultaneous,1990-10-04T09:00:00Z,23.2796,130.577,38.5833
EQ-usp0004fe9__TC-TY9021,Simultaneous,1990-10-04T12:00:00Z,23.6,130.1,38.5833
EQ-usp0004fe9__TC-TY9021,Simultaneous,1990-10-04T15:00:00Z,23.865,129.585,38.5833
EQ-usp0004fe9__TC-TY9021,Simultaneous,1990-10-04T18:00:00Z,24.1,129.1,38.5833
EQ-usp0004fe9__TC-TY9021,Simultaneous,1990-10-04T21:00:00Z,24.3498,128.677,39.612188
EQ-usp0004fe9__TC-TY9021,Simultaneous,1990-10-05T00:00:00Z,24.6,128.3,41.15552
EQ-usp0004fe9__TC-TY9021,Simultaneous,1990-10-05T03:00:00Z,24.85,127.913,41.15552
EQ-usp0004fe9__TC-TY9021,Simultaneous,1990-10-05T06:00:00Z,25.1,127.6,41.15552
EQ-usp0004fe9__TC-TY9021,Simultaneous,1990-10-05T09:00:00Z,25.2974,127.42,41.15552
EQ-usp0004fe9__TC-TY9021,Simultaneous,1990-10-05T12:00:00Z,25.6,127.3,41.15552
EQ-usp0004fe9__TC-TY9021,Simultaneous,1990-10-05T15:00:00Z,26.1775,127.128,41.15552
EQ-usp0004fe9__TC-TY9021,Simultaneous,1990-10-05T18:00:00Z,26.8,127.0,41.15552
EQ-usp0004fe9__TC-TY9021,Simultaneous,1990-10-05T21:00:00Z,27.2524,126.962,41.15552
EQ-usp0004fe9__TC-TY9021,Simultaneous,1990-10-06T00:00:00Z,27.6,127.0,41.15552
EQ-usp0004fe9__TC-TY9021,Simultaneous,1990-10-06T03:00:00Z,27.8649,127.063,41.15552
EQ-usp0004fe9__TC-TY9021,Simultaneous,1990-10-06T06:00:00Z,28.1,127.2,41.15552
EQ-usp0004fe9__TC-TY9021,Simultaneous,1990-10-06T09:00:00Z,28.4151,127.442,39.612188
EQ-usp0004fe9__TC-TY9021,Simultaneous,1990-10-06T12:00:00Z,28.7,127.7,38.5833
EQ-usp0004fe9__TC-TY9021,Simultaneous,1990-10-06T15:00:00Z,28.8649,127.873,37.039968
EQ-usp0004fe9__TC-TY9021,Simultaneous,1990-10-06T18:00:00Z,29.0,128.0,36.01108
EQ-usp0004fe9__TC-TY9021,Simultaneous,1990-10-06T21:00:00Z,29.2074,128.085,34.467748
EQ-usp0004fe9__TC-TY9021,Simultaneous,1990-10-07T00:00:00Z,29.4,128.2,33.43886
EQ-usp0004fe9__TC-TY9021,Simultaneous,1990-10-07T03:00:00Z,29.4772,128.383,31.895528
EQ-usp0004fe9__TC-TY9021,Simultaneous,1990-10-07T06:00:00Z,29.6,128.7,30.86664
EQ-usp0004fe9__TC-TY9021,Simultaneous,1990-10-07T09:00:00Z,29.8742,129.139,30.86664
EQ-usp0004fe9__TC-TY9021,Simultaneous,1990-10-07T12:00:00Z,30.3,129.8,30.86664
EQ-usp0004fe9__TC-TY9021,Simultaneous,1990-10-07T15:00:00Z,30.8245,130.689,30.86664
EQ-usp0004fe9__TC-TY9021,Simultaneous,1990-10-07T18:00:00Z,31.5,131.8,30.86664
EQ-usp0004fe9__TC-TY9021,Simultaneous,1990-10-07T21:00:00Z,32.3172,132.975,29.323308
EQ-usp0004fe9__TC-TY9021,Simultaneous,1990-10-08T00:00:00Z,33.2,134.4,28.29442
EQ-usp0004fe9__TC-TY9021,Simultaneous,1990-10-08T03:00:00Z,33.9185,135.971,25.7222
EQ-usp0004fe9__TC-TY9021,Simultaneous,1990-10-08T06:00:00Z,34.8,138.1,23.14998
EQ-usp0004fe9__TC-TY9021,Simultaneous,1990-10-08T09:00:00Z,36.0,141.0,18.086263
EQ-usp0004fe9__TC-TY9021,Simultaneous,1990-10-08T12:00:00Z,37.0,144.0,16.595947
EQ-usp0004fe9__TC-TY9021,Simultaneous,1990-10-08T15:00:00Z,37.5878,146.149,15.8225
EQ-usp0004fe9__TC-TY9021,Simultaneous,1990-10-08T18:00:00Z,38.0,148.0,15.027554
EQ-usp0004fe9__TC-TY9021,Simultaneous,1990-10-08T21:00:00Z,38.4856,150.316,14.208639
EQ-usp0004fe9__TC-TY9021,Simultaneous,1990-10-09T00:00:00Z,39.0,153.0,13.362742
EQ-usp0004b1n__TC-TY9011,EQ-TY,1990-08-04T00:00:00Z,28.6,125.4,
EQ-usp0004b1n__TC-TY9011,EQ-TY,1990-08-04T03:00:00Z,28.8951,125.697,
EQ-usp0004b1n__TC-TY9011,EQ-TY,1990-08-04T06:00:00Z,29.2,126.0,
EQ-usp0004b1n__TC-TY9011,EQ-TY,1990-08-04T09:00:00Z,29.515,126.307,
EQ-usp0004b1n__TC-TY9011,EQ-TY,1990-08-04T12:00:00Z,29.8,126.6,
EQ-usp0004b1n__TC-TY9011,EQ-TY,1990-08-04T15:00:00Z,30.0149,126.865,
EQ-usp0004b1n__TC-TY9011,EQ-TY,1990-08-04T18:00:00Z,30.0,125.5,13.362742
EQ-usp0004b1n__TC-TY9011,EQ-TY,1990-08-04T21:00:00Z,30.198,126.008,13.362742
EQ-usp0004b1n__TC-TY9011,EQ-TY,1990-08-05T00:00:00Z,30.5,126.5,13.362742
EQ-usp0004b1n__TC-TY9011,EQ-TY,1990-08-05T03:00:00Z,30.9445,126.977,13.362742
EQ-usp0004b1n__TC-TY9011,EQ-TY,1990-08-05T06:00:00Z,31.3,127.5,13.362742
EQ-usp0004b1n__TC-TY9011,EQ-TY,1990-08-05T09:00:00Z,31.3105,128.166,13.362742
EQ-usp0004b1n__TC-TY9011,EQ-TY,1990-08-05T12:00:00Z,31.2,128.8,13.362742
EQ-usp0004b1n__TC-TY9011,EQ-TY,1990-08-05T15:00:00Z,31.2141,129.207,14.208639
EQ-usp0004b1n__TC-TY9011,EQ-TY,1990-08-05T18:00:00Z,31.2,129.6,15.027554
EQ-usp0004b1n__TC-TY9011,EQ-TY,1990-08-05T21:00:00Z,31.1176,130.169,15.027554
EQ-usp0004b1n__TC-TY9011,EQ-TY,1990-08-06T00:00:00Z,30.9,130.8,15.027554
EQ-usp0004b1n__TC-TY9011,EQ-TY,1990-08-06T03:00:00Z,30.495,131.423,15.8225
EQ-usp0004b1n__TC-TY9011,EQ-TY,1990-08-06T06:00:00Z,30.0,132.0,16.595947
EQ-usp0004b1n__TC-TY9011,EQ-TY,1990-08-06T09:00:00Z,29.5649,132.51,16.595947
EQ-usp0004b1n__TC-TY9011,EQ-TY,1990-08-06T12:00:00Z,29.1,132.9,16.595947
EQ-usp0004b1n__TC-TY9011,EQ-TY,1990-08-06T15:00:00Z,28.5572,133.129,17.349955
EQ-usp0004b1n__TC-TY9011,EQ-TY,1990-08-06T18:00:00Z,28.0,133.3,18.00554
EQ-usp0004b1n__TC-TY9011,EQ-TY,1990-08-06T21:00:00Z,27.4698,133.512,19.034428
EQ-usp0004b1n__TC-TY9011,EQ-TY,1990-08-07T00:00:00Z,27.0,133.8,20.57776
EQ-usp0004b1n__TC-TY9011,EQ-TY,1990-08-07T03:00:00Z,26.5753,134.243,20.57776
EQ-usp0004b1n__TC-TY9011,EQ-TY,1990-08-07T06:00:00Z,26.3,134.7,20.57776
EQ-usp0004b1n__TC-TY9011,EQ-TY,1990-08-07T09:00:00Z,26.2472,135.014,21.606648
EQ-usp0004b1n__TC-TY9011,EQ-TY,1990-08-07T12:00:00Z,26.3,135.3,23.14998
EQ-usp0004b1n__TC-TY9011,EQ-TY,1990-08-07T15:00:00Z,26.2999,135.635,23.14998
EQ-usp0004b1n__TC-TY9011,EQ-TY,1990-08-07T18:00:00Z,26.3,136.0,23.14998
EQ-usp0004b1n__TC-TY9011,EQ-TY,1990-08-07T21:00:00Z,26.2476,136.415,24.178868
EQ-usp0004b1n__TC-TY9011,EQ-TY,1990-08-08T00:00:00Z,26.3,136.8,25.7222
EQ-usp0004b1n__TC-TY9011,EQ-TY,1990-08-08T03:00:00Z,26.5899,137.102,25.7222
EQ-usp0004b1n__TC-TY9011,EQ-TY,1990-08-08T06:00:00Z,27.0,137.3,25.7222
EQ-usp0004b1n__TC-TY9011,EQ-TY,1990-08-08T09:00:00Z,27.3924,137.388,25.7222
EQ-usp0004b1n__TC-TY9011,EQ-TY,1990-08-08T12:00:00Z,27.8,137.4,25.7222
EQ-usp0004b1n__TC-TY9011,EQ-TY,1990-08-08T15:00:00Z,28.2,137.415,25.7222
EQ-usp0004b1n__TC-TY9011,EQ-TY,1990-08-08T18:00:00Z,28.6,137.4,25.7222
EQ-usp0004b1n__TC-TY9011,EQ-TY,1990-08-08T21:00:00Z,28.9475,137.35,25.7222
EQ-usp0004b1n__TC-TY9011,EQ-TY,1990-08-09T00:00:00Z,29.4,137.3,25.7222
EQ-usp0004b1n__TC-TY9011,EQ-TY,1990-08-09T03:00:00Z,30.105,137.292,26.751088
EQ-usp0004b1n__TC-TY9011,EQ-TY,1990-08-09T06:00:00Z,30.9,137.3,28.29442
EQ-usp0004b1n__TC-TY9011,EQ-TY,1990-08-09T09:00:00Z,31.6075,137.285,29.323308
EQ-usp0004b1n__TC-TY9011,EQ-TY,1990-08-09T12:00:00Z,32.3,137.3,30.86664
EQ-usp0004b1n__TC-TY9011,EQ-TY,1990-08-09T15:00:00Z,33.0222,137.333,30.86664
EQ-usp0004b1n__TC-TY9011,EQ-TY,1990-08-09T18:00:00Z,33.7,137.5,30.86664
EQ-usp0004b1n__TC-TY9011,EQ-TY,1990-08-09T21:00:00Z,34.2275,137.876,29.323308
EQ-usp0004b1n__TC-TY9011,EQ-TY,1990-08-10T00:00:00Z,34.8,138.4,28.29442
EQ-usp0004b1n__TC-TY9011,EQ-TY,1990-08-10T03:00:00Z,35.5824,138.963,26.751088
EQ-usp0004b1n__TC-TY9011,EQ-TY,1990-08-10T06:00:00Z,36.5,139.6,25.7222
EQ-usp0004b1n__TC-TY9011,EQ-TY,1990-08-10T09:00:00Z,37.5072,140.278,24.178868
EQ-usp0004b1n__TC-TY9011,EQ-TY,1990-08-10T12:00:00Z,38.5,141.0,23.14998
EQ-usp0004b1n__TC-TY9011,EQ-TY,1990-08-10T15:00:00Z,39.2917,141.725,23.14998
EQ-usp0004b1n__TC-TY9011,EQ-TY,1990-08-10T18:00:00Z,40.1,142.5,23.14998
EQ-usp0004b1n__TC-TY9011,EQ-TY,1990-08-10T21:00:00Z,41.1124,143.378,21.606648
EQ-usp0004b1n__TC-TY9011,EQ-TY,1990-08-11T00:00:00Z,42.2,144.3,20.57776
EQ-usp0004b1n__TC-TY9011,EQ-TY,1990-08-11T03:00:00Z,43.2742,145.052,20.57776
EQ-usp0004b1n__TC-TY9011,EQ-TY,1990-08-11T06:00:00Z,44.3,146.1,20.57776
EQ-usp0004b1n__TC-TY9011,EQ-TY,1990-08-11T09:00:00Z,45.2353,147.881,20.202862
EQ-usp0004b1n__TC-TY9011,EQ-TY,1990-08-11T12:00:00Z,46.0,150.0,20.881366
EQ-usp0004b1n__TC-TY9011,EQ-TY,1990-08-11T15:00:00Z,46.5451,151.929,21.547893
EQ-usp0004b1n__TC-TY9011,EQ-TY,1990-08-11T18:00:00Z,47.0,154.0,22.203211
EQ-usp0004b1n__TC-TY9011,EQ-TY,1990-08-11T21:00:00Z,47.5037,156.5,22.203211
EQ-usp0004b1n__TC-TY9011,EQ-TY,1990-08-12T00:00:00Z,48.0,159.0,22.203211
EQ-usp0004b1n__TC-TY9011,EQ-TY,1990-08-12T03:00:00Z,48.4956,161.153,22.203211
EQ-usp0004b1n__TC-TY9011,EQ-TY,1990-08-12T06:00:00Z,49.0,163.0,22.203211
EQ-usp0004b1n__TC-TY9011,EQ-TY,1990-08-12T09:00:00Z,49.4169,164.516,22.203211
EQ-usp0004b1n__TC-TY9011,EQ-TY,1990-08-12T12:00:00Z,50.0,166.0,22.203211
EQ-usp0004b1n__TC-TY9011,EQ-TY,1990-08-12T15:00:00Z,50.9256,167.921,21.547893
EQ-usp0004b1n__TC-TY9011,EQ-TY,1990-08-12T18:00:00Z,52.0,170.0,20.881366
EQ-usp0004b1n__TC-TY9011,EQ-TY,1990-08-12T21:00:00Z,52.9999,172.078,20.202862
EQ-usp0004b1n__TC-TY9011,EQ-TY,1990-08-13T00:00:00Z,54.0,174.0,19.511519
EQ-usp0004b1n__TC-TY9011,EQ-TY,1990-08-13T03:00:00Z,54.997,175.657,19.511519
EQ-usp0004b1n__TC-TY9011,EQ-TY,1990-08-13T06:00:00Z,56.0,177.0,19.511519
EQ-usp0004b1n__TC-TY9011,EQ-TY,1990-08-13T09:00:00Z,57.0736,178.364,19.511519
EQ-usp0004b1n__TC-TY9011,EQ-TY,1990-08-13T12:00:00Z,58.0,179.0,19.511519
EQ-usp0004b1n__TC-TY9011,EQ-TY,1990-08-13T15:00:00Z,58.5762,178.312,19.511519
EQ-usp0004b1n__TC-TY9011,EQ-TY,1990-08-13T18:00:00Z,59.0,177.0,19.511519
EQ-usp0004b1n__TC-TY9011,EQ-TY,1990-08-13T21:00:00Z,59.4992,175.997,19.511519
EQ-usp0004b1n__TC-TY9011,EQ-TY,1990-08-14T00:00:00Z,60.0,175.0,19.511519
EQ-usp0004b1n__TC-TY9011,EQ-TY,1990-08-14T03:00:00Z,60.5015,174.006,20.202862
EQ-usp0004b1n__TC-TY9011,EQ-TY,1990-08-14T06:00:00Z,61.0,173.0,20.881366
EQ-usp0004a05__TC-TY9019,EQ-TY,1990-09-08T00:00:00Z,5.5,170.5,
EQ-usp0004a05__TC-TY9019,EQ-TY,1990-09-08T03:00:00Z,5.79037,169.493,
EQ-usp0004a05__TC-TY9019,EQ-TY,1990-09-08T06:00:00Z,6.1,168.5,
EQ-usp0004a05__TC-TY9019,EQ-TY,1990-09-08T09:00:00Z,6.44232,167.535,
EQ-usp0004a05__TC-TY9019,EQ-TY,1990-09-08T12:00:00Z,6.8,166.6,
EQ-usp0004a05__TC-TY9019,EQ-TY,1990-09-08T15:00:00Z,7.16478,165.692,
EQ-usp0004a05__TC-TY9019,EQ-TY,1990-09-08T18:00:00Z,7.5,164.8,
EQ-usp0004a05__TC-TY9019,EQ-TY,1990-09-08T21:00:00Z,7.78763,163.84,
EQ-usp0004a05__TC-TY9019,EQ-TY,1990-09-09T00:00:00Z,8.0,163.0,
EQ-usp0004a05__TC-TY9019,EQ-TY,1990-09-09T03:00:00Z,8.1222,162.425,
EQ-usp0004a05__TC-TY9019,EQ-TY,1990-09-09T06:00:00Z,8.2,162.0,
EQ-usp0004a05__TC-TY9019,EQ-TY,1990-09-09T09:00:00Z,8.29236,161.6,
EQ-usp0004a05__TC-TY9019,EQ-TY,1990-09-09T12:00:00Z,8.4,161.2,
EQ-usp0004a05__TC-TY9019,EQ-TY,1990-09-09T15:00:00Z,8.54246,160.722,
EQ-usp0004a05__TC-TY9019,EQ-TY,1990-09-09T18:00:00Z,8.7,160.2,
EQ-usp0004a05__TC-TY9019,EQ-TY,1990-09-09T21:00:00Z,8.85745,159.658,
EQ-usp0004a05__TC-TY9019,EQ-TY,1990-09-10T00:00:00Z,9.0,159.1,
EQ-usp0004a05__TC-TY9019,EQ-TY,1990-09-10T03:00:00Z,9.11488,158.557,
EQ-usp0004a05__TC-TY9019,EQ-TY,1990-09-10T06:00:00Z,9.2,158.0,
EQ-usp0004a05__TC-TY9019,EQ-TY,1990-09-10T09:00:00Z,9.26494,157.408,
EQ-usp0004a05__TC-TY9019,EQ-TY,1990-09-10T12:00:00Z,9.3,156.8,
EQ-usp0004a05__TC-TY9019,EQ-TY,1990-09-10T15:00:00Z,9.3074,156.2,
EQ-usp0004a05__TC-TY9019,EQ-TY,1990-09-10T18:00:00Z,9.3,155.6,
EQ-usp0004a05__TC-TY9019,EQ-TY,1990-09-10T21:00:00Z,9.2924,155.0,
EQ-usp0004a05__TC-TY9019,EQ-TY,1990-09-11T00:00:00Z,9.3,154.4,
EQ-usp0004a05__TC-TY9019,EQ-TY,1990-09-11T03:00:00Z,9.33482,153.815,
EQ-usp0004a05__TC-TY9019,EQ-TY,1990-09-11T06:00:00Z,9.4,153.2,
EQ-usp0004a05__TC-TY9019,EQ-TY,1990-09-11T09:00:00Z,9.48495,152.515,
EQ-usp0004a05__TC-TY9019,EQ-TY,1990-09-11T12:00:00Z,9.6,151.8,
EQ-usp0004a05__TC-TY9019,EQ-TY,1990-09-11T15:00:00Z,9.7199,151.092,
EQ-usp0004a05__TC-TY9019,EQ-TY,1990-09-11T18:00:00Z,9.9,150.4,
EQ-usp0004a05__TC-TY9019,EQ-TY,1990-09-11T21:00:00Z,10.1549,149.735,
EQ-usp0004a05__TC-TY9019,EQ-TY,1990-09-12T00:00:00Z,10.8,148.7,9.616676
EQ-usp0004a05__TC-TY9019,EQ-TY,1990-09-12T03:00:00Z,10.9927,148.288,10.620347
EQ-usp0004a05__TC-TY9019,EQ-TY,1990-09-12T06:00:00Z,11.3,147.9,11.574055
EQ-usp0004a05__TC-TY9019,EQ-TY,1990-09-12T09:00:00Z,11.7973,147.537,11.574055
EQ-usp0004a05__TC-TY9019,EQ-TY,1990-09-12T12:00:00Z,12.4,147.1,11.574055
EQ-usp0004a05__TC-TY9019,EQ-TY,1990-09-12T15:00:00Z,13.015,146.495,12.486127
EQ-usp0004a05__TC-TY9019,EQ-TY,1990-09-12T18:00:00Z,13.6,145.8,13.362742
EQ-usp0004a05__TC-TY9019,EQ-TY,1990-09-12T21:00:00Z,14.0801,145.07,14.208639
EQ-usp0004a05__TC-TY9019,EQ-TY,1990-09-13T00:00:00Z,14.5,144.4,18.00554
EQ-usp0004a05__TC-TY9019,EQ-TY,1990-09-13T03:00:00Z,14.922,143.935,19.034428
EQ-usp0004a05__TC-TY9019,EQ-TY,1990-09-13T06:00:00Z,15.3,143.5,20.57776
EQ-usp0004a05__TC-TY9019,EQ-TY,1990-09-13T09:00:00Z,15.6152,142.9,20.57776
EQ-usp0004a05__TC-TY9019,EQ-TY,1990-09-13T12:00:00Z,15.9,142.3,20.57776
EQ-usp0004a05__TC-TY9019,EQ-TY,1990-09-13T15:00:00Z,16.1847,141.827,20.57776
EQ-usp0004a05__TC-TY9019,EQ-TY,1990-09-13T18:00:00Z,16.5,141.4,20.57776
EQ-usp0004a05__TC-TY9019,EQ-TY,1990-09-13T21:00:00Z,16.8923,140.965,21.606648
EQ-usp0004a05__TC-TY9019,EQ-TY,1990-09-14T00:00:00Z,17.3,140.5,23.14998
EQ-usp0004a05__TC-TY9019,EQ-TY,1990-09-14T03:00:00Z,17.6574,139.972,24.178868
EQ-usp0004a05__TC-TY9019,EQ-TY,1990-09-14T06:00:00Z,18.0,139.4,25.7222
EQ-usp0004a05__TC-TY9019,EQ-TY,1990-09-14T09:00:00Z,18.3423,138.815,26.751088
EQ-usp0004a05__TC-TY9019,EQ-TY,1990-09-14T12:00:00Z,18.7,138.2,28.29442
EQ-usp0004a05__TC-TY9019,EQ-TY,1990-09-14T15:00:00Z,19.0998,137.565,29.323308
EQ-usp0004a05__TC-TY9019,EQ-TY,1990-09-14T18:00:00Z,19.5,136.9,30.86664
EQ-usp0004a05__TC-TY9019,EQ-TY,1990-09-14T21:00:00Z,19.8502,136.17,31.895528
EQ-usp0004a05__TC-TY9019,EQ-TY,1990-09-15T00:00:00Z,20.2,135.5,33.43886
EQ-usp0004a05__TC-TY9019,EQ-TY,1990-09-15T03:00:00Z,20.5994,135.027,34.467748
EQ-usp0004a05__TC-TY9019,EQ-TY,1990-09-15T06:00:00Z,21.0,134.6,36.01108
EQ-usp0004a05__TC-TY9019,EQ-TY,1990-09-15T09:00:00Z,21.365,134.065,37.039968
EQ-usp0004a05__TC-TY9019,EQ-TY,1990-09-15T12:00:00Z,21.7,133.5,38.5833
EQ-usp0004a05__TC-TY9019,EQ-TY,1990-09-15T15:00:00Z,22.0225,132.935,39.612188
EQ-usp0004a05__TC-TY9019,EQ-TY,1990-09-15T18:00:00Z,22.3,132.4,41.15552
EQ-usp0004a05__TC-TY9019,EQ-TY,1990-09-15T21:00:00Z,22.4998,131.927,43.72774
EQ-usp0004a05__TC-TY9019,EQ-TY,1990-09-16T00:00:00Z,22.7,131.5,46.29996
EQ-usp0004a05__TC-TY9019,EQ-TY,1990-09-16T03:00:00Z,22.9998,131.093,48.87218
EQ-usp0004a05__TC-TY9019,EQ-TY,1990-09-16T06:00:00Z,23.3,130.7,51.4444
EQ-usp0004a05__TC-TY9019,EQ-TY,1990-09-16T09:00:00Z,23.5075,130.277,52.473288
EQ-usp0004a05__TC-TY9019,EQ-TY,1990-09-16T12:00:00Z,23.7,129.9,54.01662
EQ-usp0004a05__TC-TY9019,EQ-TY,1990-09-16T15:00:00Z,23.9274,129.612,56.58884
EQ-usp0004a05__TC-TY9019,EQ-TY,1990-09-16T18:00:00Z,24.2,129.4,59.16106
EQ-usp0004a05__TC-TY9019,EQ-TY,1990-09-16T21:00:00Z,24.5424,129.227,60.189948
EQ-usp0004a05__TC-TY9019,EQ-TY,1990-09-17T00:00:00Z,24.9,129.1,61.73328
EQ-usp0004a05__TC-TY9019,EQ-TY,1990-09-17T03:00:00Z,25.2075,128.97,61.73328
EQ-usp0004a05__TC-TY9019,EQ-TY,1990-09-17T06:00:00Z,25.5,128.9,61.73328
EQ-usp0004a05__TC-TY9019,EQ-TY,1990-09-17T09:00:00Z,25.8,128.92,60.189948
EQ-usp0004a05__TC-TY9019,EQ-TY,1990-09-17T12:00:00Z,26.1,129.0,59.16106
EQ-usp0004a05__TC-TY9019,EQ-TY,1990-09-17T15:00:00Z,26.3774,129.07,57.617728
EQ-usp0004a05__TC-TY9019,EQ-TY,1990-09-17T18:00:00Z,26.7,129.2,56.58884
EQ-usp0004a05__TC-TY9019,EQ-TY,1990-09-17T21:00:00Z,27.1276,129.435,55.045508
EQ-usp0004a05__TC-TY9019,EQ-TY,1990-09-18T00:00:00Z,27.6,129.7,54.01662
EQ-usp0004a05__TC-TY9019,EQ-TY,1990-09-18T03:00:00Z,28.0497,129.871,52.473288
EQ-usp0004a05__TC-TY9019,EQ-TY,1990-09-18T06:00:00Z,28.5,130.1,51.4444
EQ-usp0004a05__TC-TY9019,EQ-TY,1990-09-18T09:00:00Z,28.958,130.549,51.4444
EQ-usp0004a05__TC-TY9019,EQ-TY,1990-09-18T12:00:00Z,29.4,131.0,51.4444
EQ-usp0004a05__TC-TY9019,EQ-TY,1990-09-18T15:00:00Z,29.792,131.209,49.901068
EQ-usp0004a05__TC-TY9019,EQ-TY,1990-09-18T18:00:00Z,30.2,131.4,48.87218
EQ-usp0004a05__TC-TY9019,EQ-TY,1990-09-18T21:00:00Z,30.6769,131.711,47.328848
EQ-usp0004a05__TC-TY9019,EQ-TY,1990-09-19T00:00:00Z,31.2,132.2,46.29996
EQ-usp0004a05__TC-TY9019,EQ-TY,1990-09-19T03:00:00Z,31.7125,132.919,44.756628
EQ-usp0004a05__TC-TY9019,EQ-TY,1990-09-19T06:00:00Z,32.3,133.8,43.72774
EQ-usp0004a05__TC-TY9019,EQ-TY,1990-09-19T09:00:00Z,32.9749,134.729,42.184408
EQ-usp0004a05__TC-TY9019,EQ-TY,1990-09-19T12:00:00Z,33.8,135.7,41.15552
EQ-usp0004a05__TC-TY9019,EQ-TY,1990-09-19T15:00:00Z,34.7649,136.581,33.43886
EQ-usp0004a05__TC-TY9019,EQ-TY,1990-09-19T18:00:00Z,35.9,137.6,25.7222
EQ-usp0004a05__TC-TY9019,EQ-TY,1990-09-19T21:00:00Z,37.2405,138.855,24.178868
EQ-usp0004a05__TC-TY9019,EQ-TY,1990-09-20T00:00:00Z,38.5,140.5,23.14998
EQ-usp0004a05__TC-TY9019,EQ-TY,1990-09-20T03:00:00Z,39.3693,142.597,22.203211
EQ-usp0004a05__TC-TY9019,EQ-TY,1990-09-20T06:00:00Z,40.0,145.0,19.511519
EQ-usp0004a05__TC-TY9019,EQ-TY,1990-09-20T09:00:00Z,40.4597,147.478,20.881366
EQ-usp0004a05__TC-TY9019,EQ-TY,1990-09-20T12:00:00Z,41.0,150.0,22.203211
EQ-usp0004a05__TC-TY9019,EQ-TY,1990-09-20T15:00:00Z,41.92,152.499,22.203211
EQ-usp0004a05__TC-TY9019,EQ-TY,1990-09-20T18:00:00Z,43.0,155.0,22.203211
EQ-usp0004a05__TC-TY9019,EQ-TY,1990-09-20T21:00:00Z,44.0642,157.427,23.482894
EQ-usp0004a05__TC-TY9019,EQ-TY,1990-09-21T00:00:00Z,45.0,160.0,24.725121
EQ-usp0004a05__TC-TY9019,EQ-TY,1990-09-21T03:00:00Z,45.6574,163.075,24.725121
EQ-usp0004a05__TC-TY9019,EQ-TY,1990-09-21T06:00:00Z,46.0,166.0,24.725121
EQ-usp0004a05__TC-TY9019,EQ-TY,1990-09-21T09:00:00Z,46.0619,168.16,25.933752
EQ-usp0004a05__TC-TY9019,EQ-TY,1990-09-21T12:00:00Z,46.0,170.0,27.112007
EQ-usp0004a05__TC-TY9019,EQ-TY,1990-09-21T15:00:00Z,45.9176,171.935,27.112007
EQ-usp0004a05__TC-TY9019,EQ-TY,1990-09-21T18:00:00Z,46.0,174.0,27.112007
EQ-usp0004a05__TC-TY9019,EQ-TY,1990-09-21T21:00:00Z,46.4359,176.637,28.262604
EQ-usp0004a05__TC-TY9019,EQ-TY,1990-09-22T00:00:00Z,47.0,179.0,29.387863
EQ-usp0004a05__TC-TY9019,EQ-TY,1990-09-22T03:00:00Z,47.5164,180.332,29.387863
EQ-usp0004a05__TC-TY9019,EQ-TY,1990-09-22T06:00:00Z,48.0,181.0,29.387863
EQ-usp0003bbq__TC-TY8713,TY-EQ,1987-09-03T18:00:00Z,9.4,149.5,
EQ-usp0003bbq__TC-TY8713,TY-EQ,1987-09-03T21:00:00Z,9.64968,148.852,
EQ-usp0003bbq__TC-TY8713,TY-EQ,1987-09-04T00:00:00Z,11.0,148.0,7.406657
EQ-usp0003bbq__TC-TY8713,TY-EQ,1987-09-04T03:00:00Z,11.1377,147.5,8.551302
EQ-usp0003bbq__TC-TY8713,TY-EQ,1987-09-04T06:00:00Z,11.3,147.0,9.616676
EQ-usp0003bbq__TC-TY8713,TY-EQ,1987-09-04T09:00:00Z,11.4999,146.5,8.551302
EQ-usp0003bbq__TC-TY8713,TY-EQ,1987-09-04T12:00:00Z,11.7,146.0,7.406657
EQ-usp0003bbq__TC-TY8713,TY-EQ,1987-09-04T15:00:00Z,11.8424,145.5,8.551302
EQ-usp0003bbq__TC-TY8713,TY-EQ,1987-09-04T18:00:00Z,12.0,145.0,9.616676
EQ-usp0003bbq__TC-TY8713,TY-EQ,1987-09-04T21:00:00Z,12.1974,144.5,8.551302
EQ-usp0003bbq__TC-TY8713,TY-EQ,1987-09-05T00:00:00Z,12.5,144.0,7.406657
EQ-usp0003bbq__TC-TY8713,TY-EQ,1987-09-05T03:00:00Z,12.9775,143.493,9.616676
EQ-usp0003bbq__TC-TY8713,TY-EQ,1987-09-05T06:00:00Z,13.5,143.0,18.00554
EQ-usp0003bbq__TC-TY8713,TY-EQ,1987-09-05T09:00:00Z,13.9449,142.542,18.00554
EQ-usp0003bbq__TC-TY8713,TY-EQ,1987-09-05T12:00:00Z,14.3,142.1,18.00554
EQ-usp0003bbq__TC-TY8713,TY-EQ,1987-09-05T15:00:00Z,14.5374,141.642,19.034428
EQ-usp0003bbq__TC-TY8713,TY-EQ,1987-09-05T18:00:00Z,14.7,141.2,20.57776
EQ-usp0003bbq__TC-TY8713,TY-EQ,1987-09-05T21:00:00Z,14.9026,140.725,20.57776
EQ-usp0003bbq__TC-TY8713,TY-EQ,1987-09-06T00:00:00Z,15.0,140.4,20.57776
EQ-usp0003bbq__TC-TY8713,TY-EQ,1987-09-06T03:00:00Z,14.8799,140.367,21.606648
EQ-usp0003bbq__TC-TY8713,TY-EQ,1987-09-06T06:00:00Z,14.7,140.5,23.14998
EQ-usp0003bbq__TC-TY8713,TY-EQ,1987-09-06T09:00:00Z,14.62,140.65,23.14998
EQ-usp0003bbq__TC-TY8713,TY-EQ,1987-09-06T12:00:00Z,14.6,140.8,23.14998
EQ-usp0003bbq__TC-TY8713,TY-EQ,1987-09-06T15:00:00Z,14.635,140.865,23.14998
EQ-usp0003bbq__TC-TY8713,TY-EQ,1987-09-06T18:00:00Z,14.7,140.9,23.14998
EQ-usp0003bbq__TC-TY8713,TY-EQ,1987-09-06T21:00:00Z,14.7275,140.943,23.14998
EQ-usp0003bbq__TC-TY8713,TY-EQ,1987-09-07T00:00:00Z,14.8,141.0,23.14998
EQ-usp0003bbq__TC-TY8713,TY-EQ,1987-09-07T03:00:00Z,14.9925,141.1,24.178868
EQ-usp0003bbq__TC-TY8713,TY-EQ,1987-09-07T06:00:00Z,15.2,141.2,25.7222
EQ-usp0003bbq__TC-TY8713,TY-EQ,1987-09-07T09:00:00Z,15.3225,141.28,26.751088
EQ-usp0003bbq__TC-TY8713,TY-EQ,1987-09-07T12:00:00Z,15.4,141.3,28.29442
EQ-usp0003bbq__TC-TY8713,TY-EQ,1987-09-07T15:00:00Z,15.4575,141.223,30.86664
EQ-usp0003bbq__TC-TY8713,TY-EQ,1987-09-07T18:00:00Z,15.5,141.1,33.43886
EQ-usp0003bbq__TC-TY8713,TY-EQ,1987-09-07T21:00:00Z,15.5425,141.0,34.467748
EQ-usp0003bbq__TC-TY8713,TY-EQ,1987-09-08T00:00:00Z,15.6,140.9,36.01108
EQ-usp0003bbq__TC-TY8713,TY-EQ,1987-09-08T03:00:00Z,15.685,140.807,36.01108
EQ-usp0003bbq__TC-TY8713,TY-EQ,1987-09-08T06:00:00Z,15.8,140.7,36.01108
EQ-usp0003bbq__TC-TY8713,TY-EQ,1987-09-08T09:00:00Z,15.9424,140.58,37.039968
EQ-usp0003bbq__TC-TY8713,TY-EQ,1987-09-08T12:00:00Z,16.1,140.4,38.5833
EQ-usp0003bbq__TC-TY8713,TY-EQ,1987-09-08T15:00:00Z,16.2575,140.13,38.5833
EQ-usp0003bbq__TC-TY8713,TY-EQ,1987-09-08T18:00:00Z,16.4,139.8,38.5833
EQ-usp0003bbq__TC-TY8713,TY-EQ,1987-09-08T21:00:00Z,16.5151,139.435,41.15552
EQ-usp0003bbq__TC-TY8713,TY-EQ,1987-09-09T00:00:00Z,16.6,139.1,43.72774
EQ-usp0003bbq__TC-TY8713,TY-EQ,1987-09-09T03:00:00Z,16.6574,138.885,44.756628
EQ-usp0003bbq__TC-TY8713,TY-EQ,1987-09-09T06:00:00Z,16.7,138.7,46.29996
EQ-usp0003bbq__TC-TY8713,TY-EQ,1987-09-09T09:00:00Z,16.7425,138.457,47.328848
EQ-usp0003bbq__TC-TY8713,TY-EQ,1987-09-09T12:00:00Z,16.8,138.2,48.87218
EQ-usp0003bbq__TC-TY8713,TY-EQ,1987-09-09T15:00:00Z,16.915,137.95,49.901068
EQ-usp0003bbq__TC-TY8713,TY-EQ,1987-09-09T18:00:00Z,17.0,137.7,51.4444
EQ-usp0003bbq__TC-TY8713,TY-EQ,1987-09-09T21:00:00Z,16.9426,137.405,52.473288
EQ-usp0003bbq__TC-TY8713,TY-EQ,1987-09-10T00:00:00Z,16.9,137.2,54.01662
EQ-usp0003bbq__TC-TY8713,TY-EQ,1987-09-10T03:00:00Z,17.0275,137.235,54.01662
EQ-usp0003bbq__TC-TY8713,TY-EQ,1987-09-10T06:00:00Z,17.2,137.3,54.01662
EQ-usp0003bbq__TC-TY8713,TY-EQ,1987-09-10T09:00:00Z,17.3076,137.165,54.01662
EQ-usp0003bbq__TC-TY8713,TY-EQ,1987-09-10T12:00:00Z,17.4,137.0,54.01662
EQ-usp0003bbq__TC-TY8713,TY-EQ,1987-09-10T15:00:00Z,17.515,136.927,51.4444
EQ-usp0003bbq__TC-TY8713,TY-EQ,1987-09-10T18:00:00Z,17.6,136.9,48.87218
EQ-usp0003bbq__TC-TY8713,TY-EQ,1987-09-10T21:00:00Z,17.5999,136.855,46.29996
EQ-usp0003bbq__TC-TY8713,TY-EQ,1987-09-11T00:00:00Z,17.6,136.9,43.72774
EQ-usp0003bbq__TC-TY8713,TY-EQ,1987-09-11T03:00:00Z,17.6627,137.15,43.72774
EQ-usp0003bbq__TC-TY8713,TY-EQ,1987-09-11T06:00:00Z,17.8,137.4,43.72774
EQ-usp0003bbq__TC-TY8713,TY-EQ,1987-09-11T09:00:00Z,18.0424,137.423,43.72774
EQ-usp0003bbq__TC-TY8713,TY-EQ,1987-09-11T12:00:00Z,18.3,137.4,43.72774
EQ-usp0003bbq__TC-TY8713,TY-EQ,1987-09-11T15:00:00Z,18.4725,137.47,43.72774
EQ-usp0003bbq__TC-TY8713,TY-EQ,1987-09-11T18:00:00Z,18.6,137.6,43.72774
EQ-usp0003bbq__TC-TY8713,TY-EQ,1987-09-11T21:00:00Z,18.6925,137.778,42.184408
EQ-usp0003bbq__TC-TY8713,TY-EQ,1987-09-12T00:00:00Z,18.8,138.0,41.15552
EQ-usp0003bbq__TC-TY8713,TY-EQ,1987-09-12T03:00:00Z,18.9775,138.257,41.15552
EQ-usp0003bbq__TC-TY8713,TY-EQ,1987-09-12T06:00:00Z,19.2,138.5,41.15552
EQ-usp0003bbq__TC-TY8713,TY-EQ,1987-09-12T09:00:00Z,19.4424,138.665,39.612188
EQ-usp0003bbq__TC-TY8713,TY-EQ,1987-09-12T12:00:00Z,19.7,138.8,38.5833
EQ-usp0003bbq__TC-TY8713,TY-EQ,1987-09-12T15:00:00Z,19.9425,138.965,38.5833
EQ-usp0003bbq__TC-TY8713,TY-EQ,1987-09-12T18:00:00Z,20.2,139.1,38.5833
EQ-usp0003bbq__TC-TY8713,TY-EQ,1987-09-12T21:00:00Z,20.5,139.15,38.5833
EQ-usp0003bbq__TC-TY8713,TY-EQ,1987-09-13T00:00:00Z,20.8,139.2,38.5833
EQ-usp0003bbq__TC-TY8713,TY-EQ,1987-09-13T03:00:00Z,21.0425,139.335,38.5833
EQ-usp0003bbq__TC-TY8713,TY-EQ,1987-09-13T06:00:00Z,21.3,139.5,38.5833
EQ-usp0003bbq__TC-TY8713,TY-EQ,1987-09-13T09:00:00Z,21.6425,139.672,39.612188
EQ-usp0003bbq__TC-TY8713,TY-EQ,1987-09-13T12:00:00Z,22.0,139.8,41.15552
EQ-usp0003bbq__TC-TY8713,TY-EQ,1987-09-13T15:00:00Z,22.3,139.808,41.15552
EQ-usp0003bbq__TC-TY8713,TY-EQ,1987-09-13T18:00:00Z,22.6,139.8,41.15552
EQ-usp0003bbq__TC-TY8713,TY-EQ,1987-09-13T21:00:00Z,22.9275,139.9,41.15552
EQ-usp0003bbq__TC-TY8713,TY-EQ,1987-09-14T00:00:00Z,23.3,140.0,41.15552
EQ-usp0003bbq__TC-TY8713,TY-EQ,1987-09-14T03:00:00Z,23.7425,140.008,39.612188
EQ-usp0003bbq__TC-TY8713,TY-EQ,1987-09-14T06:00:00Z,24.2,140.0,38.5833
EQ-usp0003bbq__TC-TY8713,TY-EQ,1987-09-14T09:00:00Z,24.615,140.05,38.5833
EQ-usp0003bbq__TC-TY8713,TY-EQ,1987-09-14T12:00:00Z,25.0,140.1,38.5833
EQ-usp0003bbq__TC-TY8713,TY-EQ,1987-09-14T15:00:00Z,25.35,140.122,38.5833
EQ-usp0003bbq__TC-TY8713,TY-EQ,1987-09-14T18:00:00Z,25.7,140.1,38.5833
EQ-usp0003bbq__TC-TY8713,TY-EQ,1987-09-14T21:00:00Z,26.085,140.008,38.5833
EQ-usp0003bbq__TC-TY8713,TY-EQ,1987-09-15T00:00:00Z,26.5,139.9,38.5833
EQ-usp0003bbq__TC-TY8713,TY-EQ,1987-09-15T03:00:00Z,26.935,139.828,38.5833
EQ-usp0003bbq__TC-TY8713,TY-EQ,1987-09-15T06:00:00Z,27.4,139.8,38.5833
EQ-usp0003bbq__TC-TY8713,TY-EQ,1987-09-15T09:00:00Z,27.8925,139.835,38.5833
EQ-usp0003bbq__TC-TY8713,TY-EQ,1987-09-15T12:00:00Z,28.4,139.9,38.5833
EQ-usp0003bbq__TC-TY8713,TY-EQ,1987-09-15T15:00:00Z,28.9225,139.95,38.5833
EQ-usp0003bbq__TC-TY8713,TY-EQ,1987-09-15T18:00:00Z,29.4,140.0,38.5833
EQ-usp0003bbq__TC-TY8713,TY-EQ,1987-09-15T21:00:00Z,29.765,140.05,37.039968
EQ-usp0003bbq__TC-TY8713,TY-EQ,1987-09-16T00:00:00Z,30.1,140.1,36.01108
EQ-usp0003bbq__TC-TY8713,TY-EQ,1987-09-16T03:00:00Z,30.4999,140.128,36.01108
EQ-usp0003bbq__TC-TY8713,TY-EQ,1987-09-16T06:00:00Z,30.9,140.2,36.01108
EQ-usp0003bbq__TC-TY8713,TY-EQ,1987-09-16T09:00:00Z,31.28,140.362,34.467748
EQ-usp0003bbq__TC-TY8713,TY-EQ,1987-09-16T12:00:00Z,31.6,140.6,33.43886
EQ-usp0003bbq__TC-TY8713,TY-EQ,1987-09-16T15:00:00Z,31.8069,140.826,33.43886
EQ-usp0003bbq__TC-TY8713,TY-EQ,1987-09-16T18:00:00Z,32.0,141.2,33.43886
EQ-usp0003bbq__TC-TY8713,TY-EQ,1987-09-16T21:00:00Z,32.277,141.795,31.895528
EQ-usp0003bbq__TC-TY8713,TY-EQ,1987-09-17T00:00:00Z,32.6,142.6,30.86664
EQ-usp0003bbq__TC-TY8713,TY-EQ,1987-09-17T03:00:00Z,32.9358,143.585,30.86664
EQ-usp0003bbq__TC-TY8713,TY-EQ,1987-09-17T06:00:00Z,33.3,144.6,30.86664
EQ-usp0003bbq__TC-TY8713,TY-EQ,1987-09-17T09:00:00Z,33.6836,145.416,30.86664
EQ-usp0003bbq__TC-TY8713,TY-EQ,1987-09-17T12:00:00Z,34.1,146.2,30.86664
EQ-usp0003bbq__TC-TY8713,TY-EQ,1987-09-17T15:00:00Z,34.5343,147.071,29.323308
EQ-usp0003bbq__TC-TY8713,TY-EQ,1987-09-17T18:00:00Z,35.0,148.0,28.29442
EQ-usp0003bbq__TC-TY8713,TY-EQ,1987-09-17T21:00:00Z,35.4995,148.985,26.751088
EQ-usp0003bbq__TC-TY8713,TY-EQ,1987-09-18T00:00:00Z,36.0,150.0,25.7222
EQ-usp0003bbq__TC-TY8713,TY-EQ,1987-09-18T03:00:00Z,36.4409,150.973,25.7222
EQ-usp0003bbq__TC-TY8713,TY-EQ,1987-09-18T06:00:00Z,36.9,152.0,25.7222
EQ-usp0003bbq__TC-TY8713,TY-EQ,1987-09-18T09:00:00Z,37.3968,153.158,25.7222
EQ-usp0003bbq__TC-TY8713,TY-EQ,1987-09-18T12:00:00Z,38.0,154.4,25.7222
EQ-usp0003bbq__TC-TY8713,TY-EQ,1987-09-18T15:00:00Z,38.7405,155.73,25.7222
EQ-usp0003bbq__TC-TY8713,TY-EQ,1987-09-18T18:00:00Z,39.6,157.0,25.7222
EQ-usp0003bbq__TC-TY8713,TY-EQ,1987-09-18T21:00:00Z,40.4804,158.051,28.828269
EQ-usp0003bbq__TC-TY8713,TY-EQ,1987-09-19T00:00:00Z,41.5,159.0,27.112007
EQ-usp0003bbq__TC-TY8713,TY-EQ,1987-09-19T03:00:00Z,42.6669,160.004,25.933752
EQ-usp0003bbq__TC-TY8713,TY-EQ,1987-09-19T06:00:00Z,44.0,161.0,24.725121
EQ-usp0003bbq__TC-TY8713,TY-EQ,1987-09-19T09:00:00Z,45.4618,162.003,23.482894
EQ-usp0003bbq__TC-TY8713,TY-EQ,1987-09-19T12:00:00Z,47.0,163.0,22.203211
EQ-usp0003bbq__TC-TY8713,TY-EQ,1987-09-19T15:00:00Z,48.5739,164.001,21.547893
EQ-usp0003bbq__TC-TY8713,TY-EQ,1987-09-19T18:00:00Z,50.0,165.0,20.881366
EQ-usp0003bbq__TC-TY8713,TY-EQ,1987-09-19T21:00:00Z,51.1016,165.996,20.202862
EQ-usp0003bbq__TC-TY8713,TY-EQ,1987-09-20T00:00:00Z,52.0,167.0,19.511519
EQ-usp0003198__TC-TY8615,TY-EQ,1986-08-28T06:00:00Z,24.0,160.0,9.616676
EQ-usp0003198__TC-TY8615,TY-EQ,1986-08-28T09:00:00Z,23.75,160.0,9.616676
EQ-usp0003198__TC-TY8615,TY-EQ,1986-08-28T12:00:00Z,23.5,160.0,9.616676
EQ-usp0003198__TC-TY8615,TY-EQ,1986-08-28T15:00:00Z,23.25,160.0,9.616676
EQ-usp0003198__TC-TY8615,TY-EQ,1986-08-28T18:00:00Z,23.0,160.0,9.616676
EQ-usp0003198__TC-TY8615,TY-EQ,1986-08-28T21:00:00Z,22.735,160.015,9.616676
EQ-usp0003198__TC-TY8615,TY-EQ,1986-08-29T00:00:00Z,22.5,160.0,9.616676
EQ-usp0003198__TC-TY8615,TY-EQ,1986-08-29T03:00:00Z,22.3275,159.93,10.620347
EQ-usp0003198__TC-TY8615,TY-EQ,1986-08-29T06:00:00Z,22.2,159.8,11.574055
EQ-usp0003198__TC-TY8615,TY-EQ,1986-08-29T09:00:00Z,22.0699,159.645,11.574055
EQ-usp0003198__TC-TY8615,TY-EQ,1986-08-29T12:00:00Z,22.0,159.4,11.574055
EQ-usp0003198__TC-TY8615,TY-EQ,1986-08-29T15:00:00Z,22.0198,159.06,12.486127
EQ-usp0003198__TC-TY8615,TY-EQ,1986-08-29T18:00:00Z,22.1,158.6,13.362742
EQ-usp0003198__TC-TY8615,TY-EQ,1986-08-29T21:00:00Z,22.1771,158.067,13.362742
EQ-usp0003198__TC-TY8615,TY-EQ,1986-08-30T00:00:00Z,22.3,157.4,13.362742
EQ-usp0003198__TC-TY8615,TY-EQ,1986-08-30T03:00:00Z,22.4775,156.595,14.208639
EQ-usp0003198__TC-TY8615,TY-EQ,1986-08-30T06:00:00Z,22.7,155.7,15.027554
EQ-usp0003198__TC-TY8615,TY-EQ,1986-08-30T09:00:00Z,22.9499,154.793,15.027554
EQ-usp0003198__TC-TY8615,TY-EQ,1986-08-30T12:00:00Z,23.2,153.9,15.027554
EQ-usp0003198__TC-TY8615,TY-EQ,1986-08-30T15:00:00Z,23.3994,153.084,15.027554
EQ-usp0003198__TC-TY8615,TY-EQ,1986-08-30T18:00:00Z,23.6,152.3,15.027554
EQ-usp0003198__TC-TY8615,TY-EQ,1986-08-30T21:00:00Z,23.8421,151.5,15.8225
EQ-usp0003198__TC-TY8615,TY-EQ,1986-08-31T00:00:00Z,24.1,150.7,16.595947
EQ-usp0003198__TC-TY8615,TY-EQ,1986-08-31T03:00:00Z,24.3496,149.9,16.595947
EQ-usp0003198__TC-TY8615,TY-EQ,1986-08-31T06:00:00Z,24.6,149.1,16.595947
EQ-usp0003198__TC-TY8615,TY-EQ,1986-08-31T09:00:00Z,24.8495,148.307,16.595947
EQ-usp0003198__TC-TY8615,TY-EQ,1986-08-31T12:00:00Z,25.1,147.5,16.595947
EQ-usp0003198__TC-TY8615,TY-EQ,1986-08-31T15:00:00Z,25.3349,146.642,16.595947
EQ-usp0003198__TC-TY8615,TY-EQ,1986-08-31T18:00:00Z,25.6,145.8,16.595947
EQ-usp0003198__TC-TY8615,TY-EQ,1986-08-31T21:00:00Z,25.9344,145.035,16.595947
EQ-usp0003198__TC-TY8615,TY-EQ,1986-09-01T00:00:00Z,26.3,144.3,16.595947
EQ-usp0003198__TC-TY8615,TY-EQ,1986-09-01T03:00:00Z,26.635,143.52,17.349955
EQ-usp0003198__TC-TY8615,TY-EQ,1986-09-01T06:00:00Z,27.0,142.8,18.086263
EQ-usp0003198__TC-TY8615,TY-EQ,1986-09-01T09:00:00Z,27.4345,142.205,18.086263
EQ-usp0003198__TC-TY8615,TY-EQ,1986-09-01T12:00:00Z,27.9,141.7,18.086263
EQ-usp0003198__TC-TY8615,TY-EQ,1986-09-01T15:00:00Z,28.3423,141.227,18.086263
EQ-usp0003198__TC-TY8615,TY-EQ,1986-09-01T18:00:00Z,28.8,140.8,18.086263
EQ-usp0003198__TC-TY8615,TY-EQ,1986-09-01T21:00:00Z,29.2924,140.377,18.086263
EQ-usp0003198__TC-TY8615,TY-EQ,1986-09-02T00:00:00Z,29.8,140.0,18.086263
EQ-usp0003198__TC-TY8615,TY-EQ,1986-09-02T03:00:00Z,30.2923,139.684,18.806357
EQ-usp0003198__TC-TY8615,TY-EQ,1986-09-02T06:00:00Z,30.8,139.4,18.00554
EQ-usp0003198__TC-TY8615,TY-EQ,1986-09-02T09:00:00Z,31.3199,139.1,18.00554
EQ-usp0003198__TC-TY8615,TY-EQ,1986-09-02T12:00:00Z,31.9,138.8,18.00554
EQ-usp0003198__TC-TY8615,TY-EQ,1986-09-02T15:00:00Z,32.5925,138.39,18.00554
EQ-usp0003198__TC-TY8615,TY-EQ,1986-09-02T18:00:00Z,33.3,138.2,18.00554
EQ-usp0003198__TC-TY8615,TY-EQ,1986-09-02T21:00:00Z,33.8854,138.544,18.086263
EQ-usp0003198__TC-TY8615,TY-EQ,1986-09-03T00:00:00Z,34.5,139.1,16.595947
EQ-usp0003198__TC-TY8615,TY-EQ,1986-09-03T03:00:00Z,35.2319,139.473,16.595947
EQ-usp0003198__TC-TY8615,TY-EQ,1986-09-03T06:00:00Z,36.1,139.9,15.8225
EQ-usp0003198__TC-TY8615,TY-EQ,1986-09-03T09:00:00Z,37.0971,140.477,15.8225
EQ-usp0003198__TC-TY8615,TY-EQ,1986-09-03T12:00:00Z,38.2,141.2,15.027554
EQ-usp0003198__TC-TY8615,TY-EQ,1986-09-03T15:00:00Z,39.4696,142.043,15.027554
EQ-usp0003198__TC-TY8615,TY-EQ,1986-09-03T18:00:00Z,40.5,143.0,15.027554
EQ-usp0003198__TC-TY8615,TY-EQ,1986-09-03T21:00:00Z,40.8833,143.954,15.027554
EQ-usp0003198__TC-TY8615,TY-EQ,1986-09-04T00:00:00Z,41.0,145.0,15.027554
EQ-usp0003198__TC-TY8615,TY-EQ,1986-09-04T03:00:00Z,41.2498,146.213,15.8225
EQ-usp0003198__TC-TY8615,TY-EQ,1986-09-04T06:00:00Z,41.5,147.5,16.595947
EQ-usp0003198__TC-TY8615,TY-EQ,1986-09-04T09:00:00Z,41.7882,148.823,16.595947
EQ-usp0003198__TC-TY8615,TY-EQ,1986-09-04T12:00:00Z,42.0,150.0,16.595947
EQ-usp0003198__TC-TY8615,TY-EQ,1986-09-04T15:00:00Z,42.0727,150.826,16.595947
EQ-usp0003198__TC-TY8615,TY-EQ,1986-09-04T18:00:00Z,42.0,151.5,16.595947
EQ-usp0003198__TC-TY8615,TY-EQ,1986-09-04T21:00:00Z,41.7862,152.213,16.595947
EQ-usp0003198__TC-TY8615,TY-EQ,1986-09-05T00:00:00Z,41.5,153.0,16.595947
EQ-usp0003198__TC-TY8615,TY-EQ,1986-09-05T03:00:00Z,41.2875,153.961,16.595947
EQ-usp0003198__TC-TY8615,TY-EQ,1986-09-05T06:00:00Z,41.0,155.0,16.595947
EQ-usp0003198__TC-TY8615,TY-EQ,1986-09-05T09:00:00Z,40.4991,156.002,15.027554
EQ-usp0003198__TC-TY8615,TY-EQ,1986-09-05T12:00:00Z,40.0,157.0,13.362742
EQ-usp0003198__TC-TY8615,TY-EQ,1986-09-05T15:00:00Z,39.7117,157.998,13.362742
EQ-usp0003198__TC-TY8615,TY-EQ,1986-09-05T18:00:00Z,39.5,159.0,13.362742
EQ-usp0003198__TC-TY8615,TY-EQ,1986-09-05T21:00:00Z,39.2064,159.851,13.362742
EQ-usp0003198__TC-TY8615,TY-EQ,1986-09-06T00:00:00Z,39.0,161.0,13.362742
EQ-usp0003198__TC-TY8615,TY-EQ,1986-09-06T03:00:00Z,38.969,162.923,13.362742
EQ-usp0003198__TC-TY8615,TY-EQ,1986-09-06T06:00:00Z,39.0,165.0,13.362742
EQ-usp0003198__TC-TY8615,TY-EQ,1986-09-06T09:00:00Z,38.9949,166.575,12.486127
EQ-usp0003198__TC-TY8615,TY-EQ,1986-09-06T12:00:00Z,39.0,168.0,11.574055
EQ-usp0003198__TC-TY8615,TY-EQ,1986-09-06T15:00:00Z,39.0006,169.575,11.574055
EQ-usp0003198__TC-TY8615,TY-EQ,1986-09-06T18:00:00Z,39.0,171.0,11.574055
EQ-usp0003198__TC-TY8615,TY-EQ,1986-09-06T21:00:00Z,38.9969,172.075,10.620347
EQ-usp0003198__TC-TY8615,TY-EQ,1986-09-07T00:00:00Z,39.0,173.0,9.616676
EQ-usp0003198__TC-TY8615,TY-EQ,1986-09-07T03:00:00Z,38.9991,174.0,7.406657
EQ-usp0003198__TC-TY8615,TY-EQ,1986-09-07T06:00:00Z,39.0,175.0,4.739788
EQ-usp0003198__TC-TY8615,TY-EQ,1986-09-07T09:00:00Z,38.9991,176.0,
EQ-usp0003198__TC-TY8615,TY-EQ,1986-09-07T12:00:00Z,39.0,177.0,
EQ-usp0003198__TC-TY8615,TY-EQ,1986-09-07T15:00:00Z,39.0017,178.0,
EQ-usp0003198__TC-TY8615,TY-EQ,1986-09-07T18:00:00Z,39.0,179.0,
EQ-usp0002zz5__TC-TY8610,TY-EQ,1986-07-28T00:00:00Z,12.9,138.8,
EQ-usp0002zz5__TC-TY8610,TY-EQ,1986-07-28T03:00:00Z,12.931,138.857,
EQ-usp0002zz5__TC-TY8610,TY-EQ,1986-07-28T06:00:00Z,12.9674,138.899,
EQ-usp0002zz5__TC-TY8610,TY-EQ,1986-07-28T09:00:00Z,13.0145,138.908,
EQ-usp0002zz5__TC-TY8610,TY-EQ,1986-07-28T12:00:00Z,13.0779,138.868,
EQ-usp0002zz5__TC-TY8610,TY-EQ,1986-07-28T15:00:00Z,13.1629,138.764,
EQ-usp0002zz5__TC-TY8610,TY-EQ,1986-07-28T18:00:00Z,13.2748,138.579,
EQ-usp0002zz5__TC-TY8610,TY-EQ,1986-07-28T21:00:00Z,13.4188,138.297,
EQ-usp0002zz5__TC-TY8610,TY-EQ,1986-07-29T00:00:00Z,13.6,137.9,
EQ-usp0002zz5__TC-TY8610,TY-EQ,1986-07-29T03:00:00Z,13.817,137.382,
EQ-usp0002zz5__TC-TY8610,TY-EQ,1986-07-29T06:00:00Z,13.6351,137.614,
EQ-usp0002zz5__TC-TY8610,TY-EQ,1986-07-29T09:00:00Z,13.5361,137.289,
EQ-usp0002zz5__TC-TY8610,TY-EQ,1986-07-29T12:00:00Z,14.0,136.5,11.574055
EQ-usp0002zz5__TC-TY8610,TY-EQ,1986-07-29T15:00:00Z,13.9731,135.635,11.574055
EQ-usp0002zz5__TC-TY8610,TY-EQ,1986-07-29T18:00:00Z,14.0,134.8,11.574055
EQ-usp0002zz5__TC-TY8610,TY-EQ,1986-07-29T21:00:00Z,14.1198,134.02,11.574055
EQ-usp0002zz5__TC-TY8610,TY-EQ,1986-07-30T00:00:00Z,14.3,133.3,11.574055
EQ-usp0002zz5__TC-TY8610,TY-EQ,1986-07-30T03:00:00Z,14.4999,132.613,12.486127
EQ-usp0002zz5__TC-TY8610,TY-EQ,1986-07-30T06:00:00Z,14.7,132.0,13.362742
EQ-usp0002zz5__TC-TY8610,TY-EQ,1986-07-30T09:00:00Z,14.8644,131.515,13.362742
EQ-usp0002zz5__TC-TY8610,TY-EQ,1986-07-30T12:00:00Z,15.0,131.0,13.362742
EQ-usp0002zz5__TC-TY8610,TY-EQ,1986-07-30T15:00:00Z,15.1,130.295,13.362742
EQ-usp0002zz5__TC-TY8610,TY-EQ,1986-07-30T18:00:00Z,15.2,129.5,13.362742
EQ-usp0002zz5__TC-TY8610,TY-EQ,1986-07-30T21:00:00Z,15.3275,128.685,14.208639
EQ-usp0002zz5__TC-TY8610,TY-EQ,1986-07-31T00:00:00Z,15.5,127.9,15.027554
EQ-usp0002zz5__TC-TY8610,TY-EQ,1986-07-31T03:00:00Z,15.7423,127.198,15.8225
EQ-usp0002zz5__TC-TY8610,TY-EQ,1986-07-31T06:00:00Z,16.0,126.6,16.595947
EQ-usp0002zz5__TC-TY8610,TY-EQ,1986-07-31T09:00:00Z,16.2222,126.112,17.349955
EQ-usp0002zz5__TC-TY8610,TY-EQ,1986-07-31T12:00:00Z,16.4,125.7,18.086263
EQ-usp0002zz5__TC-TY8610,TY-EQ,1986-07-31T15:00:00Z,16.5,125.262,18.806357
EQ-usp0002zz5__TC-TY8610,TY-EQ,1986-07-31T18:00:00Z,16.6,124.9,18.00554
EQ-usp0002zz5__TC-TY8610,TY-EQ,1986-07-31T21:00:00Z,16.7924,124.662,20.57776
EQ-usp0002zz5__TC-TY8610,TY-EQ,1986-08-01T00:00:00Z,17.0,124.5,23.14998
EQ-usp0002zz5__TC-TY8610,TY-EQ,1986-08-01T03:00:00Z,17.15,124.305,23.14998
EQ-usp0002zz5__TC-TY8610,TY-EQ,1986-08-01T06:00:00Z,17.3,124.2,23.14998
EQ-usp0002zz5__TC-TY8610,TY-EQ,1986-08-01T09:00:00Z,17.4925,124.247,23.14998
EQ-usp0002zz5__TC-TY8610,TY-EQ,1986-08-01T12:00:00Z,17.7,124.4,23.14998
EQ-usp0002zz5__TC-TY8610,TY-EQ,1986-08-01T15:00:00Z,17.9,124.585,23.14998
EQ-usp0002zz5__TC-TY8610,TY-EQ,1986-08-01T18:00:00Z,18.1,124.8,23.14998
EQ-usp0002zz5__TC-TY8610,TY-EQ,1986-08-01T21:00:00Z,18.2775,124.993,23.14998
EQ-usp0002zz5__TC-TY8610,TY-EQ,1986-08-02T00:00:00Z,18.5,125.2,23.14998
EQ-usp0002zz5__TC-TY8610,TY-EQ,1986-08-02T03:00:00Z,18.835,125.442,23.14998
EQ-usp0002zz5__TC-TY8610,TY-EQ,1986-08-02T06:00:00Z,19.2,125.7,23.14998
EQ-usp0002zz5__TC-TY8610,TY-EQ,1986-08-02T09:00:00Z,19.5074,125.935,23.14998
EQ-usp0002zz5__TC-TY8610,TY-EQ,1986-08-02T12:00:00Z,19.8,126.2,23.14998
EQ-usp0002zz5__TC-TY8610,TY-EQ,1986-08-02T15:00:00Z,20.0924,126.52,23.14998
EQ-usp0002zz5__TC-TY8610,TY-EQ,1986-08-02T18:00:00Z,20.4,126.9,23.14998
EQ-usp0002zz5__TC-TY8610,TY-EQ,1986-08-02T21:00:00Z,20.7269,127.276,25.7222
EQ-usp0002zz5__TC-TY8610,TY-EQ,1986-08-03T00:00:00Z,21.1,127.8,28.29442
EQ-usp0002zz5__TC-TY8610,TY-EQ,1986-08-03T03:00:00Z,21.49,128.569,28.29442
EQ-usp0002zz5__TC-TY8610,TY-EQ,1986-08-03T06:00:00Z,22.0,129.5,28.29442
EQ-usp0002zz5__TC-TY8610,TY-EQ,1986-08-03T09:00:00Z,22.6292,130.443,28.29442
EQ-usp0002zz5__TC-TY8610,TY-EQ,1986-08-03T12:00:00Z,23.5,131.5,28.29442
EQ-usp0002zz5__TC-TY8610,TY-EQ,1986-08-03T15:00:00Z,24.6392,132.786,28.29442
EQ-usp0002zz5__TC-TY8610,TY-EQ,1986-08-03T18:00:00Z,26.0,134.0,28.29442
EQ-usp0002zz5__TC-TY8610,TY-EQ,1986-08-03T21:00:00Z,27.4981,134.828,26.751088
EQ-usp0002zz5__TC-TY8610,TY-EQ,1986-08-04T00:00:00Z,29.0,135.5,25.7222
EQ-usp0002zz5__TC-TY8610,TY-EQ,1986-08-04T03:00:00Z,30.3237,136.215,24.178868
EQ-usp0002zz5__TC-TY8610,TY-EQ,1986-08-04T06:00:00Z,31.5,137.0,23.14998
EQ-usp0002zz5__TC-TY8610,TY-EQ,1986-08-04T09:00:00Z,32.5158,138.001,27.112007
EQ-usp0002zz5__TC-TY8610,TY-EQ,1986-08-04T12:00:00Z,33.5,139.0,27.112007
EQ-usp0002zz5__TC-TY8610,TY-EQ,1986-08-04T15:00:00Z,34.7467,139.824,26.526496
EQ-usp0002zz5__TC-TY8610,TY-EQ,1986-08-04T18:00:00Z,35.8,140.5,25.933752
EQ-usp0002zz5__TC-TY8610,TY-EQ,1986-08-04T21:00:00Z,36.2841,141.041,25.933752
EQ-usp0002zz5__TC-TY8610,TY-EQ,1986-08-05T00:00:00Z,36.5,141.5,25.933752
EQ-usp0002zz5__TC-TY8610,TY-EQ,1986-08-05T03:00:00Z,36.7652,142.038,25.333421
EQ-usp0002zz5__TC-TY8610,TY-EQ,1986-08-05T06:00:00Z,37.0,142.5,24.725121
EQ-usp0002zz5__TC-TY8610,TY-EQ,1986-08-05T09:00:00Z,37.2496,142.788,23.482894
EQ-usp0002zz5__TC-TY8610,TY-EQ,1986-08-05T12:00:00Z,37.5,143.0,22.203211
EQ-usp0002zz5__TC-TY8610,TY-EQ,1986-08-05T15:00:00Z,37.7874,143.25,20.881366
EQ-usp0002zz5__TC-TY8610,TY-EQ,1986-08-05T18:00:00Z,38.0,143.5,19.511519
EQ-usp0002zz5__TC-TY8610,TY-EQ,1986-08-05T21:00:00Z,38.0376,143.788,18.086263
EQ-usp0002zz5__TC-TY8610,TY-EQ,1986-08-06T00:00:00Z,38.0,144.0,16.595947
EQ-usp0002zz5__TC-TY8610,TY-EQ,1986-08-06T03:00:00Z,37.9999,144.038,15.8225
EQ-usp0002zz5__TC-TY8610,TY-EQ,1986-08-06T06:00:00Z,38.0,144.0,15.027554
EQ-usp0002zz5__TC-TY8610,TY-EQ,1986-08-06T09:00:00Z,38.0,144.0,14.208639
EQ-usp0002zz5__TC-TY8610,TY-EQ,1986-08-06T12:00:00Z,38.0,144.0,13.362742
EQ-usp0002zz5__TC-TY8610,TY-EQ,1986-08-06T15:00:00Z,38.0746,143.924,13.362742
EQ-usp0002zz5__TC-TY8610,TY-EQ,1986-08-06T18:00:00Z,38.0,144.0,13.362742
EQ-usp0002zz5__TC-TY8610,TY-EQ,1986-08-06T21:00:00Z,37.576,144.503,13.362742
EQ-usp0002zz5__TC-TY8610,TY-EQ,1986-08-07T00:00:00Z,37.0,145.0,13.362742
EQ-usp0002zz5__TC-TY8610,TY-EQ,1986-08-07T03:00:00Z,36.4247,145.073,12.486127
EQ-usp0002zz5__TC-TY8610,TY-EQ,1986-08-07T06:00:00Z,36.0,145.0,11.574055
EQ-usp0002zz5__TC-TY8610,TY-EQ,1986-08-07T09:00:00Z,35.925,145.0,10.620347
EQ-usp0002zz5__TC-TY8610,TY-EQ,1986-08-07T12:00:00Z,36.0,145.0,9.616676
EQ-usp0002zz5__TC-TY8610,TY-EQ,1986-08-07T15:00:00Z,36.075,145.0,8.551302
EQ-usp0002zz5__TC-TY8610,TY-EQ,1986-08-07T18:00:00Z,36.0,145.0,7.406657
EQ-usp0002zz5__TC-TY8610,TY-EQ,1986-08-07T21:00:00Z,35.5,145.0,6.154059
EQ-usp0002zz5__TC-TY8610,TY-EQ,1986-08-08T00:00:00Z,35.0,145.0,4.739788
EQ-usp0002zz5__TC-TY8610,TY-EQ,1986-08-08T03:00:00Z,34.925,145.0,4.739788
EQ-usp0002zz5__TC-TY8610,TY-EQ,1986-08-08T06:00:00Z,35.0,145.0,4.739788
EQ-usp0002zz5__TC-TY8610,TY-EQ,1986-08-08T09:00:00Z,34.9997,144.925,4.739788
EQ-usp0002zz5__TC-TY8610,TY-EQ,1986-08-08T12:00:00Z,35.0,145.0,4.739788
EQ-usp0002zz5__TC-TY8610,TY-EQ,1986-08-08T15:00:00Z,35.0004,145.425,3.033162
EQ-usp0002zz5__TC-TY8610,TY-EQ,1986-08-08T18:00:00Z,35.0,146.0,
EQ-usp0002zz5__TC-TY8610,TY-EQ,1986-08-08T21:00:00Z,35.0,146.525,
EQ-usp0002zz5__TC-TY8610,TY-EQ,1986-08-09T00:00:00Z,35.0,147.0,
EQ-usp0002kqs__TC-TY8513,TY-EQ,1985-08-24T00:00:00Z,23.0,124.8,
EQ-usp0002kqs__TC-TY8513,TY-EQ,1985-08-24T03:00:00Z,23.0182,124.823,
EQ-usp0002kqs__TC-TY8513,TY-EQ,1985-08-24T06:00:00Z,24.5,123.5,11.574055
EQ-usp0002kqs__TC-TY8513,TY-EQ,1985-08-24T09:00:00Z,24.85,123.724,11.574055
EQ-usp0002kqs__TC-TY8513,TY-EQ,1985-08-24T12:00:00Z,25.0,124.0,11.574055
EQ-usp0002kqs__TC-TY8513,TY-EQ,1985-08-24T15:00:00Z,24.8251,124.326,11.574055
EQ-usp0002kqs__TC-TY8513,TY-EQ,1985-08-24T18:00:00Z,24.5,124.5,11.574055
EQ-usp0002kqs__TC-TY8513,TY-EQ,1985-08-24T21:00:00Z,24.2126,124.324,11.574055
EQ-usp0002kqs__TC-TY8513,TY-EQ,1985-08-25T00:00:00Z,24.0,124.0,11.574055
EQ-usp0002kqs__TC-TY8513,TY-EQ,1985-08-25T03:00:00Z,24.0,123.735,11.574055
EQ-usp0002kqs__TC-TY8513,TY-EQ,1985-08-25T06:00:00Z,24.0,123.5,11.574055
EQ-usp0002kqs__TC-TY8513,TY-EQ,1985-08-25T09:00:00Z,23.8098,123.358,12.486127
EQ-usp0002kqs__TC-TY8513,TY-EQ,1985-08-25T12:00:00Z,23.5,123.2,13.362742
EQ-usp0002kqs__TC-TY8513,TY-EQ,1985-08-25T15:00:00Z,23.1377,122.892,13.362742
EQ-usp0002kqs__TC-TY8513,TY-EQ,1985-08-25T18:00:00Z,22.7,122.6,13.362742
EQ-usp0002kqs__TC-TY8513,TY-EQ,1985-08-25T21:00:00Z,22.1548,122.395,14.208639
EQ-usp0002kqs__TC-TY8513,TY-EQ,1985-08-26T00:00:00Z,21.7,122.4,15.027554
EQ-usp0002kqs__TC-TY8513,TY-EQ,1985-08-26T03:00:00Z,21.5252,122.725,15.8225
EQ-usp0002kqs__TC-TY8513,TY-EQ,1985-08-26T06:00:00Z,21.5,123.2,18.00554
EQ-usp0002kqs__TC-TY8513,TY-EQ,1985-08-26T09:00:00Z,21.4923,123.585,18.00554
EQ-usp0002kqs__TC-TY8513,TY-EQ,1985-08-26T12:00:00Z,21.5,124.0,18.00554
EQ-usp0002kqs__TC-TY8513,TY-EQ,1985-08-26T15:00:00Z,21.45,124.485,18.00554
EQ-usp0002kqs__TC-TY8513,TY-EQ,1985-08-26T18:00:00Z,21.4,125.0,18.00554
EQ-usp0002kqs__TC-TY8513,TY-EQ,1985-08-26T21:00:00Z,21.3624,125.5,18.00554
EQ-usp0002kqs__TC-TY8513,TY-EQ,1985-08-27T00:00:00Z,21.4,126.0,18.00554
EQ-usp0002kqs__TC-TY8513,TY-EQ,1985-08-27T03:00:00Z,21.5851,126.537,21.606648
EQ-usp0002kqs__TC-TY8513,TY-EQ,1985-08-27T06:00:00Z,21.8,127.0,25.7222
EQ-usp0002kqs__TC-TY8513,TY-EQ,1985-08-27T09:00:00Z,21.8922,127.28,25.7222
EQ-usp0002kqs__TC-TY8513,TY-EQ,1985-08-27T12:00:00Z,22.0,127.5,25.7222
EQ-usp0002kqs__TC-TY8513,TY-EQ,1985-08-27T15:00:00Z,22.2424,127.785,25.7222
EQ-usp0002kqs__TC-TY8513,TY-EQ,1985-08-27T18:00:00Z,22.5,128.1,25.7222
EQ-usp0002kqs__TC-TY8513,TY-EQ,1985-08-27T21:00:00Z,22.6575,128.45,25.7222
EQ-usp0002kqs__TC-TY8513,TY-EQ,1985-08-28T00:00:00Z,22.8,128.8,25.7222
EQ-usp0002kqs__TC-TY8513,TY-EQ,1985-08-28T03:00:00Z,22.9924,129.115,26.751088
EQ-usp0002kqs__TC-TY8513,TY-EQ,1985-08-28T06:00:00Z,23.2,129.4,28.29442
EQ-usp0002kqs__TC-TY8513,TY-EQ,1985-08-28T09:00:00Z,23.43,129.687,30.86664
EQ-usp0002kqs__TC-TY8513,TY-EQ,1985-08-28T12:00:00Z,23.6,129.9,33.43886
EQ-usp0002kqs__TC-TY8513,TY-EQ,1985-08-28T15:00:00Z,23.6299,129.98,33.43886
EQ-usp0002kqs__TC-TY8513,TY-EQ,1985-08-28T18:00:00Z,23.6,130.0,33.43886
EQ-usp0002kqs__TC-TY8513,TY-EQ,1985-08-28T21:00:00Z,23.5925,130.028,33.43886
EQ-usp0002kqs__TC-TY8513,TY-EQ,1985-08-29T00:00:00Z,23.6,130.1,33.43886
EQ-usp0002kqs__TC-TY8513,TY-EQ,1985-08-29T03:00:00Z,23.5975,130.27,33.43886
EQ-usp0002kqs__TC-TY8513,TY-EQ,1985-08-29T06:00:00Z,23.7,130.5,33.43886
EQ-usp0002kqs__TC-TY8513,TY-EQ,1985-08-29T09:00:00Z,24.0126,130.772,33.43886
EQ-usp0002kqs__TC-TY8513,TY-EQ,1985-08-29T12:00:00Z,24.4,131.0,33.43886
EQ-usp0002kqs__TC-TY8513,TY-EQ,1985-08-29T15:00:00Z,24.6849,131.088,31.895528
EQ-usp0002kqs__TC-TY8513,TY-EQ,1985-08-29T18:00:00Z,25.0,131.1,30.86664
EQ-usp0002kqs__TC-TY8513,TY-EQ,1985-08-29T21:00:00Z,25.405,131.108,30.86664
EQ-usp0002kqs__TC-TY8513,TY-EQ,1985-08-30T00:00:00Z,25.9,131.1,30.86664
EQ-usp0002kqs__TC-TY8513,TY-EQ,1985-08-30T03:00:00Z,26.4324,131.144,33.43886
EQ-usp0002kqs__TC-TY8513,TY-EQ,1985-08-30T06:00:00Z,27.1,131.1,36.01108
EQ-usp0002kqs__TC-TY8513,TY-EQ,1985-08-30T09:00:00Z,27.9404,130.809,36.01108
EQ-usp0002kqs__TC-TY8513,TY-EQ,1985-08-30T12:00:00Z,28.9,130.5,36.01108
EQ-usp0002kqs__TC-TY8513,TY-EQ,1985-08-30T15:00:00Z,29.8699,130.419,37.039968
EQ-usp0002kqs__TC-TY8513,TY-EQ,1985-08-30T18:00:00Z,30.9,130.4,38.5833
EQ-usp0002kqs__TC-TY8513,TY-EQ,1985-08-30T21:00:00Z,31.9775,130.257,36.01108
EQ-usp0002kqs__TC-TY8513,TY-EQ,1985-08-31T00:00:00Z,33.1,130.2,33.43886
EQ-usp0002kqs__TC-TY8513,TY-EQ,1985-08-31T03:00:00Z,34.2494,130.331,31.895528
EQ-usp0002kqs__TC-TY8513,TY-EQ,1985-08-31T06:00:00Z,35.4,130.7,30.86664
EQ-usp0002kqs__TC-TY8513,TY-EQ,1985-08-31T09:00:00Z,36.5519,131.28,30.86664
EQ-usp0002kqs__TC-TY8513,TY-EQ,1985-08-31T12:00:00Z,37.6,132.1,30.86664
EQ-usp0002kqs__TC-TY8513,TY-EQ,1985-08-31T15:00:00Z,38.4519,133.07,30.86664
EQ-usp0002kqs__TC-TY8513,TY-EQ,1985-08-31T18:00:00Z,39.2,134.2,30.86664
EQ-usp0002kqs__TC-TY8513,TY-EQ,1985-08-31T21:00:00Z,39.9535,135.328,30.86664
EQ-usp0002kqs__TC-TY8513,TY-EQ,1985-09-01T00:00:00Z,40.7,136.7,30.86664
EQ-usp0002kqs__TC-TY8513,TY-EQ,1985-09-01T03:00:00Z,41.5757,138.44,28.29442
EQ-usp0002kqs__TC-TY8513,TY-EQ,1985-09-01T06:00:00Z,42.2,140.5,25.7222
EQ-usp0002kqs__TC-TY8513,TY-EQ,1985-09-01T09:00:00Z,42.2033,142.599,21.547893
EQ-usp0002kqs__TC-TY8513,TY-EQ,1985-09-01T12:00:00Z,42.0,145.0,18.086263
EQ-usp0002kqs__TC-TY8513,TY-EQ,1985-09-01T15:00:00Z,41.9999,148.11,17.349955
EQ-usp0002kqs__TC-TY8513,TY-EQ,1985-09-01T18:00:00Z,42.0,151.0,16.595947
EQ-usp0002kqs__TC-TY8513,TY-EQ,1985-09-01T21:00:00Z,42.1326,152.637,15.027554
EQ-usp0002kqs__TC-TY8513,TY-EQ,1985-09-02T00:00:00Z,42.0,154.0,13.362742
EQ-usp0002kqs__TC-TY8513,TY-EQ,1985-09-02T03:00:00Z,41.1534,156.013,13.362742
EQ-usp0002kqs__TC-TY8513,TY-EQ,1985-09-02T06:00:00Z,40.0,158.0,13.362742
EQ-usp0002kqs__TC-TY8513,TY-EQ,1985-09-02T09:00:00Z,38.9497,159.622,12.486127
EQ-usp0002kqs__TC-TY8513,TY-EQ,1985-09-02T12:00:00Z,38.0,161.0,11.574055
EQ-usp0002kf6__TC-TY8514,TY-EQ,1985-08-25T00:00:00Z,21.4,130.2,
EQ-usp0002kf6__TC-TY8514,TY-EQ,1985-08-25T03:00:00Z,21.0933,130.764,
EQ-usp0002kf6__TC-TY8514,TY-EQ,1985-08-25T06:00:00Z,20.7885,131.331,
EQ-usp0002kf6__TC-TY8514,TY-EQ,1985-08-25T09:00:00Z,20.4895,131.908,
EQ-usp0002kf6__TC-TY8514,TY-EQ,1985-08-25T12:00:00Z,20.2,132.5,
EQ-usp0002kf6__TC-TY8514,TY-EQ,1985-08-25T15:00:00Z,19.928,133.11,
EQ-usp0002kf6__TC-TY8514,TY-EQ,1985-08-25T18:00:00Z,19.7,133.724,
EQ-usp0002kf6__TC-TY8514,TY-EQ,1985-08-25T21:00:00Z,19.5468,134.326,
EQ-usp0002kf6__TC-TY8514,TY-EQ,1985-08-26T00:00:00Z,19.5,136.7,9.616676
EQ-usp0002kf6__TC-TY8514,TY-EQ,1985-08-26T03:00:00Z,19.7846,137.03,10.620347
EQ-usp0002kf6__TC-TY8514,TY-EQ,1985-08-26T06:00:00Z,20.0,137.5,11.574055
EQ-usp0002kf6__TC-TY8514,TY-EQ,1985-08-26T09:00:00Z,20.1207,138.16,11.574055
EQ-usp0002kf6__TC-TY8514,TY-EQ,1985-08-26T12:00:00Z,20.3,138.7,11.574055
EQ-usp0002kf6__TC-TY8514,TY-EQ,1985-08-26T15:00:00Z,20.7122,138.768,11.574055
EQ-usp0002kf6__TC-TY8514,TY-EQ,1985-08-26T18:00:00Z,21.2,138.7,11.574055
EQ-usp0002kf6__TC-TY8514,TY-EQ,1985-08-26T21:00:00Z,21.6298,138.775,11.574055
EQ-usp0002kf6__TC-TY8514,TY-EQ,1985-08-27T00:00:00Z,22.0,139.0,11.574055
EQ-usp0002kf6__TC-TY8514,TY-EQ,1985-08-27T03:00:00Z,22.2725,139.425,12.486127
EQ-usp0002kf6__TC-TY8514,TY-EQ,1985-08-27T06:00:00Z,22.5,140.0,13.362742
EQ-usp0002kf6__TC-TY8514,TY-EQ,1985-08-27T09:00:00Z,22.765,140.627,14.208639
EQ-usp0002kf6__TC-TY8514,TY-EQ,1985-08-27T12:00:00Z,23.0,141.3,15.027554
EQ-usp0002kf6__TC-TY8514,TY-EQ,1985-08-27T15:00:00Z,23.1424,141.966,15.8225
EQ-usp0002kf6__TC-TY8514,TY-EQ,1985-08-27T18:00:00Z,23.3,142.6,16.595947
EQ-usp0002kf6__TC-TY8514,TY-EQ,1985-08-27T21:00:00Z,23.5627,143.24,18.806357
EQ-usp0002kf6__TC-TY8514,TY-EQ,1985-08-28T00:00:00Z,23.9,143.7,23.14998
EQ-usp0002kf6__TC-TY8514,TY-EQ,1985-08-28T03:00:00Z,24.2847,143.833,24.178868
EQ-usp0002kf6__TC-TY8514,TY-EQ,1985-08-28T06:00:00Z,24.7,143.8,25.7222
EQ-usp0002kf6__TC-TY8514,TY-EQ,1985-08-28T09:00:00Z,25.0774,143.845,26.751088
EQ-usp0002kf6__TC-TY8514,TY-EQ,1985-08-28T12:00:00Z,25.5,143.8,28.29442
EQ-usp0002kf6__TC-TY8514,TY-EQ,1985-08-28T15:00:00Z,26.0126,143.595,28.29442
EQ-usp0002kf6__TC-TY8514,TY-EQ,1985-08-28T18:00:00Z,26.6,143.3,28.29442
EQ-usp0002kf6__TC-TY8514,TY-EQ,1985-08-28T21:00:00Z,27.2499,143.015,26.751088
EQ-usp0002kf6__TC-TY8514,TY-EQ,1985-08-29T00:00:00Z,27.9,142.7,25.7222
EQ-usp0002kf6__TC-TY8514,TY-EQ,1985-08-29T03:00:00Z,28.4649,142.365,24.178868
EQ-usp0002kf6__TC-TY8514,TY-EQ,1985-08-29T06:00:00Z,29.0,142.0,23.14998
EQ-usp0002kf6__TC-TY8514,TY-EQ,1985-08-29T09:00:00Z,29.5499,141.607,23.14998
EQ-usp0002kf6__TC-TY8514,TY-EQ,1985-08-29T12:00:00Z,30.1,141.2,23.14998
EQ-usp0002kf6__TC-TY8514,TY-EQ,1985-08-29T15:00:00Z,30.6501,140.77,23.14998
EQ-usp0002kf6__TC-TY8514,TY-EQ,1985-08-29T18:00:00Z,31.2,140.4,23.14998
EQ-usp0002kf6__TC-TY8514,TY-EQ,1985-08-29T21:00:00Z,31.7348,140.162,23.14998
EQ-usp0002kf6__TC-TY8514,TY-EQ,1985-08-30T00:00:00Z,32.3,140.0,23.14998
EQ-usp0002kf6__TC-TY8514,TY-EQ,1985-08-30T03:00:00Z,32.9425,139.835,24.178868
EQ-usp0002kf6__TC-TY8514,TY-EQ,1985-08-30T06:00:00Z,33.6,139.7,25.7222
EQ-usp0002kf6__TC-TY8514,TY-EQ,1985-08-30T09:00:00Z,34.1849,139.534,25.7222
EQ-usp0002kf6__TC-TY8514,TY-EQ,1985-08-30T12:00:00Z,34.8,139.5,25.7222
EQ-usp0002kf6__TC-TY8514,TY-EQ,1985-08-30T15:00:00Z,35.5122,139.696,23.14998
EQ-usp0002kf6__TC-TY8514,TY-EQ,1985-08-30T18:00:00Z,36.3,140.1,20.57776
EQ-usp0002kf6__TC-TY8514,TY-EQ,1985-08-30T21:00:00Z,37.1651,140.647,19.034428
EQ-usp0002kf6__TC-TY8514,TY-EQ,1985-08-31T00:00:00Z,38.0,141.3,18.00554
EQ-usp0002kf6__TC-TY8514,TY-EQ,1985-08-31T03:00:00Z,38.7229,141.862,18.00554
EQ-usp0002kf6__TC-TY8514,TY-EQ,1985-08-31T06:00:00Z,39.3,142.6,18.00554
EQ-usp0002kf6__TC-TY8514,TY-EQ,1985-08-31T09:00:00Z,39.7031,143.711,18.00554
EQ-usp0002kf6__TC-TY8514,TY-EQ,1985-08-31T12:00:00Z,40.0,145.0,18.00554
EQ-usp0002kf6__TC-TY8514,TY-EQ,1985-08-31T15:00:00Z,40.3186,146.169,19.034428
EQ-usp0002kf6__TC-TY8514,TY-EQ,1985-08-31T18:00:00Z,40.6,147.5,20.57776
EQ-usp0002kf6__TC-TY8514,TY-EQ,1985-08-31T21:00:00Z,40.847,149.211,14.208639
EQ-usp0002kf6__TC-TY8514,TY-EQ,1985-09-01T00:00:00Z,41.0,151.0,13.362742
EQ-usp0002kf6__TC-TY8514,TY-EQ,1985-09-01T03:00:00Z,40.9484,152.471,13.362742
EQ-usp0002kf6__TC-TY8514,TY-EQ,1985-09-01T06:00:00Z,41.0,154.0,13.362742
EQ-usp0002kf6__TC-TY8514,TY-EQ,1985-09-01T09:00:00Z,41.4163,155.776,13.362742
EQ-usp0002kf6__TC-TY8514,TY-EQ,1985-09-01T12:00:00Z,42.0,158.0,13.362742
EQ-usp0002kf6__TC-TY8514,TY-EQ,1985-09-01T15:00:00Z,42.5172,161.07,13.362742
EQ-usp0002kf6__TC-TY8514,TY-EQ,1985-09-01T18:00:00Z,43.0,164.0,13.362742
EQ-usp0002kf6__TC-TY8514,TY-EQ,1985-09-01T21:00:00Z,43.5607,165.726,15.027554
EQ-usp0002kf6__TC-TY8514,TY-EQ,1985-09-02T00:00:00Z,44.0,167.0,16.595947
EQ-usp0002kf6__TC-TY8514,TY-EQ,1985-09-02T03:00:00Z,44.0024,168.659,18.086263
EQ-usp0002kf6__TC-TY8514,TY-EQ,1985-09-02T06:00:00Z,44.0,170.0,19.511519
EQ-usp0002kf6__TC-TY8514,TY-EQ,1985-09-02T09:00:00Z,44.4214,170.65,20.202862
EQ-usp0002kf6__TC-TY8514,TY-EQ,1985-09-02T12:00:00Z,45.0,171.0,20.881366
EQ-usp0002kf6__TC-TY8514,TY-EQ,1985-09-02T15:00:00Z,45.5748,171.499,21.547893
EQ-usp0002kf6__TC-TY8514,TY-EQ,1985-09-02T18:00:00Z,46.0,172.0,22.203211
EQ-usp0002kf6__TC-TY8514,TY-EQ,1985-09-02T21:00:00Z,45.9985,172.43,22.203211
EQ-usp0002kf6__TC-TY8514,TY-EQ,1985-09-03T00:00:00Z,46.0,173.0,22.203211
EQ-usp0002kf6__TC-TY8514,TY-EQ,1985-09-03T03:00:00Z,46.4258,173.922,22.203211
EQ-usp0002kf6__TC-TY8514,TY-EQ,1985-09-03T06:00:00Z,47.0,175.0,22.203211
EQ-usp0002kf6__TC-TY8514,TY-EQ,1985-09-03T09:00:00Z,47.4991,176.002,20.881366
EQ-usp0002kf6__TC-TY8514,TY-EQ,1985-09-03T12:00:00Z,48.0,177.0,19.511519
EQ-usp0002kf6__TC-TY8514,TY-EQ,1985-09-03T15:00:00Z,48.5007,178.075,19.511519
EQ-usp0002kf6__TC-TY8514,TY-EQ,1985-09-03T18:00:00Z,49.0,179.0,19.511519
EQ-usp0002kf6__TC-TY8514,TY-EQ,1985-09-03T21:00:00Z,49.4993,179.6,18.086263
EQ-usp0002kf6__TC-TY8514,TY-EQ,1985-09-04T00:00:00Z,50.0,180.0,16.595947
EQ-usp0002es8__TC-TY8512,EQ-TY,1985-08-24T00:00:00Z,23.0,124.8,
EQ-usp0002es8__TC-TY8512,EQ-TY,1985-08-24T03:00:00Z,23.0182,124.823,
EQ-usp0002es8__TC-TY8512,EQ-TY,1985-08-24T06:00:00Z,24.5,123.5,11.574055
EQ-usp0002es8__TC-TY8512,EQ-TY,1985-08-24T09:00:00Z,24.85,123.724,11.574055
EQ-usp0002es8__TC-TY8512,EQ-TY,1985-08-24T12:00:00Z,25.0,124.0,11.574055
EQ-usp0002es8__TC-TY8512,EQ-TY,1985-08-24T15:00:00Z,24.8251,124.326,11.574055
EQ-usp0002es8__TC-TY8512,EQ-TY,1985-08-24T18:00:00Z,24.5,124.5,11.574055
EQ-usp0002es8__TC-TY8512,EQ-TY,1985-08-24T21:00:00Z,24.2126,124.324,11.574055
EQ-usp0002es8__TC-TY8512,EQ-TY,1985-08-25T00:00:00Z,24.0,124.0,11.574055
EQ-usp0002es8__TC-TY8512,EQ-TY,1985-08-25T03:00:00Z,24.0,123.735,11.574055
EQ-usp0002es8__TC-TY8512,EQ-TY,1985-08-25T06:00:00Z,24.0,123.5,11.574055
EQ-usp0002es8__TC-TY8512,EQ-TY,1985-08-25T09:00:00Z,23.8098,123.358,12.486127
EQ-usp0002es8__TC-TY8512,EQ-TY,1985-08-25T12:00:00Z,23.5,123.2,13.362742
EQ-usp0002es8__TC-TY8512,EQ-TY,1985-08-25T15:00:00Z,23.1377,122.892,13.362742
EQ-usp0002es8__TC-TY8512,EQ-TY,1985-08-25T18:00:00Z,22.7,122.6,13.362742
EQ-usp0002es8__TC-TY8512,EQ-TY,1985-08-25T21:00:00Z,22.1548,122.395,14.208639
EQ-usp0002es8__TC-TY8512,EQ-TY,1985-08-26T00:00:00Z,21.7,122.4,15.027554
EQ-usp0002es8__TC-TY8512,EQ-TY,1985-08-26T03:00:00Z,21.5252,122.725,15.8225
EQ-usp0002es8__TC-TY8512,EQ-TY,1985-08-26T06:00:00Z,21.5,123.2,18.00554
EQ-usp0002es8__TC-TY8512,EQ-TY,1985-08-26T09:00:00Z,21.4923,123.585,18.00554
EQ-usp0002es8__TC-TY8512,EQ-TY,1985-08-26T12:00:00Z,21.5,124.0,18.00554
EQ-usp0002es8__TC-TY8512,EQ-TY,1985-08-26T15:00:00Z,21.45,124.485,18.00554
EQ-usp0002es8__TC-TY8512,EQ-TY,1985-08-26T18:00:00Z,21.4,125.0,18.00554
EQ-usp0002es8__TC-TY8512,EQ-TY,1985-08-26T21:00:00Z,21.3624,125.5,18.00554
EQ-usp0002es8__TC-TY8512,EQ-TY,1985-08-27T00:00:00Z,21.4,126.0,18.00554
EQ-usp0002es8__TC-TY8512,EQ-TY,1985-08-27T03:00:00Z,21.5851,126.537,21.606648
EQ-usp0002es8__TC-TY8512,EQ-TY,1985-08-27T06:00:00Z,21.8,127.0,25.7222
EQ-usp0002es8__TC-TY8512,EQ-TY,1985-08-27T09:00:00Z,21.8922,127.28,25.7222
EQ-usp0002es8__TC-TY8512,EQ-TY,1985-08-27T12:00:00Z,22.0,127.5,25.7222
EQ-usp0002es8__TC-TY8512,EQ-TY,1985-08-27T15:00:00Z,22.2424,127.785,25.7222
EQ-usp0002es8__TC-TY8512,EQ-TY,1985-08-27T18:00:00Z,22.5,128.1,25.7222
EQ-usp0002es8__TC-TY8512,EQ-TY,1985-08-27T21:00:00Z,22.6575,128.45,25.7222
EQ-usp0002es8__TC-TY8512,EQ-TY,1985-08-28T00:00:00Z,22.8,128.8,25.7222
EQ-usp0002es8__TC-TY8512,EQ-TY,1985-08-28T03:00:00Z,22.9924,129.115,26.751088
EQ-usp0002es8__TC-TY8512,EQ-TY,1985-08-28T06:00:00Z,23.2,129.4,28.29442
EQ-usp0002es8__TC-TY8512,EQ-TY,1985-08-28T09:00:00Z,23.43,129.687,30.86664
EQ-usp0002es8__TC-TY8512,EQ-TY,1985-08-28T12:00:00Z,23.6,129.9,33.43886
EQ-usp0002es8__TC-TY8512,EQ-TY,1985-08-28T15:00:00Z,23.6299,129.98,33.43886
EQ-usp0002es8__TC-TY8512,EQ-TY,1985-08-28T18:00:00Z,23.6,130.0,33.43886
EQ-usp0002es8__TC-TY8512,EQ-TY,1985-08-28T21:00:00Z,23.5925,130.028,33.43886
EQ-usp0002es8__TC-TY8512,EQ-TY,1985-08-29T00:00:00Z,23.6,130.1,33.43886
EQ-usp0002es8__TC-TY8512,EQ-TY,1985-08-29T03:00:00Z,23.5975,130.27,33.43886
EQ-usp0002es8__TC-TY8512,EQ-TY,1985-08-29T06:00:00Z,23.7,130.5,33.43886
EQ-usp0002es8__TC-TY8512,EQ-TY,1985-08-29T09:00:00Z,24.0126,130.772,33.43886
EQ-usp0002es8__TC-TY8512,EQ-TY,1985-08-29T12:00:00Z,24.4,131.0,33.43886
EQ-usp0002es8__TC-TY8512,EQ-TY,1985-08-29T15:00:00Z,24.6849,131.088,31.895528
EQ-usp0002es8__TC-TY8512,EQ-TY,1985-08-29T18:00:00Z,25.0,131.1,30.86664
EQ-usp0002es8__TC-TY8512,EQ-TY,1985-08-29T21:00:00Z,25.405,131.108,30.86664
EQ-usp0002es8__TC-TY8512,EQ-TY,1985-08-30T00:00:00Z,25.9,131.1,30.86664
EQ-usp0002es8__TC-TY8512,EQ-TY,1985-08-30T03:00:00Z,26.4324,131.144,33.43886
EQ-usp0002es8__TC-TY8512,EQ-TY,1985-08-30T06:00:00Z,27.1,131.1,36.01108
EQ-usp0002es8__TC-TY8512,EQ-TY,1985-08-30T09:00:00Z,27.9404,130.809,36.01108
EQ-usp0002es8__TC-TY8512,EQ-TY,1985-08-30T12:00:00Z,28.9,130.5,36.01108
EQ-usp0002es8__TC-TY8512,EQ-TY,1985-08-30T15:00:00Z,29.8699,130.419,37.039968
EQ-usp0002es8__TC-TY8512,EQ-TY,1985-08-30T18:00:00Z,30.9,130.4,38.5833
EQ-usp0002es8__TC-TY8512,EQ-TY,1985-08-30T21:00:00Z,31.9775,130.257,36.01108
EQ-usp0002es8__TC-TY8512,EQ-TY,1985-08-31T00:00:00Z,33.1,130.2,33.43886
EQ-usp0002es8__TC-TY8512,EQ-TY,1985-08-31T03:00:00Z,34.2494,130.331,31.895528
EQ-usp0002es8__TC-TY8512,EQ-TY,1985-08-31T06:00:00Z,35.4,130.7,30.86664
EQ-usp0002es8__TC-TY8512,EQ-TY,1985-08-31T09:00:00Z,36.5519,131.28,30.86664
EQ-usp0002es8__TC-TY8512,EQ-TY,1985-08-31T12:00:00Z,37.6,132.1,30.86664
EQ-usp0002es8__TC-TY8512,EQ-TY,1985-08-31T15:00:00Z,38.4519,133.07,30.86664
EQ-usp0002es8__TC-TY8512,EQ-TY,1985-08-31T18:00:00Z,39.2,134.2,30.86664
EQ-usp0002es8__TC-TY8512,EQ-TY,1985-08-31T21:00:00Z,39.9535,135.328,30.86664
EQ-usp0002es8__TC-TY8512,EQ-TY,1985-09-01T00:00:00Z,40.7,136.7,30.86664
EQ-usp0002es8__TC-TY8512,EQ-TY,1985-09-01T03:00:00Z,41.5757,138.44,28.29442
EQ-usp0002es8__TC-TY8512,EQ-TY,1985-09-01T06:00:00Z,42.2,140.5,25.7222
EQ-usp0002es8__TC-TY8512,EQ-TY,1985-09-01T09:00:00Z,42.2033,142.599,21.547893
EQ-usp0002es8__TC-TY8512,EQ-TY,1985-09-01T12:00:00Z,42.0,145.0,18.086263
EQ-usp0002es8__TC-TY8512,EQ-TY,1985-09-01T15:00:00Z,41.9999,148.11,17.349955
EQ-usp0002es8__TC-TY8512,EQ-TY,1985-09-01T18:00:00Z,42.0,151.0,16.595947
EQ-usp0002es8__TC-TY8512,EQ-TY,1985-09-01T21:00:00Z,42.1326,152.637,15.027554
EQ-usp0002es8__TC-TY8512,EQ-TY,1985-09-02T00:00:00Z,42.0,154.0,13.362742
EQ-usp0002es8__TC-TY8512,EQ-TY,1985-09-02T03:00:00Z,41.1534,156.013,13.362742
EQ-usp0002es8__TC-TY8512,EQ-TY,1985-09-02T06:00:00Z,40.0,158.0,13.362742
EQ-usp0002es8__TC-TY8512,EQ-TY,1985-09-02T09:00:00Z,38.9497,159.622,12.486127
EQ-usp0002es8__TC-TY8512,EQ-TY,1985-09-02T12:00:00Z,38.0,161.0,11.574055
EQ-usp0002d95__TC-TY8506,EQ-TY,1985-06-17T00:00:00Z,4.8,155.6,
EQ-usp0002d95__TC-TY8506,EQ-TY,1985-06-17T03:00:00Z,4.7954,155.323,
EQ-usp0002d95__TC-TY8506,EQ-TY,1985-06-17T06:00:00Z,4.7926,155.048,
EQ-usp0002d95__TC-TY8506,EQ-TY,1985-06-17T09:00:00Z,4.7935,154.773,
EQ-usp0002d95__TC-TY8506,EQ-TY,1985-06-17T12:00:00Z,4.8,154.5,
EQ-usp0002d95__TC-TY8506,EQ-TY,1985-06-17T15:00:00Z,4.81371,154.229,
EQ-usp0002d95__TC-TY8506,EQ-TY,1985-06-17T18:00:00Z,4.83494,153.957,
EQ-usp0002d95__TC-TY8506,EQ-TY,1985-06-17T21:00:00Z,4.8637,153.682,
EQ-usp0002d95__TC-TY8506,EQ-TY,1985-06-18T00:00:00Z,4.9,153.4,
EQ-usp0002d95__TC-TY8506,EQ-TY,1985-06-18T03:00:00Z,4.94687,153.099,
EQ-usp0002d95__TC-TY8506,EQ-TY,1985-06-18T06:00:00Z,5.0,152.793,
EQ-usp0002d95__TC-TY8506,EQ-TY,1985-06-18T09:00:00Z,5.05313,152.49,
EQ-usp0002d95__TC-TY8506,EQ-TY,1985-06-18T12:00:00Z,5.1,152.2,
EQ-usp0002d95__TC-TY8506,EQ-TY,1985-06-18T15:00:00Z,5.12803,151.948,
EQ-usp0002d95__TC-TY8506,EQ-TY,1985-06-18T18:00:00Z,5.14987,151.707,
EQ-usp0002d95__TC-TY8506,EQ-TY,1985-06-18T21:00:00Z,5.17177,151.463,
EQ-usp0002d95__TC-TY8506,EQ-TY,1985-06-19T00:00:00Z,5.2,151.2,
EQ-usp0002d95__TC-TY8506,EQ-TY,1985-06-19T03:00:00Z,5.2469,150.888,
EQ-usp0002d95__TC-TY8506,EQ-TY,1985-06-19T06:00:00Z,5.30004,150.558,
EQ-usp0002d95__TC-TY8506,EQ-TY,1985-06-19T09:00:00Z,5.35315,150.223,
EQ-usp0002d95__TC-TY8506,EQ-TY,1985-06-19T12:00:00Z,5.4,149.9,
EQ-usp0002d95__TC-TY8506,EQ-TY,1985-06-19T15:00:00Z,5.43615,149.619,
EQ-usp0002d95__TC-TY8506,EQ-TY,1985-06-19T18:00:00Z,5.46486,149.35,
EQ-usp0002d95__TC-TY8506,EQ-TY,1985-06-19T21:00:00Z,5.48615,149.081,
EQ-usp0002d95__TC-TY8506,EQ-TY,1985-06-20T00:00:00Z,5.5,148.8,
EQ-usp0002d95__TC-TY8506,EQ-TY,1985-06-20T03:00:00Z,5.49905,148.489,
EQ-usp0002d95__TC-TY8506,EQ-TY,1985-06-20T06:00:00Z,5.49248,148.165,
EQ-usp0002d95__TC-TY8506,EQ-TY,1985-06-20T09:00:00Z,5.48966,147.833,
EQ-usp0002d95__TC-TY8506,EQ-TY,1985-06-20T12:00:00Z,5.5,147.5,
EQ-usp0002d95__TC-TY8506,EQ-TY,1985-06-20T15:00:00Z,5.5437,147.175,
EQ-usp0002d95__TC-TY8506,EQ-TY,1985-06-20T18:00:00Z,5.59993,146.85,
EQ-usp0002d95__TC-TY8506,EQ-TY,1985-06-20T21:00:00Z,5.6562,146.525,
EQ-usp0002d95__TC-TY8506,EQ-TY,1985-06-21T00:00:00Z,5.7,146.2,
EQ-usp0002d95__TC-TY8506,EQ-TY,1985-06-21T03:00:00Z,5.71024,145.879,
EQ-usp0002d95__TC-TY8506,EQ-TY,1985-06-21T06:00:00Z,5.7074,145.557,
EQ-usp0002d95__TC-TY8506,EQ-TY,1985-06-21T09:00:00Z,5.70086,145.232,
EQ-usp0002d95__TC-TY8506,EQ-TY,1985-06-21T12:00:00Z,5.7,144.9,
EQ-usp0002d95__TC-TY8506,EQ-TY,1985-06-21T15:00:00Z,5.71775,144.561,
EQ-usp0002d95__TC-TY8506,EQ-TY,1985-06-21T18:00:00Z,5.74241,144.215,
EQ-usp0002d95__TC-TY8506,EQ-TY,1985-06-21T21:00:00Z,5.77087,143.861,
EQ-usp0002d95__TC-TY8506,EQ-TY,1985-06-22T00:00:00Z,5.8,143.5,
EQ-usp0002d95__TC-TY8506,EQ-TY,1985-06-22T03:00:00Z,5.82092,143.124,
EQ-usp0002d95__TC-TY8506,EQ-TY,1985-06-22T06:00:00Z,5.84249,142.742,
EQ-usp0002d95__TC-TY8506,EQ-TY,1985-06-22T09:00:00Z,5.8678,142.365,
EQ-usp0002d95__TC-TY8506,EQ-TY,1985-06-22T12:00:00Z,5.9,142.0,
EQ-usp0002d95__TC-TY8506,EQ-TY,1985-06-22T15:00:00Z,5.93459,141.661,
EQ-usp0002d95__TC-TY8506,EQ-TY,1985-06-22T18:00:00Z,5.97737,141.335,
EQ-usp0002d95__TC-TY8506,EQ-TY,1985-06-22T21:00:00Z,6.03147,141.017,
EQ-usp0002d95__TC-TY8506,EQ-TY,1985-06-23T00:00:00Z,6.1,140.7,
EQ-usp0002d95__TC-TY8506,EQ-TY,1985-06-23T03:00:00Z,6.18152,140.371,
EQ-usp0002d95__TC-TY8506,EQ-TY,1985-06-23T06:00:00Z,6.27745,140.042,
EQ-usp0002d95__TC-TY8506,EQ-TY,1985-06-23T09:00:00Z,6.38465,139.718,
EQ-usp0002d95__TC-TY8506,EQ-TY,1985-06-23T12:00:00Z,6.56,139.62,
EQ-usp0002d95__TC-TY8506,EQ-TY,1985-06-23T15:00:00Z,6.70044,139.398,
EQ-usp0002d95__TC-TY8506,EQ-TY,1985-06-23T18:00:00Z,6.82686,139.057,
EQ-usp0002d95__TC-TY8506,EQ-TY,1985-06-23T21:00:00Z,6.93498,138.601,
EQ-usp0002d95__TC-TY8506,EQ-TY,1985-06-24T00:00:00Z,7.05,138.1,
EQ-usp0002d95__TC-TY8506,EQ-TY,1985-06-24T03:00:00Z,7.21825,137.593,
EQ-usp0002d95__TC-TY8506,EQ-TY,1985-06-24T06:00:00Z,8.0,138.0,9.616676
EQ-usp0002d95__TC-TY8506,EQ-TY,1985-06-24T09:00:00Z,8.34032,137.19,10.620347
EQ-usp0002d95__TC-TY8506,EQ-TY,1985-06-24T12:00:00Z,8.7,136.4,11.574055
EQ-usp0002d95__TC-TY8506,EQ-TY,1985-06-24T15:00:00Z,9.07992,135.655,12.486127
EQ-usp0002d95__TC-TY8506,EQ-TY,1985-06-24T18:00:00Z,9.4,135.0,13.362742
EQ-usp0002d95__TC-TY8506,EQ-TY,1985-06-24T21:00:00Z,9.57978,134.47,14.208639
EQ-usp0002d95__TC-TY8506,EQ-TY,1985-06-25T00:00:00Z,9.7,134.0,15.027554
EQ-usp0002d95__TC-TY8506,EQ-TY,1985-06-25T03:00:00Z,9.84999,133.485,16.595947
EQ-usp0002d95__TC-TY8506,EQ-TY,1985-06-25T06:00:00Z,10.0,133.0,23.14998
EQ-usp0002d95__TC-TY8506,EQ-TY,1985-06-25T09:00:00Z,10.135,132.555,25.7222
EQ-usp0002d95__TC-TY8506,EQ-TY,1985-06-25T12:00:00Z,10.3,132.2,28.29442
EQ-usp0002d95__TC-TY8506,EQ-TY,1985-06-25T15:00:00Z,10.5274,131.97,29.323308
EQ-usp0002d95__TC-TY8506,EQ-TY,1985-06-25T18:00:00Z,10.8,131.8,30.86664
EQ-usp0002d95__TC-TY8506,EQ-TY,1985-06-25T21:00:00Z,11.0775,131.6,29.323308
EQ-usp0002d95__TC-TY8506,EQ-TY,1985-06-26T00:00:00Z,11.4,131.4,28.29442
EQ-usp0002d95__TC-TY8506,EQ-TY,1985-06-26T03:00:00Z,11.785,131.2,28.29442
EQ-usp0002d95__TC-TY8506,EQ-TY,1985-06-26T06:00:00Z,12.2,131.0,28.29442
EQ-usp0002d95__TC-TY8506,EQ-TY,1985-06-26T09:00:00Z,12.6,130.792,28.29442
EQ-usp0002d95__TC-TY8506,EQ-TY,1985-06-26T12:00:00Z,13.0,130.6,28.29442
EQ-usp0002d95__TC-TY8506,EQ-TY,1985-06-26T15:00:00Z,13.385,130.442,28.29442
EQ-usp0002d95__TC-TY8506,EQ-TY,1985-06-26T18:00:00Z,13.8,130.3,28.29442
EQ-usp0002d95__TC-TY8506,EQ-TY,1985-06-26T21:00:00Z,14.285,130.143,28.29442
EQ-usp0002d95__TC-TY8506,EQ-TY,1985-06-27T00:00:00Z,14.8,130.0,28.29442
EQ-usp0002d95__TC-TY8506,EQ-TY,1985-06-27T03:00:00Z,15.3,129.892,30.86664
EQ-usp0002d95__TC-TY8506,EQ-TY,1985-06-27T06:00:00Z,15.8,129.8,33.43886
EQ-usp0002d95__TC-TY8506,EQ-TY,1985-06-27T09:00:00Z,16.3,129.678,36.01108
EQ-usp0002d95__TC-TY8506,EQ-TY,1985-06-27T12:00:00Z,16.8,129.6,38.5833
EQ-usp0002d95__TC-TY8506,EQ-TY,1985-06-27T15:00:00Z,17.3,129.627,38.5833
EQ-usp0002d95__TC-TY8506,EQ-TY,1985-06-27T18:00:00Z,17.8,129.7,38.5833
EQ-usp0002d95__TC-TY8506,EQ-TY,1985-06-27T21:00:00Z,18.285,129.743,38.5833
EQ-usp0002d95__TC-TY8506,EQ-TY,1985-06-28T00:00:00Z,18.8,129.8,38.5833
EQ-usp0002d95__TC-TY8506,EQ-TY,1985-06-28T03:00:00Z,19.3625,129.907,38.5833
EQ-usp0002d95__TC-TY8506,EQ-TY,1985-06-28T06:00:00Z,20.0,130.0,38.5833
EQ-usp0002d95__TC-TY8506,EQ-TY,1985-06-28T09:00:00Z,20.735,130.008,38.5833
EQ-usp0002d95__TC-TY8506,EQ-TY,1985-06-28T12:00:00Z,21.5,130.0,38.5833
EQ-usp0002d95__TC-TY8506,EQ-TY,1985-06-28T15:00:00Z,22.2075,130.042,38.5833
EQ-usp0002d95__TC-TY8506,EQ-TY,1985-06-28T18:00:00Z,22.9,130.1,38.5833
EQ-usp0002d95__TC-TY8506,EQ-TY,1985-06-28T21:00:00Z,23.5925,130.15,38.5833
EQ-usp0002d95__TC-TY8506,EQ-TY,1985-06-29T00:00:00Z,24.3,130.2,38.5833
EQ-usp0002d95__TC-TY8506,EQ-TY,1985-06-29T03:00:00Z,25.08,130.243,39.612188
EQ-usp0002d95__TC-TY8506,EQ-TY,1985-06-29T06:00:00Z,25.8,130.3,41.15552
EQ-usp0002d95__TC-TY8506,EQ-TY,1985-06-29T09:00:00Z,26.3074,130.371,38.5833
EQ-usp0002d95__TC-TY8506,EQ-TY,1985-06-29T12:00:00Z,26.8,130.5,36.01108
EQ-usp0002d95__TC-TY8506,EQ-TY,1985-06-29T15:00:00Z,27.4623,130.691,34.467748
EQ-usp0002d95__TC-TY8506,EQ-TY,1985-06-29T18:00:00Z,28.2,131.0,33.43886
EQ-usp0002d95__TC-TY8506,EQ-TY,1985-06-29T21:00:00Z,28.9574,131.44,33.43886
EQ-usp0002d95__TC-TY8506,EQ-TY,1985-06-30T00:00:00Z,29.7,132.0,33.43886
EQ-usp0002d95__TC-TY8506,EQ-TY,1985-06-30T03:00:00Z,30.3491,132.577,33.43886
EQ-usp0002d95__TC-TY8506,EQ-TY,1985-06-30T06:00:00Z,31.0,133.3,33.43886
EQ-usp0002d95__TC-TY8506,EQ-TY,1985-06-30T09:00:00Z,31.6577,134.157,33.43886
EQ-usp0002d95__TC-TY8506,EQ-TY,1985-06-30T12:00:00Z,32.5,135.3,33.43886
EQ-usp0002d95__TC-TY8506,EQ-TY,1985-06-30T15:00:00Z,33.6164,136.848,33.43886
EQ-usp0002d95__TC-TY8506,EQ-TY,1985-06-30T18:00:00Z,35.0,138.6,33.43886
EQ-usp0002d95__TC-TY8506,EQ-TY,1985-06-30T21:00:00Z,36.5971,140.33,31.895528
EQ-usp0002d95__TC-TY8506,EQ-TY,1985-07-01T00:00:00Z,38.3,142.0,30.86664
EQ-usp0002d95__TC-TY8506,EQ-TY,1985-07-01T03:00:00Z,40.0331,143.546,31.032552
EQ-usp0002d95__TC-TY8506,EQ-TY,1985-07-01T06:00:00Z,41.5,144.9,30.489787
EQ-usp0002d95__TC-TY8506,EQ-TY,1985-07-01T09:00:00Z,42.3744,146.029,30.489787
EQ-usp0002d95__TC-TY8506,EQ-TY,1985-07-01T12:00:00Z,43.0,147.0,30.489787
EQ-usp0002d95__TC-TY8506,EQ-TY,1985-07-01T15:00:00Z,43.7489,148.01,30.489787
EQ-usp0002d95__TC-TY8506,EQ-TY,1985-07-01T18:00:00Z,44.5,149.0,30.489787
EQ-usp0002d95__TC-TY8506,EQ-TY,1985-07-01T21:00:00Z,45.3218,149.925,29.941627
EQ-usp0002d95__TC-TY8506,EQ-TY,1985-07-02T00:00:00Z,46.0,151.0,29.387863
EQ-usp0002d95__TC-TY8506,EQ-TY,1985-07-02T03:00:00Z,46.3256,152.43,29.387863
EQ-usp0002d95__TC-TY8506,EQ-TY,1985-07-02T06:00:00Z,46.5,154.0,29.387863
EQ-usp0002d95__TC-TY8506,EQ-TY,1985-07-02T09:00:00Z,46.7106,155.505,29.387863
EQ-usp0002d95__TC-TY8506,EQ-TY,1985-07-02T12:00:00Z,47.0,157.0,29.387863
EQ-usp0002d95__TC-TY8506,EQ-TY,1985-07-02T15:00:00Z,47.4606,158.5,28.262604
EQ-usp0002d95__TC-TY8506,EQ-TY,1985-07-02T18:00:00Z,48.0,160.0,27.112007
EQ-usp0002d95__TC-TY8506,EQ-TY,1985-07-02T21:00:00Z,48.4641,161.614,27.112007
EQ-usp0002d95__TC-TY8506,EQ-TY,1985-07-03T00:00:00Z,49.0,163.0,27.112007
EQ-usp0002d95__TC-TY8506,EQ-TY,1985-07-03T03:00:00Z,49.71,163.938,26.526496
EQ-usp0002d95__TC-TY8506,EQ-TY,1985-07-03T06:00:00Z,50.5,164.5,25.933752
EQ-usp0002d95__TC-TY8506,EQ-TY,1985-07-03T09:00:00Z,51.2867,164.865,25.333421
EQ-usp0002d95__TC-TY8506,EQ-TY,1985-07-03T12:00:00Z,52.0,165.0,24.725121
EQ-usp0002d95__TC-TY8506,EQ-TY,1985-07-03T15:00:00Z,52.5749,165.039,24.108431
EQ-usp0002d95__TC-TY8506,EQ-TY,1985-07-03T18:00:00Z,53.0,165.0,23.482894
EQ-usp0002d95__TC-TY8506,EQ-TY,1985-07-03T21:00:00Z,53.2874,164.963,23.482894
EQ-usp0002d95__TC-TY8506,EQ-TY,1985-07-04T00:00:00Z,53.5,165.0,23.482894
EQ-usp0002d95__TC-TY8506,EQ-TY,1985-07-04T03:00:00Z,53.7802,165.226,23.482894
EQ-usp0002d95__TC-TY8506,EQ-TY,1985-07-04T06:00:00Z,54.0,165.5,23.482894
EQ-usp0002d95__TC-TY8506,EQ-TY,1985-07-04T09:00:00Z,54.0799,165.666,22.848006
EQ-usp0002d95__TC-TY8506,EQ-TY,1985-07-04T12:00:00Z,54.1,165.8,22.203211
EQ-usp0002d95__TC-TY8506,EQ-TY,1985-07-04T15:00:00Z,54.1574,165.942,22.203211
EQ-usp0002d95__TC-TY8506,EQ-TY,1985-07-04T18:00:00Z,54.2,166.1,22.203211
EQ-usp0002d95__TC-TY8506,EQ-TY,1985-07-04T21:00:00Z,54.185,166.285,22.203211
EQ-usp0002d95__TC-TY8506,EQ-TY,1985-07-05T00:00:00Z,54.2,166.5,22.203211
EQ-usp0002d95__TC-TY8506,EQ-TY,1985-07-05T03:00:00Z,54.3126,166.779,22.203211
EQ-usp0002d95__TC-TY8506,EQ-TY,1985-07-05T06:00:00Z,54.5,167.0,22.203211
EQ-usp0002d95__TC-TY8506,EQ-TY,1985-07-05T09:00:00Z,54.6974,167.038,22.203211
EQ-usp0002d95__TC-TY8506,EQ-TY,1985-07-05T12:00:00Z,55.0,167.0,22.203211
EQ-usp0002d95__TC-TY8506,EQ-TY,1985-07-05T15:00:00Z,55.4622,167.072,22.203211
EQ-usp0002d95__TC-TY8506,EQ-TY,1985-07-05T18:00:00Z,56.0,167.0,22.203211
EQ-usp0002d95__TC-TY8506,EQ-TY,1985-07-05T21:00:00Z,56.5379,166.578,22.848006
EQ-usp0002d95__TC-TY8506,EQ-TY,1985-07-06T00:00:00Z,57.0,166.0,23.482894
EQ-usp0002d95__TC-TY8506,EQ-TY,1985-07-06T03:00:00Z,57.2873,165.498,24.108431
EQ-usp0002d95__TC-TY8506,EQ-TY,1985-07-06T06:00:00Z,57.5,165.0,24.725121
EQ-usp0002d95__TC-TY8506,EQ-TY,1985-07-06T09:00:00Z,57.7502,164.463,24.725121
EQ-usp0002d95__TC-TY8506,EQ-TY,1985-07-06T12:00:00Z,58.0,164.0,24.725121
EQ-usp0002d95__TC-TY8506,EQ-TY,1985-07-06T15:00:00Z,58.2871,163.712,23.482894
EQ-usp0002d95__TC-TY8506,EQ-TY,1985-07-06T18:00:00Z,58.5,163.5,22.203211
EQ-usp0002d95__TC-TY8506,EQ-TY,1985-07-06T21:00:00Z,58.5,163.248,20.881366
EQ-usp0002d95__TC-TY8506,EQ-TY,1985-07-07T00:00:00Z,58.5,163.0,19.511519
EQ-usp0002d95__TC-TY8506,EQ-TY,1985-07-07T03:00:00Z,58.75,162.751,18.806357
EQ-usp0002d95__TC-TY8506,EQ-TY,1985-07-07T06:00:00Z,59.0,162.5,18.086263
EQ-usp0002d95__TC-TY8506,EQ-TY,1985-07-07T09:00:00Z,58.9626,162.211,16.595947
EQ-usp0002d95__TC-TY8506,EQ-TY,1985-07-07T12:00:00Z,59.0,162.0,15.027554
EQ-usp0002d95__TC-TY8506,EQ-TY,1985-07-07T15:00:00Z,59.3875,161.95,14.208639
EQ-usp0002d95__TC-TY8506,EQ-TY,1985-07-07T18:00:00Z,60.0,162.0,13.362742
EQ-usp00027cb__TC-TY8410,TY-EQ,1984-08-12T00:00:00Z,17.7,141.9,
EQ-usp00027cb__TC-TY8410,TY-EQ,1984-08-12T03:00:00Z,17.7736,141.672,
EQ-usp00027cb__TC-TY8410,TY-EQ,1984-08-12T06:00:00Z,17.8477,141.445,
EQ-usp00027cb__TC-TY8410,TY-EQ,1984-08-12T09:00:00Z,17.9229,141.221,
EQ-usp00027cb__TC-TY8410,TY-EQ,1984-08-12T12:00:00Z,18.0,141.0,
EQ-usp00027cb__TC-TY8410,TY-EQ,1984-08-12T15:00:00Z,18.079,140.785,
EQ-usp00027cb__TC-TY8410,TY-EQ,1984-08-12T18:00:00Z,18.1575,140.577,
EQ-usp00027cb__TC-TY8410,TY-EQ,1984-08-12T21:00:00Z,18.2322,140.382,
EQ-usp00027cb__TC-TY8410,TY-EQ,1984-08-13T00:00:00Z,18.3,140.2,
EQ-usp00027cb__TC-TY8410,TY-EQ,1984-08-13T03:00:00Z,18.353,140.04,
EQ-usp00027cb__TC-TY8410,TY-EQ,1984-08-13T06:00:00Z,18.3998,139.892,
EQ-usp00027cb__TC-TY8410,TY-EQ,1984-08-13T09:00:00Z,18.4468,139.749,
EQ-usp00027cb__TC-TY8410,TY-EQ,1984-08-13T12:00:00Z,18.5,139.6,
EQ-usp00027cb__TC-TY8410,TY-EQ,1984-08-13T15:00:00Z,18.5595,139.456,
EQ-usp00027cb__TC-TY8410,TY-EQ,1984-08-13T18:00:00Z,18.6271,139.302,
EQ-usp00027cb__TC-TY8410,TY-EQ,1984-08-13T21:00:00Z,18.7063,139.122,
EQ-usp00027cb__TC-TY8410,TY-EQ,1984-08-14T00:00:00Z,18.8,138.9,
EQ-usp00027cb__TC-TY8410,TY-EQ,1984-08-14T03:00:00Z,18.9024,138.638,
EQ-usp00027cb__TC-TY8410,TY-EQ,1984-08-14T06:00:00Z,19.0197,138.332,
EQ-usp00027cb__TC-TY8410,TY-EQ,1984-08-14T09:00:00Z,19.1522,137.985,
EQ-usp00027cb__TC-TY8410,TY-EQ,1984-08-14T12:00:00Z,19.3,137.6,
EQ-usp00027cb__TC-TY8410,TY-EQ,1984-08-14T15:00:00Z,19.4422,137.194,
EQ-usp00027cb__TC-TY8410,TY-EQ,1984-08-14T18:00:00Z,19.603,136.76,
EQ-usp00027cb__TC-TY8410,TY-EQ,1984-08-14T21:00:00Z,19.7941,136.289,
EQ-usp00027cb__TC-TY8410,TY-EQ,1984-08-15T00:00:00Z,20.0,135.8,
EQ-usp00027cb__TC-TY8410,TY-EQ,1984-08-15T03:00:00Z,20.1749,135.318,
EQ-usp00027cb__TC-TY8410,TY-EQ,1984-08-15T06:00:00Z,21.0,133.0,16.595947
EQ-usp00027cb__TC-TY8410,TY-EQ,1984-08-15T09:00:00Z,21.21,132.948,16.595947
EQ-usp00027cb__TC-TY8410,TY-EQ,1984-08-15T12:00:00Z,21.4,132.9,16.595947
EQ-usp00027cb__TC-TY8410,TY-EQ,1984-08-15T15:00:00Z,21.5575,132.857,17.349955
EQ-usp00027cb__TC-TY8410,TY-EQ,1984-08-15T18:00:00Z,21.7,132.8,18.086263
EQ-usp00027cb__TC-TY8410,TY-EQ,1984-08-15T21:00:00Z,21.8424,132.73,19.511519
EQ-usp00027cb__TC-TY8410,TY-EQ,1984-08-16T00:00:00Z,22.0,132.6,28.29442
EQ-usp00027cb__TC-TY8410,TY-EQ,1984-08-16T03:00:00Z,22.2075,132.388,28.29442
EQ-usp00027cb__TC-TY8410,TY-EQ,1984-08-16T06:00:00Z,22.4,132.1,28.29442
EQ-usp00027cb__TC-TY8410,TY-EQ,1984-08-16T09:00:00Z,22.515,131.772,28.29442
EQ-usp00027cb__TC-TY8410,TY-EQ,1984-08-16T12:00:00Z,22.6,131.4,28.29442
EQ-usp00027cb__TC-TY8410,TY-EQ,1984-08-16T15:00:00Z,22.7076,130.993,28.29442
EQ-usp00027cb__TC-TY8410,TY-EQ,1984-08-16T18:00:00Z,22.8,130.6,28.29442
EQ-usp00027cb__TC-TY8410,TY-EQ,1984-08-16T21:00:00Z,22.8648,130.285,29.323308
EQ-usp00027cb__TC-TY8410,TY-EQ,1984-08-17T00:00:00Z,22.9,130.0,30.86664
EQ-usp00027cb__TC-TY8410,TY-EQ,1984-08-17T03:00:00Z,22.8999,129.7,30.86664
EQ-usp00027cb__TC-TY8410,TY-EQ,1984-08-17T06:00:00Z,22.9,129.4,30.86664
EQ-usp00027cb__TC-TY8410,TY-EQ,1984-08-17T09:00:00Z,22.935,129.092,31.895528
EQ-usp00027cb__TC-TY8410,TY-EQ,1984-08-17T12:00:00Z,23.0,128.8,33.43886
EQ-usp00027cb__TC-TY8410,TY-EQ,1984-08-17T15:00:00Z,23.0849,128.542,33.43886
EQ-usp00027cb__TC-TY8410,TY-EQ,1984-08-17T18:00:00Z,23.2,128.3,33.43886
EQ-usp00027cb__TC-TY8410,TY-EQ,1984-08-17T21:00:00Z,23.335,128.035,33.43886
EQ-usp00027cb__TC-TY8410,TY-EQ,1984-08-18T00:00:00Z,23.5,127.8,33.43886
EQ-usp00027cb__TC-TY8410,TY-EQ,1984-08-18T03:00:00Z,23.6249,127.65,33.43886
EQ-usp00027cb__TC-TY8410,TY-EQ,1984-08-18T06:00:00Z,23.9,127.5,33.43886
EQ-usp00027cb__TC-TY8410,TY-EQ,1984-08-18T09:00:00Z,24.5501,127.251,33.43886
EQ-usp00027cb__TC-TY8410,TY-EQ,1984-08-18T12:00:00Z,25.2,127.0,33.43886
EQ-usp00027cb__TC-TY8410,TY-EQ,1984-08-18T15:00:00Z,25.4674,126.842,33.43886
EQ-usp00027cb__TC-TY8410,TY-EQ,1984-08-18T18:00:00Z,25.6,126.7,33.43886
EQ-usp00027cb__TC-TY8410,TY-EQ,1984-08-18T21:00:00Z,25.7701,126.478,33.43886
EQ-usp00027cb__TC-TY8410,TY-EQ,1984-08-19T00:00:00Z,26.0,126.3,33.43886
EQ-usp00027cb__TC-TY8410,TY-EQ,1984-08-19T03:00:00Z,26.3624,126.255,34.467748
EQ-usp00027cb__TC-TY8410,TY-EQ,1984-08-19T06:00:00Z,26.8,126.3,36.01108
EQ-usp00027cb__TC-TY8410,TY-EQ,1984-08-19T09:00:00Z,27.2425,126.4,36.01108
EQ-usp00027cb__TC-TY8410,TY-EQ,1984-08-19T12:00:00Z,27.7,126.5,36.01108
EQ-usp00027cb__TC-TY8410,TY-EQ,1984-08-19T15:00:00Z,28.1425,126.53,36.01108
EQ-usp00027cb__TC-TY8410,TY-EQ,1984-08-19T18:00:00Z,28.6,126.5,36.01108
EQ-usp00027cb__TC-TY8410,TY-EQ,1984-08-19T21:00:00Z,29.115,126.4,36.01108
EQ-usp00027cb__TC-TY8410,TY-EQ,1984-08-20T00:00:00Z,29.6,126.3,36.01108
EQ-usp00027cb__TC-TY8410,TY-EQ,1984-08-20T03:00:00Z,29.9575,126.27,36.01108
EQ-usp00027cb__TC-TY8410,TY-EQ,1984-08-20T06:00:00Z,30.3,126.3,36.01108
EQ-usp00027cb__TC-TY8410,TY-EQ,1984-08-20T09:00:00Z,30.7349,126.363,36.01108
EQ-usp00027cb__TC-TY8410,TY-EQ,1984-08-20T12:00:00Z,31.2,126.5,36.01108
EQ-usp00027cb__TC-TY8410,TY-EQ,1984-08-20T15:00:00Z,31.6426,126.727,36.01108
EQ-usp00027cb__TC-TY8410,TY-EQ,1984-08-20T18:00:00Z,32.1,127.0,36.01108
EQ-usp00027cb__TC-TY8410,TY-EQ,1984-08-20T21:00:00Z,32.592,127.199,34.467748
EQ-usp00027cb__TC-TY8410,TY-EQ,1984-08-21T00:00:00Z,33.1,127.5,33.43886
EQ-usp00027cb__TC-TY8410,TY-EQ,1984-08-21T03:00:00Z,33.5846,128.004,33.43886
EQ-usp00027cb__TC-TY8410,TY-EQ,1984-08-21T06:00:00Z,34.1,128.7,33.43886
EQ-usp00027cb__TC-TY8410,TY-EQ,1984-08-21T09:00:00Z,34.6544,129.52,31.895528
EQ-usp00027cb__TC-TY8410,TY-EQ,1984-08-21T12:00:00Z,35.3,130.5,30.86664
EQ-usp00027cb__TC-TY8410,TY-EQ,1984-08-21T15:00:00Z,36.0552,131.621,28.29442
EQ-usp00027cb__TC-TY8410,TY-EQ,1984-08-21T18:00:00Z,36.9,132.8,25.7222
EQ-usp00027cb__TC-TY8410,TY-EQ,1984-08-21T21:00:00Z,37.7781,133.989,25.7222
EQ-usp00027cb__TC-TY8410,TY-EQ,1984-08-22T00:00:00Z,38.7,135.0,25.7222
EQ-usp00027cb__TC-TY8410,TY-EQ,1984-08-22T03:00:00Z,39.693,135.628,24.178868
EQ-usp00027cb__TC-TY8410,TY-EQ,1984-08-22T06:00:00Z,40.6,136.1,23.14998
EQ-usp00027cb__TC-TY8410,TY-EQ,1984-08-22T09:00:00Z,41.3265,136.656,25.933752
EQ-usp00027cb__TC-TY8410,TY-EQ,1984-08-22T12:00:00Z,41.8,137.3,24.725121
EQ-usp00027cb__TC-TY8410,TY-EQ,1984-08-22T15:00:00Z,41.9911,138.167,24.725121
EQ-usp00027cb__TC-TY8410,TY-EQ,1984-08-22T18:00:00Z,42.0,139.0,24.725121
EQ-usp00027cb__TC-TY8410,TY-EQ,1984-08-22T21:00:00Z,42.0139,139.553,23.482894
EQ-usp00027cb__TC-TY8410,TY-EQ,1984-08-23T00:00:00Z,42.0,140.0,22.203211
EQ-usp00027cb__TC-TY8410,TY-EQ,1984-08-23T03:00:00Z,41.9959,140.482,22.203211
EQ-usp00027cb__TC-TY8410,TY-EQ,1984-08-23T06:00:00Z,42.0,141.0,22.203211
EQ-usp0001xxv__TC-TY8305,TY-EQ,1983-07-31T00:00:00Z,6.0,151.0,
EQ-usp0001xxv__TC-TY8305,TY-EQ,1983-07-31T03:00:00Z,6.19822,150.793,
EQ-usp0001xxv__TC-TY8305,TY-EQ,1983-07-31T06:00:00Z,6.39538,150.582,
EQ-usp0001xxv__TC-TY8305,TY-EQ,1983-07-31T09:00:00Z,6.59049,150.362,
EQ-usp0001xxv__TC-TY8305,TY-EQ,1983-07-31T12:00:00Z,6.78254,150.13,
EQ-usp0001xxv__TC-TY8305,TY-EQ,1983-07-31T15:00:00Z,6.97053,149.882,
EQ-usp0001xxv__TC-TY8305,TY-EQ,1983-07-31T18:00:00Z,7.15346,149.614,
EQ-usp0001xxv__TC-TY8305,TY-EQ,1983-07-31T21:00:00Z,7.33029,149.321,
EQ-usp0001xxv__TC-TY8305,TY-EQ,1983-08-01T00:00:00Z,7.5,149.0,
EQ-usp0001xxv__TC-TY8305,TY-EQ,1983-08-01T03:00:00Z,7.65862,148.649,
EQ-usp0001xxv__TC-TY8305,TY-EQ,1983-08-01T06:00:00Z,7.79051,148.275,
EQ-usp0001xxv__TC-TY8305,TY-EQ,1983-08-01T09:00:00Z,7.87713,147.888,
EQ-usp0001xxv__TC-TY8305,TY-EQ,1983-08-01T12:00:00Z,7.9,147.5,
EQ-usp0001xxv__TC-TY8305,TY-EQ,1983-08-01T15:00:00Z,7.8358,147.06,
EQ-usp0001xxv__TC-TY8305,TY-EQ,1983-08-01T18:00:00Z,7.71026,146.63,
EQ-usp0001xxv__TC-TY8305,TY-EQ,1983-08-01T21:00:00Z,7.55454,146.26,
EQ-usp0001xxv__TC-TY8305,TY-EQ,1983-08-02T00:00:00Z,7.4,146.0,
EQ-usp0001xxv__TC-TY8305,TY-EQ,1983-08-02T03:00:00Z,7.23576,145.93,
EQ-usp0001xxv__TC-TY8305,TY-EQ,1983-08-02T06:00:00Z,7.08732,145.968,
EQ-usp0001xxv__TC-TY8305,TY-EQ,1983-08-02T09:00:00Z,6.99522,146.046,
EQ-usp0001xxv__TC-TY8305,TY-EQ,1983-08-02T12:00:00Z,7.0,146.1,
EQ-usp0001xxv__TC-TY8305,TY-EQ,1983-08-02T15:00:00Z,7.16963,146.064,
EQ-usp0001xxv__TC-TY8305,TY-EQ,1983-08-02T18:00:00Z,7.4324,145.99,
EQ-usp0001xxv__TC-TY8305,TY-EQ,1983-08-02T21:00:00Z,7.72898,145.871,
EQ-usp0001xxv__TC-TY8305,TY-EQ,1983-08-03T00:00:00Z,8.0,145.7,
EQ-usp0001xxv__TC-TY8305,TY-EQ,1983-08-03T03:00:00Z,8.17723,145.479,
EQ-usp0001xxv__TC-TY8305,TY-EQ,1983-08-03T06:00:00Z,8.31755,145.21,
EQ-usp0001xxv__TC-TY8305,TY-EQ,1983-08-03T09:00:00Z,8.42409,144.911,
EQ-usp0001xxv__TC-TY8305,TY-EQ,1983-08-03T12:00:00Z,8.5,144.6,
EQ-usp0001xxv__TC-TY8305,TY-EQ,1983-08-03T15:00:00Z,8.55366,144.315,
EQ-usp0001xxv__TC-TY8305,TY-EQ,1983-08-03T18:00:00Z,8.57987,144.022,
EQ-usp0001xxv__TC-TY8305,TY-EQ,1983-08-03T21:00:00Z,8.59114,143.718,
EQ-usp0001xxv__TC-TY8305,TY-EQ,1983-08-04T00:00:00Z,9.0,144.0,4.739788
EQ-usp0001xxv__TC-TY8305,TY-EQ,1983-08-04T03:00:00Z,9.00007,143.51,6.154059
EQ-usp0001xxv__TC-TY8305,TY-EQ,1983-08-04T06:00:00Z,9.0,143.0,7.406657
EQ-usp0001xxv__TC-TY8305,TY-EQ,1983-08-04T09:00:00Z,9.00004,142.47,7.406657
EQ-usp0001xxv__TC-TY8305,TY-EQ,1983-08-04T12:00:00Z,9.0,142.0,7.406657
EQ-usp0001xxv__TC-TY8305,TY-EQ,1983-08-04T15:00:00Z,8.98489,141.67,7.406657
EQ-usp0001xxv__TC-TY8305,TY-EQ,1983-08-04T18:00:00Z,9.0,141.4,7.406657
EQ-usp0001xxv__TC-TY8305,TY-EQ,1983-08-04T21:00:00Z,9.08501,141.085,8.551302
EQ-usp0001xxv__TC-TY8305,TY-EQ,1983-08-05T00:00:00Z,9.2,140.8,9.616676
EQ-usp0001xxv__TC-TY8305,TY-EQ,1983-08-05T03:00:00Z,9.29996,140.585,12.486127
EQ-usp0001xxv__TC-TY8305,TY-EQ,1983-08-05T06:00:00Z,9.4,140.4,18.00554
EQ-usp0001xxv__TC-TY8305,TY-EQ,1983-08-05T09:00:00Z,9.49246,140.215,18.00554
EQ-usp0001xxv__TC-TY8305,TY-EQ,1983-08-05T12:00:00Z,9.6,140.0,18.00554
EQ-usp0001xxv__TC-TY8305,TY-EQ,1983-08-05T15:00:00Z,9.73501,139.715,18.00554
EQ-usp0001xxv__TC-TY8305,TY-EQ,1983-08-05T18:00:00Z,9.9,139.4,18.00554
EQ-usp0001xxv__TC-TY8305,TY-EQ,1983-08-05T21:00:00Z,10.0625,139.107,19.034428
EQ-usp0001xxv__TC-TY8305,TY-EQ,1983-08-06T00:00:00Z,10.3,138.8,20.57776
EQ-usp0001xxv__TC-TY8305,TY-EQ,1983-08-06T03:00:00Z,10.6775,138.458,20.57776
EQ-usp0001xxv__TC-TY8305,TY-EQ,1983-08-06T06:00:00Z,11.1,138.1,20.57776
EQ-usp0001xxv__TC-TY8305,TY-EQ,1983-08-06T09:00:00Z,11.4725,137.75,23.14998
EQ-usp0001xxv__TC-TY8305,TY-EQ,1983-08-06T12:00:00Z,11.8,137.4,25.7222
EQ-usp0001xxv__TC-TY8305,TY-EQ,1983-08-06T15:00:00Z,12.0574,137.065,29.323308
EQ-usp0001xxv__TC-TY8305,TY-EQ,1983-08-06T18:00:00Z,12.3,136.7,33.43886
EQ-usp0001xxv__TC-TY8305,TY-EQ,1983-08-06T21:00:00Z,12.5926,136.25,34.467748
EQ-usp0001xxv__TC-TY8305,TY-EQ,1983-08-07T00:00:00Z,12.9,135.8,36.01108
EQ-usp0001xxv__TC-TY8305,TY-EQ,1983-08-07T03:00:00Z,13.1772,135.465,38.5833
EQ-usp0001xxv__TC-TY8305,TY-EQ,1983-08-07T06:00:00Z,13.5,135.1,41.15552
EQ-usp0001xxv__TC-TY8305,TY-EQ,1983-08-07T09:00:00Z,13.9503,134.543,43.72774
EQ-usp0001xxv__TC-TY8305,TY-EQ,1983-08-07T12:00:00Z,14.4,134.0,46.29996
EQ-usp0001xxv__TC-TY8305,TY-EQ,1983-08-07T15:00:00Z,14.7072,133.67,48.87218
EQ-usp0001xxv__TC-TY8305,TY-EQ,1983-08-07T18:00:00Z,15.0,133.4,51.4444
EQ-usp0001xxv__TC-TY8305,TY-EQ,1983-08-07T21:00:00Z,15.3926,133.02,51.4444
EQ-usp0001xxv__TC-TY8305,TY-EQ,1983-08-08T00:00:00Z,15.8,132.7,51.4444
EQ-usp0001xxv__TC-TY8305,TY-EQ,1983-08-08T03:00:00Z,16.1648,132.585,51.4444
EQ-usp0001xxv__TC-TY8305,TY-EQ,1983-08-08T06:00:00Z,16.5,132.5,51.4444
EQ-usp0001xxv__TC-TY8305,TY-EQ,1983-08-08T09:00:00Z,16.83,132.273,51.4444
EQ-usp0001xxv__TC-TY8305,TY-EQ,1983-08-08T12:00:00Z,17.1,132.0,51.4444
EQ-usp0001xxv__TC-TY8305,TY-EQ,1983-08-08T15:00:00Z,17.2649,131.765,54.01662
EQ-usp0001xxv__TC-TY8305,TY-EQ,1983-08-08T18:00:00Z,17.4,131.5,56.58884
EQ-usp0001xxv__TC-TY8305,TY-EQ,1983-08-08T21:00:00Z,17.5927,131.128,59.16106
EQ-usp0001xxv__TC-TY8305,TY-EQ,1983-08-09T00:00:00Z,17.8,130.8,61.73328
EQ-usp0001xxv__TC-TY8305,TY-EQ,1983-08-09T03:00:00Z,17.9999,130.655,61.73328
EQ-usp0001xxv__TC-TY8305,TY-EQ,1983-08-09T06:00:00Z,18.2,130.6,61.73328
EQ-usp0001xxv__TC-TY8305,TY-EQ,1983-08-09T09:00:00Z,18.4075,130.542,59.16106
EQ-usp0001xxv__TC-TY8305,TY-EQ,1983-08-09T12:00:00Z,18.6,130.5,56.58884
EQ-usp0001xxv__TC-TY8305,TY-EQ,1983-08-09T15:00:00Z,18.7575,130.443,57.617728
EQ-usp0001xxv__TC-TY8305,TY-EQ,1983-08-09T18:00:00Z,18.9,130.4,59.16106
EQ-usp0001xxv__TC-TY8305,TY-EQ,1983-08-09T21:00:00Z,19.05,130.392,57.617728
EQ-usp0001xxv__TC-TY8305,TY-EQ,1983-08-10T00:00:00Z,19.2,130.4,56.58884
EQ-usp0001xxv__TC-TY8305,TY-EQ,1983-08-10T03:00:00Z,19.3425,130.393,56.58884
EQ-usp0001xxv__TC-TY8305,TY-EQ,1983-08-10T06:00:00Z,19.5,130.4,56.58884
EQ-usp0001xxv__TC-TY8305,TY-EQ,1983-08-10T09:00:00Z,19.7075,130.45,56.58884
EQ-usp0001xxv__TC-TY8305,TY-EQ,1983-08-10T12:00:00Z,19.9,130.5,56.58884
EQ-usp0001xxv__TC-TY8305,TY-EQ,1983-08-10T15:00:00Z,20.0,130.493,55.045508
EQ-usp0001xxv__TC-TY8305,TY-EQ,1983-08-10T18:00:00Z,20.1,130.5,54.01662
EQ-usp0001xxv__TC-TY8305,TY-EQ,1983-08-10T21:00:00Z,20.2625,130.607,52.473288
EQ-usp0001xxv__TC-TY8305,TY-EQ,1983-08-11T00:00:00Z,20.5,130.7,51.4444
EQ-usp0001xxv__TC-TY8305,TY-EQ,1983-08-11T03:00:00Z,20.85,130.665,49.901068
EQ-usp0001xxv__TC-TY8305,TY-EQ,1983-08-11T06:00:00Z,21.2,130.6,48.87218
EQ-usp0001xxv__TC-TY8305,TY-EQ,1983-08-11T09:00:00Z,21.43,130.592,52.473288
EQ-usp0001xxv__TC-TY8305,TY-EQ,1983-08-11T12:00:00Z,21.6,130.6,56.58884
EQ-usp0001xxv__TC-TY8305,TY-EQ,1983-08-11T15:00:00Z,21.735,130.607,56.58884
EQ-usp0001xxv__TC-TY8305,TY-EQ,1983-08-11T18:00:00Z,21.9,130.6,56.58884
EQ-usp0001xxv__TC-TY8305,TY-EQ,1983-08-11T21:00:00Z,22.1925,130.528,56.58884
EQ-usp0001xxv__TC-TY8305,TY-EQ,1983-08-12T00:00:00Z,22.5,130.5,56.58884
EQ-usp0001xxv__TC-TY8305,TY-EQ,1983-08-12T03:00:00Z,22.715,130.62,56.58884
EQ-usp0001xxv__TC-TY8305,TY-EQ,1983-08-12T06:00:00Z,22.9,130.8,56.58884
EQ-usp0001xxv__TC-TY8305,TY-EQ,1983-08-12T09:00:00Z,23.0775,130.943,56.58884
EQ-usp0001xxv__TC-TY8305,TY-EQ,1983-08-12T12:00:00Z,23.3,131.1,56.58884
EQ-usp0001xxv__TC-TY8305,TY-EQ,1983-08-12T15:00:00Z,23.635,131.3,56.58884
EQ-usp0001xxv__TC-TY8305,TY-EQ,1983-08-12T18:00:00Z,24.0,131.5,56.58884
EQ-usp0001xxv__TC-TY8305,TY-EQ,1983-08-12T21:00:00Z,24.3224,131.65,56.58884
EQ-usp0001xxv__TC-TY8305,TY-EQ,1983-08-13T00:00:00Z,24.6,131.8,56.58884
EQ-usp0001xxv__TC-TY8305,TY-EQ,1983-08-13T03:00:00Z,24.815,131.993,54.01662
EQ-usp0001xxv__TC-TY8305,TY-EQ,1983-08-13T06:00:00Z,25.0,132.2,51.4444
EQ-usp0001xxv__TC-TY8305,TY-EQ,1983-08-13T09:00:00Z,25.1925,132.408,51.4444
EQ-usp0001xxv__TC-TY8305,TY-EQ,1983-08-13T12:00:00Z,25.4,132.6,51.4444
EQ-usp0001xxv__TC-TY8305,TY-EQ,1983-08-13T15:00:00Z,25.6274,132.75,51.4444
EQ-usp0001xxv__TC-TY8305,TY-EQ,1983-08-13T18:00:00Z,25.9,132.9,51.4444
EQ-usp0001xxv__TC-TY8305,TY-EQ,1983-08-13T21:00:00Z,26.2501,133.107,47.328848
EQ-usp0001xxv__TC-TY8305,TY-EQ,1983-08-14T00:00:00Z,26.6,133.3,43.72774
EQ-usp0001xxv__TC-TY8305,TY-EQ,1983-08-14T03:00:00Z,26.865,133.43,43.72774
EQ-usp0001xxv__TC-TY8305,TY-EQ,1983-08-14T06:00:00Z,27.1,133.5,43.72774
EQ-usp0001xxv__TC-TY8305,TY-EQ,1983-08-14T09:00:00Z,27.3575,133.515,43.72774
EQ-usp0001xxv__TC-TY8305,TY-EQ,1983-08-14T12:00:00Z,27.6,133.5,43.72774
EQ-usp0001xxv__TC-TY8305,TY-EQ,1983-08-14T15:00:00Z,27.8,133.493,43.72774
EQ-usp0001xxv__TC-TY8305,TY-EQ,1983-08-14T18:00:00Z,28.0,133.5,43.72774
EQ-usp0001xxv__TC-TY8305,TY-EQ,1983-08-14T21:00:00Z,28.2425,133.528,43.72774
EQ-usp0001xxv__TC-TY8305,TY-EQ,1983-08-15T00:00:00Z,28.5,133.6,43.72774
EQ-usp0001xxv__TC-TY8305,TY-EQ,1983-08-15T03:00:00Z,28.7425,133.72,43.72774
EQ-usp0001xxv__TC-TY8305,TY-EQ,1983-08-15T06:00:00Z,29.0,133.9,43.72774
EQ-usp0001xxv__TC-TY8305,TY-EQ,1983-08-15T09:00:00Z,29.2776,134.15,42.184408
EQ-usp0001xxv__TC-TY8305,TY-EQ,1983-08-15T12:00:00Z,29.6,134.4,41.15552
EQ-usp0001xxv__TC-TY8305,TY-EQ,1983-08-15T15:00:00Z,29.9924,134.558,41.15552
EQ-usp0001xxv__TC-TY8305,TY-EQ,1983-08-15T18:00:00Z,30.4,134.7,41.15552
EQ-usp0001xxv__TC-TY8305,TY-EQ,1983-08-15T21:00:00Z,30.7499,134.87,38.5833
EQ-usp0001xxv__TC-TY8305,TY-EQ,1983-08-16T00:00:00Z,31.1,135.1,36.01108
EQ-usp0001xxv__TC-TY8305,TY-EQ,1983-08-16T03:00:00Z,31.4926,135.427,36.01108
EQ-usp0001xxv__TC-TY8305,TY-EQ,1983-08-16T06:00:00Z,31.9,135.8,36.01108
EQ-usp0001xxv__TC-TY8305,TY-EQ,1983-08-16T09:00:00Z,32.2775,136.165,33.43886
EQ-usp0001xxv__TC-TY8305,TY-EQ,1983-08-16T12:00:00Z,32.7,136.5,30.86664
EQ-usp0001xxv__TC-TY8305,TY-EQ,1983-08-16T15:00:00Z,33.2349,136.773,29.323308
EQ-usp0001xxv__TC-TY8305,TY-EQ,1983-08-16T18:00:00Z,33.8,137.0,28.29442
EQ-usp0001xxv__TC-TY8305,TY-EQ,1983-08-16T21:00:00Z,34.3672,137.178,25.7222
EQ-usp0001xxv__TC-TY8305,TY-EQ,1983-08-17T00:00:00Z,34.8,137.4,23.14998
EQ-usp0001xxv__TC-TY8305,TY-EQ,1983-08-17T03:00:00Z,34.9224,137.756,21.606648
EQ-usp0001xxv__TC-TY8305,TY-EQ,1983-08-17T06:00:00Z,35.0,138.2,20.57776
EQ-usp0001xxv__TC-TY8305,TY-EQ,1983-08-17T09:00:00Z,35.3049,138.677,20.57776
EQ-usp0001xxv__TC-TY8305,TY-EQ,1983-08-17T12:00:00Z,35.7,139.2,20.57776
EQ-usp0001xxv__TC-TY8305,TY-EQ,1983-08-17T15:00:00Z,36.0847,139.736,20.57776
EQ-usp0001xxv__TC-TY8305,TY-EQ,1983-08-17T18:00:00Z,36.5,140.3,20.57776
EQ-usp0001xxv__TC-TY8305,TY-EQ,1983-08-17T21:00:00Z,36.9877,140.922,20.57776
EQ-usp0001xxv__TC-TY8305,TY-EQ,1983-08-18T00:00:00Z,37.4,141.5,20.57776
EQ-usp0001xxv__TC-TY8305,TY-EQ,1983-08-18T03:00:00Z,37.6018,141.916,20.57776
EQ-usp0001xxv__TC-TY8305,TY-EQ,1983-08-18T06:00:00Z,37.7,142.3,20.57776
EQ-usp0001xxv__TC-TY8305,TY-EQ,1983-08-18T09:00:00Z,37.8226,142.792,20.57776
EQ-usp0001xxv__TC-TY8305,TY-EQ,1983-08-18T12:00:00Z,37.9,143.3,20.57776
EQ-usp0001xxv__TC-TY8305,TY-EQ,1983-08-18T15:00:00Z,37.9076,143.803,20.57776
EQ-usp0001xxv__TC-TY8305,TY-EQ,1983-08-18T18:00:00Z,37.9,144.2,20.57776
EQ-usp0001xxv__TC-TY8305,TY-EQ,1983-08-18T21:00:00Z,37.9496,144.38,19.511519
EQ-usp0001xxv__TC-TY8305,TY-EQ,1983-08-19T00:00:00Z,38.0,144.5,19.511519
EQ-usp0001xxv__TC-TY8305,TY-EQ,1983-08-19T03:00:00Z,38.0299,144.72,20.202862
EQ-usp0001xxv__TC-TY8305,TY-EQ,1983-08-19T06:00:00Z,38.0,145.0,20.881366
EQ-usp0001xxv__TC-TY8305,TY-EQ,1983-08-19T09:00:00Z,37.9027,145.365,20.881366
EQ-usp0001xxv__TC-TY8305,TY-EQ,1983-08-19T12:00:00Z,37.7,145.7,20.881366
EQ-usp0001xxv__TC-TY8305,TY-EQ,1983-08-19T15:00:00Z,37.4022,145.864,20.881366
EQ-usp0001xxv__TC-TY8305,TY-EQ,1983-08-19T18:00:00Z,37.0,146.0,20.881366
EQ-usp0001xxv__TC-TY8305,TY-EQ,1983-08-19T21:00:00Z,36.5225,146.235,20.881366
EQ-usp0001xxv__TC-TY8305,TY-EQ,1983-08-20T00:00:00Z,36.0,146.5,20.881366
EQ-usp0001xxv__TC-TY8305,TY-EQ,1983-08-20T03:00:00Z,35.4775,146.75,20.881366
EQ-usp0001xxv__TC-TY8305,TY-EQ,1983-08-20T06:00:00Z,35.0,147.0,20.881366
EQ-usp0001xxv__TC-TY8305,TY-EQ,1983-08-20T09:00:00Z,34.6198,147.234,20.881366
EQ-usp0001xxv__TC-TY8305,TY-EQ,1983-08-20T12:00:00Z,34.3,147.5,20.881366
EQ-usp0001xxv__TC-TY8305,TY-EQ,1983-08-20T15:00:00Z,33.9999,147.827,19.511519
EQ-usp0001xxv__TC-TY8305,TY-EQ,1983-08-20T18:00:00Z,33.7,148.2,18.086263
EQ-usp0001xxv__TC-TY8305,TY-EQ,1983-08-20T21:00:00Z,33.3051,148.616,16.595947
EQ-usp0001xxv__TC-TY8305,TY-EQ,1983-08-21T00:00:00Z,33.0,149.0,15.027554
EQ-usp0001xxv__TC-TY8305,TY-EQ,1983-08-21T03:00:00Z,32.9473,149.272,14.208639
EQ-usp0001xxv__TC-TY8305,TY-EQ,1983-08-21T06:00:00Z,33.0,149.5,13.362742
EQ-usp0001xxv__TC-TY8305,TY-EQ,1983-08-21T09:00:00Z,33.0,149.75,13.362742
EQ-usp0001xxv__TC-TY8305,TY-EQ,1983-08-21T12:00:00Z,33.0,150.0,13.362742
EQ-usp0001xxv__TC-TY8305,TY-EQ,1983-08-21T15:00:00Z,33.0,150.25,13.362742
EQ-usp0001xxv__TC-TY8305,TY-EQ,1983-08-21T18:00:00Z,33.0,150.5,13.362742
EQ-usp0001xxv__TC-TY8305,TY-EQ,1983-08-21T21:00:00Z,32.9624,150.75,12.486127
EQ-usp0001xxv__TC-TY8305,TY-EQ,1983-08-22T00:00:00Z,33.0,151.0,11.574055
EQ-usp0001xxv__TC-TY8305,TY-EQ,1983-08-22T03:00:00Z,33.2125,151.25,11.574055
EQ-usp0001xxv__TC-TY8305,TY-EQ,1983-08-22T06:00:00Z,33.5,151.5,11.574055
EQ-usp0001xxv__TC-TY8305,TY-EQ,1983-08-22T09:00:00Z,33.75,151.75,11.574055
EQ-usp0001xxv__TC-TY8305,TY-EQ,1983-08-22T12:00:00Z,34.0,152.0,11.574055
EQ-usp0001xxv__TC-TY8305,TY-EQ,1983-08-22T15:00:00Z,34.25,152.25,11.574055
EQ-usp0001xxv__TC-TY8305,TY-EQ,1983-08-22T18:00:00Z,34.5,152.5,11.574055
EQ-usp0001xxv__TC-TY8305,TY-EQ,1983-08-22T21:00:00Z,34.7499,152.75,11.574055
EQ-usp0001xxv__TC-TY8305,TY-EQ,1983-08-23T00:00:00Z,35.0,153.0,11.574055
EQ-usp0001xxv__TC-TY8305,TY-EQ,1983-08-23T03:00:00Z,35.25,153.25,11.574055
EQ-usp0001xxv__TC-TY8305,TY-EQ,1983-08-23T06:00:00Z,35.5,153.5,11.574055
EQ-usp0001xxv__TC-TY8305,TY-EQ,1983-08-23T09:00:00Z,35.7496,153.713,10.620347
EQ-usp0001xxv__TC-TY8305,TY-EQ,1983-08-23T12:00:00Z,36.0,154.0,9.616676
EQ-usp0001xxv__TC-TY8305,TY-EQ,1983-08-23T15:00:00Z,36.2502,154.462,9.616676
EQ-usp0001xxv__TC-TY8305,TY-EQ,1983-08-23T18:00:00Z,36.5,155.0,9.616676
EQ-usp0001xxv__TC-TY8305,TY-EQ,1983-08-23T21:00:00Z,36.7502,155.512,9.616676
EQ-usp0001xxv__TC-TY8305,TY-EQ,1983-08-24T00:00:00Z,37.0,156.0,9.616676
EQ-usp0001xgb__TC-TY8313,EQ-TY,1983-10-06T00:00:00Z,16.9,147.9,
EQ-usp0001xgb__TC-TY8313,EQ-TY,1983-10-06T03:00:00Z,16.8684,147.594,
EQ-usp0001xgb__TC-TY8313,EQ-TY,1983-10-06T06:00:00Z,16.8593,147.261,
EQ-usp0001xgb__TC-TY8313,EQ-TY,1983-10-06T09:00:00Z,16.8957,146.872,
EQ-usp0001xgb__TC-TY8313,EQ-TY,1983-10-06T12:00:00Z,17.0,146.4,
EQ-usp0001xgb__TC-TY8313,EQ-TY,1983-10-06T15:00:00Z,17.1831,145.8,
EQ-usp0001xgb__TC-TY8313,EQ-TY,1983-10-06T18:00:00Z,17.4121,145.151,
EQ-usp0001xgb__TC-TY8313,EQ-TY,1983-10-06T21:00:00Z,17.6722,144.504,
EQ-usp0001xgb__TC-TY8313,EQ-TY,1983-10-07T00:00:00Z,17.0,143.0,9.616676
EQ-usp0001xgb__TC-TY8313,EQ-TY,1983-10-07T03:00:00Z,17.4879,142.488,9.616676
EQ-usp0001xgb__TC-TY8313,EQ-TY,1983-10-07T06:00:00Z,18.0,142.0,9.616676
EQ-usp0001xgb__TC-TY8313,EQ-TY,1983-10-07T09:00:00Z,18.537,141.537,9.616676
EQ-usp0001xgb__TC-TY8313,EQ-TY,1983-10-07T12:00:00Z,19.0,141.0,9.616676
EQ-usp0001xgb__TC-TY8313,EQ-TY,1983-10-07T15:00:00Z,19.2876,140.287,10.620347
EQ-usp0001xgb__TC-TY8313,EQ-TY,1983-10-07T18:00:00Z,19.5,139.5,11.574055
EQ-usp0001xgb__TC-TY8313,EQ-TY,1983-10-07T21:00:00Z,19.727,138.764,12.486127
EQ-usp0001xgb__TC-TY8313,EQ-TY,1983-10-08T00:00:00Z,20.0,138.0,20.57776
EQ-usp0001xgb__TC-TY8313,EQ-TY,1983-10-08T03:00:00Z,20.3922,137.173,21.606648
EQ-usp0001xgb__TC-TY8313,EQ-TY,1983-10-08T06:00:00Z,20.8,136.3,23.14998
EQ-usp0001xgb__TC-TY8313,EQ-TY,1983-10-08T09:00:00Z,21.0926,135.377,23.14998
EQ-usp0001xgb__TC-TY8313,EQ-TY,1983-10-08T12:00:00Z,21.4,134.5,23.14998
EQ-usp0001xgb__TC-TY8313,EQ-TY,1983-10-08T15:00:00Z,21.7971,133.74,24.178868
EQ-usp0001xgb__TC-TY8313,EQ-TY,1983-10-08T18:00:00Z,22.3,133.1,25.7222
EQ-usp0001xgb__TC-TY8313,EQ-TY,1983-10-08T21:00:00Z,22.9274,132.518,26.751088
EQ-usp0001xgb__TC-TY8313,EQ-TY,1983-10-09T00:00:00Z,23.6,132.1,28.29442
EQ-usp0001xgb__TC-TY8313,EQ-TY,1983-10-09T03:00:00Z,24.2072,131.86,29.323308
EQ-usp0001xgb__TC-TY8313,EQ-TY,1983-10-09T06:00:00Z,24.8,131.8,30.86664
EQ-usp0001xgb__TC-TY8313,EQ-TY,1983-10-09T09:00:00Z,25.3774,131.825,30.86664
EQ-usp0001xgb__TC-TY8313,EQ-TY,1983-10-09T12:00:00Z,26.0,132.0,30.86664
EQ-usp0001xgb__TC-TY8313,EQ-TY,1983-10-09T15:00:00Z,26.7352,132.327,30.86664
EQ-usp0001xgb__TC-TY8313,EQ-TY,1983-10-09T18:00:00Z,27.5,132.7,30.86664
EQ-usp0001xgb__TC-TY8313,EQ-TY,1983-10-09T21:00:00Z,28.2073,132.966,29.323308
EQ-usp0001xgb__TC-TY8313,EQ-TY,1983-10-10T00:00:00Z,28.9,133.2,28.29442
EQ-usp0001xgb__TC-TY8313,EQ-TY,1983-10-10T03:00:00Z,29.6147,133.413,28.29442
EQ-usp0001xgb__TC-TY8313,EQ-TY,1983-10-10T06:00:00Z,30.3,133.7,28.29442
EQ-usp0001xgb__TC-TY8313,EQ-TY,1983-10-10T09:00:00Z,30.9295,134.118,28.29442
EQ-usp0001xgb__TC-TY8313,EQ-TY,1983-10-10T12:00:00Z,31.5,134.7,28.29442
EQ-usp0001xgb__TC-TY8313,EQ-TY,1983-10-10T15:00:00Z,32.0131,135.367,28.29442
EQ-usp0001xgb__TC-TY8313,EQ-TY,1983-10-10T18:00:00Z,32.5,136.3,28.29442
EQ-usp0001xgb__TC-TY8313,EQ-TY,1983-10-10T21:00:00Z,32.9916,137.559,28.29442
EQ-usp0001xgb__TC-TY8313,EQ-TY,1983-10-11T00:00:00Z,33.5,139.1,28.29442
EQ-usp0001xgb__TC-TY8313,EQ-TY,1983-10-11T03:00:00Z,34.0166,140.734,28.29442
EQ-usp0001xgb__TC-TY8313,EQ-TY,1983-10-11T06:00:00Z,34.6,142.6,28.29442
EQ-usp0001xgb__TC-TY8313,EQ-TY,1983-10-11T09:00:00Z,35.2997,144.614,27.112007
EQ-usp0001xgb__TC-TY8313,EQ-TY,1983-10-11T12:00:00Z,36.0,147.0,27.112007
EQ-usp0001xgb__TC-TY8313,EQ-TY,1983-10-11T15:00:00Z,36.536,149.958,28.262604
EQ-usp0001xgb__TC-TY8313,EQ-TY,1983-10-11T18:00:00Z,37.0,153.0,29.387863
EQ-usp0001xgb__TC-TY8313,EQ-TY,1983-10-11T21:00:00Z,37.3302,155.454,28.262604
EQ-usp0001xgb__TC-TY8313,EQ-TY,1983-10-12T00:00:00Z,38.0,158.0,27.112007
EQ-usp0001xgb__TC-TY8313,EQ-TY,1983-10-12T03:00:00Z,39.5085,161.388,25.933752
EQ-usp0001xgb__TC-TY8313,EQ-TY,1983-10-12T06:00:00Z,41.0,165.0,24.725121
EQ-usp0001xgb__TC-TY8313,EQ-TY,1983-10-12T09:00:00Z,41.6401,168.175,24.108431
EQ-usp0001xgb__TC-TY8313,EQ-TY,1983-10-12T12:00:00Z,42.0,171.0,23.482894
EQ-usp0001xgb__TC-TY8313,EQ-TY,1983-10-12T15:00:00Z,42.3507,173.809,22.848006
EQ-usp0001xgb__TC-TY8313,EQ-TY,1983-10-12T18:00:00Z,43.0,176.0,22.203211
EQ-usp0001xgb__TC-TY8313,EQ-TY,1983-10-12T21:00:00Z,44.5626,177.147,20.202862
EQ-usp0001xgb__TC-TY8313,EQ-TY,1983-10-13T00:00:00Z,46.0,178.0,18.086263
EQ-usp0001xgb__TC-TY8313,EQ-TY,1983-10-13T03:00:00Z,46.3607,179.337,15.8225
EQ-usp0001xgb__TC-TY8313,EQ-TY,1983-10-13T06:00:00Z,46.0,181.0,13.362742
EQ-iscgem771137__TC-TY7220,EQ-TY,1972-09-10T06:00:00Z,14.2,144.8,7.406657
EQ-iscgem771137__TC-TY7220,EQ-TY,1972-09-10T09:00:00Z,14.1151,144.42,7.406657
EQ-iscgem771137__TC-TY7220,EQ-TY,1972-09-10T12:00:00Z,14.0,144.0,7.406657
EQ-iscgem771137__TC-TY7220,EQ-TY,1972-09-10T15:00:00Z,13.83,143.515,7.406657
EQ-iscgem771137__TC-TY7220,EQ-TY,1972-09-10T18:00:00Z,13.6,143.0,7.406657
EQ-iscgem771137__TC-TY7220,EQ-TY,1972-09-10T21:00:00Z,13.3076,142.462,7.406657
EQ-iscgem771137__TC-TY7220,EQ-TY,1972-09-11T00:00:00Z,13.0,142.0,7.406657
EQ-iscgem771137__TC-TY7220,EQ-TY,1972-09-11T03:00:00Z,12.7423,141.713,7.406657
EQ-iscgem771137__TC-TY7220,EQ-TY,1972-09-11T06:00:00Z,12.5,141.5,7.406657
EQ-iscgem771137__TC-TY7220,EQ-TY,1972-09-11T09:00:00Z,12.1822,141.31,8.551302
EQ-iscgem771137__TC-TY7220,EQ-TY,1972-09-11T12:00:00Z,12.0,141.0,9.616676
EQ-iscgem771137__TC-TY7220,EQ-TY,1972-09-11T15:00:00Z,12.1179,140.373,9.616676
EQ-iscgem771137__TC-TY7220,EQ-TY,1972-09-11T18:00:00Z,12.4,139.7,9.616676
EQ-iscgem771137__TC-TY7220,EQ-TY,1972-09-11T21:00:00Z,12.6848,139.255,9.616676
EQ-iscgem771137__TC-TY7220,EQ-TY,1972-09-12T00:00:00Z,13.0,138.9,9.616676
EQ-iscgem771137__TC-TY7220,EQ-TY,1972-09-12T03:00:00Z,13.2924,138.535,9.616676
EQ-iscgem771137__TC-TY7220,EQ-TY,1972-09-12T06:00:00Z,13.6,138.2,9.616676
EQ-iscgem771137__TC-TY7220,EQ-TY,1972-09-12T09:00:00Z,13.9575,137.885,9.616676
EQ-iscgem771137__TC-TY7220,EQ-TY,1972-09-12T12:00:00Z,14.3,137.6,9.616676
EQ-iscgem771137__TC-TY7220,EQ-TY,1972-09-12T15:00:00Z,14.5499,137.342,13.362742
EQ-iscgem771137__TC-TY7220,EQ-TY,1972-09-12T18:00:00Z,14.8,137.1,16.595947
EQ-iscgem771137__TC-TY7220,EQ-TY,1972-09-12T21:00:00Z,15.15,136.85,18.806357
EQ-iscgem771137__TC-TY7220,EQ-TY,1972-09-13T00:00:00Z,15.5,136.6,20.881366
EQ-iscgem771137__TC-TY7220,EQ-TY,1972-09-13T03:00:00Z,15.7499,136.357,24.108431
EQ-iscgem771137__TC-TY7220,EQ-TY,1972-09-13T06:00:00Z,16.0,136.1,27.112007
EQ-iscgem771137__TC-TY7220,EQ-TY,1972-09-13T09:00:00Z,16.3275,135.815,28.828269
EQ-iscgem771137__TC-TY7220,EQ-TY,1972-09-13T12:00:00Z,16.7,135.5,29.941627
EQ-iscgem771137__TC-TY7220,EQ-TY,1972-09-13T15:00:00Z,17.085,135.157,29.941627
EQ-iscgem771137__TC-TY7220,EQ-TY,1972-09-13T18:00:00Z,17.5,134.8,29.941627
EQ-iscgem771137__TC-TY7220,EQ-TY,1972-09-13T21:00:00Z,17.9348,134.472,29.941627
EQ-iscgem771137__TC-TY7220,EQ-TY,1972-09-14T00:00:00Z,18.4,134.1,29.941627
EQ-iscgem771137__TC-TY7220,EQ-TY,1972-09-14T03:00:00Z,18.9227,133.6,31.570119
EQ-iscgem771137__TC-TY7220,EQ-TY,1972-09-14T06:00:00Z,19.4,133.1,32.630386
EQ-iscgem771137__TC-TY7220,EQ-TY,1972-09-14T09:00:00Z,19.6849,132.712,34.186077
EQ-iscgem771137__TC-TY7220,EQ-TY,1972-09-14T12:00:00Z,20.0,132.4,35.201765
EQ-iscgem771137__TC-TY7220,EQ-TY,1972-09-14T15:00:00Z,20.585,132.113,36.69568
EQ-iscgem771137__TC-TY7220,EQ-TY,1972-09-14T18:00:00Z,21.2,131.9,37.673179
EQ-iscgem771137__TC-TY7220,EQ-TY,1972-09-14T21:00:00Z,21.5699,131.77,37.673179
EQ-iscgem771137__TC-TY7220,EQ-TY,1972-09-15T00:00:00Z,22.0,131.7,37.673179
EQ-iscgem771137__TC-TY7220,EQ-TY,1972-09-15T03:00:00Z,22.7175,131.598,37.673179
EQ-iscgem771137__TC-TY7220,EQ-TY,1972-09-15T06:00:00Z,23.6,131.6,37.673179
EQ-iscgem771137__TC-TY7220,EQ-TY,1972-09-15T09:00:00Z,24.5351,131.812,39.113731
EQ-iscgem771137__TC-TY7220,EQ-TY,1972-09-15T12:00:00Z,25.5,132.1,40.05799
EQ-iscgem771137__TC-TY7220,EQ-TY,1972-09-15T15:00:00Z,26.3923,132.279,39.113731
EQ-iscgem771137__TC-TY7220,EQ-TY,1972-09-15T18:00:00Z,27.3,132.5,37.673179
EQ-iscgem771137__TC-TY7220,EQ-TY,1972-09-15T21:00:00Z,28.2396,132.82,37.673179
EQ-iscgem771137__TC-TY7220,EQ-TY,1972-09-16T00:00:00Z,29.3,133.3,37.673179
EQ-iscgem771137__TC-TY7220,EQ-TY,1972-09-16T03:00:00Z,30.5625,133.975,37.673179
EQ-iscgem771137__TC-TY7220,EQ-TY,1972-09-16T06:00:00Z,31.9,134.8,37.673179
EQ-iscgem771137__TC-TY7220,EQ-TY,1972-09-16T09:00:00Z,33.136,135.744,37.673179
EQ-iscgem771137__TC-TY7220,EQ-TY,1972-09-16T12:00:00Z,34.4,136.6,37.673179
EQ-iscgem771137__TC-TY7220,EQ-TY,1972-09-16T15:00:00Z,35.8285,137.099,32.630386
EQ-iscgem771137__TC-TY7220,EQ-TY,1972-09-16T18:00:00Z,37.2,137.5,27.112007
EQ-iscgem771137__TC-TY7220,EQ-TY,1972-09-16T21:00:00Z,38.2801,138.094,26.526496
EQ-iscgem771137__TC-TY7220,EQ-TY,1972-09-17T00:00:00Z,39.3,138.7,25.933752
EQ-iscgem771137__TC-TY7220,EQ-TY,1972-09-17T03:00:00Z,40.5526,139.287,26.526496
EQ-iscgem771137__TC-TY7220,EQ-TY,1972-09-17T06:00:00Z,41.7,139.7,27.112007
EQ-iscgem771137__TC-TY7220,EQ-TY,1972-09-17T09:00:00Z,42.5644,139.808,27.690609
EQ-iscgem771137__TC-TY7220,EQ-TY,1972-09-17T12:00:00Z,43.1,139.7,28.262604
EQ-iscgem771137__TC-TY7220,EQ-TY,1972-09-17T15:00:00Z,43.305,139.537,28.262604
EQ-iscgem771137__TC-TY7220,EQ-TY,1972-09-17T18:00:00Z,43.3,139.3,28.262604
EQ-iscgem771137__TC-TY7220,EQ-TY,1972-09-17T21:00:00Z,43.3225,139.057,27.690609
EQ-iscgem771137__TC-TY7220,EQ-TY,1972-09-18T00:00:00Z,43.3,138.8,27.112007
EQ-iscgem771137__TC-TY7220,EQ-TY,1972-09-18T03:00:00Z,43.265,138.535,27.112007
EQ-iscgem771137__TC-TY7220,EQ-TY,1972-09-18T06:00:00Z,43.2,138.3,27.112007
EQ-iscgem771137__TC-TY7220,EQ-TY,1972-09-18T09:00:00Z,43.1075,138.112,27.112007
EQ-iscgem771137__TC-TY7220,EQ-TY,1972-09-18T12:00:00Z,43.0,138.0,27.112007
EQ-iscgem771137__TC-TY7220,EQ-TY,1972-09-18T15:00:00Z,42.9075,137.978,25.933752
EQ-iscgem771137__TC-TY7220,EQ-TY,1972-09-18T18:00:00Z,42.8,138.0,24.725121
EQ-iscgem771137__TC-TY7220,EQ-TY,1972-09-18T21:00:00Z,42.6499,137.962,22.848006
EQ-iscgem771137__TC-TY7220,EQ-TY,1972-09-19T00:00:00Z,42.5,138.0,20.881366
EQ-iscgem771137__TC-TY7220,EQ-TY,1972-09-19T03:00:00Z,42.385,138.198,20.881366
EQ-iscgem771137__TC-TY7220,EQ-TY,1972-09-19T06:00:00Z,42.3,138.5,20.881366
EQ-iscgem771137__TC-TY7220,EQ-TY,1972-09-19T09:00:00Z,42.2499,138.827,18.086263
EQ-iscgem771137__TC-TY7220,EQ-TY,1972-09-19T12:00:00Z,42.2,139.2,15.027554
EQ-iscgem771137__TC-TY7220,EQ-TY,1972-09-19T15:00:00Z,42.0773,139.578,15.027554
EQ-iscgem771137__TC-TY7220,EQ-TY,1972-09-19T18:00:00Z,42.0,140.0,15.027554
EQ-iscgem771137__TC-TY7220,EQ-TY,1972-09-19T21:00:00Z,42.0625,140.485,14.208639
EQ-iscgem771137__TC-TY7220,EQ-TY,1972-09-20T00:00:00Z,42.2,141.0,13.362742
EQ-iscgem771137__TC-TY7220,EQ-TY,1972-09-20T03:00:00Z,42.3417,141.463,12.486127
EQ-iscgem771137__TC-TY7220,EQ-TY,1972-09-20T06:00:00Z,42.5,142.0,11.574055
EQ-iscgem771137__TC-TY7220,EQ-TY,1972-09-20T09:00:00Z,42.6277,142.713,9.616676
EQ-iscgem771137__TC-TY7220,EQ-TY,1972-09-20T12:00:00Z,42.8,143.5,7.406657
EQ-iscgem771137__TC-TY7220,EQ-TY,1972-09-20T15:00:00Z,43.0762,144.213,6.154059
EQ-iscgem771137__TC-TY7220,EQ-TY,1972-09-20T18:00:00Z,43.4,145.0,4.739788
EQ-iscgem771137__TC-TY7220,EQ-TY,1972-09-20T21:00:00Z,43.71,145.948,
EQ-iscgem771137__TC-TY7220,EQ-TY,1972-09-21T00:00:00Z,44.0,147.0,
EQ-iscgem770755__TC-TY7213,TY-EQ,1972-07-28T00:00:00Z,7.0,162.4,9.616676
EQ-iscgem770755__TC-TY7213,TY-EQ,1972-07-28T03:00:00Z,6.71,162.365,9.616676
EQ-iscgem770755__TC-TY7213,TY-EQ,1972-07-28T06:00:00Z,6.5,162.3,9.616676
EQ-iscgem770755__TC-TY7213,TY-EQ,1972-07-28T09:00:00Z,6.40749,162.18,9.616676
EQ-iscgem770755__TC-TY7213,TY-EQ,1972-07-28T12:00:00Z,6.3,162.0,9.616676
EQ-iscgem770755__TC-TY7213,TY-EQ,1972-07-28T15:00:00Z,6.00001,161.765,9.616676
EQ-iscgem770755__TC-TY7213,TY-EQ,1972-07-28T18:00:00Z,5.7,161.5,9.616676
EQ-iscgem770755__TC-TY7213,TY-EQ,1972-07-28T21:00:00Z,5.50247,161.265,9.616676
EQ-iscgem770755__TC-TY7213,TY-EQ,1972-07-29T00:00:00Z,5.5,161.0,9.616676
EQ-iscgem770755__TC-TY7213,TY-EQ,1972-07-29T03:00:00Z,5.80507,160.598,10.620347
EQ-iscgem770755__TC-TY7213,TY-EQ,1972-07-29T06:00:00Z,6.2,160.3,11.574055
EQ-iscgem770755__TC-TY7213,TY-EQ,1972-07-29T09:00:00Z,6.43746,160.325,11.574055
EQ-iscgem770755__TC-TY7213,TY-EQ,1972-07-29T12:00:00Z,6.6,160.5,11.574055
EQ-iscgem770755__TC-TY7213,TY-EQ,1972-07-29T15:00:00Z,6.69251,160.65,11.574055
EQ-iscgem770755__TC-TY7213,TY-EQ,1972-07-29T18:00:00Z,6.8,160.8,11.574055
EQ-iscgem770755__TC-TY7213,TY-EQ,1972-07-29T21:00:00Z,7.035,160.922,11.574055
EQ-iscgem770755__TC-TY7213,TY-EQ,1972-07-30T00:00:00Z,7.3,161.0,11.574055
EQ-iscgem770755__TC-TY7213,TY-EQ,1972-07-30T03:00:00Z,7.46249,161.037,12.486127
EQ-iscgem770755__TC-TY7213,TY-EQ,1972-07-30T06:00:00Z,7.7,161.0,13.362742
EQ-iscgem770755__TC-TY7213,TY-EQ,1972-07-30T09:00:00Z,8.15501,160.88,13.362742
EQ-iscgem770755__TC-TY7213,TY-EQ,1972-07-30T12:00:00Z,8.7,160.7,13.362742
EQ-iscgem770755__TC-TY7213,TY-EQ,1972-07-30T15:00:00Z,9.17752,160.5,13.362742
EQ-iscgem770755__TC-TY7213,TY-EQ,1972-07-30T18:00:00Z,9.7,160.3,13.362742
EQ-iscgem770755__TC-TY7213,TY-EQ,1972-07-30T21:00:00Z,10.35,160.142,13.362742
EQ-iscgem770755__TC-TY7213,TY-EQ,1972-07-31T00:00:00Z,11.0,160.0,13.362742
EQ-iscgem770755__TC-TY7213,TY-EQ,1972-07-31T03:00:00Z,11.5225,159.835,14.208639
EQ-iscgem770755__TC-TY7213,TY-EQ,1972-07-31T06:00:00Z,12.0,159.7,15.027554
EQ-iscgem770755__TC-TY7213,TY-EQ,1972-07-31T09:00:00Z,12.5,159.642,15.027554
EQ-iscgem770755__TC-TY7213,TY-EQ,1972-07-31T12:00:00Z,13.0,159.6,15.027554
EQ-iscgem770755__TC-TY7213,TY-EQ,1972-07-31T15:00:00Z,13.5,159.522,15.027554
EQ-iscgem770755__TC-TY7213,TY-EQ,1972-07-31T18:00:00Z,14.0,159.4,15.027554
EQ-iscgem770755__TC-TY7213,TY-EQ,1972-07-31T21:00:00Z,14.515,159.23,15.8225
EQ-iscgem770755__TC-TY7213,TY-EQ,1972-08-01T00:00:00Z,15.0,159.0,16.595947
EQ-iscgem770755__TC-TY7213,TY-EQ,1972-08-01T03:00:00Z,15.4376,158.7,18.806357
EQ-iscgem770755__TC-TY7213,TY-EQ,1972-08-01T06:00:00Z,15.8,158.4,20.881366
EQ-iscgem770755__TC-TY7213,TY-EQ,1972-08-01T09:00:00Z,16.0724,158.185,22.848006
EQ-iscgem770755__TC-TY7213,TY-EQ,1972-08-01T12:00:00Z,16.3,158.0,24.108431
EQ-iscgem770755__TC-TY7213,TY-EQ,1972-08-01T15:00:00Z,16.55,157.8,24.108431
EQ-iscgem770755__TC-TY7213,TY-EQ,1972-08-01T18:00:00Z,16.8,157.6,24.108431
EQ-iscgem770755__TC-TY7213,TY-EQ,1972-08-01T21:00:00Z,17.0274,157.415,25.933752
EQ-iscgem770755__TC-TY7213,TY-EQ,1972-08-02T00:00:00Z,17.3,157.2,27.112007
EQ-iscgem770755__TC-TY7213,TY-EQ,1972-08-02T03:00:00Z,17.6926,156.893,27.112007
EQ-iscgem770755__TC-TY7213,TY-EQ,1972-08-02T06:00:00Z,18.1,156.6,27.112007
EQ-iscgem770755__TC-TY7213,TY-EQ,1972-08-02T09:00:00Z,18.3999,156.435,28.828269
EQ-iscgem770755__TC-TY7213,TY-EQ,1972-08-02T12:00:00Z,18.7,156.3,29.941627
EQ-iscgem770755__TC-TY7213,TY-EQ,1972-08-02T15:00:00Z,19.085,156.107,31.570119
EQ-iscgem770755__TC-TY7213,TY-EQ,1972-08-02T18:00:00Z,19.5,155.9,32.630386
EQ-iscgem770755__TC-TY7213,TY-EQ,1972-08-02T21:00:00Z,19.9,155.7,32.630386
EQ-iscgem770755__TC-TY7213,TY-EQ,1972-08-03T00:00:00Z,20.3,155.5,32.630386
EQ-iscgem770755__TC-TY7213,TY-EQ,1972-08-03T03:00:00Z,20.7073,155.33,34.186077
EQ-iscgem770755__TC-TY7213,TY-EQ,1972-08-03T06:00:00Z,21.1,155.1,35.201765
EQ-iscgem770755__TC-TY7213,TY-EQ,1972-08-03T09:00:00Z,21.4425,154.737,35.201765
EQ-iscgem770755__TC-TY7213,TY-EQ,1972-08-03T12:00:00Z,21.8,154.3,35.201765
EQ-iscgem770755__TC-TY7213,TY-EQ,1972-08-03T15:00:00Z,22.2349,153.857,35.201765
EQ-iscgem770755__TC-TY7213,TY-EQ,1972-08-03T18:00:00Z,22.7,153.4,35.201765
EQ-iscgem770755__TC-TY7213,TY-EQ,1972-08-03T21:00:00Z,23.1422,152.964,35.201765
EQ-iscgem770755__TC-TY7213,TY-EQ,1972-08-04T00:00:00Z,23.6,152.5,35.201765
EQ-iscgem770755__TC-TY7213,TY-EQ,1972-08-04T03:00:00Z,24.115,151.965,35.201765
EQ-iscgem770755__TC-TY7213,TY-EQ,1972-08-04T06:00:00Z,24.6,151.4,35.201765
EQ-iscgem770755__TC-TY7213,TY-EQ,1972-08-04T09:00:00Z,24.965,150.827,35.201765
EQ-iscgem770755__TC-TY7213,TY-EQ,1972-08-04T12:00:00Z,25.3,150.3,35.201765
EQ-iscgem770755__TC-TY7213,TY-EQ,1972-08-04T15:00:00Z,25.6923,149.862,34.186077
EQ-iscgem770755__TC-TY7213,TY-EQ,1972-08-04T18:00:00Z,26.1,149.5,32.630386
EQ-iscgem770755__TC-TY7213,TY-EQ,1972-08-04T21:00:00Z,26.4992,149.251,32.630386
EQ-iscgem770755__TC-TY7213,TY-EQ,1972-08-05T00:00:00Z,26.9,148.9,32.630386
EQ-iscgem770755__TC-TY7213,TY-EQ,1972-08-05T03:00:00Z,27.316,148.181,32.630386
EQ-iscgem770755__TC-TY7213,TY-EQ,1972-08-05T06:00:00Z,27.7,147.4,32.630386
EQ-iscgem770755__TC-TY7213,TY-EQ,1972-08-05T09:00:00Z,28.0143,146.862,32.630386
EQ-iscgem770755__TC-TY7213,TY-EQ,1972-08-05T12:00:00Z,28.3,146.4,32.630386
EQ-iscgem770755__TC-TY7213,TY-EQ,1972-08-05T15:00:00Z,28.5546,145.914,32.630386
EQ-iscgem770755__TC-TY7213,TY-EQ,1972-08-05T18:00:00Z,28.9,145.4,32.630386
EQ-iscgem770755__TC-TY7213,TY-EQ,1972-08-05T21:00:00Z,29.4924,144.816,31.570119
EQ-iscgem770755__TC-TY7213,TY-EQ,1972-08-06T00:00:00Z,30.1,144.2,29.941627
EQ-iscgem770755__TC-TY7213,TY-EQ,1972-08-06T03:00:00Z,30.4573,143.591,29.941627
EQ-iscgem770755__TC-TY7213,TY-EQ,1972-08-06T06:00:00Z,30.8,143.0,29.941627
EQ-iscgem770755__TC-TY7213,TY-EQ,1972-08-06T09:00:00Z,31.3122,142.442,29.941627
EQ-iscgem770755__TC-TY7213,TY-EQ,1972-08-06T12:00:00Z,31.9,141.9,29.941627
EQ-iscgem770755__TC-TY7213,TY-EQ,1972-08-06T15:00:00Z,32.5229,141.269,28.828269
EQ-iscgem770755__TC-TY7213,TY-EQ,1972-08-06T18:00:00Z,33.1,140.8,27.112007
EQ-iscgem770755__TC-TY7213,TY-EQ,1972-08-06T21:00:00Z,33.4696,140.694,27.112007
EQ-iscgem770755__TC-TY7213,TY-EQ,1972-08-07T00:00:00Z,33.9,140.8,27.112007
EQ-iscgem770755__TC-TY7213,TY-EQ,1972-08-07T03:00:00Z,34.6323,140.884,25.933752
EQ-iscgem770755__TC-TY7213,TY-EQ,1972-08-07T06:00:00Z,35.5,141.1,24.108431
EQ-iscgem770755__TC-TY7213,TY-EQ,1972-08-07T09:00:00Z,36.3498,141.475,22.848006
EQ-iscgem770755__TC-TY7213,TY-EQ,1972-08-07T12:00:00Z,37.2,142.0,20.881366
EQ-iscgem770755__TC-TY7213,TY-EQ,1972-08-07T15:00:00Z,37.9903,142.52,20.881366
EQ-iscgem770755__TC-TY7213,TY-EQ,1972-08-07T18:00:00Z,38.8,143.3,20.881366
EQ-iscgem770755__TC-TY7213,TY-EQ,1972-08-07T21:00:00Z,39.7479,144.584,20.881366
EQ-iscgem770755__TC-TY7213,TY-EQ,1972-08-08T00:00:00Z,40.6,146.0,20.881366
EQ-iscgem770755__TC-TY7213,TY-EQ,1972-08-08T03:00:00Z,41.1881,147.122,19.511519
EQ-iscgem770755__TC-TY7213,TY-EQ,1972-08-08T06:00:00Z,41.6,148.1,18.086263
EQ-iscgem770755__TC-TY7213,TY-EQ,1972-08-08T09:00:00Z,41.9358,149.01,17.349955
EQ-iscgem770755__TC-TY7213,TY-EQ,1972-08-08T12:00:00Z,42.2,149.9,16.595947
EQ-iscgem770755__TC-TY7213,TY-EQ,1972-08-08T15:00:00Z,42.4718,150.878,16.595947
EQ-iscgem770755__TC-TY7213,TY-EQ,1972-08-08T18:00:00Z,42.7,151.9,16.595947
EQ-iscgem770755__TC-TY7213,TY-EQ,1972-08-08T21:00:00Z,42.8563,152.929,16.595947
EQ-iscgem770755__TC-TY7213,TY-EQ,1972-08-09T00:00:00Z,43.0,154.0,16.595947
EQ-iscgem770755__TC-TY7213,TY-EQ,1972-08-09T03:00:00Z,43.1991,155.127,15.8225
EQ-iscgem770755__TC-TY7213,TY-EQ,1972-08-09T06:00:00Z,43.4,156.3,15.027554
EQ-iscgem770755__TC-TY7213,TY-EQ,1972-08-09T09:00:00Z,43.571,157.478,15.027554
EQ-iscgem770755__TC-TY7213,TY-EQ,1972-08-09T12:00:00Z,43.7,158.7,15.027554
EQ-iscgem770755__TC-TY7213,TY-EQ,1972-08-09T15:00:00Z,43.9777,159.886,13.362742
EQ-iscgem770755__TC-TY7213,TY-EQ,1972-08-09T18:00:00Z,43.8,161.3,11.574055
EQ-iscgem770755__TC-TY7213,TY-EQ,1972-08-09T21:00:00Z,42.4958,163.224,12.486127
EQ-iscgem770755__TC-TY7213,TY-EQ,1972-08-10T00:00:00Z,41.0,165.0,13.362742
EQ-iscgem770755__TC-TY7213,TY-EQ,1972-08-10T03:00:00Z,40.3118,166.19,13.362742
EQ-iscgem770755__TC-TY7213,TY-EQ,1972-08-10T06:00:00Z,39.9,167.0,13.362742
EQ-iscgem770755__TC-TY7213,TY-EQ,1972-08-10T09:00:00Z,39.3073,167.499,13.362742
EQ-iscgem770755__TC-TY7213,TY-EQ,1972-08-10T12:00:00Z,38.9,168.0,13.362742
EQ-iscgem770755__TC-TY7213,TY-EQ,1972-08-10T15:00:00Z,38.8757,168.922,13.362742
EQ-iscgem770755__TC-TY7213,TY-EQ,1972-08-10T18:00:00Z,39.0,170.0,13.362742
EQ-iscgem770755__TC-TY7213,TY-EQ,1972-08-10T21:00:00Z,38.9332,171.077,13.362742
EQ-iscgem770755__TC-TY7213,TY-EQ,1972-08-11T00:00:00Z,39.0,172.0,13.362742
EQ-iscgem770755__TC-TY7213,TY-EQ,1972-08-11T03:00:00Z,39.4235,172.575,13.362742
EQ-iscgem770755__TC-TY7213,TY-EQ,1972-08-11T06:00:00Z,40.0,173.0,13.362742
EQ-iscgem770755__TC-TY7213,TY-EQ,1972-08-11T09:00:00Z,40.4998,173.501,13.362742
EQ-iscgem770755__TC-TY7213,TY-EQ,1972-08-11T12:00:00Z,41.0,174.0,13.362742
EQ-iscgem770755__TC-TY7213,TY-EQ,1972-08-11T15:00:00Z,41.4998,174.501,13.362742
EQ-iscgem770755__TC-TY7213,TY-EQ,1972-08-11T18:00:00Z,42.0,175.0,13.362742
EQ-iscgem770755__TC-TY7213,TY-EQ,1972-08-11T21:00:00Z,42.4998,175.501,15.027554
EQ-iscgem770755__TC-TY7213,TY-EQ,1972-08-12T00:00:00Z,43.0,176.0,16.595947
EQ-iscgem770755__TC-TY7213,TY-EQ,1972-08-12T03:00:00Z,43.5004,176.498,15.8225
EQ-iscgem770755__TC-TY7213,TY-EQ,1972-08-12T06:00:00Z,44.0,177.0,15.027554
EQ-iscgem779488__TC-TY7135,EQ-TY,1971-11-07T00:00:00Z,6.1,140.9,
EQ-iscgem779488__TC-TY7135,EQ-TY,1971-11-07T03:00:00Z,6.27978,141.158,
EQ-iscgem779488__TC-TY7135,EQ-TY,1971-11-07T06:00:00Z,6.4476,141.412,
EQ-iscgem779488__TC-TY7135,EQ-TY,1971-11-07T09:00:00Z,6.59162,141.661,
EQ-iscgem779488__TC-TY7135,EQ-TY,1971-11-07T12:00:00Z,6.5,143.3,9.616676
EQ-iscgem779488__TC-TY7135,EQ-TY,1971-11-07T15:00:00Z,6.59252,143.138,10.620347
EQ-iscgem779488__TC-TY7135,EQ-TY,1971-11-07T18:00:00Z,6.7,143.0,11.574055
EQ-iscgem779488__TC-TY7135,EQ-TY,1971-11-07T21:00:00Z,6.83499,142.9,12.486127
EQ-iscgem779488__TC-TY7135,EQ-TY,1971-11-08T00:00:00Z,7.0,142.8,13.362742
EQ-iscgem779488__TC-TY7135,EQ-TY,1971-11-08T03:00:00Z,7.20751,142.65,16.595947
EQ-iscgem779488__TC-TY7135,EQ-TY,1971-11-08T06:00:00Z,7.4,142.5,19.511519
EQ-iscgem779488__TC-TY7135,EQ-TY,1971-11-08T09:00:00Z,7.50749,142.4,18.806357
EQ-iscgem779488__TC-TY7135,EQ-TY,1971-11-08T12:00:00Z,7.6,142.3,18.086263
EQ-iscgem779488__TC-TY7135,EQ-TY,1971-11-08T15:00:00Z,7.74248,142.172,18.086263
EQ-iscgem779488__TC-TY7135,EQ-TY,1971-11-08T18:00:00Z,7.9,142.0,18.086263
EQ-iscgem779488__TC-TY7135,EQ-TY,1971-11-08T21:00:00Z,8.10253,141.75,18.086263
EQ-iscgem779488__TC-TY7135,EQ-TY,1971-11-09T00:00:00Z,8.2,141.5,18.086263
EQ-iscgem779488__TC-TY7135,EQ-TY,1971-11-09T03:00:00Z,7.96249,141.305,21.547893
EQ-iscgem779488__TC-TY7135,EQ-TY,1971-11-09T06:00:00Z,7.8,141.2,24.108431
EQ-iscgem779488__TC-TY7135,EQ-TY,1971-11-09T09:00:00Z,8.10247,141.28,25.933752
EQ-iscgem779488__TC-TY7135,EQ-TY,1971-11-09T12:00:00Z,8.6,141.3,27.112007
EQ-iscgem779488__TC-TY7135,EQ-TY,1971-11-09T15:00:00Z,9.06512,140.988,25.933752
EQ-iscgem779488__TC-TY7135,EQ-TY,1971-11-09T18:00:00Z,9.5,140.6,24.108431
EQ-iscgem779488__TC-TY7135,EQ-TY,1971-11-09T21:00:00Z,9.78487,140.407,24.108431
EQ-iscgem779488__TC-TY7135,EQ-TY,1971-11-10T00:00:00Z,10.1,140.2,24.108431
EQ-iscgem779488__TC-TY7135,EQ-TY,1971-11-10T03:00:00Z,10.605,139.852,24.108431
EQ-iscgem779488__TC-TY7135,EQ-TY,1971-11-10T06:00:00Z,11.2,139.4,24.108431
EQ-iscgem779488__TC-TY7135,EQ-TY,1971-11-10T09:00:00Z,11.8223,138.902,25.933752
EQ-iscgem779488__TC-TY7135,EQ-TY,1971-11-10T12:00:00Z,12.4,138.3,27.112007
EQ-iscgem779488__TC-TY7135,EQ-TY,1971-11-10T15:00:00Z,12.8452,137.557,28.828269
EQ-iscgem779488__TC-TY7135,EQ-TY,1971-11-10T18:00:00Z,13.2,136.8,29.941627
EQ-iscgem779488__TC-TY7135,EQ-TY,1971-11-10T21:00:00Z,13.5221,136.185,32.630386
EQ-iscgem779488__TC-TY7135,EQ-TY,1971-11-11T00:00:00Z,13.8,135.6,35.201765
EQ-iscgem779488__TC-TY7135,EQ-TY,1971-11-11T03:00:00Z,14.0498,134.965,40.05799
EQ-iscgem779488__TC-TY7135,EQ-TY,1971-11-11T06:00:00Z,14.3,134.3,44.6079
EQ-iscgem779488__TC-TY7135,EQ-TY,1971-11-11T09:00:00Z,14.5625,133.592,52.213388
EQ-iscgem779488__TC-TY7135,EQ-TY,1971-11-11T12:00:00Z,14.9,132.9,58.870209
EQ-iscgem779488__TC-TY7135,EQ-TY,1971-11-11T15:00:00Z,15.377,132.307,63.691005
EQ-iscgem779488__TC-TY7135,EQ-TY,1971-11-11T18:00:00Z,15.9,131.7,67.968178
EQ-iscgem779488__TC-TY7135,EQ-TY,1971-11-11T21:00:00Z,16.3352,130.95,67.265825
EQ-iscgem779488__TC-TY7135,EQ-TY,1971-11-12T00:00:00Z,16.8,130.2,66.204621
EQ-iscgem779488__TC-TY7135,EQ-TY,1971-11-12T03:00:00Z,17.4299,129.533,65.491901
EQ-iscgem779488__TC-TY7135,EQ-TY,1971-11-12T06:00:00Z,18.0,129.0,64.4147
EQ-iscgem779488__TC-TY7135,EQ-TY,1971-11-12T09:00:00Z,18.2796,128.662,62.596849
EQ-iscgem779488__TC-TY7135,EQ-TY,1971-11-12T12:00:00Z,18.5,128.4,60.74933
EQ-iscgem779488__TC-TY7135,EQ-TY,1971-11-12T15:00:00Z,18.8851,128.02,58.870209
EQ-iscgem779488__TC-TY7135,EQ-TY,1971-11-12T18:00:00Z,19.3,127.7,56.957325
EQ-iscgem779488__TC-TY7135,EQ-TY,1971-11-12T21:00:00Z,19.6423,127.577,55.008241
EQ-iscgem779488__TC-TY7135,EQ-TY,1971-11-13T00:00:00Z,20.0,127.5,53.020201
EQ-iscgem779488__TC-TY7135,EQ-TY,1971-11-13T03:00:00Z,20.4426,127.293,52.213388
EQ-iscgem779488__TC-TY7135,EQ-TY,1971-11-13T06:00:00Z,20.9,127.1,50.990061
EQ-iscgem779488__TC-TY7135,EQ-TY,1971-11-13T09:00:00Z,21.3149,127.035,48.914209
EQ-iscgem779488__TC-TY7135,EQ-TY,1971-11-13T12:00:00Z,21.7,127.0,46.788457
EQ-iscgem779488__TC-TY7135,EQ-TY,1971-11-13T15:00:00Z,22.0425,126.87,45.923113
EQ-iscgem779488__TC-TY7135,EQ-TY,1971-11-13T18:00:00Z,22.4,126.8,44.6079
EQ-iscgem779488__TC-TY7135,EQ-TY,1971-11-13T21:00:00Z,22.8275,126.905,43.719068
EQ-iscgem779488__TC-TY7135,EQ-TY,1971-11-14T00:00:00Z,23.3,127.1,42.366734
EQ-iscgem779488__TC-TY7135,EQ-TY,1971-11-14T03:00:00Z,23.7772,127.248,41.451782
EQ-iscgem779488__TC-TY7135,EQ-TY,1971-11-14T06:00:00Z,24.3,127.5,40.05799
EQ-iscgem779488__TC-TY7135,EQ-TY,1971-11-14T09:00:00Z,24.9076,127.947,39.113731
EQ-iscgem779488__TC-TY7135,EQ-TY,1971-11-14T12:00:00Z,25.5,128.5,37.673179
EQ-iscgem779488__TC-TY7135,EQ-TY,1971-11-14T15:00:00Z,25.9562,128.969,37.673179
EQ-iscgem779488__TC-TY7135,EQ-TY,1971-11-14T18:00:00Z,26.4,129.6,37.673179
EQ-iscgem779488__TC-TY7135,EQ-TY,1971-11-14T21:00:00Z,26.8892,130.518,36.69568
EQ-iscgem779488__TC-TY7135,EQ-TY,1971-11-15T00:00:00Z,27.5,131.7,35.201765
EQ-iscgem779488__TC-TY7135,EQ-TY,1971-11-15T03:00:00Z,28.327,133.067,35.201765
EQ-iscgem779488__TC-TY7135,EQ-TY,1971-11-15T06:00:00Z,29.2,134.6,35.201765
EQ-iscgem779488__TC-TY7135,EQ-TY,1971-11-15T09:00:00Z,29.9724,136.141,34.186077
EQ-iscgem779488__TC-TY7135,EQ-TY,1971-11-15T12:00:00Z,30.6,137.8,32.630386
EQ-iscgem779488__TC-TY7135,EQ-TY,1971-11-15T15:00:00Z,31.0228,139.593,31.570119
EQ-iscgem779488__TC-TY7135,EQ-TY,1971-11-15T18:00:00Z,31.3,141.5,29.941627
EQ-iscgem779488__TC-TY7135,EQ-TY,1971-11-15T21:00:00Z,31.5172,143.294,28.828269
EQ-iscgem779488__TC-TY7135,EQ-TY,1971-11-16T00:00:00Z,31.7,145.5,27.112007
EQ-iscgem779488__TC-TY7135,EQ-TY,1971-11-16T03:00:00Z,31.8911,148.659,24.725121
EQ-iscgem779488__TC-TY7135,EQ-TY,1971-11-16T06:00:00Z,32.0,152.0,22.203211
EQ-iscgem779488__TC-TY7135,EQ-TY,1971-11-16T09:00:00Z,32.0265,154.712,20.202862
EQ-iscgem779488__TC-TY7135,EQ-TY,1971-11-16T12:00:00Z,32.0,157.2,18.086263
EQ-iscgem779488__TC-TY7135,EQ-TY,1971-11-16T15:00:00Z,31.8756,159.659,15.8225
EQ-iscgem779488__TC-TY7135,EQ-TY,1971-11-16T18:00:00Z,31.8,162.2,13.362742
EQ-iscgem779488__TC-TY7135,EQ-TY,1971-11-16T21:00:00Z,31.8758,164.948,13.362742
EQ-iscgem779488__TC-TY7135,EQ-TY,1971-11-17T00:00:00Z,32.0,168.0,13.362742
EQ-iscgem779488__TC-TY7135,EQ-TY,1971-11-17T03:00:00Z,31.9436,171.495,12.486127
EQ-iscgem779488__TC-TY7135,EQ-TY,1971-11-17T06:00:00Z,32.0,175.0,11.574055
EQ-iscgem779488__TC-TY7135,EQ-TY,1971-11-17T09:00:00Z,32.4003,178.114,10.620347
EQ-iscgem779488__TC-TY7135,EQ-TY,1971-11-17T12:00:00Z,33.0,181.0,9.616676
EQ-iscgem779222__TC-TY7113,TY-EQ,1971-07-04T00:00:00Z,23.0,136.0,9.616676
EQ-iscgem779222__TC-TY7113,TY-EQ,1971-07-04T03:00:00Z,22.7799,135.735,9.616676
EQ-iscgem779222__TC-TY7113,TY-EQ,1971-07-04T06:00:00Z,22.5,135.4,9.616676
EQ-iscgem779222__TC-TY7113,TY-EQ,1971-07-04T09:00:00Z,22.1352,134.982,9.616676
EQ-iscgem779222__TC-TY7113,TY-EQ,1971-07-04T12:00:00Z,21.8,134.7,9.616676
EQ-iscgem779222__TC-TY7113,TY-EQ,1971-07-04T15:00:00Z,21.5824,134.775,10.620347
EQ-iscgem779222__TC-TY7113,TY-EQ,1971-07-04T18:00:00Z,21.5,135.0,11.574055
EQ-iscgem779222__TC-TY7113,TY-EQ,1971-07-04T21:00:00Z,21.51,135.21,12.486127
EQ-iscgem779222__TC-TY7113,TY-EQ,1971-07-05T00:00:00Z,21.7,135.3,13.362742
EQ-iscgem779222__TC-TY7113,TY-EQ,1971-07-05T03:00:00Z,22.0752,135.095,13.362742
EQ-iscgem779222__TC-TY7113,TY-EQ,1971-07-05T06:00:00Z,22.6,134.8,13.362742
EQ-iscgem779222__TC-TY7113,TY-EQ,1971-07-05T09:00:00Z,23.0875,134.634,13.362742
EQ-iscgem779222__TC-TY7113,TY-EQ,1971-07-05T12:00:00Z,23.8,134.5,13.362742
EQ-iscgem779222__TC-TY7113,TY-EQ,1971-07-05T15:00:00Z,24.9326,134.343,15.8225
EQ-iscgem779222__TC-TY7113,TY-EQ,1971-07-05T18:00:00Z,26.2,134.2,18.086263
EQ-iscgem779222__TC-TY7113,TY-EQ,1971-07-05T21:00:00Z,27.3544,134.166,18.086263
EQ-iscgem779222__TC-TY7113,TY-EQ,1971-07-06T00:00:00Z,28.3,134.0,18.086263
EQ-iscgem779222__TC-TY7113,TY-EQ,1971-07-06T03:00:00Z,28.9212,133.386,18.806357
EQ-iscgem779222__TC-TY7113,TY-EQ,1971-07-06T06:00:00Z,29.3,132.8,19.511519
EQ-iscgem779222__TC-TY7113,TY-EQ,1971-07-06T09:00:00Z,29.572,132.679,20.202862
EQ-iscgem779222__TC-TY7113,TY-EQ,1971-07-06T12:00:00Z,29.8,132.8,20.881366
EQ-iscgem779222__TC-TY7113,TY-EQ,1971-07-06T15:00:00Z,30.0445,132.905,20.881366
EQ-iscgem779222__TC-TY7113,TY-EQ,1971-07-06T18:00:00Z,30.5,133.2,20.881366
EQ-iscgem779222__TC-TY7113,TY-EQ,1971-07-06T21:00:00Z,31.4124,133.743,20.881366
EQ-iscgem779222__TC-TY7113,TY-EQ,1971-07-07T00:00:00Z,32.4,134.5,20.881366
EQ-iscgem779222__TC-TY7113,TY-EQ,1971-07-07T03:00:00Z,33.0452,135.372,20.881366
EQ-iscgem779222__TC-TY7113,TY-EQ,1971-07-07T06:00:00Z,33.6,136.3,20.881366
EQ-iscgem779222__TC-TY7113,TY-EQ,1971-07-07T09:00:00Z,34.2555,137.107,20.202862
EQ-iscgem779222__TC-TY7113,TY-EQ,1971-07-07T12:00:00Z,34.9,138.0,19.511519
EQ-iscgem779222__TC-TY7113,TY-EQ,1971-07-07T15:00:00Z,35.4737,139.185,18.806357
EQ-iscgem779222__TC-TY7113,TY-EQ,1971-07-07T18:00:00Z,36.0,140.4,18.086263
EQ-iscgem779222__TC-TY7113,TY-EQ,1971-07-07T21:00:00Z,36.5191,141.33,17.349955
EQ-iscgem779222__TC-TY7113,TY-EQ,1971-07-08T00:00:00Z,37.0,142.3,16.595947
EQ-iscgem779222__TC-TY7113,TY-EQ,1971-07-08T03:00:00Z,37.4595,143.566,17.349955
EQ-iscgem779222__TC-TY7113,TY-EQ,1971-07-08T06:00:00Z,37.8,145.0,18.086263
EQ-iscgem779222__TC-TY7113,TY-EQ,1971-07-08T09:00:00Z,37.957,146.435,17.349955
EQ-iscgem779222__TC-TY7113,TY-EQ,1971-07-08T12:00:00Z,38.0,148.0,16.595947
EQ-iscgem779222__TC-TY7113,TY-EQ,1971-07-08T15:00:00Z,37.9917,149.758,16.595947
EQ-iscgem779222__TC-TY7113,TY-EQ,1971-07-08T18:00:00Z,38.0,151.6,16.595947
EQ-iscgem779222__TC-TY7113,TY-EQ,1971-07-08T21:00:00Z,38.1117,153.445,15.8225
EQ-iscgem779222__TC-TY7113,TY-EQ,1971-07-09T00:00:00Z,38.3,155.2,15.027554
EQ-iscgem779222__TC-TY7113,TY-EQ,1971-07-09T03:00:00Z,38.5594,156.699,15.027554
EQ-iscgem779222__TC-TY7113,TY-EQ,1971-07-09T06:00:00Z,38.8,158.2,15.027554
EQ-iscgem779222__TC-TY7113,TY-EQ,1971-07-09T09:00:00Z,38.8505,159.989,15.027554
EQ-iscgem779222__TC-TY7113,TY-EQ,1971-07-09T12:00:00Z,38.9,161.8,15.027554
EQ-iscgem779222__TC-TY7113,TY-EQ,1971-07-09T15:00:00Z,39.1105,163.467,15.027554
EQ-iscgem779222__TC-TY7113,TY-EQ,1971-07-09T18:00:00Z,39.4,165.0,15.027554
EQ-iscgem779222__TC-TY7113,TY-EQ,1971-07-09T21:00:00Z,39.6547,166.273,15.8225
EQ-iscgem779222__TC-TY7113,TY-EQ,1971-07-10T00:00:00Z,40.0,167.7,16.595947
EQ-iscgem779222__TC-TY7113,TY-EQ,1971-07-10T03:00:00Z,40.3476,169.792,15.8225
EQ-iscgem779222__TC-TY7113,TY-EQ,1971-07-10T06:00:00Z,41.0,172.0,15.027554
EQ-iscgem779222__TC-TY7113,TY-EQ,1971-07-10T09:00:00Z,42.248,173.863,15.027554
EQ-iscgem779222__TC-TY7113,TY-EQ,1971-07-10T12:00:00Z,43.7,175.6,15.027554
EQ-iscgem779222__TC-TY7113,TY-EQ,1971-07-10T15:00:00Z,44.9378,177.297,15.8225
EQ-iscgem779222__TC-TY7113,TY-EQ,1971-07-10T18:00:00Z,46.0,179.0,16.595947
EQ-iscgem780488__TC-TY7125,TY-EQ,1971-08-30T00:00:00Z,9.2,135.0,
EQ-iscgem780488__TC-TY7125,TY-EQ,1971-08-30T03:00:00Z,10.2274,134.502,
EQ-iscgem780488__TC-TY7125,TY-EQ,1971-08-30T06:00:00Z,11.2138,134.052,
EQ-iscgem780488__TC-TY7125,TY-EQ,1971-08-30T09:00:00Z,12.1181,133.7,
EQ-iscgem780488__TC-TY7125,TY-EQ,1971-08-30T12:00:00Z,12.9,133.5,
EQ-iscgem780488__TC-TY7125,TY-EQ,1971-08-30T15:00:00Z,13.5322,133.485,
EQ-iscgem780488__TC-TY7125,TY-EQ,1971-08-30T18:00:00Z,14.0368,133.618,
EQ-iscgem780488__TC-TY7125,TY-EQ,1971-08-30T21:00:00Z,14.4481,133.842,
EQ-iscgem780488__TC-TY7125,TY-EQ,1971-08-31T00:00:00Z,14.8,134.1,
EQ-iscgem780488__TC-TY7125,TY-EQ,1971-08-31T03:00:00Z,15.2031,134.299,
EQ-iscgem780488__TC-TY7125,TY-EQ,1971-08-31T06:00:00Z,15.5499,134.52,
EQ-iscgem780488__TC-TY7125,TY-EQ,1971-08-31T09:00:00Z,15.8218,134.755,
EQ-iscgem780488__TC-TY7125,TY-EQ,1971-08-31T12:00:00Z,16.0,135.0,
EQ-iscgem780488__TC-TY7125,TY-EQ,1971-08-31T15:00:00Z,15.9787,135.212,
EQ-iscgem780488__TC-TY7125,TY-EQ,1971-08-31T18:00:00Z,15.8819,135.435,
EQ-iscgem780488__TC-TY7125,TY-EQ,1971-08-31T21:00:00Z,15.8192,135.691,
EQ-iscgem780488__TC-TY7125,TY-EQ,1971-09-01T00:00:00Z,18.0,138.0,
EQ-iscgem780488__TC-TY7125,TY-EQ,1971-09-01T03:00:00Z,18.1076,138.172,3.033162
EQ-iscgem780488__TC-TY7125,TY-EQ,1971-09-01T06:00:00Z,18.2,138.3,4.739788
EQ-iscgem780488__TC-TY7125,TY-EQ,1971-09-01T09:00:00Z,18.265,138.358,4.739788
EQ-iscgem780488__TC-TY7125,TY-EQ,1971-09-01T12:00:00Z,18.3,138.4,4.739788
EQ-iscgem780488__TC-TY7125,TY-EQ,1971-09-01T15:00:00Z,18.2925,138.5,7.406657
EQ-iscgem780488__TC-TY7125,TY-EQ,1971-09-01T18:00:00Z,18.3,138.6,9.616676
EQ-iscgem780488__TC-TY7125,TY-EQ,1971-09-01T21:00:00Z,18.34,138.68,10.620347
EQ-iscgem780488__TC-TY7125,TY-EQ,1971-09-02T00:00:00Z,18.5,138.7,11.574055
EQ-iscgem780488__TC-TY7125,TY-EQ,1971-09-02T03:00:00Z,18.885,138.615,12.486127
EQ-iscgem780488__TC-TY7125,TY-EQ,1971-09-02T06:00:00Z,19.3,138.5,13.362742
EQ-iscgem780488__TC-TY7125,TY-EQ,1971-09-02T09:00:00Z,19.53,138.435,13.362742
EQ-iscgem780488__TC-TY7125,TY-EQ,1971-09-02T12:00:00Z,19.7,138.4,13.362742
EQ-iscgem780488__TC-TY7125,TY-EQ,1971-09-02T15:00:00Z,19.915,138.4,13.362742
EQ-iscgem780488__TC-TY7125,TY-EQ,1971-09-02T18:00:00Z,20.1,138.4,13.362742
EQ-iscgem780488__TC-TY7125,TY-EQ,1971-09-02T21:00:00Z,20.2075,138.35,13.362742
EQ-iscgem780488__TC-TY7125,TY-EQ,1971-09-03T00:00:00Z,20.3,138.3,13.362742
EQ-iscgem780488__TC-TY7125,TY-EQ,1971-09-03T03:00:00Z,20.435,138.315,15.027554
EQ-iscgem780488__TC-TY7125,TY-EQ,1971-09-03T06:00:00Z,20.6,138.3,16.595947
EQ-iscgem780488__TC-TY7125,TY-EQ,1971-09-03T09:00:00Z,20.8,138.188,17.349955
EQ-iscgem780488__TC-TY7125,TY-EQ,1971-09-03T12:00:00Z,21.0,138.0,18.086263
EQ-iscgem780488__TC-TY7125,TY-EQ,1971-09-03T15:00:00Z,21.1426,137.735,18.806357
EQ-iscgem780488__TC-TY7125,TY-EQ,1971-09-03T18:00:00Z,21.3,137.5,19.511519
EQ-iscgem780488__TC-TY7125,TY-EQ,1971-09-03T21:00:00Z,21.5349,137.427,19.511519
EQ-iscgem780488__TC-TY7125,TY-EQ,1971-09-04T00:00:00Z,21.8,137.4,19.511519
EQ-iscgem780488__TC-TY7125,TY-EQ,1971-09-04T03:00:00Z,22.0575,137.308,22.203211
EQ-iscgem780488__TC-TY7125,TY-EQ,1971-09-04T06:00:00Z,22.3,137.2,24.108431
EQ-iscgem780488__TC-TY7125,TY-EQ,1971-09-04T09:00:00Z,22.4775,137.115,27.112007
EQ-iscgem780488__TC-TY7125,TY-EQ,1971-09-04T12:00:00Z,22.7,137.0,29.941627
EQ-iscgem780488__TC-TY7125,TY-EQ,1971-09-04T15:00:00Z,23.0926,136.793,31.570119
EQ-iscgem780488__TC-TY7125,TY-EQ,1971-09-04T18:00:00Z,23.5,136.6,32.630386
EQ-iscgem780488__TC-TY7125,TY-EQ,1971-09-04T21:00:00Z,23.72,136.52,35.201765
EQ-iscgem780488__TC-TY7125,TY-EQ,1971-09-05T00:00:00Z,24.0,136.5,37.673179
EQ-iscgem780488__TC-TY7125,TY-EQ,1971-09-05T03:00:00Z,24.5775,136.492,39.113731
EQ-iscgem780488__TC-TY7125,TY-EQ,1971-09-05T06:00:00Z,25.2,136.5,40.05799
EQ-iscgem780488__TC-TY7125,TY-EQ,1971-09-05T09:00:00Z,25.615,136.515,39.113731
EQ-iscgem780488__TC-TY7125,TY-EQ,1971-09-05T12:00:00Z,26.0,136.5,37.673179
EQ-iscgem780488__TC-TY7125,TY-EQ,1971-09-05T15:00:00Z,26.5075,136.385,37.673179
EQ-iscgem780488__TC-TY7125,TY-EQ,1971-09-05T18:00:00Z,27.0,136.3,37.673179
EQ-iscgem780488__TC-TY7125,TY-EQ,1971-09-05T21:00:00Z,27.38,136.377,36.69568
EQ-iscgem780488__TC-TY7125,TY-EQ,1971-09-06T00:00:00Z,27.7,136.5,35.201765
EQ-iscgem780488__TC-TY7125,TY-EQ,1971-09-06T03:00:00Z,28.0074,136.535,35.201765
EQ-iscgem780488__TC-TY7125,TY-EQ,1971-09-06T06:00:00Z,28.3,136.6,35.201765
EQ-iscgem780488__TC-TY7125,TY-EQ,1971-09-06T09:00:00Z,28.5626,136.785,35.201765
EQ-iscgem780488__TC-TY7125,TY-EQ,1971-09-06T12:00:00Z,28.9,137.0,35.201765
EQ-iscgem780488__TC-TY7125,TY-EQ,1971-09-06T15:00:00Z,29.405,137.158,32.630386
EQ-iscgem780488__TC-TY7125,TY-EQ,1971-09-06T18:00:00Z,30.0,137.3,29.941627
EQ-iscgem780488__TC-TY7125,TY-EQ,1971-09-06T21:00:00Z,30.5847,137.406,28.828269
EQ-iscgem780488__TC-TY7125,TY-EQ,1971-09-07T00:00:00Z,31.2,137.6,27.112007
EQ-iscgem780488__TC-TY7125,TY-EQ,1971-09-07T03:00:00Z,31.8503,138.012,27.112007
EQ-iscgem780488__TC-TY7125,TY-EQ,1971-09-07T06:00:00Z,32.5,138.5,27.112007
EQ-iscgem780488__TC-TY7125,TY-EQ,1971-09-07T09:00:00Z,33.0535,138.822,27.112007
EQ-iscgem780488__TC-TY7125,TY-EQ,1971-09-07T12:00:00Z,33.7,139.3,27.112007
EQ-iscgem780488__TC-TY7125,TY-EQ,1971-09-07T15:00:00Z,34.598,140.187,28.828269
EQ-iscgem780488__TC-TY7125,TY-EQ,1971-09-07T18:00:00Z,35.6,141.3,29.941627
EQ-iscgem780488__TC-TY7125,TY-EQ,1971-09-07T21:00:00Z,36.5407,142.387,29.941627
EQ-iscgem780488__TC-TY7125,TY-EQ,1971-09-08T00:00:00Z,37.5,143.6,29.941627
EQ-iscgem780488__TC-TY7125,TY-EQ,1971-09-08T03:00:00Z,38.5056,144.963,29.941627
EQ-iscgem780488__TC-TY7125,TY-EQ,1971-09-08T06:00:00Z,39.5,146.5,29.941627
EQ-iscgem780488__TC-TY7125,TY-EQ,1971-09-08T09:00:00Z,40.4218,148.208,28.828269
EQ-iscgem780488__TC-TY7125,TY-EQ,1971-09-08T12:00:00Z,41.3,150.0,27.112007
EQ-iscgem780488__TC-TY7125,TY-EQ,1971-09-08T15:00:00Z,42.1438,151.684,27.112007
EQ-iscgem780488__TC-TY7125,TY-EQ,1971-09-08T18:00:00Z,43.0,153.5,27.112007
EQ-iscgem780488__TC-TY7125,TY-EQ,1971-09-08T21:00:00Z,43.8915,155.807,23.482894
EQ-iscgem780488__TC-TY7125,TY-EQ,1971-09-09T00:00:00Z,44.8,158.0,19.511519
EQ-iscgem780488__TC-TY7125,TY-EQ,1971-09-09T03:00:00Z,45.7806,159.52,18.086263
EQ-iscgem780488__TC-TY7125,TY-EQ,1971-09-09T06:00:00Z,46.7,160.7,16.595947
EQ-iscgem780488__TC-TY7125,TY-EQ,1971-09-09T09:00:00Z,47.4817,161.681,14.208639
EQ-iscgem780488__TC-TY7125,TY-EQ,1971-09-09T12:00:00Z,48.0,163.0,11.574055
EQ-iscgem780488__TC-TY7125,TY-EQ,1971-09-09T15:00:00Z,48.1,165.27,11.574055
EQ-iscgem780488__TC-TY7125,TY-EQ,1971-09-09T18:00:00Z,48.0,168.0,11.574055
EQ-iscgem780488__TC-TY7125,TY-EQ,1971-09-09T21:00:00Z,47.9933,170.676,10.620347
EQ-iscgem780488__TC-TY7125,TY-EQ,1971-09-10T00:00:00Z,48.0,173.5,9.616676
EQ-iscgem780488__TC-TY7125,TY-EQ,1971-09-10T03:00:00Z,48.0167,176.461,9.616676
EQ-iscgem780488__TC-TY7125,TY-EQ,1971-09-10T06:00:00Z,48.0,179.5,9.616676
EQ-iscgem782574__TC-TY7123,EQ-TY,1971-08-18T12:00:00Z,23.5,151.0,
EQ-iscgem782574__TC-TY7123,EQ-TY,1971-08-18T15:00:00Z,23.195,150.887,
EQ-iscgem782574__TC-TY7123,EQ-TY,1971-08-18T18:00:00Z,22.9,150.8,
EQ-iscgem782574__TC-TY7123,EQ-TY,1971-08-18T21:00:00Z,22.6275,150.763,
EQ-iscgem782574__TC-TY7123,EQ-TY,1971-08-19T00:00:00Z,22.0,153.0,4.739788
EQ-iscgem782574__TC-TY7123,EQ-TY,1971-08-19T03:00:00Z,22.05,152.84,6.154059
EQ-iscgem782574__TC-TY7123,EQ-TY,1971-08-19T06:00:00Z,22.1,152.7,7.406657
EQ-iscgem782574__TC-TY7123,EQ-TY,1971-08-19T09:00:00Z,22.15,152.592,8.551302
EQ-iscgem782574__TC-TY7123,EQ-TY,1971-08-19T12:00:00Z,22.2,152.5,9.616676
EQ-iscgem782574__TC-TY7123,EQ-TY,1971-08-19T15:00:00Z,22.25,152.385,11.574055
EQ-iscgem782574__TC-TY7123,EQ-TY,1971-08-19T18:00:00Z,22.3,152.3,13.362742
EQ-iscgem782574__TC-TY7123,EQ-TY,1971-08-19T21:00:00Z,22.3425,152.278,15.027554
EQ-iscgem782574__TC-TY7123,EQ-TY,1971-08-20T00:00:00Z,22.4,152.3,16.595947
EQ-iscgem782574__TC-TY7123,EQ-TY,1971-08-20T03:00:00Z,22.5,152.342,16.595947
EQ-iscgem782574__TC-TY7123,EQ-TY,1971-08-20T06:00:00Z,22.6,152.4,16.595947
EQ-iscgem782574__TC-TY7123,EQ-TY,1971-08-20T09:00:00Z,22.635,152.45,17.349955
EQ-iscgem782574__TC-TY7123,EQ-TY,1971-08-20T12:00:00Z,22.7,152.5,18.086263
EQ-iscgem782574__TC-TY7123,EQ-TY,1971-08-20T15:00:00Z,22.8925,152.557,18.086263
EQ-iscgem782574__TC-TY7123,EQ-TY,1971-08-20T18:00:00Z,23.1,152.6,18.086263
EQ-iscgem782574__TC-TY7123,EQ-TY,1971-08-20T21:00:00Z,23.185,152.637,19.511519
EQ-iscgem782574__TC-TY7123,EQ-TY,1971-08-21T00:00:00Z,23.3,152.6,20.881366
EQ-iscgem782574__TC-TY7123,EQ-TY,1971-08-21T03:00:00Z,23.5626,152.415,22.848006
EQ-iscgem782574__TC-TY7123,EQ-TY,1971-08-21T06:00:00Z,23.9,152.2,24.108431
EQ-iscgem782574__TC-TY7123,EQ-TY,1971-08-21T09:00:00Z,24.265,152.085,24.108431
EQ-iscgem782574__TC-TY7123,EQ-TY,1971-08-21T12:00:00Z,24.6,152.0,24.108431
EQ-iscgem782574__TC-TY7123,EQ-TY,1971-08-21T15:00:00Z,24.8224,151.922,27.112007
EQ-iscgem782574__TC-TY7123,EQ-TY,1971-08-21T18:00:00Z,25.0,151.8,29.941627
EQ-iscgem782574__TC-TY7123,EQ-TY,1971-08-21T21:00:00Z,25.2075,151.573,31.570119
EQ-iscgem782574__TC-TY7123,EQ-TY,1971-08-22T00:00:00Z,25.4,151.3,32.630386
EQ-iscgem782574__TC-TY7123,EQ-TY,1971-08-22T03:00:00Z,25.5801,151.02,34.186077
EQ-iscgem782574__TC-TY7123,EQ-TY,1971-08-22T06:00:00Z,25.7,150.8,35.201765
EQ-iscgem782574__TC-TY7123,EQ-TY,1971-08-22T09:00:00Z,25.7224,150.72,35.201765
EQ-iscgem782574__TC-TY7123,EQ-TY,1971-08-22T12:00:00Z,25.7,150.7,35.201765
EQ-iscgem782574__TC-TY7123,EQ-TY,1971-08-22T15:00:00Z,25.715,150.65,34.186077
EQ-iscgem782574__TC-TY7123,EQ-TY,1971-08-22T18:00:00Z,25.7,150.6,32.630386
EQ-iscgem782574__TC-TY7123,EQ-TY,1971-08-22T21:00:00Z,25.5999,150.58,34.186077
EQ-iscgem782574__TC-TY7123,EQ-TY,1971-08-23T00:00:00Z,25.5,150.5,35.201765
EQ-iscgem782574__TC-TY7123,EQ-TY,1971-08-23T03:00:00Z,25.4848,150.318,35.201765
EQ-iscgem782574__TC-TY7123,EQ-TY,1971-08-23T06:00:00Z,25.5,150.0,35.201765
EQ-iscgem782574__TC-TY7123,EQ-TY,1971-08-23T09:00:00Z,25.5001,149.537,35.201765
EQ-iscgem782574__TC-TY7123,EQ-TY,1971-08-23T12:00:00Z,25.5,149.0,35.201765
EQ-iscgem782574__TC-TY7123,EQ-TY,1971-08-23T15:00:00Z,25.5001,148.47,35.201765
EQ-iscgem782574__TC-TY7123,EQ-TY,1971-08-23T18:00:00Z,25.5,148.0,35.201765
EQ-iscgem782574__TC-TY7123,EQ-TY,1971-08-23T21:00:00Z,25.5071,147.693,36.69568
EQ-iscgem782574__TC-TY7123,EQ-TY,1971-08-24T00:00:00Z,25.5,147.4,37.673179
EQ-iscgem782574__TC-TY7123,EQ-TY,1971-08-24T03:00:00Z,25.4576,146.965,37.673179
EQ-iscgem782574__TC-TY7123,EQ-TY,1971-08-24T06:00:00Z,25.4,146.5,37.673179
EQ-iscgem782574__TC-TY7123,EQ-TY,1971-08-24T09:00:00Z,25.3424,146.085,37.673179
EQ-iscgem782574__TC-TY7123,EQ-TY,1971-08-24T12:00:00Z,25.3,145.7,37.673179
EQ-iscgem782574__TC-TY7123,EQ-TY,1971-08-24T15:00:00Z,25.2998,145.35,37.673179
EQ-iscgem782574__TC-TY7123,EQ-TY,1971-08-24T18:00:00Z,25.3,145.0,37.673179
EQ-iscgem782574__TC-TY7123,EQ-TY,1971-08-24T21:00:00Z,25.2501,144.592,37.673179
EQ-iscgem782574__TC-TY7123,EQ-TY,1971-08-25T00:00:00Z,25.2,144.2,37.673179
EQ-iscgem782574__TC-TY7123,EQ-TY,1971-08-25T03:00:00Z,25.1922,143.9,37.673179
EQ-iscgem782574__TC-TY7123,EQ-TY,1971-08-25T06:00:00Z,25.2,143.6,37.673179
EQ-iscgem782574__TC-TY7123,EQ-TY,1971-08-25T09:00:00Z,25.1924,143.23,37.673179
EQ-iscgem782574__TC-TY7123,EQ-TY,1971-08-25T12:00:00Z,25.2,142.8,37.673179
EQ-iscgem782574__TC-TY7123,EQ-TY,1971-08-25T15:00:00Z,25.2425,142.308,37.673179
EQ-iscgem782574__TC-TY7123,EQ-TY,1971-08-25T18:00:00Z,25.3,141.8,37.673179
EQ-iscgem782574__TC-TY7123,EQ-TY,1971-08-25T21:00:00Z,25.35,141.32,37.673179
EQ-iscgem782574__TC-TY7123,EQ-TY,1971-08-26T00:00:00Z,25.4,140.9,37.673179
EQ-iscgem782574__TC-TY7123,EQ-TY,1971-08-26T03:00:00Z,25.4496,140.6,37.673179
EQ-iscgem782574__TC-TY7123,EQ-TY,1971-08-26T06:00:00Z,25.5,140.3,37.673179
EQ-iscgem782574__TC-TY7123,EQ-TY,1971-08-26T09:00:00Z,25.5274,139.887,36.69568
EQ-iscgem782574__TC-TY7123,EQ-TY,1971-08-26T12:00:00Z,25.6,139.4,35.201765
EQ-iscgem782574__TC-TY7123,EQ-TY,1971-08-26T15:00:00Z,25.785,138.865,35.201765
EQ-iscgem782574__TC-TY7123,EQ-TY,1971-08-26T18:00:00Z,26.0,138.3,35.201765
EQ-iscgem782574__TC-TY7123,EQ-TY,1971-08-26T21:00:00Z,26.1495,137.772,35.201765
EQ-iscgem782574__TC-TY7123,EQ-TY,1971-08-27T00:00:00Z,26.3,137.2,35.201765
EQ-iscgem782574__TC-TY7123,EQ-TY,1971-08-27T03:00:00Z,26.5003,136.5,36.69568
EQ-iscgem782574__TC-TY7123,EQ-TY,1971-08-27T06:00:00Z,26.7,135.8,37.673179
EQ-iscgem782574__TC-TY7123,EQ-TY,1971-08-27T09:00:00Z,26.8494,135.235,37.673179
EQ-iscgem782574__TC-TY7123,EQ-TY,1971-08-27T12:00:00Z,27.0,134.7,37.673179
EQ-iscgem782574__TC-TY7123,EQ-TY,1971-08-27T15:00:00Z,27.2074,134.1,39.113731
EQ-iscgem782574__TC-TY7123,EQ-TY,1971-08-27T18:00:00Z,27.4,133.5,40.05799
EQ-iscgem782574__TC-TY7123,EQ-TY,1971-08-27T21:00:00Z,27.4851,132.904,40.05799
EQ-iscgem782574__TC-TY7123,EQ-TY,1971-08-28T00:00:00Z,27.6,132.4,40.05799
EQ-iscgem782574__TC-TY7123,EQ-TY,1971-08-28T03:00:00Z,27.8696,132.062,42.366734
EQ-iscgem782574__TC-TY7123,EQ-TY,1971-08-28T06:00:00Z,28.2,131.8,44.6079
EQ-iscgem782574__TC-TY7123,EQ-TY,1971-08-28T09:00:00Z,28.5074,131.507,46.788457
EQ-iscgem782574__TC-TY7123,EQ-TY,1971-08-28T12:00:00Z,28.8,131.2,48.914209
EQ-iscgem782574__TC-TY7123,EQ-TY,1971-08-28T15:00:00Z,29.0801,130.828,50.165426
EQ-iscgem782574__TC-TY7123,EQ-TY,1971-08-28T18:00:00Z,29.3,130.5,50.990061
EQ-iscgem782574__TC-TY7123,EQ-TY,1971-08-28T21:00:00Z,29.3774,130.297,53.020201
EQ-iscgem782574__TC-TY7123,EQ-TY,1971-08-29T00:00:00Z,29.5,130.2,55.008241
EQ-iscgem782574__TC-TY7123,EQ-TY,1971-08-29T03:00:00Z,29.8774,130.155,56.182182
EQ-iscgem782574__TC-TY7123,EQ-TY,1971-08-29T06:00:00Z,30.3,130.2,56.957325
EQ-iscgem782574__TC-TY7123,EQ-TY,1971-08-29T09:00:00Z,30.5575,130.313,56.182182
EQ-iscgem782574__TC-TY7123,EQ-TY,1971-08-29T12:00:00Z,30.8,130.5,55.008241
EQ-iscgem782574__TC-TY7123,EQ-TY,1971-08-29T15:00:00Z,31.12,130.735,48.914209
EQ-iscgem782574__TC-TY7123,EQ-TY,1971-08-29T18:00:00Z,31.5,131.0,42.366734
EQ-iscgem782574__TC-TY7123,EQ-TY,1971-08-29T21:00:00Z,31.9722,131.213,37.673179
EQ-iscgem782574__TC-TY7123,EQ-TY,1971-08-30T00:00:00Z,32.4,131.5,32.630386
EQ-iscgem782574__TC-TY7123,EQ-TY,1971-08-30T03:00:00Z,32.6074,131.941,31.570119
EQ-iscgem782574__TC-TY7123,EQ-TY,1971-08-30T06:00:00Z,32.8,132.5,29.941627
EQ-iscgem782574__TC-TY7123,EQ-TY,1971-08-30T09:00:00Z,33.1628,133.15,29.941627
EQ-iscgem782574__TC-TY7123,EQ-TY,1971-08-30T12:00:00Z,33.6,133.8,29.941627
EQ-iscgem782574__TC-TY7123,EQ-TY,1971-08-30T15:00:00Z,34.1084,134.255,28.828269
EQ-iscgem782574__TC-TY7123,EQ-TY,1971-08-30T18:00:00Z,34.5,134.8,27.112007
EQ-iscgem782574__TC-TY7123,EQ-TY,1971-08-30T21:00:00Z,34.5607,135.692,25.933752
EQ-iscgem782574__TC-TY7123,EQ-TY,1971-08-31T00:00:00Z,34.5,136.7,24.108431
EQ-iscgem782574__TC-TY7123,EQ-TY,1971-08-31T03:00:00Z,34.4636,137.499,24.108431
EQ-iscgem782574__TC-TY7123,EQ-TY,1971-08-31T06:00:00Z,34.6,138.5,24.108431
EQ-iscgem782574__TC-TY7123,EQ-TY,1971-08-31T09:00:00Z,35.0897,140.21,24.108431
EQ-iscgem782574__TC-TY7123,EQ-TY,1971-08-31T12:00:00Z,35.7,141.8,23.482894
EQ-iscgem782574__TC-TY7123,EQ-TY,1971-08-31T15:00:00Z,36.2174,142.368,24.725121
EQ-iscgem782574__TC-TY7123,EQ-TY,1971-08-31T18:00:00Z,36.7,142.7,25.933752
EQ-iscgem782574__TC-TY7123,EQ-TY,1971-08-31T21:00:00Z,37.1517,143.479,26.526496
EQ-iscgem782574__TC-TY7123,EQ-TY,1971-09-01T00:00:00Z,37.5,144.5,27.112007
EQ-iscgem782574__TC-TY7123,EQ-TY,1971-09-01T03:00:00Z,37.6952,145.699,25.933752
EQ-iscgem782574__TC-TY7123,EQ-TY,1971-09-01T06:00:00Z,37.8,147.0,24.108431
EQ-iscgem782574__TC-TY7123,EQ-TY,1971-09-01T09:00:00Z,37.9212,148.25,23.482894
EQ-iscgem782574__TC-TY7123,EQ-TY,1971-09-01T12:00:00Z,38.0,149.5,22.203211
EQ-iscgem782574__TC-TY7123,EQ-TY,1971-09-01T15:00:00Z,38.0137,150.751,22.203211
EQ-iscgem782574__TC-TY7123,EQ-TY,1971-09-01T18:00:00Z,38.0,152.0,22.203211
EQ-iscgem782574__TC-TY7123,EQ-TY,1971-09-01T21:00:00Z,37.9237,153.254,22.203211
EQ-iscgem782574__TC-TY7123,EQ-TY,1971-09-02T00:00:00Z,38.0,154.5,22.203211
EQ-iscgem782574__TC-TY7123,EQ-TY,1971-09-02T03:00:00Z,38.4248,155.785,22.203211
EQ-iscgem782574__TC-TY7123,EQ-TY,1971-09-02T06:00:00Z,39.0,157.0,22.203211
EQ-iscgem782574__TC-TY7123,EQ-TY,1971-09-02T09:00:00Z,39.4996,158.113,22.203211
EQ-iscgem782574__TC-TY7123,EQ-TY,1971-09-02T12:00:00Z,40.0,159.0,22.203211
EQ-iscgem782574__TC-TY7123,EQ-TY,1971-09-02T15:00:00Z,40.4984,159.577,22.203211
EQ-iscgem782574__TC-TY7123,EQ-TY,1971-09-02T18:00:00Z,41.0,160.0,22.203211
EQ-iscgem782574__TC-TY7123,EQ-TY,1971-09-02T21:00:00Z,41.4998,160.501,23.482894
EQ-iscgem782574__TC-TY7123,EQ-TY,1971-09-03T00:00:00Z,42.0,161.0,24.725121
EQ-iscgem782574__TC-TY7123,EQ-TY,1971-09-03T03:00:00Z,42.4998,161.501,25.933752
EQ-iscgem782574__TC-TY7123,EQ-TY,1971-09-03T06:00:00Z,43.0,162.0,27.112007
EQ-iscgem782574__TC-TY7123,EQ-TY,1971-09-03T09:00:00Z,43.5367,162.463,27.112007
EQ-iscgem782574__TC-TY7123,EQ-TY,1971-09-03T12:00:00Z,44.0,163.0,27.112007
EQ-iscgem782574__TC-TY7123,EQ-TY,1971-09-03T15:00:00Z,44.2876,163.714,27.112007
EQ-iscgem782574__TC-TY7123,EQ-TY,1971-09-03T18:00:00Z,44.5,164.5,27.112007
EQ-iscgem782574__TC-TY7123,EQ-TY,1971-09-03T21:00:00Z,44.7487,165.214,27.112007
EQ-iscgem782574__TC-TY7123,EQ-TY,1971-09-04T00:00:00Z,45.0,166.0,27.112007
EQ-iscgem782574__TC-TY7123,EQ-TY,1971-09-04T03:00:00Z,45.25,166.963,27.112007
EQ-iscgem782574__TC-TY7123,EQ-TY,1971-09-04T06:00:00Z,45.5,168.0,27.112007
EQ-iscgem782574__TC-TY7123,EQ-TY,1971-09-04T09:00:00Z,45.7117,169.003,27.112007
EQ-iscgem782574__TC-TY7123,EQ-TY,1971-09-04T12:00:00Z,46.0,170.0,27.112007
EQ-iscgem782574__TC-TY7123,EQ-TY,1971-09-04T15:00:00Z,46.4594,170.927,27.112007
EQ-iscgem782574__TC-TY7123,EQ-TY,1971-09-04T18:00:00Z,47.0,172.0,27.112007
EQ-iscgem782574__TC-TY7123,EQ-TY,1971-09-04T21:00:00Z,47.4936,173.281,25.933752
EQ-iscgem782574__TC-TY7123,EQ-TY,1971-09-05T00:00:00Z,48.0,175.0,24.725121
EQ-iscgem782574__TC-TY7123,EQ-TY,1971-09-05T03:00:00Z,48.5166,177.312,22.203211
EQ-iscgem782574__TC-TY7123,EQ-TY,1971-09-05T06:00:00Z,49.0,180.0,19.511519
EQ-iscgem791152__TC-TY7009,TY-EQ,1970-08-07T00:00:00Z,17.5,140.0,
EQ-iscgem791152__TC-TY7009,TY-EQ,1970-08-07T03:00:00Z,18.0454,139.445,
EQ-iscgem791152__TC-TY7009,TY-EQ,1970-08-07T06:00:00Z,18.6,138.9,
EQ-iscgem791152__TC-TY7009,TY-EQ,1970-08-07T09:00:00Z,19.1397,138.365,
EQ-iscgem791152__TC-TY7009,TY-EQ,1970-08-07T12:00:00Z,19.5,137.8,
EQ-iscgem791152__TC-TY7009,TY-EQ,1970-08-07T15:00:00Z,19.4578,137.126,
EQ-iscgem791152__TC-TY7009,TY-EQ,1970-08-07T18:00:00Z,19.4,136.5,
EQ-iscgem791152__TC-TY7009,TY-EQ,1970-08-07T21:00:00Z,19.7694,136.093,
EQ-iscgem791152__TC-TY7009,TY-EQ,1970-08-08T00:00:00Z,20.2,135.7,
EQ-iscgem791152__TC-TY7009,TY-EQ,1970-08-08T03:00:00Z,20.3803,135.107,
EQ-iscgem791152__TC-TY7009,TY-EQ,1970-08-08T06:00:00Z,20.3,135.2,
EQ-iscgem791152__TC-TY7009,TY-EQ,1970-08-08T09:00:00Z,20.4152,135.002,
EQ-iscgem791152__TC-TY7009,TY-EQ,1970-08-08T12:00:00Z,20.6429,134.629,
EQ-iscgem791152__TC-TY7009,TY-EQ,1970-08-08T15:00:00Z,20.9599,134.155,
EQ-iscgem791152__TC-TY7009,TY-EQ,1970-08-08T18:00:00Z,21.35,133.6,
EQ-iscgem791152__TC-TY7009,TY-EQ,1970-08-08T21:00:00Z,21.7569,133.174,
EQ-iscgem791152__TC-TY7009,TY-EQ,1970-08-09T00:00:00Z,21.0,133.0,11.574055
EQ-iscgem791152__TC-TY7009,TY-EQ,1970-08-09T03:00:00Z,22.0482,132.241,18.806357
EQ-iscgem791152__TC-TY7009,TY-EQ,1970-08-09T06:00:00Z,22.7,131.5,24.108431
EQ-iscgem791152__TC-TY7009,TY-EQ,1970-08-09T09:00:00Z,22.7074,130.823,25.933752
EQ-iscgem791152__TC-TY7009,TY-EQ,1970-08-09T12:00:00Z,22.4,130.3,27.112007
EQ-iscgem791152__TC-TY7009,TY-EQ,1970-08-09T15:00:00Z,22.2071,129.99,27.112007
EQ-iscgem791152__TC-TY7009,TY-EQ,1970-08-09T18:00:00Z,22.0,129.8,27.112007
EQ-iscgem791152__TC-TY7009,TY-EQ,1970-08-09T21:00:00Z,21.755,129.562,28.828269
EQ-iscgem791152__TC-TY7009,TY-EQ,1970-08-10T00:00:00Z,21.6,129.4,29.941627
EQ-iscgem791152__TC-TY7009,TY-EQ,1970-08-10T03:00:00Z,21.655,129.37,29.941627
EQ-iscgem791152__TC-TY7009,TY-EQ,1970-08-10T06:00:00Z,21.8,129.4,29.941627
EQ-iscgem791152__TC-TY7009,TY-EQ,1970-08-10T09:00:00Z,21.8925,129.415,31.570119
EQ-iscgem791152__TC-TY7009,TY-EQ,1970-08-10T12:00:00Z,22.0,129.4,32.630386
EQ-iscgem791152__TC-TY7009,TY-EQ,1970-08-10T15:00:00Z,22.135,129.315,32.630386
EQ-iscgem791152__TC-TY7009,TY-EQ,1970-08-10T18:00:00Z,22.3,129.2,32.630386
EQ-iscgem791152__TC-TY7009,TY-EQ,1970-08-10T21:00:00Z,22.4775,129.085,34.186077
EQ-iscgem791152__TC-TY7009,TY-EQ,1970-08-11T00:00:00Z,22.7,129.0,35.201765
EQ-iscgem791152__TC-TY7009,TY-EQ,1970-08-11T03:00:00Z,22.985,128.992,36.69568
EQ-iscgem791152__TC-TY7009,TY-EQ,1970-08-11T06:00:00Z,23.3,129.0,37.673179
EQ-iscgem791152__TC-TY7009,TY-EQ,1970-08-11T09:00:00Z,23.6,128.958,39.113731
EQ-iscgem791152__TC-TY7009,TY-EQ,1970-08-11T12:00:00Z,23.9,128.9,40.05799
EQ-iscgem791152__TC-TY7009,TY-EQ,1970-08-11T15:00:00Z,24.215,128.843,41.451782
EQ-iscgem791152__TC-TY7009,TY-EQ,1970-08-11T18:00:00Z,24.5,128.8,42.366734
EQ-iscgem791152__TC-TY7009,TY-EQ,1970-08-11T21:00:00Z,24.7,128.778,42.366734
EQ-iscgem791152__TC-TY7009,TY-EQ,1970-08-12T00:00:00Z,24.9,128.8,42.366734
EQ-iscgem791152__TC-TY7009,TY-EQ,1970-08-12T03:00:00Z,25.1925,128.9,42.366734
EQ-iscgem791152__TC-TY7009,TY-EQ,1970-08-12T06:00:00Z,25.5,129.0,42.366734
EQ-iscgem791152__TC-TY7009,TY-EQ,1970-08-12T09:00:00Z,25.75,129.015,42.366734
EQ-iscgem791152__TC-TY7009,TY-EQ,1970-08-12T12:00:00Z,26.0,129.0,42.366734
EQ-iscgem791152__TC-TY7009,TY-EQ,1970-08-12T15:00:00Z,26.3,129.0,42.366734
EQ-iscgem791152__TC-TY7009,TY-EQ,1970-08-12T18:00:00Z,26.6,129.0,42.366734
EQ-iscgem791152__TC-TY7009,TY-EQ,1970-08-12T21:00:00Z,26.8275,129.0,43.719068
EQ-iscgem791152__TC-TY7009,TY-EQ,1970-08-13T00:00:00Z,27.1,129.0,44.6079
EQ-iscgem791152__TC-TY7009,TY-EQ,1970-08-13T03:00:00Z,27.5425,129.0,44.6079
EQ-iscgem791152__TC-TY7009,TY-EQ,1970-08-13T06:00:00Z,28.0,129.0,44.6079
EQ-iscgem791152__TC-TY7009,TY-EQ,1970-08-13T09:00:00Z,28.3,129.015,45.923113
EQ-iscgem791152__TC-TY7009,TY-EQ,1970-08-13T12:00:00Z,28.6,129.0,46.788457
EQ-iscgem791152__TC-TY7009,TY-EQ,1970-08-13T15:00:00Z,29.02,128.915,46.788457
EQ-iscgem791152__TC-TY7009,TY-EQ,1970-08-13T18:00:00Z,29.5,128.8,46.788457
EQ-iscgem791152__TC-TY7009,TY-EQ,1970-08-13T21:00:00Z,30.0,128.656,45.923113
EQ-iscgem791152__TC-TY7009,TY-EQ,1970-08-14T00:00:00Z,30.5,128.6,44.6079
EQ-iscgem791152__TC-TY7009,TY-EQ,1970-08-14T03:00:00Z,30.95,128.74,44.6079
EQ-iscgem791152__TC-TY7009,TY-EQ,1970-08-14T06:00:00Z,31.4,129.0,44.6079
EQ-iscgem791152__TC-TY7009,TY-EQ,1970-08-14T09:00:00Z,31.8772,129.248,44.6079
EQ-iscgem791152__TC-TY7009,TY-EQ,1970-08-14T12:00:00Z,32.4,129.6,44.6079
EQ-iscgem791152__TC-TY7009,TY-EQ,1970-08-14T15:00:00Z,32.9173,130.085,39.113731
EQ-iscgem791152__TC-TY7009,TY-EQ,1970-08-14T18:00:00Z,33.6,130.7,32.630386
EQ-iscgem791152__TC-TY7009,TY-EQ,1970-08-14T21:00:00Z,34.5889,131.362,29.387863
EQ-iscgem791152__TC-TY7009,TY-EQ,1970-08-15T00:00:00Z,35.7,132.2,25.933752
EQ-iscgem791152__TC-TY7009,TY-EQ,1970-08-15T03:00:00Z,36.6774,133.271,26.526496
EQ-iscgem791152__TC-TY7009,TY-EQ,1970-08-15T06:00:00Z,37.7,134.5,27.112007
EQ-iscgem791152__TC-TY7009,TY-EQ,1970-08-15T09:00:00Z,38.8769,135.779,28.828269
EQ-iscgem791152__TC-TY7009,TY-EQ,1970-08-15T12:00:00Z,40.1,137.1,29.941627
EQ-iscgem791152__TC-TY7009,TY-EQ,1970-08-15T15:00:00Z,41.3192,138.531,29.941627
EQ-iscgem791152__TC-TY7009,TY-EQ,1970-08-15T18:00:00Z,42.4,139.7,29.941627
EQ-iscgem791152__TC-TY7009,TY-EQ,1970-08-15T21:00:00Z,43.2364,140.192,29.941627
EQ-iscgem791152__TC-TY7009,TY-EQ,1970-08-16T00:00:00Z,43.9,140.5,29.941627
EQ-iscgem791152__TC-TY7009,TY-EQ,1970-08-16T03:00:00Z,44.4638,141.134,27.690609
EQ-iscgem791152__TC-TY7009,TY-EQ,1970-08-16T06:00:00Z,45.0,142.0,24.725121
EQ-iscgem791152__TC-TY7009,TY-EQ,1970-08-16T09:00:00Z,45.6284,143.14,23.482894
EQ-iscgem791152__TC-TY7009,TY-EQ,1970-08-16T12:00:00Z,46.3,144.4,22.203211
EQ-iscgem791152__TC-TY7009,TY-EQ,1970-08-16T15:00:00Z,46.9911,145.56,22.203211
EQ-iscgem791152__TC-TY7009,TY-EQ,1970-08-16T18:00:00Z,47.7,146.7,22.203211
EQ-iscgem791152__TC-TY7009,TY-EQ,1970-08-16T21:00:00Z,48.407,147.874,20.202862
EQ-iscgem791152__TC-TY7009,TY-EQ,1970-08-17T00:00:00Z,49.1,149.0,18.086263
EQ-iscgem791152__TC-TY7009,TY-EQ,1970-08-17T03:00:00Z,49.7211,149.886,18.086263
EQ-iscgem791152__TC-TY7009,TY-EQ,1970-08-17T06:00:00Z,50.4,151.0,18.086263
EQ-iscgem791152__TC-TY7009,TY-EQ,1970-08-17T09:00:00Z,51.2799,152.782,17.349955
EQ-iscgem791152__TC-TY7009,TY-EQ,1970-08-17T12:00:00Z,52.1,155.0,16.595947
EQ-iscgem791152__TC-TY7009,TY-EQ,1970-08-17T15:00:00Z,52.6211,157.445,17.349955
EQ-iscgem791152__TC-TY7009,TY-EQ,1970-08-17T18:00:00Z,53.0,159.8,18.086263
EQ-iscgem791152__TC-TY7009,TY-EQ,1970-08-17T21:00:00Z,53.4022,161.712,18.086263
EQ-iscgem791152__TC-TY7009,TY-EQ,1970-08-18T00:00:00Z,53.8,163.3,18.086263
EQ-iscgem791152__TC-TY7009,TY-EQ,1970-08-18T03:00:00Z,54.1987,164.59,21.547893
EQ-iscgem791152__TC-TY7009,TY-EQ,1970-08-18T06:00:00Z,54.6,166.0,24.725121
EQ-iscgem791152__TC-TY7009,TY-EQ,1970-08-18T09:00:00Z,55.0598,168.118,25.333421
EQ-iscgem791152__TC-TY7009,TY-EQ,1970-08-18T12:00:00Z,55.3,170.4,25.933752
EQ-iscgem791152__TC-TY7009,TY-EQ,1970-08-18T15:00:00Z,55.0977,172.239,27.112007
EQ-iscgem791152__TC-TY7009,TY-EQ,1970-08-18T18:00:00Z,54.7,174.0,28.262604
EQ-iscgem791152__TC-TY7009,TY-EQ,1970-08-18T21:00:00Z,54.3382,175.925,27.690609
EQ-iscgem791152__TC-TY7009,TY-EQ,1970-08-19T00:00:00Z,54.0,178.0,27.112007
EQ-iscgem791152__TC-TY7009,TY-EQ,1970-08-19T03:00:00Z,53.7378,180.253,27.112007
EQ-iscgem791152__TC-TY7009,TY-EQ,1970-08-19T06:00:00Z,53.5,182.6,27.112007
EQ-iscgem793288__TC-TY7002,TY-EQ,1970-06-26T12:00:00Z,7.0,153.4,
EQ-iscgem793288__TC-TY7002,TY-EQ,1970-06-26T15:00:00Z,6.99274,152.65,
EQ-iscgem793288__TC-TY7002,TY-EQ,1970-06-26T18:00:00Z,7.0,151.9,
EQ-iscgem793288__TC-TY7002,TY-EQ,1970-06-26T21:00:00Z,7.03488,151.15,
EQ-iscgem793288__TC-TY7002,TY-EQ,1970-06-27T00:00:00Z,7.1,150.4,
EQ-iscgem793288__TC-TY7002,TY-EQ,1970-06-27T03:00:00Z,7.18491,149.642,
EQ-iscgem793288__TC-TY7002,TY-EQ,1970-06-27T06:00:00Z,7.3,148.9,
EQ-iscgem793288__TC-TY7002,TY-EQ,1970-06-27T09:00:00Z,7.44228,148.207,
EQ-iscgem793288__TC-TY7002,TY-EQ,1970-06-27T12:00:00Z,7.6,147.5,
EQ-iscgem793288__TC-TY7002,TY-EQ,1970-06-27T15:00:00Z,7.72739,146.722,
EQ-iscgem793288__TC-TY7002,TY-EQ,1970-06-27T18:00:00Z,8.2,145.5,4.739788
EQ-iscgem793288__TC-TY7002,TY-EQ,1970-06-27T21:00:00Z,8.61283,144.74,4.739788
EQ-iscgem793288__TC-TY7002,TY-EQ,1970-06-28T00:00:00Z,9.0,144.0,4.739788
EQ-iscgem793288__TC-TY7002,TY-EQ,1970-06-28T03:00:00Z,9.34982,143.292,6.154059
EQ-iscgem793288__TC-TY7002,TY-EQ,1970-06-28T06:00:00Z,9.7,142.6,7.406657
EQ-iscgem793288__TC-TY7002,TY-EQ,1970-06-28T09:00:00Z,10.0924,141.885,7.406657
EQ-iscgem793288__TC-TY7002,TY-EQ,1970-06-28T12:00:00Z,10.5,141.2,7.406657
EQ-iscgem793288__TC-TY7002,TY-EQ,1970-06-28T15:00:00Z,10.8996,140.615,9.616676
EQ-iscgem793288__TC-TY7002,TY-EQ,1970-06-28T18:00:00Z,11.3,140.0,11.574055
EQ-iscgem793288__TC-TY7002,TY-EQ,1970-06-28T21:00:00Z,11.7074,139.237,15.027554
EQ-iscgem793288__TC-TY7002,TY-EQ,1970-06-29T00:00:00Z,12.1,138.4,17.349955
EQ-iscgem793288__TC-TY7002,TY-EQ,1970-06-29T03:00:00Z,12.4799,137.543,20.881366
EQ-iscgem793288__TC-TY7002,TY-EQ,1970-06-29T06:00:00Z,12.8,136.7,24.108431
EQ-iscgem793288__TC-TY7002,TY-EQ,1970-06-29T09:00:00Z,13.0222,135.927,27.112007
EQ-iscgem793288__TC-TY7002,TY-EQ,1970-06-29T12:00:00Z,13.2,135.2,29.941627
EQ-iscgem793288__TC-TY7002,TY-EQ,1970-06-29T15:00:00Z,13.3999,134.47,32.630386
EQ-iscgem793288__TC-TY7002,TY-EQ,1970-06-29T18:00:00Z,13.6,133.8,35.201765
EQ-iscgem793288__TC-TY7002,TY-EQ,1970-06-29T21:00:00Z,13.7698,133.22,36.69568
EQ-iscgem793288__TC-TY7002,TY-EQ,1970-06-30T00:00:00Z,14.0,132.7,37.673179
EQ-iscgem793288__TC-TY7002,TY-EQ,1970-06-30T03:00:00Z,14.3399,132.177,39.113731
EQ-iscgem793288__TC-TY7002,TY-EQ,1970-06-30T06:00:00Z,14.8,131.7,40.05799
EQ-iscgem793288__TC-TY7002,TY-EQ,1970-06-30T09:00:00Z,15.3772,131.307,42.366734
EQ-iscgem793288__TC-TY7002,TY-EQ,1970-06-30T12:00:00Z,16.0,130.9,44.6079
EQ-iscgem793288__TC-TY7002,TY-EQ,1970-06-30T15:00:00Z,16.5799,130.387,46.788457
EQ-iscgem793288__TC-TY7002,TY-EQ,1970-06-30T18:00:00Z,17.1,129.8,48.914209
EQ-iscgem793288__TC-TY7002,TY-EQ,1970-06-30T21:00:00Z,17.5302,129.135,54.217866
EQ-iscgem793288__TC-TY7002,TY-EQ,1970-07-01T00:00:00Z,17.9,128.5,58.870209
EQ-iscgem793288__TC-TY7002,TY-EQ,1970-07-01T03:00:00Z,18.2497,128.012,60.001589
EQ-iscgem793288__TC-TY7002,TY-EQ,1970-07-01T06:00:00Z,18.6,127.6,60.74933
EQ-iscgem793288__TC-TY7002,TY-EQ,1970-07-01T09:00:00Z,18.9924,127.192,60.74933
EQ-iscgem793288__TC-TY7002,TY-EQ,1970-07-01T12:00:00Z,19.4,126.8,60.74933
EQ-iscgem793288__TC-TY7002,TY-EQ,1970-07-01T15:00:00Z,19.8001,126.37,60.001589
EQ-iscgem793288__TC-TY7002,TY-EQ,1970-07-01T18:00:00Z,20.2,126.0,58.870209
EQ-iscgem793288__TC-TY7002,TY-EQ,1970-07-01T21:00:00Z,20.5999,125.762,58.870209
EQ-iscgem793288__TC-TY7002,TY-EQ,1970-07-02T00:00:00Z,21.0,125.6,58.870209
EQ-iscgem793288__TC-TY7002,TY-EQ,1970-07-02T03:00:00Z,21.4149,125.45,56.957325
EQ-iscgem793288__TC-TY7002,TY-EQ,1970-07-02T06:00:00Z,21.8,125.3,55.008241
EQ-iscgem793288__TC-TY7002,TY-EQ,1970-07-02T09:00:00Z,22.0851,125.085,52.213388
EQ-iscgem793288__TC-TY7002,TY-EQ,1970-07-02T12:00:00Z,22.4,124.9,48.914209
EQ-iscgem793288__TC-TY7002,TY-EQ,1970-07-02T15:00:00Z,22.8775,124.805,46.788457
EQ-iscgem793288__TC-TY7002,TY-EQ,1970-07-02T18:00:00Z,23.4,124.8,44.6079
EQ-iscgem793288__TC-TY7002,TY-EQ,1970-07-02T21:00:00Z,23.85,124.885,42.366734
EQ-iscgem793288__TC-TY7002,TY-EQ,1970-07-03T00:00:00Z,24.3,125.0,40.05799
EQ-iscgem793288__TC-TY7002,TY-EQ,1970-07-03T03:00:00Z,24.8149,125.028,39.113731
EQ-iscgem793288__TC-TY7002,TY-EQ,1970-07-03T06:00:00Z,25.3,125.1,37.673179
EQ-iscgem793288__TC-TY7002,TY-EQ,1970-07-03T09:00:00Z,25.6574,125.298,39.113731
EQ-iscgem793288__TC-TY7002,TY-EQ,1970-07-03T12:00:00Z,26.0,125.6,40.05799
EQ-iscgem793288__TC-TY7002,TY-EQ,1970-07-03T15:00:00Z,26.4423,125.955,41.451782
EQ-iscgem793288__TC-TY7002,TY-EQ,1970-07-03T18:00:00Z,26.9,126.4,42.366734
EQ-iscgem793288__TC-TY7002,TY-EQ,1970-07-03T21:00:00Z,27.2998,126.913,42.366734
EQ-iscgem793288__TC-TY7002,TY-EQ,1970-07-04T00:00:00Z,27.7,127.5,42.366734
EQ-iscgem793288__TC-TY7002,TY-EQ,1970-07-04T03:00:00Z,28.1419,128.106,40.05799
EQ-iscgem793288__TC-TY7002,TY-EQ,1970-07-04T06:00:00Z,28.6,128.8,37.673179
EQ-iscgem793288__TC-TY7002,TY-EQ,1970-07-04T09:00:00Z,29.0121,129.599,36.69568
EQ-iscgem793288__TC-TY7002,TY-EQ,1970-07-04T12:00:00Z,29.5,130.5,35.201765
EQ-iscgem793288__TC-TY7002,TY-EQ,1970-07-04T15:00:00Z,30.1855,131.514,35.201765
EQ-iscgem793288__TC-TY7002,TY-EQ,1970-07-04T18:00:00Z,30.9,132.5,35.201765
EQ-iscgem793288__TC-TY7002,TY-EQ,1970-07-04T21:00:00Z,31.4792,133.319,37.673179
EQ-iscgem793288__TC-TY7002,TY-EQ,1970-07-05T00:00:00Z,32.0,134.0,40.05799
EQ-iscgem793288__TC-TY7002,TY-EQ,1970-07-05T03:00:00Z,32.4999,134.655,40.05799
EQ-iscgem793288__TC-TY7002,TY-EQ,1970-07-05T06:00:00Z,33.0,135.1,40.05799
EQ-iscgem793288__TC-TY7002,TY-EQ,1970-07-05T09:00:00Z,33.5195,135.278,36.69568
EQ-iscgem793288__TC-TY7002,TY-EQ,1970-07-05T12:00:00Z,34.1,135.2,32.630386
EQ-iscgem793288__TC-TY7002,TY-EQ,1970-07-05T15:00:00Z,34.7752,135.099,28.828269
EQ-iscgem793288__TC-TY7002,TY-EQ,1970-07-05T18:00:00Z,35.5,134.6,24.108431
EQ-iscgem793288__TC-TY7002,TY-EQ,1970-07-05T21:00:00Z,36.31,133.353,22.848006
EQ-iscgem793288__TC-TY7002,TY-EQ,1970-07-06T00:00:00Z,36.9,132.0,20.881366
EQ-iscgem793288__TC-TY7002,TY-EQ,1970-07-06T03:00:00Z,37.0686,131.361,20.881366
EQ-iscgem793288__TC-TY7002,TY-EQ,1970-07-06T06:00:00Z,36.9,130.8,20.881366
EQ-iscgem793288__TC-TY7002,TY-EQ,1970-07-06T09:00:00Z,36.5343,129.763,18.806357
EQ-iscgem793288__TC-TY7002,TY-EQ,1970-07-06T12:00:00Z,36.0,128.7,16.595947
EQ-iscgem793288__TC-TY7002,TY-EQ,1970-07-06T15:00:00Z,35.4571,127.865,15.8225
EQ-iscgem793288__TC-TY7002,TY-EQ,1970-07-06T18:00:00Z,34.9,127.3,15.027554
EQ-iscgem793288__TC-TY7002,TY-EQ,1970-07-06T21:00:00Z,34.3843,127.046,14.208639
EQ-iscgem793288__TC-TY7002,TY-EQ,1970-07-07T00:00:00Z,33.9,127.0,13.362742
EQ-iscgem793288__TC-TY7002,TY-EQ,1970-07-07T03:00:00Z,33.4427,126.997,13.362742
EQ-iscgem793288__TC-TY7002,TY-EQ,1970-07-07T06:00:00Z,33.0,127.0,13.362742
EQ-iscgem804274__TC-TY6909,TY-EQ,1969-08-12T18:00:00Z,9.5,150.5,3.033162
EQ-iscgem804274__TC-TY6909,TY-EQ,1969-08-12T21:00:00Z,9.61001,150.083,3.033162
EQ-iscgem804274__TC-TY6909,TY-EQ,1969-08-13T00:00:00Z,9.7,149.6,3.033162
EQ-iscgem804274__TC-TY6909,TY-EQ,1969-08-13T03:00:00Z,9.75754,149.015,4.739788
EQ-iscgem804274__TC-TY6909,TY-EQ,1969-08-13T06:00:00Z,9.8,148.4,6.154059
EQ-iscgem804274__TC-TY6909,TY-EQ,1969-08-13T09:00:00Z,9.84976,147.865,6.154059
EQ-iscgem804274__TC-TY6909,TY-EQ,1969-08-13T12:00:00Z,9.9,147.3,6.154059
EQ-iscgem804274__TC-TY6909,TY-EQ,1969-08-13T15:00:00Z,9.95003,146.615,7.406657
EQ-iscgem804274__TC-TY6909,TY-EQ,1969-08-13T18:00:00Z,10.0,145.9,7.406657
EQ-iscgem804274__TC-TY6909,TY-EQ,1969-08-13T21:00:00Z,10.035,145.212,8.551302
EQ-iscgem804274__TC-TY6909,TY-EQ,1969-08-14T00:00:00Z,10.1,144.6,9.616676
EQ-iscgem804274__TC-TY6909,TY-EQ,1969-08-14T03:00:00Z,10.2348,144.113,10.620347
EQ-iscgem804274__TC-TY6909,TY-EQ,1969-08-14T06:00:00Z,10.4,143.7,11.574055
EQ-iscgem804274__TC-TY6909,TY-EQ,1969-08-14T09:00:00Z,10.5425,143.277,12.486127
EQ-iscgem804274__TC-TY6909,TY-EQ,1969-08-14T12:00:00Z,10.7,142.9,13.362742
EQ-iscgem804274__TC-TY6909,TY-EQ,1969-08-14T15:00:00Z,10.8849,142.6,13.362742
EQ-iscgem804274__TC-TY6909,TY-EQ,1969-08-14T18:00:00Z,11.1,142.3,13.362742
EQ-iscgem804274__TC-TY6909,TY-EQ,1969-08-14T21:00:00Z,11.3275,141.915,14.208639
EQ-iscgem804274__TC-TY6909,TY-EQ,1969-08-15T00:00:00Z,11.6,141.5,15.027554
EQ-iscgem804274__TC-TY6909,TY-EQ,1969-08-15T03:00:00Z,11.9424,141.1,15.8225
EQ-iscgem804274__TC-TY6909,TY-EQ,1969-08-15T06:00:00Z,12.3,140.7,16.595947
EQ-iscgem804274__TC-TY6909,TY-EQ,1969-08-15T09:00:00Z,12.6149,140.3,17.349955
EQ-iscgem804274__TC-TY6909,TY-EQ,1969-08-15T12:00:00Z,12.9,139.9,17.349955
EQ-iscgem804274__TC-TY6909,TY-EQ,1969-08-15T15:00:00Z,13.1499,139.507,18.806357
EQ-iscgem804274__TC-TY6909,TY-EQ,1969-08-15T18:00:00Z,13.4,139.1,19.511519
EQ-iscgem804274__TC-TY6909,TY-EQ,1969-08-15T21:00:00Z,13.7,138.65,20.202862
EQ-iscgem804274__TC-TY6909,TY-EQ,1969-08-16T00:00:00Z,14.0,138.2,20.881366
EQ-iscgem804274__TC-TY6909,TY-EQ,1969-08-16T03:00:00Z,14.2422,137.822,20.881366
EQ-iscgem804274__TC-TY6909,TY-EQ,1969-08-16T06:00:00Z,14.5,137.4,20.881366
EQ-iscgem804274__TC-TY6909,TY-EQ,1969-08-16T09:00:00Z,14.8276,136.83,20.881366
EQ-iscgem804274__TC-TY6909,TY-EQ,1969-08-16T12:00:00Z,15.2,136.2,20.881366
EQ-iscgem804274__TC-TY6909,TY-EQ,1969-08-16T15:00:00Z,15.5925,135.585,20.881366
EQ-iscgem804274__TC-TY6909,TY-EQ,1969-08-16T18:00:00Z,16.0,135.0,20.881366
EQ-iscgem804274__TC-TY6909,TY-EQ,1969-08-16T21:00:00Z,16.3924,134.47,21.547893
EQ-iscgem804274__TC-TY6909,TY-EQ,1969-08-17T00:00:00Z,16.8,134.0,22.203211
EQ-iscgem804274__TC-TY6909,TY-EQ,1969-08-17T03:00:00Z,17.2498,133.592,22.203211
EQ-iscgem804274__TC-TY6909,TY-EQ,1969-08-17T06:00:00Z,17.7,133.2,22.203211
EQ-iscgem804274__TC-TY6909,TY-EQ,1969-08-17T09:00:00Z,18.1298,132.772,22.203211
EQ-iscgem804274__TC-TY6909,TY-EQ,1969-08-17T12:00:00Z,18.5,132.3,22.203211
EQ-iscgem804274__TC-TY6909,TY-EQ,1969-08-17T15:00:00Z,18.7125,131.764,24.725121
EQ-iscgem804274__TC-TY6909,TY-EQ,1969-08-17T18:00:00Z,19.0,131.2,27.112007
EQ-iscgem804274__TC-TY6909,TY-EQ,1969-08-17T21:00:00Z,19.6202,130.606,28.828269
EQ-iscgem804274__TC-TY6909,TY-EQ,1969-08-18T00:00:00Z,20.3,130.1,29.941627
EQ-iscgem804274__TC-TY6909,TY-EQ,1969-08-18T03:00:00Z,20.7946,129.812,31.570119
EQ-iscgem804274__TC-TY6909,TY-EQ,1969-08-18T06:00:00Z,21.2,129.6,32.630386
EQ-iscgem804274__TC-TY6909,TY-EQ,1969-08-18T09:00:00Z,21.55,129.307,32.630386
EQ-iscgem804274__TC-TY6909,TY-EQ,1969-08-18T12:00:00Z,21.9,129.0,32.630386
EQ-iscgem804274__TC-TY6909,TY-EQ,1969-08-18T15:00:00Z,22.335,128.692,34.186077
EQ-iscgem804274__TC-TY6909,TY-EQ,1969-08-18T18:00:00Z,22.8,128.4,35.201765
EQ-iscgem804274__TC-TY6909,TY-EQ,1969-08-18T21:00:00Z,23.2725,128.12,36.69568
EQ-iscgem804274__TC-TY6909,TY-EQ,1969-08-19T00:00:00Z,23.7,127.9,37.673179
EQ-iscgem804274__TC-TY6909,TY-EQ,1969-08-19T03:00:00Z,23.9849,127.792,41.451782
EQ-iscgem804274__TC-TY6909,TY-EQ,1969-08-19T06:00:00Z,24.3,127.7,44.6079
EQ-iscgem804274__TC-TY6909,TY-EQ,1969-08-19T09:00:00Z,24.8576,127.486,46.788457
EQ-iscgem804274__TC-TY6909,TY-EQ,1969-08-19T12:00:00Z,25.4,127.3,48.914209
EQ-iscgem804274__TC-TY6909,TY-EQ,1969-08-19T15:00:00Z,25.6799,127.285,46.788457
EQ-iscgem804274__TC-TY6909,TY-EQ,1969-08-19T18:00:00Z,25.9,127.3,44.6079
EQ-iscgem804274__TC-TY6909,TY-EQ,1969-08-19T21:00:00Z,26.2425,127.208,43.719068
EQ-iscgem804274__TC-TY6909,TY-EQ,1969-08-20T00:00:00Z,26.6,127.1,42.366734
EQ-iscgem804274__TC-TY6909,TY-EQ,1969-08-20T03:00:00Z,26.8925,127.028,42.366734
EQ-iscgem804274__TC-TY6909,TY-EQ,1969-08-20T06:00:00Z,27.2,127.0,42.366734
EQ-iscgem804274__TC-TY6909,TY-EQ,1969-08-20T09:00:00Z,27.6075,127.02,41.451782
EQ-iscgem804274__TC-TY6909,TY-EQ,1969-08-20T12:00:00Z,28.0,127.1,40.05799
EQ-iscgem804274__TC-TY6909,TY-EQ,1969-08-20T15:00:00Z,28.2725,127.22,40.05799
EQ-iscgem804274__TC-TY6909,TY-EQ,1969-08-20T18:00:00Z,28.5,127.4,40.05799
EQ-iscgem804274__TC-TY6909,TY-EQ,1969-08-20T21:00:00Z,28.7351,127.65,39.113731
EQ-iscgem804274__TC-TY6909,TY-EQ,1969-08-21T00:00:00Z,29.0,127.9,37.673179
EQ-iscgem804274__TC-TY6909,TY-EQ,1969-08-21T03:00:00Z,29.3349,128.065,37.673179
EQ-iscgem804274__TC-TY6909,TY-EQ,1969-08-21T06:00:00Z,29.7,128.2,37.673179
EQ-iscgem804274__TC-TY6909,TY-EQ,1969-08-21T09:00:00Z,30.065,128.343,37.673179
EQ-iscgem804274__TC-TY6909,TY-EQ,1969-08-21T12:00:00Z,30.4,128.5,37.673179
EQ-iscgem804274__TC-TY6909,TY-EQ,1969-08-21T15:00:00Z,30.6572,128.648,37.673179
EQ-iscgem804274__TC-TY6909,TY-EQ,1969-08-21T18:00:00Z,30.9,128.9,37.673179
EQ-iscgem804274__TC-TY6909,TY-EQ,1969-08-21T21:00:00Z,31.1842,129.288,37.673179
EQ-iscgem804274__TC-TY6909,TY-EQ,1969-08-22T00:00:00Z,31.5,129.9,37.673179
EQ-iscgem804274__TC-TY6909,TY-EQ,1969-08-22T03:00:00Z,31.8287,130.812,36.69568
EQ-iscgem804274__TC-TY6909,TY-EQ,1969-08-22T06:00:00Z,32.2,131.8,35.201765
EQ-iscgem804274__TC-TY6909,TY-EQ,1969-08-22T09:00:00Z,32.6256,132.537,34.186077
EQ-iscgem804274__TC-TY6909,TY-EQ,1969-08-22T12:00:00Z,33.1,133.3,32.630386
EQ-iscgem804274__TC-TY6909,TY-EQ,1969-08-22T15:00:00Z,33.5696,134.284,29.941627
EQ-iscgem804274__TC-TY6909,TY-EQ,1969-08-22T18:00:00Z,34.1,135.4,27.112007
EQ-iscgem804274__TC-TY6909,TY-EQ,1969-08-22T21:00:00Z,34.7343,136.57,25.333421
EQ-iscgem804274__TC-TY6909,TY-EQ,1969-08-23T00:00:00Z,35.4,137.8,23.482894
EQ-iscgem804274__TC-TY6909,TY-EQ,1969-08-23T03:00:00Z,35.867,139.173,23.482894
EQ-iscgem804274__TC-TY6909,TY-EQ,1969-08-23T06:00:00Z,36.6,140.3,23.482894
EQ-iscgem804274__TC-TY6909,TY-EQ,1969-08-23T09:00:00Z,38.1095,140.78,24.108431
EQ-iscgem804274__TC-TY6909,TY-EQ,1969-08-23T12:00:00Z,39.7,141.1,24.725121
EQ-iscgem804274__TC-TY6909,TY-EQ,1969-08-23T15:00:00Z,40.6481,141.822,25.333421
EQ-iscgem804274__TC-TY6909,TY-EQ,1969-08-23T18:00:00Z,41.4,142.6,25.933752
EQ-iscgem804274__TC-TY6909,TY-EQ,1969-08-23T21:00:00Z,42.315,143.296,24.725121
EQ-iscgem804274__TC-TY6909,TY-EQ,1969-08-24T00:00:00Z,43.2,143.8,23.482894
EQ-iscgem804274__TC-TY6909,TY-EQ,1969-08-24T03:00:00Z,44.0618,144.022,22.848006
EQ-iscgem804274__TC-TY6909,TY-EQ,1969-08-24T06:00:00Z,44.7,144.0,22.203211
EQ-iscgem804274__TC-TY6909,TY-EQ,1969-08-24T09:00:00Z,44.9097,143.889,18.806357
EQ-iscgem804274__TC-TY6909,TY-EQ,1969-08-24T12:00:00Z,45.0,143.6,15.027554
EQ-iscgem804274__TC-TY6909,TY-EQ,1969-08-24T15:00:00Z,45.3505,143.124,15.8225
EQ-iscgem804274__TC-TY6909,TY-EQ,1969-08-24T18:00:00Z,45.7,142.6,16.595947
EQ-iscgem804274__TC-TY6909,TY-EQ,1969-08-24T21:00:00Z,45.8946,142.085,15.027554
EQ-iscgem804274__TC-TY6909,TY-EQ,1969-08-25T00:00:00Z,46.0,141.9,13.362742
EQ-iscgem804274__TC-TY6909,TY-EQ,1969-08-25T03:00:00Z,46.0659,142.372,12.486127
EQ-iscgem804274__TC-TY6909,TY-EQ,1969-08-25T06:00:00Z,46.1,143.1,11.574055
EQ-iscgem804274__TC-TY6909,TY-EQ,1969-08-25T09:00:00Z,46.1497,143.623,10.620347
EQ-iscgem804274__TC-TY6909,TY-EQ,1969-08-25T12:00:00Z,46.2,144.1,9.616676
EQ-iscgem804274__TC-TY6909,TY-EQ,1969-08-25T15:00:00Z,46.2504,144.555,8.551302
EQ-iscgem804274__TC-TY6909,TY-EQ,1969-08-25T18:00:00Z,46.3,145.0,7.406657
EQ-iscgem814065__TC-TY6816,TY-EQ,1968-09-11T18:00:00Z,15.7,148.3,4.739788
EQ-iscgem814065__TC-TY6816,TY-EQ,1968-09-11T21:00:00Z,15.7077,147.928,4.739788
EQ-iscgem814065__TC-TY6816,TY-EQ,1968-09-12T00:00:00Z,15.7,147.6,3.033162
EQ-iscgem814065__TC-TY6816,TY-EQ,1968-09-12T03:00:00Z,15.6649,147.343,4.739788
EQ-iscgem814065__TC-TY6816,TY-EQ,1968-09-12T06:00:00Z,15.6,147.1,6.154059
EQ-iscgem814065__TC-TY6816,TY-EQ,1968-09-12T09:00:00Z,15.515,146.808,4.739788
EQ-iscgem814065__TC-TY6816,TY-EQ,1968-09-12T12:00:00Z,15.4,146.5,3.033162
EQ-iscgem814065__TC-TY6816,TY-EQ,1968-09-12T15:00:00Z,15.2645,146.268,4.739788
EQ-iscgem814065__TC-TY6816,TY-EQ,1968-09-12T18:00:00Z,15.1,145.9,6.154059
EQ-iscgem814065__TC-TY6816,TY-EQ,1968-09-12T21:00:00Z,14.8182,145.172,6.154059
EQ-iscgem814065__TC-TY6816,TY-EQ,1968-09-13T00:00:00Z,14.7,144.4,6.154059
EQ-iscgem814065__TC-TY6816,TY-EQ,1968-09-13T03:00:00Z,15.0397,143.891,6.154059
EQ-iscgem814065__TC-TY6816,TY-EQ,1968-09-13T06:00:00Z,15.5,143.5,6.154059
EQ-iscgem814065__TC-TY6816,TY-EQ,1968-09-13T09:00:00Z,15.7373,143.15,6.154059
EQ-iscgem814065__TC-TY6816,TY-EQ,1968-09-13T12:00:00Z,15.9,142.8,4.739788
EQ-iscgem814065__TC-TY6816,TY-EQ,1968-09-13T15:00:00Z,16.0574,142.38,4.739788
EQ-iscgem814065__TC-TY6816,TY-EQ,1968-09-13T18:00:00Z,16.2,141.9,4.739788
EQ-iscgem814065__TC-TY6816,TY-EQ,1968-09-13T21:00:00Z,16.3575,141.358,4.739788
EQ-iscgem814065__TC-TY6816,TY-EQ,1968-09-14T00:00:00Z,16.5,140.8,4.739788
EQ-iscgem814065__TC-TY6816,TY-EQ,1968-09-14T03:00:00Z,16.5921,140.315,6.154059
EQ-iscgem814065__TC-TY6816,TY-EQ,1968-09-14T06:00:00Z,16.7,139.8,7.406657
EQ-iscgem814065__TC-TY6816,TY-EQ,1968-09-14T09:00:00Z,16.9003,139.135,6.154059
EQ-iscgem814065__TC-TY6816,TY-EQ,1968-09-14T12:00:00Z,17.1,138.5,4.739788
EQ-iscgem814065__TC-TY6816,TY-EQ,1968-09-14T15:00:00Z,17.1995,138.085,6.154059
EQ-iscgem814065__TC-TY6816,TY-EQ,1968-09-14T18:00:00Z,17.3,137.7,7.406657
EQ-iscgem814065__TC-TY6816,TY-EQ,1968-09-14T21:00:00Z,17.4778,137.128,7.406657
EQ-iscgem814065__TC-TY6816,TY-EQ,1968-09-15T00:00:00Z,17.7,136.6,7.406657
EQ-iscgem814065__TC-TY6816,TY-EQ,1968-09-15T03:00:00Z,17.9423,136.282,8.551302
EQ-iscgem814065__TC-TY6816,TY-EQ,1968-09-15T06:00:00Z,18.2,136.1,9.616676
EQ-iscgem814065__TC-TY6816,TY-EQ,1968-09-15T09:00:00Z,18.435,135.955,9.616676
EQ-iscgem814065__TC-TY6816,TY-EQ,1968-09-15T12:00:00Z,18.7,135.9,9.616676
EQ-iscgem814065__TC-TY6816,TY-EQ,1968-09-15T15:00:00Z,19.05,135.942,9.616676
EQ-iscgem814065__TC-TY6816,TY-EQ,1968-09-15T18:00:00Z,19.4,136.0,9.616676
EQ-iscgem814065__TC-TY6816,TY-EQ,1968-09-15T21:00:00Z,19.71,135.988,9.616676
EQ-iscgem814065__TC-TY6816,TY-EQ,1968-09-16T00:00:00Z,19.9,135.9,9.616676
EQ-iscgem814065__TC-TY6816,TY-EQ,1968-09-16T03:00:00Z,19.9026,135.692,10.620347
EQ-iscgem814065__TC-TY6816,TY-EQ,1968-09-16T06:00:00Z,19.8,135.5,11.574055
EQ-iscgem814065__TC-TY6816,TY-EQ,1968-09-16T09:00:00Z,19.7075,135.478,12.486127
EQ-iscgem814065__TC-TY6816,TY-EQ,1968-09-16T12:00:00Z,19.6,135.5,13.362742
EQ-iscgem814065__TC-TY6816,TY-EQ,1968-09-16T15:00:00Z,19.4999,135.488,15.027554
EQ-iscgem814065__TC-TY6816,TY-EQ,1968-09-16T18:00:00Z,19.4,135.4,16.595947
EQ-iscgem814065__TC-TY6816,TY-EQ,1968-09-16T21:00:00Z,19.3225,135.188,17.349955
EQ-iscgem814065__TC-TY6816,TY-EQ,1968-09-17T00:00:00Z,19.2,134.9,17.349955
EQ-iscgem814065__TC-TY6816,TY-EQ,1968-09-17T03:00:00Z,18.9651,134.57,17.349955
EQ-iscgem814065__TC-TY6816,TY-EQ,1968-09-17T06:00:00Z,18.7,134.3,17.349955
EQ-iscgem814065__TC-TY6816,TY-EQ,1968-09-17T09:00:00Z,18.4999,134.22,17.349955
EQ-iscgem814065__TC-TY6816,TY-EQ,1968-09-17T12:00:00Z,18.3,134.2,17.349955
EQ-iscgem814065__TC-TY6816,TY-EQ,1968-09-17T15:00:00Z,18.0575,134.092,19.511519
EQ-iscgem814065__TC-TY6816,TY-EQ,1968-09-17T18:00:00Z,17.8,134.0,20.881366
EQ-iscgem814065__TC-TY6816,TY-EQ,1968-09-17T21:00:00Z,17.5425,134.008,22.848006
EQ-iscgem814065__TC-TY6816,TY-EQ,1968-09-18T00:00:00Z,17.3,134.0,24.108431
EQ-iscgem814065__TC-TY6816,TY-EQ,1968-09-18T03:00:00Z,17.0625,133.88,25.933752
EQ-iscgem814065__TC-TY6816,TY-EQ,1968-09-18T06:00:00Z,16.9,133.7,27.112007
EQ-iscgem814065__TC-TY6816,TY-EQ,1968-09-18T09:00:00Z,16.8625,133.5,28.828269
EQ-iscgem814065__TC-TY6816,TY-EQ,1968-09-18T12:00:00Z,16.9,133.3,29.941627
EQ-iscgem814065__TC-TY6816,TY-EQ,1968-09-18T15:00:00Z,16.9724,133.158,31.570119
EQ-iscgem814065__TC-TY6816,TY-EQ,1968-09-18T18:00:00Z,17.0,133.0,32.630386
EQ-iscgem814065__TC-TY6816,TY-EQ,1968-09-18T21:00:00Z,16.835,132.78,34.186077
EQ-iscgem814065__TC-TY6816,TY-EQ,1968-09-19T00:00:00Z,16.7,132.5,35.201765
EQ-iscgem814065__TC-TY6816,TY-EQ,1968-09-19T03:00:00Z,16.8125,132.173,36.69568
EQ-iscgem814065__TC-TY6816,TY-EQ,1968-09-19T06:00:00Z,17.0,131.8,37.673179
EQ-iscgem814065__TC-TY6816,TY-EQ,1968-09-19T09:00:00Z,17.1001,131.385,39.113731
EQ-iscgem814065__TC-TY6816,TY-EQ,1968-09-19T12:00:00Z,17.2,131.0,40.05799
EQ-iscgem814065__TC-TY6816,TY-EQ,1968-09-19T15:00:00Z,17.3349,130.727,40.05799
EQ-iscgem814065__TC-TY6816,TY-EQ,1968-09-19T18:00:00Z,17.5,130.5,40.05799
EQ-iscgem814065__TC-TY6816,TY-EQ,1968-09-19T21:00:00Z,17.6925,130.235,41.451782
EQ-iscgem814065__TC-TY6816,TY-EQ,1968-09-20T00:00:00Z,17.9,130.0,42.366734
EQ-iscgem814065__TC-TY6816,TY-EQ,1968-09-20T03:00:00Z,18.0923,129.865,43.719068
EQ-iscgem814065__TC-TY6816,TY-EQ,1968-09-20T06:00:00Z,18.3,129.7,44.6079
EQ-iscgem814065__TC-TY6816,TY-EQ,1968-09-20T09:00:00Z,18.5277,129.358,44.6079
EQ-iscgem814065__TC-TY6816,TY-EQ,1968-09-20T12:00:00Z,18.8,129.0,44.6079
EQ-iscgem814065__TC-TY6816,TY-EQ,1968-09-20T15:00:00Z,19.1424,128.785,44.6079
EQ-iscgem814065__TC-TY6816,TY-EQ,1968-09-20T18:00:00Z,19.5,128.6,44.6079
EQ-iscgem814065__TC-TY6816,TY-EQ,1968-09-20T21:00:00Z,19.8,128.357,44.6079
EQ-iscgem814065__TC-TY6816,TY-EQ,1968-09-21T00:00:00Z,20.1,128.1,44.6079
EQ-iscgem814065__TC-TY6816,TY-EQ,1968-09-21T03:00:00Z,20.4574,127.857,44.6079
EQ-iscgem814065__TC-TY6816,TY-EQ,1968-09-21T06:00:00Z,20.8,127.6,44.6079
EQ-iscgem814065__TC-TY6816,TY-EQ,1968-09-21T09:00:00Z,21.0423,127.337,45.923113
EQ-iscgem814065__TC-TY6816,TY-EQ,1968-09-21T12:00:00Z,21.3,127.0,46.788457
EQ-iscgem814065__TC-TY6816,TY-EQ,1968-09-21T15:00:00Z,21.6779,126.493,48.070153
EQ-iscgem814065__TC-TY6816,TY-EQ,1968-09-21T18:00:00Z,22.1,126.0,48.914209
EQ-iscgem814065__TC-TY6816,TY-EQ,1968-09-21T21:00:00Z,22.4998,125.697,50.165426
EQ-iscgem814065__TC-TY6816,TY-EQ,1968-09-22T00:00:00Z,22.9,125.5,50.990061
EQ-iscgem814065__TC-TY6816,TY-EQ,1968-09-22T03:00:00Z,23.315,125.298,50.990061
EQ-iscgem814065__TC-TY6816,TY-EQ,1968-09-22T06:00:00Z,23.7,125.2,50.990061
EQ-iscgem814065__TC-TY6816,TY-EQ,1968-09-22T09:00:00Z,24.015,125.255,50.165426
EQ-iscgem814065__TC-TY6816,TY-EQ,1968-09-22T12:00:00Z,24.3,125.4,48.914209
EQ-iscgem814065__TC-TY6816,TY-EQ,1968-09-22T15:00:00Z,24.585,125.543,48.914209
EQ-iscgem814065__TC-TY6816,TY-EQ,1968-09-22T18:00:00Z,24.9,125.7,48.914209
EQ-iscgem814065__TC-TY6816,TY-EQ,1968-09-22T21:00:00Z,25.2699,125.82,48.914209
EQ-iscgem814065__TC-TY6816,TY-EQ,1968-09-23T00:00:00Z,25.7,126.0,48.914209
EQ-iscgem814065__TC-TY6816,TY-EQ,1968-09-23T03:00:00Z,26.1926,126.327,48.070153
EQ-iscgem814065__TC-TY6816,TY-EQ,1968-09-23T06:00:00Z,26.7,126.7,46.788457
EQ-iscgem814065__TC-TY6816,TY-EQ,1968-09-23T09:00:00Z,27.1498,127.001,45.923113
EQ-iscgem814065__TC-TY6816,TY-EQ,1968-09-23T12:00:00Z,27.6,127.3,44.6079
EQ-iscgem814065__TC-TY6816,TY-EQ,1968-09-23T15:00:00Z,28.0998,127.628,43.719068
EQ-iscgem814065__TC-TY6816,TY-EQ,1968-09-23T18:00:00Z,28.6,128.0,42.366734
EQ-iscgem814065__TC-TY6816,TY-EQ,1968-09-23T21:00:00Z,29.0427,128.458,41.451782
EQ-iscgem814065__TC-TY6816,TY-EQ,1968-09-24T00:00:00Z,29.5,128.9,40.05799
EQ-iscgem814065__TC-TY6816,TY-EQ,1968-09-24T03:00:00Z,30.0572,129.223,40.05799
EQ-iscgem814065__TC-TY6816,TY-EQ,1968-09-24T06:00:00Z,30.6,129.5,40.05799
EQ-iscgem814065__TC-TY6816,TY-EQ,1968-09-24T09:00:00Z,31.0001,129.83,40.05799
EQ-iscgem814065__TC-TY6816,TY-EQ,1968-09-24T12:00:00Z,31.4,130.1,40.05799
EQ-iscgem814065__TC-TY6816,TY-EQ,1968-09-24T15:00:00Z,31.9574,130.26,34.186077
EQ-iscgem814065__TC-TY6816,TY-EQ,1968-09-24T18:00:00Z,32.5,130.3,27.112007
EQ-iscgem814065__TC-TY6816,TY-EQ,1968-09-24T21:00:00Z,32.97,130.208,20.202862
EQ-iscgem814065__TC-TY6816,TY-EQ,1968-09-25T00:00:00Z,33.2,130.1,11.574055
EQ-iscgem814065__TC-TY6816,TY-EQ,1968-09-25T03:00:00Z,33.0175,130.135,9.616676
EQ-iscgem814065__TC-TY6816,TY-EQ,1968-09-25T06:00:00Z,32.7,130.2,7.406657
EQ-iscgem814065__TC-TY6816,TY-EQ,1968-09-25T09:00:00Z,32.5775,130.215,6.154059
EQ-iscgem814065__TC-TY6816,TY-EQ,1968-09-25T12:00:00Z,32.5,130.2,3.033162
EQ-iscgem814065__TC-TY6816,TY-EQ,1968-09-25T15:00:00Z,32.4075,130.158,3.033162
EQ-iscgem814065__TC-TY6816,TY-EQ,1968-09-25T18:00:00Z,32.3,130.1,
EQ-iscgem814065__TC-TY6816,TY-EQ,1968-09-25T21:00:00Z,32.1575,130.058,
EQ-iscgem814065__TC-TY6816,TY-EQ,1968-09-26T00:00:00Z,32.0,130.0,
EQ-iscgem814065__TC-TY6816,TY-EQ,1968-09-26T03:00:00Z,31.82,129.915,
EQ-iscgem814065__TC-TY6816,TY-EQ,1968-09-26T06:00:00Z,31.7,129.8,
EQ-iscgem814065__TC-TY6816,TY-EQ,1968-09-26T09:00:00Z,31.7124,129.673,
EQ-iscgem814065__TC-TY6816,TY-EQ,1968-09-26T12:00:00Z,31.8,129.5,
EQ-iscgem814065__TC-TY6816,TY-EQ,1968-09-26T15:00:00Z,31.9077,129.228,
EQ-iscgem814065__TC-TY6816,TY-EQ,1968-09-26T18:00:00Z,32.0,129.0,
EQ-iscgem814065__TC-TY6816,TY-EQ,1968-09-26T21:00:00Z,32.0074,128.962,
EQ-iscgem814065__TC-TY6816,TY-EQ,1968-09-27T00:00:00Z,32.0,129.0,
EQ-iscgem814065__TC-TY6816,TY-EQ,1968-09-27T03:00:00Z,32.035,129.0,
EQ-iscgem814065__TC-TY6816,TY-EQ,1968-09-27T06:00:00Z,32.1,129.0,
EQ-iscgem814065__TC-TY6816,TY-EQ,1968-09-27T09:00:00Z,32.1925,129.0,
EQ-iscgem814065__TC-TY6816,TY-EQ,1968-09-27T12:00:00Z,32.3,129.0,
EQ-iscgem818122__TC-TY6804,TY-EQ,1968-07-19T00:00:00Z,13.0,152.0,13.362742
EQ-iscgem818122__TC-TY6804,TY-EQ,1968-07-19T03:00:00Z,13.0425,151.663,11.574055
EQ-iscgem818122__TC-TY6804,TY-EQ,1968-07-19T06:00:00Z,13.1,151.3,9.616676
EQ-iscgem818122__TC-TY6804,TY-EQ,1968-07-19T09:00:00Z,13.185,150.9,9.616676
EQ-iscgem818122__TC-TY6804,TY-EQ,1968-07-19T12:00:00Z,13.3,150.5,9.616676
EQ-iscgem818122__TC-TY6804,TY-EQ,1968-07-19T15:00:00Z,13.4424,150.135,9.616676
EQ-iscgem818122__TC-TY6804,TY-EQ,1968-07-19T18:00:00Z,13.6,149.8,9.616676
EQ-iscgem818122__TC-TY6804,TY-EQ,1968-07-19T21:00:00Z,13.7424,149.507,9.616676
EQ-iscgem818122__TC-TY6804,TY-EQ,1968-07-20T00:00:00Z,13.9,149.2,9.616676
EQ-iscgem818122__TC-TY6804,TY-EQ,1968-07-20T03:00:00Z,14.0926,148.8,11.574055
EQ-iscgem818122__TC-TY6804,TY-EQ,1968-07-20T06:00:00Z,14.3,148.4,13.362742
EQ-iscgem818122__TC-TY6804,TY-EQ,1968-07-20T09:00:00Z,14.485,148.062,13.362742
EQ-iscgem818122__TC-TY6804,TY-EQ,1968-07-20T12:00:00Z,14.7,147.8,13.362742
EQ-iscgem818122__TC-TY6804,TY-EQ,1968-07-20T15:00:00Z,14.9924,147.642,14.208639
EQ-iscgem818122__TC-TY6804,TY-EQ,1968-07-20T18:00:00Z,15.3,147.5,15.027554
EQ-iscgem818122__TC-TY6804,TY-EQ,1968-07-20T21:00:00Z,15.5425,147.265,16.595947
EQ-iscgem818122__TC-TY6804,TY-EQ,1968-07-21T00:00:00Z,15.8,147.0,18.086263
EQ-iscgem818122__TC-TY6804,TY-EQ,1968-07-21T03:00:00Z,16.1125,146.75,19.511519
EQ-iscgem818122__TC-TY6804,TY-EQ,1968-07-21T06:00:00Z,16.5,146.5,20.881366
EQ-iscgem818122__TC-TY6804,TY-EQ,1968-07-21T09:00:00Z,17.0374,146.258,22.848006
EQ-iscgem818122__TC-TY6804,TY-EQ,1968-07-21T12:00:00Z,17.5,146.0,24.108431
EQ-iscgem818122__TC-TY6804,TY-EQ,1968-07-21T15:00:00Z,17.6525,145.707,24.108431
EQ-iscgem818122__TC-TY6804,TY-EQ,1968-07-21T18:00:00Z,17.7,145.4,24.108431
EQ-iscgem818122__TC-TY6804,TY-EQ,1968-07-21T21:00:00Z,17.8349,145.115,25.933752
EQ-iscgem818122__TC-TY6804,TY-EQ,1968-07-22T00:00:00Z,18.0,144.8,27.112007
EQ-iscgem818122__TC-TY6804,TY-EQ,1968-07-22T03:00:00Z,18.1925,144.408,29.941627
EQ-iscgem818122__TC-TY6804,TY-EQ,1968-07-22T06:00:00Z,18.4,144.0,32.630386
EQ-iscgem818122__TC-TY6804,TY-EQ,1968-07-22T09:00:00Z,18.6074,143.635,35.201765
EQ-iscgem818122__TC-TY6804,TY-EQ,1968-07-22T12:00:00Z,18.8,143.3,37.673179
EQ-iscgem818122__TC-TY6804,TY-EQ,1968-07-22T15:00:00Z,18.9575,142.97,39.113731
EQ-iscgem818122__TC-TY6804,TY-EQ,1968-07-22T18:00:00Z,19.1,142.7,40.05799
EQ-iscgem818122__TC-TY6804,TY-EQ,1968-07-22T21:00:00Z,19.2499,142.512,41.451782
EQ-iscgem818122__TC-TY6804,TY-EQ,1968-07-23T00:00:00Z,19.4,142.4,42.366734
EQ-iscgem818122__TC-TY6804,TY-EQ,1968-07-23T03:00:00Z,19.5424,142.357,42.366734
EQ-iscgem818122__TC-TY6804,TY-EQ,1968-07-23T06:00:00Z,19.7,142.3,42.366734
EQ-iscgem818122__TC-TY6804,TY-EQ,1968-07-23T09:00:00Z,19.9001,142.093,43.719068
EQ-iscgem818122__TC-TY6804,TY-EQ,1968-07-23T12:00:00Z,20.1,141.9,44.6079
EQ-iscgem818122__TC-TY6804,TY-EQ,1968-07-23T15:00:00Z,20.2497,141.952,44.6079
EQ-iscgem818122__TC-TY6804,TY-EQ,1968-07-23T18:00:00Z,20.4,141.9,44.6079
EQ-iscgem818122__TC-TY6804,TY-EQ,1968-07-23T21:00:00Z,20.5783,141.373,48.914209
EQ-iscgem818122__TC-TY6804,TY-EQ,1968-07-24T00:00:00Z,20.8,140.8,53.020201
EQ-iscgem818122__TC-TY6804,TY-EQ,1968-07-24T03:00:00Z,21.0546,140.605,53.020201
EQ-iscgem818122__TC-TY6804,TY-EQ,1968-07-24T06:00:00Z,21.4,140.5,53.020201
EQ-iscgem818122__TC-TY6804,TY-EQ,1968-07-24T09:00:00Z,21.8772,140.31,52.213388
EQ-iscgem818122__TC-TY6804,TY-EQ,1968-07-24T12:00:00Z,22.4,140.0,50.990061
EQ-iscgem818122__TC-TY6804,TY-EQ,1968-07-24T15:00:00Z,22.8805,139.458,50.990061
EQ-iscgem818122__TC-TY6804,TY-EQ,1968-07-24T18:00:00Z,23.3,138.9,50.990061
EQ-iscgem818122__TC-TY6804,TY-EQ,1968-07-24T21:00:00Z,23.6296,138.569,50.165426
EQ-iscgem818122__TC-TY6804,TY-EQ,1968-07-25T00:00:00Z,23.9,138.3,48.914209
EQ-iscgem818122__TC-TY6804,TY-EQ,1968-07-25T03:00:00Z,24.1575,137.95,46.788457
EQ-iscgem818122__TC-TY6804,TY-EQ,1968-07-25T06:00:00Z,24.4,137.6,44.6079
EQ-iscgem818122__TC-TY6804,TY-EQ,1968-07-25T09:00:00Z,24.635,137.262,43.719068
EQ-iscgem818122__TC-TY6804,TY-EQ,1968-07-25T12:00:00Z,24.9,137.0,42.366734
EQ-iscgem818122__TC-TY6804,TY-EQ,1968-07-25T15:00:00Z,25.2349,136.862,42.366734
EQ-iscgem818122__TC-TY6804,TY-EQ,1968-07-25T18:00:00Z,25.6,136.8,42.366734
EQ-iscgem818122__TC-TY6804,TY-EQ,1968-07-25T21:00:00Z,25.9574,136.772,41.451782
EQ-iscgem818122__TC-TY6804,TY-EQ,1968-07-26T00:00:00Z,26.3,136.7,40.05799
EQ-iscgem818122__TC-TY6804,TY-EQ,1968-07-26T03:00:00Z,26.6076,136.48,39.113731
EQ-iscgem818122__TC-TY6804,TY-EQ,1968-07-26T06:00:00Z,26.9,136.2,37.673179
EQ-iscgem818122__TC-TY6804,TY-EQ,1968-07-26T09:00:00Z,27.17,135.935,36.69568
EQ-iscgem818122__TC-TY6804,TY-EQ,1968-07-26T12:00:00Z,27.5,135.7,35.201765
EQ-iscgem818122__TC-TY6804,TY-EQ,1968-07-26T15:00:00Z,27.9774,135.55,35.201765
EQ-iscgem818122__TC-TY6804,TY-EQ,1968-07-26T18:00:00Z,28.5,135.4,35.201765
EQ-iscgem818122__TC-TY6804,TY-EQ,1968-07-26T21:00:00Z,28.9876,135.15,35.201765
EQ-iscgem818122__TC-TY6804,TY-EQ,1968-07-27T00:00:00Z,29.4,134.9,35.201765
EQ-iscgem818122__TC-TY6804,TY-EQ,1968-07-27T03:00:00Z,29.6875,134.705,35.201765
EQ-iscgem818122__TC-TY6804,TY-EQ,1968-07-27T06:00:00Z,29.9,134.6,35.201765
EQ-iscgem818122__TC-TY6804,TY-EQ,1968-07-27T09:00:00Z,30.0925,134.642,34.186077
EQ-iscgem818122__TC-TY6804,TY-EQ,1968-07-27T12:00:00Z,30.3,134.7,32.630386
EQ-iscgem818122__TC-TY6804,TY-EQ,1968-07-27T15:00:00Z,30.5775,134.623,32.630386
EQ-iscgem818122__TC-TY6804,TY-EQ,1968-07-27T18:00:00Z,30.9,134.5,32.630386
EQ-iscgem818122__TC-TY6804,TY-EQ,1968-07-27T21:00:00Z,31.2199,134.429,32.630386
EQ-iscgem818122__TC-TY6804,TY-EQ,1968-07-28T00:00:00Z,31.6,134.3,32.630386
EQ-iscgem818122__TC-TY6804,TY-EQ,1968-07-28T03:00:00Z,32.0474,134.052,31.570119
EQ-iscgem818122__TC-TY6804,TY-EQ,1968-07-28T06:00:00Z,32.6,133.7,29.941627
EQ-iscgem818122__TC-TY6804,TY-EQ,1968-07-28T09:00:00Z,33.3363,133.355,29.387863
EQ-iscgem818122__TC-TY6804,TY-EQ,1968-07-28T12:00:00Z,34.0,132.8,28.262604
EQ-iscgem818122__TC-TY6804,TY-EQ,1968-07-28T15:00:00Z,34.4247,131.817,27.690609
EQ-iscgem818122__TC-TY6804,TY-EQ,1968-07-28T18:00:00Z,34.5,130.8,27.112007
EQ-iscgem818122__TC-TY6804,TY-EQ,1968-07-28T21:00:00Z,34.1392,130.112,27.112007
EQ-iscgem818122__TC-TY6804,TY-EQ,1968-07-29T00:00:00Z,33.6,129.7,27.112007
EQ-iscgem818122__TC-TY6804,TY-EQ,1968-07-29T03:00:00Z,33.1969,129.458,26.526496
EQ-iscgem818122__TC-TY6804,TY-EQ,1968-07-29T06:00:00Z,32.9,129.5,25.933752
EQ-iscgem818122__TC-TY6804,TY-EQ,1968-07-29T09:00:00Z,32.7481,129.863,24.725121
EQ-iscgem818122__TC-TY6804,TY-EQ,1968-07-29T12:00:00Z,32.7,130.3,23.482894
EQ-iscgem818122__TC-TY6804,TY-EQ,1968-07-29T15:00:00Z,32.6839,130.39,22.848006
EQ-iscgem818122__TC-TY6804,TY-EQ,1968-07-29T18:00:00Z,32.7,130.6,22.203211
EQ-iscgem818122__TC-TY6804,TY-EQ,1968-07-29T21:00:00Z,32.7099,131.437,22.203211
EQ-iscgem818122__TC-TY6804,TY-EQ,1968-07-30T00:00:00Z,32.7,132.2,22.203211
EQ-iscgem818122__TC-TY6804,TY-EQ,1968-07-30T03:00:00Z,32.6561,132.092,22.203211
EQ-iscgem818122__TC-TY6804,TY-EQ,1968-07-30T06:00:00Z,32.6,132.0,22.203211
EQ-iscgem818122__TC-TY6804,TY-EQ,1968-07-30T09:00:00Z,32.5523,132.775,21.547893
EQ-iscgem818122__TC-TY6804,TY-EQ,1968-07-30T12:00:00Z,32.5,133.7,20.881366
EQ-iscgem818122__TC-TY6804,TY-EQ,1968-07-30T15:00:00Z,32.4412,134.145,20.202862
EQ-iscgem818122__TC-TY6804,TY-EQ,1968-07-30T18:00:00Z,32.4,134.5,19.511519
EQ-iscgem818122__TC-TY6804,TY-EQ,1968-07-30T21:00:00Z,32.3995,134.99,18.806357
EQ-iscgem818122__TC-TY6804,TY-EQ,1968-07-31T00:00:00Z,32.4,135.6,18.086263
EQ-iscgem818122__TC-TY6804,TY-EQ,1968-07-31T03:00:00Z,32.3583,136.4,18.086263
EQ-iscgem818122__TC-TY6804,TY-EQ,1968-07-31T06:00:00Z,32.3,137.2,18.086263
EQ-iscgem818122__TC-TY6804,TY-EQ,1968-07-31T09:00:00Z,32.2566,137.78,18.086263
EQ-iscgem818122__TC-TY6804,TY-EQ,1968-07-31T12:00:00Z,32.2,138.3,18.086263
EQ-iscgem818122__TC-TY6804,TY-EQ,1968-07-31T15:00:00Z,32.0925,138.908,17.349955
EQ-iscgem818122__TC-TY6804,TY-EQ,1968-07-31T18:00:00Z,32.0,139.5,16.595947
EQ-iscgem818122__TC-TY6804,TY-EQ,1968-07-31T21:00:00Z,31.9471,140.015,16.595947
EQ-iscgem818122__TC-TY6804,TY-EQ,1968-08-01T00:00:00Z,32.0,140.5,16.595947
EQ-iscgem818122__TC-TY6804,TY-EQ,1968-08-01T03:00:00Z,32.175,141.015,16.595947
EQ-iscgem818122__TC-TY6804,TY-EQ,1968-08-01T06:00:00Z,32.5,141.5,16.595947
EQ-iscgem818122__TC-TY6804,TY-EQ,1968-08-01T09:00:00Z,32.9697,141.915,15.027554
EQ-iscgem818122__TC-TY6804,TY-EQ,1968-08-01T12:00:00Z,33.5,142.3,13.362742
EQ-iscgem818122__TC-TY6804,TY-EQ,1968-08-01T15:00:00Z,33.9048,142.694,13.362742
EQ-iscgem818122__TC-TY6804,TY-EQ,1968-08-01T18:00:00Z,34.4,143.1,13.362742
EQ-iscgem818122__TC-TY6804,TY-EQ,1968-08-01T21:00:00Z,35.1698,143.527,12.486127
EQ-iscgem818122__TC-TY6804,TY-EQ,1968-08-02T00:00:00Z,36.0,144.0,11.574055
EQ-iscgem818122__TC-TY6804,TY-EQ,1968-08-02T03:00:00Z,36.6872,144.521,10.620347
EQ-iscgem818122__TC-TY6804,TY-EQ,1968-08-02T06:00:00Z,37.3,145.1,9.616676
EQ-iscgem818122__TC-TY6804,TY-EQ,1968-08-02T09:00:00Z,37.8499,145.736,8.551302
EQ-iscgem818122__TC-TY6804,TY-EQ,1968-08-02T12:00:00Z,38.4,146.4,7.406657
EQ-iscgem818122__TC-TY6804,TY-EQ,1968-08-02T15:00:00Z,39.0346,147.051,7.406657
EQ-iscgem818122__TC-TY6804,TY-EQ,1968-08-02T18:00:00Z,39.7,147.7,7.406657
EQ-iscgem818122__TC-TY6804,TY-EQ,1968-08-02T21:00:00Z,40.3719,148.336,7.406657
EQ-iscgem818122__TC-TY6804,TY-EQ,1968-08-03T00:00:00Z,41.0,149.0,7.406657
EQ-iscgem818122__TC-TY6804,TY-EQ,1968-08-03T03:00:00Z,41.5223,149.737,6.154059
EQ-iscgem818122__TC-TY6804,TY-EQ,1968-08-03T06:00:00Z,42.0,150.5,4.739788
EQ-iscgem818122__TC-TY6804,TY-EQ,1968-08-03T09:00:00Z,42.537,151.25,4.739788
EQ-iscgem818122__TC-TY6804,TY-EQ,1968-08-03T12:00:00Z,43.0,152.0,4.739788
EQ-iscgem818122__TC-TY6804,TY-EQ,1968-08-03T15:00:00Z,43.287,152.752,4.739788
EQ-iscgem818122__TC-TY6804,TY-EQ,1968-08-03T18:00:00Z,43.5,153.5,4.739788
EQ-iscgem818122__TC-TY6804,TY-EQ,1968-08-03T21:00:00Z,43.7112,154.215,4.739788
EQ-iscgem818122__TC-TY6804,TY-EQ,1968-08-04T00:00:00Z,44.0,155.0,4.739788
EQ-iscgem818122__TC-TY6804,TY-EQ,1968-08-04T03:00:00Z,44.4603,155.889,6.154059
EQ-iscgem818122__TC-TY6804,TY-EQ,1968-08-04T06:00:00Z,45.0,157.0,6.154059
EQ-iscgem818122__TC-TY6804,TY-EQ,1968-08-04T09:00:00Z,45.5033,158.499,8.551302
EQ-iscgem818122__TC-TY6804,TY-EQ,1968-08-04T12:00:00Z,46.0,160.0,9.616676
EQ-iscgem818122__TC-TY6804,TY-EQ,1968-08-04T15:00:00Z,46.4796,161.007,11.574055
EQ-iscgem818122__TC-TY6804,TY-EQ,1968-08-04T18:00:00Z,47.0,162.0,13.362742
EQ-iscgem818122__TC-TY6804,TY-EQ,1968-08-04T21:00:00Z,47.6033,163.496,14.208639
EQ-iscgem818122__TC-TY6804,TY-EQ,1968-08-05T00:00:00Z,48.2,165.0,15.027554
EQ-iscgem818122__TC-TY6804,TY-EQ,1968-08-05T03:00:00Z,48.7267,166.079,16.595947
EQ-iscgem818122__TC-TY6804,TY-EQ,1968-08-05T06:00:00Z,49.2,167.0,18.086263
EQ-iscgem818122__TC-TY6804,TY-EQ,1968-08-05T09:00:00Z,49.6194,167.929,18.806357
EQ-iscgem818122__TC-TY6804,TY-EQ,1968-08-05T12:00:00Z,50.0,169.0,19.511519
EQ-iscgem818122__TC-TY6804,TY-EQ,1968-08-05T15:00:00Z,50.3567,170.39,20.202862
EQ-iscgem818122__TC-TY6804,TY-EQ,1968-08-05T18:00:00Z,50.7,172.0,20.881366
EQ-iscgem818122__TC-TY6804,TY-EQ,1968-08-05T21:00:00Z,51.0739,173.771,21.547893
EQ-iscgem818122__TC-TY6804,TY-EQ,1968-08-06T00:00:00Z,51.4,175.5,22.203211
EQ-iscgem818122__TC-TY6804,TY-EQ,1968-08-06T03:00:00Z,51.6356,176.98,22.848006
EQ-iscgem818122__TC-TY6804,TY-EQ,1968-08-06T06:00:00Z,51.8,178.2,23.482894
EQ-iscgem818122__TC-TY6804,TY-EQ,1968-08-06T09:00:00Z,51.9135,179.169,23.482894
EQ-iscgem818122__TC-TY6804,TY-EQ,1968-08-06T12:00:00Z,52.0,180.0,23.482894
EQ-iscgem818523__TC-TY6810,EQ-TY,1968-08-22T00:00:00Z,20.0,138.3,9.616676
EQ-iscgem818523__TC-TY6810,EQ-TY,1968-08-22T03:00:00Z,21.0937,137.494,10.620347
EQ-iscgem818523__TC-TY6810,EQ-TY,1968-08-22T06:00:00Z,21.9,136.8,11.574055
EQ-iscgem818523__TC-TY6810,EQ-TY,1968-08-22T09:00:00Z,22.2469,136.303,12.486127
EQ-iscgem818523__TC-TY6810,EQ-TY,1968-08-22T12:00:00Z,22.4,135.9,13.362742
EQ-iscgem818523__TC-TY6810,EQ-TY,1968-08-22T15:00:00Z,22.715,135.435,13.362742
EQ-iscgem818523__TC-TY6810,EQ-TY,1968-08-22T18:00:00Z,23.0,135.0,13.362742
EQ-iscgem818523__TC-TY6810,EQ-TY,1968-08-22T21:00:00Z,23.1569,134.679,14.208639
EQ-iscgem818523__TC-TY6810,EQ-TY,1968-08-23T00:00:00Z,23.3,134.3,15.027554
EQ-iscgem818523__TC-TY6810,EQ-TY,1968-08-23T03:00:00Z,23.5428,133.688,15.8225
EQ-iscgem818523__TC-TY6810,EQ-TY,1968-08-23T06:00:00Z,23.8,133.0,16.595947
EQ-iscgem818523__TC-TY6810,EQ-TY,1968-08-23T09:00:00Z,24.0223,132.385,18.086263
EQ-iscgem818523__TC-TY6810,EQ-TY,1968-08-23T12:00:00Z,24.2,131.8,19.511519
EQ-iscgem818523__TC-TY6810,EQ-TY,1968-08-23T15:00:00Z,24.3223,131.235,21.547893
EQ-iscgem818523__TC-TY6810,EQ-TY,1968-08-23T18:00:00Z,24.4,130.7,23.482894
EQ-iscgem818523__TC-TY6810,EQ-TY,1968-08-23T21:00:00Z,24.4949,130.178,23.482894
EQ-iscgem818523__TC-TY6810,EQ-TY,1968-08-24T00:00:00Z,24.5,129.7,23.482894
EQ-iscgem818523__TC-TY6810,EQ-TY,1968-08-24T03:00:00Z,24.3524,129.27,24.108431
EQ-iscgem818523__TC-TY6810,EQ-TY,1968-08-24T06:00:00Z,24.1,128.9,24.108431
EQ-iscgem818523__TC-TY6810,EQ-TY,1968-08-24T09:00:00Z,23.845,128.517,24.108431
EQ-iscgem818523__TC-TY6810,EQ-TY,1968-08-24T12:00:00Z,23.5,128.3,24.108431
EQ-iscgem818523__TC-TY6810,EQ-TY,1968-08-24T15:00:00Z,22.9319,128.301,24.108431
EQ-iscgem818523__TC-TY6810,EQ-TY,1968-08-24T18:00:00Z,22.5,128.6,24.108431
EQ-iscgem818523__TC-TY6810,EQ-TY,1968-08-24T21:00:00Z,22.4789,129.322,24.108431
EQ-iscgem818523__TC-TY6810,EQ-TY,1968-08-25T00:00:00Z,22.8,130.0,24.108431
EQ-iscgem818523__TC-TY6810,EQ-TY,1968-08-25T03:00:00Z,23.4419,130.143,24.108431
EQ-iscgem818523__TC-TY6810,EQ-TY,1968-08-25T06:00:00Z,24.1,130.0,24.108431
EQ-iscgem818523__TC-TY6810,EQ-TY,1968-08-25T09:00:00Z,24.3677,129.743,22.848006
EQ-iscgem818523__TC-TY6810,EQ-TY,1968-08-25T12:00:00Z,24.5,129.5,20.881366
EQ-iscgem818523__TC-TY6810,EQ-TY,1968-08-25T15:00:00Z,24.6999,129.535,24.108431
EQ-iscgem818523__TC-TY6810,EQ-TY,1968-08-25T18:00:00Z,24.9,129.6,27.112007
EQ-iscgem818523__TC-TY6810,EQ-TY,1968-08-25T21:00:00Z,25.1376,129.465,27.112007
EQ-iscgem818523__TC-TY6810,EQ-TY,1968-08-26T00:00:00Z,25.3,129.3,27.112007
EQ-iscgem818523__TC-TY6810,EQ-TY,1968-08-26T03:00:00Z,25.295,129.22,27.112007
EQ-iscgem818523__TC-TY6810,EQ-TY,1968-08-26T06:00:00Z,25.2,129.2,27.112007
EQ-iscgem818523__TC-TY6810,EQ-TY,1968-08-26T09:00:00Z,25.055,129.243,25.933752
EQ-iscgem818523__TC-TY6810,EQ-TY,1968-08-26T12:00:00Z,25.0,129.3,24.108431
EQ-iscgem818523__TC-TY6810,EQ-TY,1968-08-26T15:00:00Z,25.175,129.308,25.933752
EQ-iscgem818523__TC-TY6810,EQ-TY,1968-08-26T18:00:00Z,25.5,129.3,27.112007
EQ-iscgem818523__TC-TY6810,EQ-TY,1968-08-26T21:00:00Z,25.9075,129.3,27.112007
EQ-iscgem818523__TC-TY6810,EQ-TY,1968-08-27T00:00:00Z,26.3,129.3,27.112007
EQ-iscgem818523__TC-TY6810,EQ-TY,1968-08-27T03:00:00Z,26.53,129.285,27.112007
EQ-iscgem818523__TC-TY6810,EQ-TY,1968-08-27T06:00:00Z,26.7,129.3,27.112007
EQ-iscgem818523__TC-TY6810,EQ-TY,1968-08-27T09:00:00Z,26.87,129.407,27.112007
EQ-iscgem818523__TC-TY6810,EQ-TY,1968-08-27T12:00:00Z,27.1,129.5,27.112007
EQ-iscgem818523__TC-TY6810,EQ-TY,1968-08-27T15:00:00Z,27.485,129.48,27.112007
EQ-iscgem818523__TC-TY6810,EQ-TY,1968-08-27T18:00:00Z,27.9,129.4,27.112007
EQ-iscgem818523__TC-TY6810,EQ-TY,1968-08-27T21:00:00Z,28.185,129.307,25.933752
EQ-iscgem818523__TC-TY6810,EQ-TY,1968-08-28T00:00:00Z,28.5,129.2,24.108431
EQ-iscgem818523__TC-TY6810,EQ-TY,1968-08-28T03:00:00Z,28.9625,129.048,25.933752
EQ-iscgem818523__TC-TY6810,EQ-TY,1968-08-28T06:00:00Z,29.5,129.0,27.112007
EQ-iscgem818523__TC-TY6810,EQ-TY,1968-08-28T09:00:00Z,30.0646,129.145,26.526496
EQ-iscgem818523__TC-TY6810,EQ-TY,1968-08-28T12:00:00Z,30.6,129.5,25.933752
EQ-iscgem818523__TC-TY6810,EQ-TY,1968-08-28T15:00:00Z,30.9175,130.028,24.725121
EQ-iscgem818523__TC-TY6810,EQ-TY,1968-08-28T18:00:00Z,31.4,130.7,23.482894
EQ-iscgem818523__TC-TY6810,EQ-TY,1968-08-28T21:00:00Z,32.3929,131.333,22.848006
EQ-iscgem818523__TC-TY6810,EQ-TY,1968-08-29T00:00:00Z,33.6,132.2,22.203211
EQ-iscgem818523__TC-TY6810,EQ-TY,1968-08-29T03:00:00Z,34.7413,133.385,22.203211
EQ-iscgem818523__TC-TY6810,EQ-TY,1968-08-29T06:00:00Z,35.8,135.0,22.203211
EQ-iscgem818523__TC-TY6810,EQ-TY,1968-08-29T09:00:00Z,36.484,137.127,21.547893
EQ-iscgem818523__TC-TY6810,EQ-TY,1968-08-29T12:00:00Z,37.4,139.4,20.881366
EQ-iscgem818523__TC-TY6810,EQ-TY,1968-08-29T15:00:00Z,39.1397,141.456,21.547893
EQ-iscgem818523__TC-TY6810,EQ-TY,1968-08-29T18:00:00Z,41.2,143.4,22.203211
EQ-iscgem818523__TC-TY6810,EQ-TY,1968-08-29T21:00:00Z,43.1844,145.344,23.482894
EQ-iscgem818523__TC-TY6810,EQ-TY,1968-08-30T00:00:00Z,44.9,147.0,24.725121
EQ-iscgem818523__TC-TY6810,EQ-TY,1968-08-30T03:00:00Z,46.0592,148.138,25.333421
EQ-iscgem818523__TC-TY6810,EQ-TY,1968-08-30T06:00:00Z,46.9,149.0,25.933752
EQ-iscgem818523__TC-TY6810,EQ-TY,1968-08-30T09:00:00Z,47.7517,149.928,25.333421
EQ-iscgem818523__TC-TY6810,EQ-TY,1968-08-30T12:00:00Z,48.4,151.0,24.725121
EQ-iscgem818523__TC-TY6810,EQ-TY,1968-08-30T15:00:00Z,48.7779,152.318,24.725121
EQ-iscgem818523__TC-TY6810,EQ-TY,1968-08-30T18:00:00Z,49.0,154.0,24.725121
EQ-iscgem818523__TC-TY6810,EQ-TY,1968-08-30T21:00:00Z,49.1774,156.255,22.848006
EQ-iscgem818523__TC-TY6810,EQ-TY,1968-08-31T00:00:00Z,49.4,158.5,20.881366
EQ-iscgem818523__TC-TY6810,EQ-TY,1968-08-31T03:00:00Z,49.8792,160.147,20.202862
EQ-iscgem818523__TC-TY6810,EQ-TY,1968-08-31T06:00:00Z,50.4,161.5,19.511519
EQ-iscgem818523__TC-TY6810,EQ-TY,1968-08-31T09:00:00Z,50.7423,162.791,18.806357
EQ-iscgem818523__TC-TY6810,EQ-TY,1968-08-31T12:00:00Z,51.0,164.0,18.086263
EQ-iscgem818523__TC-TY6810,EQ-TY,1968-08-31T15:00:00Z,51.2736,165.247,17.349955
EQ-iscgem818523__TC-TY6810,EQ-TY,1968-08-31T18:00:00Z,51.4,166.5,16.595947
EQ-iscgem818523__TC-TY6810,EQ-TY,1968-08-31T21:00:00Z,51.3255,167.733,15.027554
EQ-iscgem818523__TC-TY6810,EQ-TY,1968-09-01T00:00:00Z,51.0,169.0,13.362742
EQ-iscgem818523__TC-TY6810,EQ-TY,1968-09-01T03:00:00Z,50.4031,170.393,13.362742
EQ-iscgem818523__TC-TY6810,EQ-TY,1968-09-01T06:00:00Z,49.7,171.7,13.362742
EQ-iscgem818523__TC-TY6810,EQ-TY,1968-09-01T09:00:00Z,49.1254,172.755,11.574055
EQ-iscgem818523__TC-TY6810,EQ-TY,1968-09-01T12:00:00Z,48.6,173.7,9.616676
EQ-iscgem818523__TC-TY6810,EQ-TY,1968-09-01T15:00:00Z,48.1354,174.614,8.551302
EQ-iscgem818523__TC-TY6810,EQ-TY,1968-09-01T18:00:00Z,47.6,175.6,7.406657
EQ-iscgem818523__TC-TY6810,EQ-TY,1968-09-01T21:00:00Z,46.8744,176.754,7.406657
EQ-iscgem818523__TC-TY6810,EQ-TY,1968-09-02T00:00:00Z,46.0,178.0,7.406657
EQ-iscgem818523__TC-TY6810,EQ-TY,1968-09-02T03:00:00Z,45.0275,179.261,7.406657
EQ-iscgem818523__TC-TY6810,EQ-TY,1968-09-02T06:00:00Z,44.0,180.5,7.406657
EQ-iscgem829217__TC-TY6722,TY-EQ,1967-08-29T00:00:00Z,15.0,170.0,7.406657
EQ-iscgem829217__TC-TY6722,TY-EQ,1967-08-29T03:00:00Z,15.165,169.793,8.551302
EQ-iscgem829217__TC-TY6722,TY-EQ,1967-08-29T06:00:00Z,15.3,169.6,9.616676
EQ-iscgem829217__TC-TY6722,TY-EQ,1967-08-29T09:00:00Z,15.3925,169.435,10.620347
EQ-iscgem829217__TC-TY6722,TY-EQ,1967-08-29T12:00:00Z,15.5,169.3,11.574055
EQ-iscgem829217__TC-TY6722,TY-EQ,1967-08-29T15:00:00Z,15.7,169.2,12.486127
EQ-iscgem829217__TC-TY6722,TY-EQ,1967-08-29T18:00:00Z,15.9,169.1,13.362742
EQ-iscgem829217__TC-TY6722,TY-EQ,1967-08-29T21:00:00Z,15.9925,168.95,14.208639
EQ-iscgem829217__TC-TY6722,TY-EQ,1967-08-30T00:00:00Z,16.1,168.8,15.027554
EQ-iscgem829217__TC-TY6722,TY-EQ,1967-08-30T03:00:00Z,16.3425,168.693,16.595947
EQ-iscgem829217__TC-TY6722,TY-EQ,1967-08-30T06:00:00Z,16.6,168.6,18.086263
EQ-iscgem829217__TC-TY6722,TY-EQ,1967-08-30T09:00:00Z,16.78,168.492,19.511519
EQ-iscgem829217__TC-TY6722,TY-EQ,1967-08-30T12:00:00Z,16.9,168.4,20.881366
EQ-iscgem829217__TC-TY6722,TY-EQ,1967-08-30T15:00:00Z,16.9425,168.35,22.848006
EQ-iscgem829217__TC-TY6722,TY-EQ,1967-08-30T18:00:00Z,17.0,168.3,24.725121
EQ-iscgem829217__TC-TY6722,TY-EQ,1967-08-30T21:00:00Z,17.2075,168.215,25.333421
EQ-iscgem829217__TC-TY6722,TY-EQ,1967-08-31T00:00:00Z,17.4,168.1,25.933752
EQ-iscgem829217__TC-TY6722,TY-EQ,1967-08-31T03:00:00Z,17.4225,167.972,28.262604
EQ-iscgem829217__TC-TY6722,TY-EQ,1967-08-31T06:00:00Z,17.4,167.8,29.941627
EQ-iscgem829217__TC-TY6722,TY-EQ,1967-08-31T09:00:00Z,17.4125,167.557,32.102672
EQ-iscgem829217__TC-TY6722,TY-EQ,1967-08-31T12:00:00Z,17.5,167.3,33.671939
EQ-iscgem829217__TC-TY6722,TY-EQ,1967-08-31T15:00:00Z,17.7424,167.108,33.153424
EQ-iscgem829217__TC-TY6722,TY-EQ,1967-08-31T18:00:00Z,18.0,166.9,32.630386
EQ-iscgem829217__TC-TY6722,TY-EQ,1967-08-31T21:00:00Z,18.13,166.607,31.032552
EQ-iscgem829217__TC-TY6722,TY-EQ,1967-09-01T00:00:00Z,18.2,166.3,29.387863
EQ-iscgem829217__TC-TY6722,TY-EQ,1967-09-01T03:00:00Z,18.2499,166.057,29.387863
EQ-iscgem829217__TC-TY6722,TY-EQ,1967-09-01T06:00:00Z,18.3,165.8,29.387863
EQ-iscgem829217__TC-TY6722,TY-EQ,1967-09-01T09:00:00Z,18.3849,165.487,29.941627
EQ-iscgem829217__TC-TY6722,TY-EQ,1967-09-01T12:00:00Z,18.5,165.1,30.489787
EQ-iscgem829217__TC-TY6722,TY-EQ,1967-09-01T15:00:00Z,18.6801,164.615,31.032552
EQ-iscgem829217__TC-TY6722,TY-EQ,1967-09-01T18:00:00Z,18.8,164.1,31.570119
EQ-iscgem829217__TC-TY6722,TY-EQ,1967-09-01T21:00:00Z,18.6923,163.649,31.570119
EQ-iscgem829217__TC-TY6722,TY-EQ,1967-09-02T00:00:00Z,18.6,163.2,31.570119
EQ-iscgem829217__TC-TY6722,TY-EQ,1967-09-02T03:00:00Z,18.7852,162.663,36.201503
EQ-iscgem829217__TC-TY6722,TY-EQ,1967-09-02T06:00:00Z,19.0,162.2,40.05799
EQ-iscgem829217__TC-TY6722,TY-EQ,1967-09-02T09:00:00Z,19.0147,161.977,44.6079
EQ-iscgem829217__TC-TY6722,TY-EQ,1967-09-02T12:00:00Z,19.0,161.8,48.914209
EQ-iscgem829217__TC-TY6722,TY-EQ,1967-09-02T15:00:00Z,19.0699,161.487,48.070153
EQ-iscgem829217__TC-TY6722,TY-EQ,1967-09-02T18:00:00Z,19.2,161.1,46.788457
EQ-iscgem829217__TC-TY6722,TY-EQ,1967-09-02T21:00:00Z,19.3775,160.665,46.788457
EQ-iscgem829217__TC-TY6722,TY-EQ,1967-09-03T00:00:00Z,19.6,160.2,46.788457
EQ-iscgem829217__TC-TY6722,TY-EQ,1967-09-03T03:00:00Z,19.8498,159.757,48.070153
EQ-iscgem829217__TC-TY6722,TY-EQ,1967-09-03T06:00:00Z,20.1,159.3,48.914209
EQ-iscgem829217__TC-TY6722,TY-EQ,1967-09-03T09:00:00Z,20.3297,158.83,50.165426
EQ-iscgem829217__TC-TY6722,TY-EQ,1967-09-03T12:00:00Z,20.5,158.3,50.990061
EQ-iscgem829217__TC-TY6722,TY-EQ,1967-09-03T15:00:00Z,20.5654,157.635,52.213388
EQ-iscgem829217__TC-TY6722,TY-EQ,1967-09-03T18:00:00Z,20.6,157.0,53.020201
EQ-iscgem829217__TC-TY6722,TY-EQ,1967-09-03T21:00:00Z,20.6844,156.585,54.217866
EQ-iscgem829217__TC-TY6722,TY-EQ,1967-09-04T00:00:00Z,20.8,156.2,55.008241
EQ-iscgem829217__TC-TY6722,TY-EQ,1967-09-04T03:00:00Z,20.9276,155.665,53.020201
EQ-iscgem829217__TC-TY6722,TY-EQ,1967-09-04T06:00:00Z,21.1,155.1,50.990061
EQ-iscgem829217__TC-TY6722,TY-EQ,1967-09-04T09:00:00Z,21.3347,154.6,48.914209
EQ-iscgem829217__TC-TY6722,TY-EQ,1967-09-04T12:00:00Z,21.6,154.1,46.788457
EQ-iscgem829217__TC-TY6722,TY-EQ,1967-09-04T15:00:00Z,21.8575,153.543,44.6079
EQ-iscgem829217__TC-TY6722,TY-EQ,1967-09-04T18:00:00Z,22.1,153.0,42.366734
EQ-iscgem829217__TC-TY6722,TY-EQ,1967-09-04T21:00:00Z,22.3072,152.542,40.05799
EQ-iscgem829217__TC-TY6722,TY-EQ,1967-09-05T00:00:00Z,22.5,152.1,37.673179
EQ-iscgem829217__TC-TY6722,TY-EQ,1967-09-05T03:00:00Z,22.7001,151.585,37.673179
EQ-iscgem829217__TC-TY6722,TY-EQ,1967-09-05T06:00:00Z,22.9,151.1,37.673179
EQ-iscgem829217__TC-TY6722,TY-EQ,1967-09-05T09:00:00Z,23.0772,150.727,39.113731
EQ-iscgem829217__TC-TY6722,TY-EQ,1967-09-05T12:00:00Z,23.3,150.4,40.05799
EQ-iscgem829217__TC-TY6722,TY-EQ,1967-09-05T15:00:00Z,23.6275,150.043,42.366734
EQ-iscgem829217__TC-TY6722,TY-EQ,1967-09-05T18:00:00Z,24.0,149.7,44.6079
EQ-iscgem829217__TC-TY6722,TY-EQ,1967-09-05T21:00:00Z,24.3725,149.378,45.923113
EQ-iscgem829217__TC-TY6722,TY-EQ,1967-09-06T00:00:00Z,24.7,149.1,46.788457
EQ-iscgem829217__TC-TY6722,TY-EQ,1967-09-06T03:00:00Z,24.9073,148.9,46.788457
EQ-iscgem829217__TC-TY6722,TY-EQ,1967-09-06T06:00:00Z,25.1,148.7,46.788457
EQ-iscgem829217__TC-TY6722,TY-EQ,1967-09-06T09:00:00Z,25.4152,148.385,44.6079
EQ-iscgem829217__TC-TY6722,TY-EQ,1967-09-06T12:00:00Z,25.7,148.1,42.366734
EQ-iscgem829217__TC-TY6722,TY-EQ,1967-09-06T15:00:00Z,25.8222,148.022,42.366734
EQ-iscgem829217__TC-TY6722,TY-EQ,1967-09-06T18:00:00Z,25.9,147.9,42.366734
EQ-iscgem829217__TC-TY6722,TY-EQ,1967-09-06T21:00:00Z,26.0205,147.473,42.366734
EQ-iscgem829217__TC-TY6722,TY-EQ,1967-09-07T00:00:00Z,26.2,147.0,42.366734
EQ-iscgem829217__TC-TY6722,TY-EQ,1967-09-07T03:00:00Z,26.4924,146.69,41.451782
EQ-iscgem829217__TC-TY6722,TY-EQ,1967-09-07T06:00:00Z,26.8,146.5,40.525527
EQ-iscgem829217__TC-TY6722,TY-EQ,1967-09-07T09:00:00Z,27.0374,146.442,40.525527
EQ-iscgem829217__TC-TY6722,TY-EQ,1967-09-07T12:00:00Z,27.2,146.4,40.525527
EQ-iscgem829217__TC-TY6722,TY-EQ,1967-09-07T15:00:00Z,27.2798,146.26,40.525527
EQ-iscgem829217__TC-TY6722,TY-EQ,1967-09-07T18:00:00Z,27.3,146.0,40.525527
EQ-iscgem829217__TC-TY6722,TY-EQ,1967-09-07T21:00:00Z,27.3079,145.55,39.587417
EQ-iscgem829217__TC-TY6722,TY-EQ,1967-09-08T00:00:00Z,27.3,145.1,38.636852
EQ-iscgem829217__TC-TY6722,TY-EQ,1967-09-08T03:00:00Z,27.3146,144.885,37.673179
EQ-iscgem829217__TC-TY6722,TY-EQ,1967-09-08T06:00:00Z,27.3,144.7,36.69568
EQ-iscgem829217__TC-TY6722,TY-EQ,1967-09-08T09:00:00Z,27.2002,144.357,36.69568
EQ-iscgem829217__TC-TY6722,TY-EQ,1967-09-08T12:00:00Z,27.1,144.0,36.69568
EQ-iscgem829217__TC-TY6722,TY-EQ,1967-09-08T15:00:00Z,27.0923,143.743,36.69568
EQ-iscgem829217__TC-TY6722,TY-EQ,1967-09-08T18:00:00Z,27.1,143.5,36.69568
EQ-iscgem829217__TC-TY6722,TY-EQ,1967-09-08T21:00:00Z,27.0574,143.222,36.201503
EQ-iscgem829217__TC-TY6722,TY-EQ,1967-09-09T00:00:00Z,27.0,142.9,35.201765
EQ-iscgem829217__TC-TY6722,TY-EQ,1967-09-09T03:00:00Z,26.9428,142.477,35.201765
EQ-iscgem829217__TC-TY6722,TY-EQ,1967-09-09T06:00:00Z,26.9,142.1,35.201765
EQ-iscgem829217__TC-TY6722,TY-EQ,1967-09-09T09:00:00Z,26.8997,141.943,35.201765
EQ-iscgem829217__TC-TY6722,TY-EQ,1967-09-09T12:00:00Z,26.9,141.8,35.201765
EQ-iscgem829217__TC-TY6722,TY-EQ,1967-09-09T15:00:00Z,26.8726,141.48,35.201765
EQ-iscgem829217__TC-TY6722,TY-EQ,1967-09-09T18:00:00Z,26.8,141.1,35.201765
EQ-iscgem829217__TC-TY6722,TY-EQ,1967-09-09T21:00:00Z,26.6423,140.765,35.201765
EQ-iscgem829217__TC-TY6722,TY-EQ,1967-09-10T00:00:00Z,26.5,140.4,35.201765
EQ-iscgem829217__TC-TY6722,TY-EQ,1967-09-10T03:00:00Z,26.4777,139.943,35.201765
EQ-iscgem829217__TC-TY6722,TY-EQ,1967-09-10T06:00:00Z,26.5,139.5,35.201765
EQ-iscgem829217__TC-TY6722,TY-EQ,1967-09-10T09:00:00Z,26.4772,139.192,35.201765
EQ-iscgem829217__TC-TY6722,TY-EQ,1967-09-10T12:00:00Z,26.5,138.9,35.201765
EQ-iscgem829217__TC-TY6722,TY-EQ,1967-09-10T15:00:00Z,26.6351,138.5,35.201765
EQ-iscgem829217__TC-TY6722,TY-EQ,1967-09-10T18:00:00Z,26.8,138.1,35.201765
EQ-iscgem829217__TC-TY6722,TY-EQ,1967-09-10T21:00:00Z,26.8998,137.785,35.201765
EQ-iscgem829217__TC-TY6722,TY-EQ,1967-09-11T00:00:00Z,27.0,137.5,35.201765
EQ-iscgem829217__TC-TY6722,TY-EQ,1967-09-11T03:00:00Z,27.1501,137.17,35.201765
EQ-iscgem829217__TC-TY6722,TY-EQ,1967-09-11T06:00:00Z,27.3,136.9,35.201765
EQ-iscgem829217__TC-TY6722,TY-EQ,1967-09-11T09:00:00Z,27.3849,136.777,35.201765
EQ-iscgem829217__TC-TY6722,TY-EQ,1967-09-11T12:00:00Z,27.5,136.7,35.201765
EQ-iscgem829217__TC-TY6722,TY-EQ,1967-09-11T15:00:00Z,27.7275,136.55,36.201503
EQ-iscgem829217__TC-TY6722,TY-EQ,1967-09-11T18:00:00Z,28.0,136.4,36.69568
EQ-iscgem829217__TC-TY6722,TY-EQ,1967-09-11T21:00:00Z,28.28,136.278,37.186205
EQ-iscgem829217__TC-TY6722,TY-EQ,1967-09-12T00:00:00Z,28.5,136.2,37.673179
EQ-iscgem829217__TC-TY6722,TY-EQ,1967-09-12T03:00:00Z,28.5575,136.177,37.186205
EQ-iscgem829217__TC-TY6722,TY-EQ,1967-09-12T06:00:00Z,28.6,136.2,36.69568
EQ-iscgem829217__TC-TY6722,TY-EQ,1967-09-12T09:00:00Z,28.7623,136.19,36.69568
EQ-iscgem829217__TC-TY6722,TY-EQ,1967-09-12T12:00:00Z,29.0,136.3,36.69568
EQ-iscgem829217__TC-TY6722,TY-EQ,1967-09-12T15:00:00Z,29.3151,136.639,36.69568
EQ-iscgem829217__TC-TY6722,TY-EQ,1967-09-12T18:00:00Z,29.6,137.1,36.69568
EQ-iscgem829217__TC-TY6722,TY-EQ,1967-09-12T21:00:00Z,29.7073,137.536,36.69568
EQ-iscgem829217__TC-TY6722,TY-EQ,1967-09-13T00:00:00Z,29.8,138.0,36.69568
EQ-iscgem829217__TC-TY6722,TY-EQ,1967-09-13T03:00:00Z,29.9901,138.515,36.69568
EQ-iscgem829217__TC-TY6722,TY-EQ,1967-09-13T06:00:00Z,30.3,139.0,36.69568
EQ-iscgem829217__TC-TY6722,TY-EQ,1967-09-13T09:00:00Z,30.7921,139.365,36.201503
EQ-iscgem829217__TC-TY6722,TY-EQ,1967-09-13T12:00:00Z,31.3,139.7,35.201765
EQ-iscgem829217__TC-TY6722,TY-EQ,1967-09-13T15:00:00Z,31.6297,140.071,35.201765
EQ-iscgem829217__TC-TY6722,TY-EQ,1967-09-13T18:00:00Z,31.9,140.5,35.201765
EQ-iscgem829217__TC-TY6722,TY-EQ,1967-09-13T21:00:00Z,32.1931,141.08,35.201765
EQ-iscgem829217__TC-TY6722,TY-EQ,1967-09-14T00:00:00Z,32.5,141.6,35.201765
EQ-iscgem829217__TC-TY6722,TY-EQ,1967-09-14T03:00:00Z,32.8496,141.868,34.695976
EQ-iscgem829217__TC-TY6722,TY-EQ,1967-09-14T06:00:00Z,33.2,142.0,33.671939
EQ-iscgem829217__TC-TY6722,TY-EQ,1967-09-14T09:00:00Z,33.5149,142.093,33.153424
EQ-iscgem829217__TC-TY6722,TY-EQ,1967-09-14T12:00:00Z,33.8,142.2,32.630386
EQ-iscgem829217__TC-TY6722,TY-EQ,1967-09-14T15:00:00Z,34.1552,142.464,32.102672
EQ-iscgem829217__TC-TY6722,TY-EQ,1967-09-14T18:00:00Z,34.3,142.7,31.570119
EQ-iscgem829217__TC-TY6722,TY-EQ,1967-09-14T21:00:00Z,33.9297,142.798,31.032552
EQ-iscgem829217__TC-TY6722,TY-EQ,1967-09-15T00:00:00Z,33.5,142.7,30.489787
EQ-iscgem829217__TC-TY6722,TY-EQ,1967-09-15T03:00:00Z,33.4682,142.285,30.489787
EQ-iscgem829217__TC-TY6722,TY-EQ,1967-09-15T06:00:00Z,33.6,141.9,29.941627
EQ-iscgem829217__TC-TY6722,TY-EQ,1967-09-15T09:00:00Z,33.7045,141.866,31.570119
EQ-iscgem829217__TC-TY6722,TY-EQ,1967-09-15T12:00:00Z,33.9,142.1,32.630386
EQ-iscgem829217__TC-TY6722,TY-EQ,1967-09-15T15:00:00Z,34.2133,142.584,31.570119
EQ-iscgem829217__TC-TY6722,TY-EQ,1967-09-15T18:00:00Z,34.6,143.1,29.941627
EQ-iscgem829217__TC-TY6722,TY-EQ,1967-09-15T21:00:00Z,34.9765,143.272,29.941627
EQ-iscgem829217__TC-TY6722,TY-EQ,1967-09-16T00:00:00Z,35.4,143.5,29.387863
EQ-iscgem829217__TC-TY6722,TY-EQ,1967-09-16T03:00:00Z,35.8932,144.131,29.941627
EQ-iscgem829217__TC-TY6722,TY-EQ,1967-09-16T06:00:00Z,36.4,144.9,29.941627
EQ-iscgem829217__TC-TY6722,TY-EQ,1967-09-16T09:00:00Z,36.8189,145.523,29.941627
EQ-iscgem829217__TC-TY6722,TY-EQ,1967-09-16T12:00:00Z,37.3,146.2,29.941627
EQ-iscgem829217__TC-TY6722,TY-EQ,1967-09-16T15:00:00Z,38.0238,147.119,28.828269
EQ-iscgem829217__TC-TY6722,TY-EQ,1967-09-16T18:00:00Z,38.7,148.0,27.112007
EQ-iscgem829217__TC-TY6722,TY-EQ,1967-09-16T21:00:00Z,39.0587,148.563,24.108431
EQ-iscgem829217__TC-TY6722,TY-EQ,1967-09-17T00:00:00Z,39.3,149.0,20.881366
EQ-iscgem829217__TC-TY6722,TY-EQ,1967-09-17T03:00:00Z,39.6372,149.492,18.086263
EQ-iscgem829217__TC-TY6722,TY-EQ,1967-09-17T06:00:00Z,39.9,150.0,15.027554
EQ-iscgem829217__TC-TY6722,TY-EQ,1967-09-17T09:00:00Z,39.987,150.521,14.208639
EQ-iscgem829217__TC-TY6722,TY-EQ,1967-09-17T12:00:00Z,40.0,151.1,13.362742
EQ-iscgem829217__TC-TY6722,TY-EQ,1967-09-17T15:00:00Z,40.0353,151.8,11.574055
EQ-iscgem829217__TC-TY6722,TY-EQ,1967-09-17T18:00:00Z,40.1,152.5,9.616676
EQ-iscgem829217__TC-TY6722,TY-EQ,1967-09-17T21:00:00Z,40.2191,153.051,8.551302
EQ-iscgem829217__TC-TY6722,TY-EQ,1967-09-18T00:00:00Z,40.4,153.6,7.406657
EQ-iscgem829217__TC-TY6722,TY-EQ,1967-09-18T03:00:00Z,40.6579,154.306,7.406657
EQ-iscgem829217__TC-TY6722,TY-EQ,1967-09-18T06:00:00Z,40.9,155.0,7.406657
EQ-iscgem829217__TC-TY6722,TY-EQ,1967-09-18T09:00:00Z,41.0068,155.531,7.406657
EQ-iscgem829217__TC-TY6722,TY-EQ,1967-09-18T12:00:00Z,41.1,156.0,7.406657
EQ-iscgem829217__TC-TY6722,TY-EQ,1967-09-18T15:00:00Z,41.2773,156.5,7.406657
EQ-iscgem829217__TC-TY6722,TY-EQ,1967-09-18T18:00:00Z,41.5,157.0,7.406657
EQ-iscgem829217__TC-TY6722,TY-EQ,1967-09-18T21:00:00Z,41.7454,157.499,7.406657
EQ-iscgem829217__TC-TY6722,TY-EQ,1967-09-19T00:00:00Z,42.0,158.0,7.406657
EQ-iscgem832232__TC-TY6734,EQ-TY,1967-10-16T00:00:00Z,8.5,148.5,7.406657
EQ-iscgem832232__TC-TY6734,EQ-TY,1967-10-16T03:00:00Z,8.84506,148.772,8.551302
EQ-iscgem832232__TC-TY6734,EQ-TY,1967-10-16T06:00:00Z,9.2,149.0,9.616676
EQ-iscgem832232__TC-TY6734,EQ-TY,1967-10-16T09:00:00Z,9.57748,149.145,9.616676
EQ-iscgem832232__TC-TY6734,EQ-TY,1967-10-16T12:00:00Z,10.0,149.2,9.616676
EQ-iscgem832232__TC-TY6734,EQ-TY,1967-10-16T15:00:00Z,10.4924,149.24,9.616676
EQ-iscgem832232__TC-TY6734,EQ-TY,1967-10-16T18:00:00Z,11.0,149.1,9.616676
EQ-iscgem832232__TC-TY6734,EQ-TY,1967-10-16T21:00:00Z,11.4951,148.675,9.616676
EQ-iscgem832232__TC-TY6734,EQ-TY,1967-10-17T00:00:00Z,11.9,148.1,9.616676
EQ-iscgem832232__TC-TY6734,EQ-TY,1967-10-17T03:00:00Z,12.159,147.662,13.362742
EQ-iscgem832232__TC-TY6734,EQ-TY,1967-10-17T06:00:00Z,12.3,147.0,15.8225
EQ-iscgem832232__TC-TY6734,EQ-TY,1967-10-17T09:00:00Z,12.3965,145.78,17.349955
EQ-iscgem832232__TC-TY6734,EQ-TY,1967-10-17T12:00:00Z,12.4,144.5,18.086263
EQ-iscgem832232__TC-TY6734,EQ-TY,1967-10-17T15:00:00Z,12.3292,143.652,19.511519
EQ-iscgem832232__TC-TY6734,EQ-TY,1967-10-17T18:00:00Z,12.2,143.0,20.881366
EQ-iscgem832232__TC-TY6734,EQ-TY,1967-10-17T21:00:00Z,12.0497,142.378,22.203211
EQ-iscgem832232__TC-TY6734,EQ-TY,1967-10-18T00:00:00Z,11.9,141.8,23.482894
EQ-iscgem832232__TC-TY6734,EQ-TY,1967-10-18T03:00:00Z,11.8075,141.178,24.725121
EQ-iscgem832232__TC-TY6734,EQ-TY,1967-10-18T06:00:00Z,11.7,140.6,25.933752
EQ-iscgem832232__TC-TY6734,EQ-TY,1967-10-18T09:00:00Z,11.5225,140.082,24.725121
EQ-iscgem832232__TC-TY6734,EQ-TY,1967-10-18T12:00:00Z,11.3,139.7,23.482894
EQ-iscgem832232__TC-TY6734,EQ-TY,1967-10-18T15:00:00Z,11.0498,139.528,22.203211
EQ-iscgem832232__TC-TY6734,EQ-TY,1967-10-18T18:00:00Z,10.8,139.4,20.881366
EQ-iscgem832232__TC-TY6734,EQ-TY,1967-10-18T21:00:00Z,10.555,139.122,20.202862
EQ-iscgem832232__TC-TY6734,EQ-TY,1967-10-19T00:00:00Z,10.4,138.8,19.511519
EQ-iscgem832232__TC-TY6734,EQ-TY,1967-10-19T03:00:00Z,10.4125,138.478,18.086263
EQ-iscgem832232__TC-TY6734,EQ-TY,1967-10-19T06:00:00Z,10.5,138.2,16.595947
EQ-iscgem832232__TC-TY6734,EQ-TY,1967-10-19T09:00:00Z,10.5274,138.035,17.349955
EQ-iscgem832232__TC-TY6734,EQ-TY,1967-10-19T12:00:00Z,10.6,137.9,18.086263
EQ-iscgem832232__TC-TY6734,EQ-TY,1967-10-19T15:00:00Z,10.7624,137.752,19.511519
EQ-iscgem832232__TC-TY6734,EQ-TY,1967-10-19T18:00:00Z,11.0,137.5,20.881366
EQ-iscgem832232__TC-TY6734,EQ-TY,1967-10-19T21:00:00Z,11.2702,137.03,21.547893
EQ-iscgem832232__TC-TY6734,EQ-TY,1967-10-20T00:00:00Z,11.6,136.5,22.203211
EQ-iscgem832232__TC-TY6734,EQ-TY,1967-10-20T03:00:00Z,11.9699,136.085,22.203211
EQ-iscgem832232__TC-TY6734,EQ-TY,1967-10-20T06:00:00Z,12.4,135.7,22.203211
EQ-iscgem832232__TC-TY6734,EQ-TY,1967-10-20T09:00:00Z,12.9074,135.307,22.203211
EQ-iscgem832232__TC-TY6734,EQ-TY,1967-10-20T12:00:00Z,13.4,134.9,22.203211
EQ-iscgem832232__TC-TY6734,EQ-TY,1967-10-20T15:00:00Z,13.7799,134.457,22.203211
EQ-iscgem832232__TC-TY6734,EQ-TY,1967-10-20T18:00:00Z,14.1,134.0,22.203211
EQ-iscgem832232__TC-TY6734,EQ-TY,1967-10-20T21:00:00Z,14.37,133.542,22.203211
EQ-iscgem832232__TC-TY6734,EQ-TY,1967-10-21T00:00:00Z,14.7,133.1,22.203211
EQ-iscgem832232__TC-TY6734,EQ-TY,1967-10-21T03:00:00Z,15.2199,132.693,23.482894
EQ-iscgem832232__TC-TY6734,EQ-TY,1967-10-21T06:00:00Z,15.8,132.3,24.725121
EQ-iscgem832232__TC-TY6734,EQ-TY,1967-10-21T09:00:00Z,16.345,131.878,25.933752
EQ-iscgem832232__TC-TY6734,EQ-TY,1967-10-21T12:00:00Z,16.8,131.5,27.112007
EQ-iscgem832232__TC-TY6734,EQ-TY,1967-10-21T15:00:00Z,17.0874,131.227,29.387863
EQ-iscgem832232__TC-TY6734,EQ-TY,1967-10-21T18:00:00Z,17.3,131.0,31.570119
EQ-iscgem832232__TC-TY6734,EQ-TY,1967-10-21T21:00:00Z,17.5125,130.727,33.671939
EQ-iscgem832232__TC-TY6734,EQ-TY,1967-10-22T00:00:00Z,17.8,130.5,35.201765
EQ-iscgem832232__TC-TY6734,EQ-TY,1967-10-22T03:00:00Z,18.3225,130.37,36.69568
EQ-iscgem832232__TC-TY6734,EQ-TY,1967-10-22T06:00:00Z,18.8,130.3,37.673179
EQ-iscgem832232__TC-TY6734,EQ-TY,1967-10-22T09:00:00Z,18.9075,130.235,39.587417
EQ-iscgem832232__TC-TY6734,EQ-TY,1967-10-22T12:00:00Z,19.0,130.2,41.451782
EQ-iscgem832232__TC-TY6734,EQ-TY,1967-10-22T15:00:00Z,19.42,130.2,41.910638
EQ-iscgem832232__TC-TY6734,EQ-TY,1967-10-22T18:00:00Z,19.9,130.2,42.366734
EQ-iscgem832232__TC-TY6734,EQ-TY,1967-10-22T21:00:00Z,20.215,130.15,42.366734
EQ-iscgem832232__TC-TY6734,EQ-TY,1967-10-23T00:00:00Z,20.5,130.1,42.366734
EQ-iscgem832232__TC-TY6734,EQ-TY,1967-10-23T03:00:00Z,20.85,130.107,42.366734
EQ-iscgem832232__TC-TY6734,EQ-TY,1967-10-23T06:00:00Z,21.2,130.1,42.366734
EQ-iscgem832232__TC-TY6734,EQ-TY,1967-10-23T09:00:00Z,21.5,130.015,42.366734
EQ-iscgem832232__TC-TY6734,EQ-TY,1967-10-23T12:00:00Z,21.8,129.9,42.366734
EQ-iscgem832232__TC-TY6734,EQ-TY,1967-10-23T15:00:00Z,22.1725,129.815,42.366734
EQ-iscgem832232__TC-TY6734,EQ-TY,1967-10-23T18:00:00Z,22.5,129.7,42.366734
EQ-iscgem832232__TC-TY6734,EQ-TY,1967-10-23T21:00:00Z,22.6875,129.507,42.366734
EQ-iscgem832232__TC-TY6734,EQ-TY,1967-10-24T00:00:00Z,22.8,129.3,42.366734
EQ-iscgem832232__TC-TY6734,EQ-TY,1967-10-24T03:00:00Z,22.9149,129.157,42.366734
EQ-iscgem832232__TC-TY6734,EQ-TY,1967-10-24T06:00:00Z,23.0,129.0,42.366734
EQ-iscgem832232__TC-TY6734,EQ-TY,1967-10-24T09:00:00Z,23.0651,128.75,42.366734
EQ-iscgem832232__TC-TY6734,EQ-TY,1967-10-24T12:00:00Z,23.1,128.5,42.366734
EQ-iscgem832232__TC-TY6734,EQ-TY,1967-10-24T15:00:00Z,23.1073,128.357,42.366734
EQ-iscgem832232__TC-TY6734,EQ-TY,1967-10-24T18:00:00Z,23.1,128.2,42.366734
EQ-iscgem832232__TC-TY6734,EQ-TY,1967-10-24T21:00:00Z,23.1002,127.9,42.366734
EQ-iscgem832232__TC-TY6734,EQ-TY,1967-10-25T00:00:00Z,23.1,127.6,42.366734
EQ-iscgem832232__TC-TY6734,EQ-TY,1967-10-25T03:00:00Z,23.0924,127.427,42.366734
EQ-iscgem832232__TC-TY6734,EQ-TY,1967-10-25T06:00:00Z,23.1,127.3,42.366734
EQ-iscgem832232__TC-TY6734,EQ-TY,1967-10-25T09:00:00Z,23.135,127.135,41.451782
EQ-iscgem832232__TC-TY6734,EQ-TY,1967-10-25T12:00:00Z,23.2,127.0,40.05799
EQ-iscgem832232__TC-TY6734,EQ-TY,1967-10-25T15:00:00Z,23.2624,126.883,39.113731
EQ-iscgem832232__TC-TY6734,EQ-TY,1967-10-25T18:00:00Z,23.4,126.9,37.673179
EQ-iscgem832232__TC-TY6734,EQ-TY,1967-10-25T21:00:00Z,23.6777,127.155,37.673179
EQ-iscgem832232__TC-TY6734,EQ-TY,1967-10-26T00:00:00Z,24.0,127.5,37.673179
EQ-iscgem832232__TC-TY6734,EQ-TY,1967-10-26T03:00:00Z,24.2423,127.735,37.186205
EQ-iscgem832232__TC-TY6734,EQ-TY,1967-10-26T06:00:00Z,24.5,128.0,36.69568
EQ-iscgem832232__TC-TY6734,EQ-TY,1967-10-26T09:00:00Z,24.8049,128.356,36.201503
EQ-iscgem832232__TC-TY6734,EQ-TY,1967-10-26T12:00:00Z,25.2,128.8,35.201765
EQ-iscgem832232__TC-TY6734,EQ-TY,1967-10-26T15:00:00Z,25.705,129.328,34.695976
EQ-iscgem832232__TC-TY6734,EQ-TY,1967-10-26T18:00:00Z,26.3,129.9,34.186077
EQ-iscgem832232__TC-TY6734,EQ-TY,1967-10-26T21:00:00Z,26.8515,130.394,33.671939
EQ-iscgem832232__TC-TY6734,EQ-TY,1967-10-27T00:00:00Z,27.6,131.0,32.630386
EQ-iscgem832232__TC-TY6734,EQ-TY,1967-10-27T03:00:00Z,28.7327,131.874,32.630386
EQ-iscgem832232__TC-TY6734,EQ-TY,1967-10-27T06:00:00Z,30.0,132.9,32.630386
EQ-iscgem832232__TC-TY6734,EQ-TY,1967-10-27T09:00:00Z,31.0997,133.945,33.153424
EQ-iscgem832232__TC-TY6734,EQ-TY,1967-10-27T12:00:00Z,32.2,135.0,33.671939
EQ-iscgem832232__TC-TY6734,EQ-TY,1967-10-27T15:00:00Z,33.4365,136.008,33.671939
EQ-iscgem832232__TC-TY6734,EQ-TY,1967-10-27T18:00:00Z,34.6,137.0,33.671939
EQ-iscgem832232__TC-TY6734,EQ-TY,1967-10-27T21:00:00Z,35.4417,138.006,28.262604
EQ-iscgem832232__TC-TY6734,EQ-TY,1967-10-28T00:00:00Z,36.3,139.0,22.203211
EQ-iscgem832232__TC-TY6734,EQ-TY,1967-10-28T03:00:00Z,37.5069,139.858,22.848006
EQ-iscgem832232__TC-TY6734,EQ-TY,1967-10-28T06:00:00Z,38.8,141.0,22.848006
EQ-iscgem832232__TC-TY6734,EQ-TY,1967-10-28T09:00:00Z,40.0229,143.024,23.482894
EQ-iscgem832232__TC-TY6734,EQ-TY,1967-10-28T12:00:00Z,41.0,145.0,23.482894
EQ-iscgem832232__TC-TY6734,EQ-TY,1967-10-28T15:00:00Z,41.5517,145.877,24.108431
EQ-iscgem832232__TC-TY6734,EQ-TY,1967-10-28T18:00:00Z,42.0,146.5,24.725121
EQ-iscgem832232__TC-TY6734,EQ-TY,1967-10-28T21:00:00Z,42.6546,147.639,24.725121
EQ-iscgem832232__TC-TY6734,EQ-TY,1967-10-29T00:00:00Z,43.4,149.0,24.725121
EQ-iscgem832232__TC-TY6734,EQ-TY,1967-10-29T03:00:00Z,44.2019,150.354,24.725121
EQ-iscgem832232__TC-TY6734,EQ-TY,1967-10-29T06:00:00Z,45.0,152.0,24.725121
EQ-iscgem832232__TC-TY6734,EQ-TY,1967-10-29T09:00:00Z,45.642,154.11,25.933752
EQ-iscgem832232__TC-TY6734,EQ-TY,1967-10-29T12:00:00Z,46.3,156.5,27.112007
EQ-iscgem832232__TC-TY6734,EQ-TY,1967-10-29T15:00:00Z,47.1406,158.976,27.690609
EQ-iscgem832232__TC-TY6734,EQ-TY,1967-10-29T18:00:00Z,48.0,161.5,28.262604
EQ-iscgem832232__TC-TY6734,EQ-TY,1967-10-29T21:00:00Z,48.7543,164.072,28.828269
EQ-iscgem832232__TC-TY6734,EQ-TY,1967-10-30T00:00:00Z,49.4,166.3,29.387863
EQ-iscgem832232__TC-TY6734,EQ-TY,1967-10-30T03:00:00Z,49.9353,167.795,31.032552
EQ-iscgem832232__TC-TY6734,EQ-TY,1967-10-30T06:00:00Z,50.4,169.0,32.630386
EQ-iscgem832232__TC-TY6734,EQ-TY,1967-10-30T09:00:00Z,50.8234,170.539,35.201765
EQ-iscgem832232__TC-TY6734,EQ-TY,1967-10-30T12:00:00Z,51.2,172.0,37.673179
EQ-iscgem832232__TC-TY6734,EQ-TY,1967-10-30T15:00:00Z,51.5981,173.116,37.673179
EQ-iscgem832232__TC-TY6734,EQ-TY,1967-10-30T18:00:00Z,51.9,174.2,37.673179
EQ-iscgem832232__TC-TY6734,EQ-TY,1967-10-30T21:00:00Z,51.9792,175.545,38.636852
EQ-iscgem832232__TC-TY6734,EQ-TY,1967-10-31T00:00:00Z,52.0,177.0,39.587417
EQ-iscgem832232__TC-TY6734,EQ-TY,1967-10-31T03:00:00Z,52.1037,178.488,39.587417
EQ-iscgem832232__TC-TY6734,EQ-TY,1967-10-31T06:00:00Z,52.3,180.0,39.587417
EQ-iscgem832232__TC-TY6734,EQ-TY,1967-10-31T09:00:00Z,52.6184,181.498,39.587417
EQ-iscgem832232__TC-TY6734,EQ-TY,1967-10-31T12:00:00Z,53.0,183.0,39.587417
EQ-iscgem841192__TC-TY6619,TY-EQ,1966-09-04T00:00:00Z,17.0,137.0,4.739788
EQ-iscgem841192__TC-TY6619,TY-EQ,1966-09-04T03:00:00Z,17.0501,137.282,6.154059
EQ-iscgem841192__TC-TY6619,TY-EQ,1966-09-04T06:00:00Z,17.1,137.5,6.154059
EQ-iscgem841192__TC-TY6619,TY-EQ,1966-09-04T09:00:00Z,17.1499,137.615,7.406657
EQ-iscgem841192__TC-TY6619,TY-EQ,1966-09-04T12:00:00Z,17.2,137.7,7.406657
EQ-iscgem841192__TC-TY6619,TY-EQ,1966-09-04T15:00:00Z,17.25,137.835,8.551302
EQ-iscgem841192__TC-TY6619,TY-EQ,1966-09-04T18:00:00Z,17.3,138.0,8.551302
EQ-iscgem841192__TC-TY6619,TY-EQ,1966-09-04T21:00:00Z,17.3425,138.2,8.551302
EQ-iscgem841192__TC-TY6619,TY-EQ,1966-09-05T00:00:00Z,17.4,138.4,8.551302
EQ-iscgem841192__TC-TY6619,TY-EQ,1966-09-05T03:00:00Z,17.4925,138.558,9.616676
EQ-iscgem841192__TC-TY6619,TY-EQ,1966-09-05T06:00:00Z,17.6,138.7,9.616676
EQ-iscgem841192__TC-TY6619,TY-EQ,1966-09-05T09:00:00Z,17.7,138.85,9.616676
EQ-iscgem841192__TC-TY6619,TY-EQ,1966-09-05T12:00:00Z,17.8,139.0,9.616676
EQ-iscgem841192__TC-TY6619,TY-EQ,1966-09-05T15:00:00Z,17.885,139.15,11.574055
EQ-iscgem841192__TC-TY6619,TY-EQ,1966-09-05T18:00:00Z,18.0,139.3,13.362742
EQ-iscgem841192__TC-TY6619,TY-EQ,1966-09-05T21:00:00Z,18.185,139.457,14.208639
EQ-iscgem841192__TC-TY6619,TY-EQ,1966-09-06T00:00:00Z,18.4,139.6,15.027554
EQ-iscgem841192__TC-TY6619,TY-EQ,1966-09-06T03:00:00Z,18.6,139.745,15.8225
EQ-iscgem841192__TC-TY6619,TY-EQ,1966-09-06T06:00:00Z,18.8,139.8,16.595947
EQ-iscgem841192__TC-TY6619,TY-EQ,1966-09-06T09:00:00Z,18.9475,139.702,17.349955
EQ-iscgem841192__TC-TY6619,TY-EQ,1966-09-06T12:00:00Z,19.2,139.5,18.086263
EQ-iscgem841192__TC-TY6619,TY-EQ,1966-09-06T15:00:00Z,19.6826,139.221,18.086263
EQ-iscgem841192__TC-TY6619,TY-EQ,1966-09-06T18:00:00Z,20.3,139.0,18.086263
EQ-iscgem841192__TC-TY6619,TY-EQ,1966-09-06T21:00:00Z,20.89,139.019,18.086263
EQ-iscgem841192__TC-TY6619,TY-EQ,1966-09-07T00:00:00Z,21.6,139.1,18.086263
EQ-iscgem841192__TC-TY6619,TY-EQ,1966-09-07T03:00:00Z,22.5344,139.168,18.806357
EQ-iscgem841192__TC-TY6619,TY-EQ,1966-09-07T06:00:00Z,23.5,139.0,19.511519
EQ-iscgem841192__TC-TY6619,TY-EQ,1966-09-07T09:00:00Z,24.3557,138.35,20.202862
EQ-iscgem841192__TC-TY6619,TY-EQ,1966-09-07T12:00:00Z,25.0,137.5,20.881366
EQ-iscgem841192__TC-TY6619,TY-EQ,1966-09-07T15:00:00Z,25.3017,136.813,22.203211
EQ-iscgem841192__TC-TY6619,TY-EQ,1966-09-07T18:00:00Z,25.5,136.1,23.482894
EQ-iscgem841192__TC-TY6619,TY-EQ,1966-09-07T21:00:00Z,25.8403,135.25,23.482894
EQ-iscgem841192__TC-TY6619,TY-EQ,1966-09-08T00:00:00Z,26.3,134.4,23.482894
EQ-iscgem841192__TC-TY6619,TY-EQ,1966-09-08T03:00:00Z,26.9046,133.655,24.108431
EQ-iscgem841192__TC-TY6619,TY-EQ,1966-09-08T06:00:00Z,27.6,133.0,24.725121
EQ-iscgem841192__TC-TY6619,TY-EQ,1966-09-08T09:00:00Z,28.285,132.36,25.933752
EQ-iscgem841192__TC-TY6619,TY-EQ,1966-09-08T12:00:00Z,29.0,131.9,27.112007
EQ-iscgem841192__TC-TY6619,TY-EQ,1966-09-08T15:00:00Z,29.7571,131.702,27.112007
EQ-iscgem841192__TC-TY6619,TY-EQ,1966-09-08T18:00:00Z,30.5,131.7,27.112007
EQ-iscgem841192__TC-TY6619,TY-EQ,1966-09-08T21:00:00Z,31.15,131.777,27.112007
EQ-iscgem841192__TC-TY6619,TY-EQ,1966-09-09T00:00:00Z,31.8,131.9,27.112007
EQ-iscgem841192__TC-TY6619,TY-EQ,1966-09-09T03:00:00Z,32.5268,131.856,24.725121
EQ-iscgem841192__TC-TY6619,TY-EQ,1966-09-09T06:00:00Z,33.3,132.0,22.203211
EQ-iscgem841192__TC-TY6619,TY-EQ,1966-09-09T09:00:00Z,34.0559,132.645,20.881366
EQ-iscgem841192__TC-TY6619,TY-EQ,1966-09-09T12:00:00Z,34.9,133.5,19.511519
EQ-iscgem841192__TC-TY6619,TY-EQ,1966-09-09T15:00:00Z,35.8805,134.181,20.202862
EQ-iscgem841192__TC-TY6619,TY-EQ,1966-09-09T18:00:00Z,37.0,135.0,20.881366
EQ-iscgem841192__TC-TY6619,TY-EQ,1966-09-09T21:00:00Z,38.3214,136.06,21.547893
EQ-iscgem841192__TC-TY6619,TY-EQ,1966-09-10T00:00:00Z,39.5,137.5,22.203211
EQ-iscgem841192__TC-TY6619,TY-EQ,1966-09-10T03:00:00Z,39.9387,139.276,21.547893
EQ-iscgem841192__TC-TY6619,TY-EQ,1966-09-10T06:00:00Z,40.6,141.5,20.881366
EQ-iscgem841192__TC-TY6619,TY-EQ,1966-09-10T09:00:00Z,42.5334,144.447,19.511519
EQ-iscgem841192__TC-TY6619,TY-EQ,1966-09-10T12:00:00Z,44.5,147.5,18.086263
EQ-iscgem841192__TC-TY6619,TY-EQ,1966-09-10T15:00:00Z,45.4533,149.687,18.806357
EQ-iscgem841192__TC-TY6619,TY-EQ,1966-09-10T18:00:00Z,46.0,151.5,19.511519
EQ-iscgem841192__TC-TY6619,TY-EQ,1966-09-10T21:00:00Z,46.5264,153.342,18.086263
EQ-iscgem841192__TC-TY6619,TY-EQ,1966-09-11T00:00:00Z,47.0,155.4,16.595947
EQ-iscgem841192__TC-TY6619,TY-EQ,1966-09-11T03:00:00Z,47.5992,158.179,17.349955
EQ-iscgem841192__TC-TY6619,TY-EQ,1966-09-11T06:00:00Z,48.0,161.0,18.086263
EQ-iscgem841192__TC-TY6619,TY-EQ,1966-09-11T09:00:00Z,48.0121,163.196,17.349955
EQ-iscgem841192__TC-TY6619,TY-EQ,1966-09-11T12:00:00Z,47.8,165.0,16.595947
EQ-iscgem841192__TC-TY6619,TY-EQ,1966-09-11T15:00:00Z,47.4923,166.56,16.595947
EQ-iscgem841192__TC-TY6619,TY-EQ,1966-09-11T18:00:00Z,47.2,168.1,16.595947
EQ-iscgem841192__TC-TY6619,TY-EQ,1966-09-11T21:00:00Z,47.1742,169.579,15.8225
EQ-iscgem841192__TC-TY6619,TY-EQ,1966-09-12T00:00:00Z,47.0,172.0,15.027554
EQ-iscgem841192__TC-TY6619,TY-EQ,1966-09-12T03:00:00Z,46.2572,176.08,15.8225
EQ-iscgem841192__TC-TY6619,TY-EQ,1966-09-12T06:00:00Z,45.0,181.0,16.595947
EQ-iscgem842800__TC-TY6626,TY-EQ,1966-09-18T00:00:00Z,13.3,158.3,
EQ-iscgem842800__TC-TY6626,TY-EQ,1966-09-18T03:00:00Z,13.3027,157.915,
EQ-iscgem842800__TC-TY6626,TY-EQ,1966-09-18T06:00:00Z,13.3,157.6,
EQ-iscgem842800__TC-TY6626,TY-EQ,1966-09-18T09:00:00Z,13.2924,157.392,
EQ-iscgem842800__TC-TY6626,TY-EQ,1966-09-18T12:00:00Z,13.3,157.2,
EQ-iscgem842800__TC-TY6626,TY-EQ,1966-09-18T15:00:00Z,13.3426,156.9,
EQ-iscgem842800__TC-TY6626,TY-EQ,1966-09-18T18:00:00Z,13.4,156.6,
EQ-iscgem842800__TC-TY6626,TY-EQ,1966-09-18T21:00:00Z,13.4424,156.4,
EQ-iscgem842800__TC-TY6626,TY-EQ,1966-09-19T00:00:00Z,13.5,156.2,
EQ-iscgem842800__TC-TY6626,TY-EQ,1966-09-19T03:00:00Z,13.6001,155.9,
EQ-iscgem842800__TC-TY6626,TY-EQ,1966-09-19T06:00:00Z,13.7,155.6,
EQ-iscgem842800__TC-TY6626,TY-EQ,1966-09-19T09:00:00Z,13.7499,155.4,
EQ-iscgem842800__TC-TY6626,TY-EQ,1966-09-19T12:00:00Z,13.8,155.2,
EQ-iscgem842800__TC-TY6626,TY-EQ,1966-09-19T15:00:00Z,13.8926,154.9,
EQ-iscgem842800__TC-TY6626,TY-EQ,1966-09-19T18:00:00Z,14.0,154.6,
EQ-iscgem842800__TC-TY6626,TY-EQ,1966-09-19T21:00:00Z,14.1074,154.4,
EQ-iscgem842800__TC-TY6626,TY-EQ,1966-09-20T00:00:00Z,14.2,154.2,
EQ-iscgem842800__TC-TY6626,TY-EQ,1966-09-20T03:00:00Z,14.2501,153.892,
EQ-iscgem842800__TC-TY6626,TY-EQ,1966-09-20T06:00:00Z,14.3,153.6,
EQ-iscgem842800__TC-TY6626,TY-EQ,1966-09-20T09:00:00Z,14.3849,153.45,
EQ-iscgem842800__TC-TY6626,TY-EQ,1966-09-20T12:00:00Z,14.5,153.3,
EQ-iscgem842800__TC-TY6626,TY-EQ,1966-09-20T15:00:00Z,14.6501,153.0,
EQ-iscgem842800__TC-TY6626,TY-EQ,1966-09-20T18:00:00Z,14.8,152.7,
EQ-iscgem842800__TC-TY6626,TY-EQ,1966-09-20T21:00:00Z,14.8924,152.542,
EQ-iscgem842800__TC-TY6626,TY-EQ,1966-09-21T00:00:00Z,15.0,152.4,
EQ-iscgem842800__TC-TY6626,TY-EQ,1966-09-21T03:00:00Z,15.185,152.173,
EQ-iscgem842800__TC-TY6626,TY-EQ,1966-09-21T06:00:00Z,15.4,151.9,
EQ-iscgem842800__TC-TY6626,TY-EQ,1966-09-21T09:00:00Z,15.5925,151.615,
EQ-iscgem842800__TC-TY6626,TY-EQ,1966-09-21T12:00:00Z,15.8,151.3,
EQ-iscgem842800__TC-TY6626,TY-EQ,1966-09-21T15:00:00Z,16.035,150.957,
EQ-iscgem842800__TC-TY6626,TY-EQ,1966-09-21T18:00:00Z,16.3,150.6,
EQ-iscgem842800__TC-TY6626,TY-EQ,1966-09-21T21:00:00Z,16.5924,150.265,
EQ-iscgem842800__TC-TY6626,TY-EQ,1966-09-22T00:00:00Z,16.0,152.0,13.362742
EQ-iscgem842800__TC-TY6626,TY-EQ,1966-09-22T03:00:00Z,16.4703,151.05,14.208639
EQ-iscgem842800__TC-TY6626,TY-EQ,1966-09-22T06:00:00Z,17.0,150.0,15.027554
EQ-iscgem842800__TC-TY6626,TY-EQ,1966-09-22T09:00:00Z,17.6153,148.801,18.086263
EQ-iscgem842800__TC-TY6626,TY-EQ,1966-09-22T12:00:00Z,18.2,147.6,20.881366
EQ-iscgem842800__TC-TY6626,TY-EQ,1966-09-22T15:00:00Z,18.6214,146.569,23.482894
EQ-iscgem842800__TC-TY6626,TY-EQ,1966-09-22T18:00:00Z,19.0,145.6,25.933752
EQ-iscgem842800__TC-TY6626,TY-EQ,1966-09-22T21:00:00Z,19.4274,144.57,27.690609
EQ-iscgem842800__TC-TY6626,TY-EQ,1966-09-23T00:00:00Z,19.9,143.6,29.387863
EQ-iscgem842800__TC-TY6626,TY-EQ,1966-09-23T03:00:00Z,20.3967,142.769,29.941627
EQ-iscgem842800__TC-TY6626,TY-EQ,1966-09-23T06:00:00Z,21.0,142.0,30.489787
EQ-iscgem842800__TC-TY6626,TY-EQ,1966-09-23T09:00:00Z,21.7401,141.17,30.489787
EQ-iscgem842800__TC-TY6626,TY-EQ,1966-09-23T12:00:00Z,22.6,140.4,30.489787
EQ-iscgem842800__TC-TY6626,TY-EQ,1966-09-23T15:00:00Z,23.5121,139.747,31.570119
EQ-iscgem842800__TC-TY6626,TY-EQ,1966-09-23T18:00:00Z,24.5,139.2,32.630386
EQ-iscgem842800__TC-TY6626,TY-EQ,1966-09-23T21:00:00Z,25.475,138.697,34.186077
EQ-iscgem842800__TC-TY6626,TY-EQ,1966-09-24T00:00:00Z,26.6,138.3,35.201765
EQ-iscgem842800__TC-TY6626,TY-EQ,1966-09-24T03:00:00Z,27.9526,137.983,36.69568
EQ-iscgem842800__TC-TY6626,TY-EQ,1966-09-24T06:00:00Z,29.5,137.8,37.673179
EQ-iscgem842800__TC-TY6626,TY-EQ,1966-09-24T09:00:00Z,31.1472,137.676,37.673179
EQ-iscgem842800__TC-TY6626,TY-EQ,1966-09-24T12:00:00Z,32.9,137.8,37.673179
EQ-iscgem842800__TC-TY6626,TY-EQ,1966-09-24T15:00:00Z,34.7413,138.143,34.695976
EQ-iscgem842800__TC-TY6626,TY-EQ,1966-09-24T18:00:00Z,36.5,139.0,31.570119
EQ-iscgem842800__TC-TY6626,TY-EQ,1966-09-24T21:00:00Z,38.068,140.569,24.108431
EQ-iscgem842800__TC-TY6626,TY-EQ,1966-09-25T00:00:00Z,39.3,142.5,15.027554
EQ-iscgem842800__TC-TY6626,TY-EQ,1966-09-25T03:00:00Z,40.1859,144.291,14.208639
EQ-iscgem842800__TC-TY6626,TY-EQ,1966-09-25T06:00:00Z,40.7,146.0,13.362742
EQ-iscgem842800__TC-TY6626,TY-EQ,1966-09-25T09:00:00Z,40.9527,147.58,12.486127
EQ-iscgem842800__TC-TY6626,TY-EQ,1966-09-25T12:00:00Z,41.0,149.0,11.574055
EQ-iscgem842800__TC-TY6626,TY-EQ,1966-09-25T15:00:00Z,41.0198,150.289,11.574055
EQ-iscgem842800__TC-TY6626,TY-EQ,1966-09-25T18:00:00Z,41.0,151.5,11.574055
EQ-iscgem842800__TC-TY6626,TY-EQ,1966-09-25T21:00:00Z,40.9998,152.787,11.574055
EQ-iscgem842800__TC-TY6626,TY-EQ,1966-09-26T00:00:00Z,41.0,154.0,11.574055
EQ-iscgem842800__TC-TY6626,TY-EQ,1966-09-26T03:00:00Z,41.0008,155.05,9.616676
EQ-iscgem842800__TC-TY6626,TY-EQ,1966-09-26T06:00:00Z,41.0,156.0,7.406657
EQ-iscgem844997__TC-TY6624,EQ-TY,1966-09-16T00:00:00Z,14.8,141.5,7.406657
EQ-iscgem844997__TC-TY6624,EQ-TY,1966-09-16T03:00:00Z,14.6426,141.25,9.616676
EQ-iscgem844997__TC-TY6624,EQ-TY,1966-09-16T06:00:00Z,14.5,141.0,11.574055
EQ-iscgem844997__TC-TY6624,EQ-TY,1966-09-16T09:00:00Z,14.385,140.75,11.574055
EQ-iscgem844997__TC-TY6624,EQ-TY,1966-09-16T12:00:00Z,14.3,140.5,11.574055
EQ-iscgem844997__TC-TY6624,EQ-TY,1966-09-16T15:00:00Z,14.2349,140.265,12.486127
EQ-iscgem844997__TC-TY6624,EQ-TY,1966-09-16T18:00:00Z,14.2,140.0,13.362742
EQ-iscgem844997__TC-TY6624,EQ-TY,1966-09-16T21:00:00Z,14.1774,139.687,13.362742
EQ-iscgem844997__TC-TY6624,EQ-TY,1966-09-17T00:00:00Z,14.2,139.3,13.362742
EQ-iscgem844997__TC-TY6624,EQ-TY,1966-09-17T03:00:00Z,14.2626,138.807,13.362742
EQ-iscgem844997__TC-TY6624,EQ-TY,1966-09-17T06:00:00Z,14.4,138.3,13.362742
EQ-iscgem844997__TC-TY6624,EQ-TY,1966-09-17T09:00:00Z,14.6274,137.878,14.208639
EQ-iscgem844997__TC-TY6624,EQ-TY,1966-09-17T12:00:00Z,14.9,137.5,15.027554
EQ-iscgem844997__TC-TY6624,EQ-TY,1966-09-17T15:00:00Z,15.1347,137.172,15.027554
EQ-iscgem844997__TC-TY6624,EQ-TY,1966-09-17T18:00:00Z,15.4,136.8,15.027554
EQ-iscgem844997__TC-TY6624,EQ-TY,1966-09-17T21:00:00Z,15.7426,136.273,15.027554
EQ-iscgem844997__TC-TY6624,EQ-TY,1966-09-18T00:00:00Z,16.1,135.7,15.027554
EQ-iscgem844997__TC-TY6624,EQ-TY,1966-09-18T03:00:00Z,16.3924,135.185,15.027554
EQ-iscgem844997__TC-TY6624,EQ-TY,1966-09-18T06:00:00Z,16.7,134.7,15.027554
EQ-iscgem844997__TC-TY6624,EQ-TY,1966-09-18T09:00:00Z,17.0849,134.227,15.027554
EQ-iscgem844997__TC-TY6624,EQ-TY,1966-09-18T12:00:00Z,17.5,133.8,15.027554
EQ-iscgem844997__TC-TY6624,EQ-TY,1966-09-18T15:00:00Z,17.8924,133.427,15.8225
EQ-iscgem844997__TC-TY6624,EQ-TY,1966-09-18T18:00:00Z,18.3,133.1,16.595947
EQ-iscgem844997__TC-TY6624,EQ-TY,1966-09-18T21:00:00Z,18.7497,132.822,16.595947
EQ-iscgem844997__TC-TY6624,EQ-TY,1966-09-19T00:00:00Z,19.2,132.5,16.595947
EQ-iscgem844997__TC-TY6624,EQ-TY,1966-09-19T03:00:00Z,19.7124,132.053,16.595947
EQ-iscgem844997__TC-TY6624,EQ-TY,1966-09-19T06:00:00Z,20.0,131.5,16.595947
EQ-iscgem844997__TC-TY6624,EQ-TY,1966-09-19T09:00:00Z,19.7604,130.826,17.349955
EQ-iscgem844997__TC-TY6624,EQ-TY,1966-09-19T12:00:00Z,19.4,130.2,18.086263
EQ-iscgem844997__TC-TY6624,EQ-TY,1966-09-19T15:00:00Z,19.3472,129.79,17.349955
EQ-iscgem844997__TC-TY6624,EQ-TY,1966-09-19T18:00:00Z,19.4,129.5,16.595947
EQ-iscgem844997__TC-TY6624,EQ-TY,1966-09-19T21:00:00Z,19.4499,129.235,16.595947
EQ-iscgem844997__TC-TY6624,EQ-TY,1966-09-20T00:00:00Z,19.5,129.0,16.595947
EQ-iscgem844997__TC-TY6624,EQ-TY,1966-09-20T03:00:00Z,19.5075,128.75,17.349955
EQ-iscgem844997__TC-TY6624,EQ-TY,1966-09-20T06:00:00Z,19.5,128.5,18.086263
EQ-iscgem844997__TC-TY6624,EQ-TY,1966-09-20T09:00:00Z,19.4925,128.25,18.086263
EQ-iscgem844997__TC-TY6624,EQ-TY,1966-09-20T12:00:00Z,19.5,128.0,18.086263
EQ-iscgem844997__TC-TY6624,EQ-TY,1966-09-20T15:00:00Z,19.5423,127.787,18.086263
EQ-iscgem844997__TC-TY6624,EQ-TY,1966-09-20T18:00:00Z,19.6,127.5,18.086263
EQ-iscgem844997__TC-TY6624,EQ-TY,1966-09-20T21:00:00Z,19.643,126.978,18.086263
EQ-iscgem844997__TC-TY6624,EQ-TY,1966-09-21T00:00:00Z,19.7,126.5,18.086263
EQ-iscgem844997__TC-TY6624,EQ-TY,1966-09-21T03:00:00Z,19.7473,126.332,18.806357
EQ-iscgem844997__TC-TY6624,EQ-TY,1966-09-21T06:00:00Z,19.9,126.3,19.511519
EQ-iscgem844997__TC-TY6624,EQ-TY,1966-09-21T09:00:00Z,20.255,126.22,19.511519
EQ-iscgem844997__TC-TY6624,EQ-TY,1966-09-21T12:00:00Z,20.7,126.2,19.511519
EQ-iscgem844997__TC-TY6624,EQ-TY,1966-09-21T15:00:00Z,21.1149,126.248,20.202862
EQ-iscgem844997__TC-TY6624,EQ-TY,1966-09-21T18:00:00Z,21.5,126.4,20.881366
EQ-iscgem844997__TC-TY6624,EQ-TY,1966-09-21T21:00:00Z,21.8152,126.707,20.881366
EQ-iscgem844997__TC-TY6624,EQ-TY,1966-09-22T00:00:00Z,22.1,127.0,20.881366
EQ-iscgem844997__TC-TY6624,EQ-TY,1966-09-22T03:00:00Z,22.3774,127.073,21.547893
EQ-iscgem844997__TC-TY6624,EQ-TY,1966-09-22T06:00:00Z,22.7,127.1,22.203211
EQ-iscgem844997__TC-TY6624,EQ-TY,1966-09-22T09:00:00Z,23.135,127.235,23.482894
EQ-iscgem844997__TC-TY6624,EQ-TY,1966-09-22T12:00:00Z,23.6,127.4,24.108431
EQ-iscgem844997__TC-TY6624,EQ-TY,1966-09-22T15:00:00Z,24.015,127.55,25.933752
EQ-iscgem844997__TC-TY6624,EQ-TY,1966-09-22T18:00:00Z,24.4,127.7,27.112007
EQ-iscgem844997__TC-TY6624,EQ-TY,1966-09-22T21:00:00Z,24.7425,127.843,27.690609
EQ-iscgem844997__TC-TY6624,EQ-TY,1966-09-23T00:00:00Z,25.1,128.0,28.262604
EQ-iscgem844997__TC-TY6624,EQ-TY,1966-09-23T03:00:00Z,25.5124,128.178,28.262604
EQ-iscgem844997__TC-TY6624,EQ-TY,1966-09-23T06:00:00Z,26.0,128.4,28.262604
EQ-iscgem844997__TC-TY6624,EQ-TY,1966-09-23T09:00:00Z,26.5702,128.715,28.262604
EQ-iscgem844997__TC-TY6624,EQ-TY,1966-09-23T12:00:00Z,27.2,129.0,28.262604
EQ-iscgem844997__TC-TY6624,EQ-TY,1966-09-23T15:00:00Z,27.8424,129.123,28.262604
EQ-iscgem844997__TC-TY6624,EQ-TY,1966-09-23T18:00:00Z,28.5,129.2,28.262604
EQ-iscgem844997__TC-TY6624,EQ-TY,1966-09-23T21:00:00Z,29.2025,129.357,26.526496
EQ-iscgem844997__TC-TY6624,EQ-TY,1966-09-24T00:00:00Z,29.8,129.5,24.725121
EQ-iscgem844997__TC-TY6624,EQ-TY,1966-09-24T03:00:00Z,30.1895,129.483,25.333421
EQ-iscgem844997__TC-TY6624,EQ-TY,1966-09-24T06:00:00Z,30.4,129.6,25.333421
EQ-iscgem844997__TC-TY6624,EQ-TY,1966-09-24T09:00:00Z,30.4432,130.133,24.725121
EQ-iscgem844997__TC-TY6624,EQ-TY,1966-09-24T12:00:00Z,30.5,130.8,24.108431
EQ-iscgem844997__TC-TY6624,EQ-TY,1966-09-24T15:00:00Z,30.7368,131.286,24.725121
EQ-iscgem844997__TC-TY6624,EQ-TY,1966-09-24T18:00:00Z,31.2,131.8,24.725121
EQ-iscgem844997__TC-TY6624,EQ-TY,1966-09-24T21:00:00Z,31.8409,132.386,23.482894
EQ-iscgem844997__TC-TY6624,EQ-TY,1966-09-25T00:00:00Z,32.8,133.2,22.203211
EQ-iscgem844997__TC-TY6624,EQ-TY,1966-09-25T03:00:00Z,34.0663,134.403,20.881366
EQ-iscgem844997__TC-TY6624,EQ-TY,1966-09-25T06:00:00Z,35.6,135.8,19.511519
EQ-iscgem844997__TC-TY6624,EQ-TY,1966-09-25T09:00:00Z,37.4381,137.381,18.086263
EQ-iscgem844997__TC-TY6624,EQ-TY,1966-09-25T12:00:00Z,39.0,138.5,16.595947
EQ-iscgem844997__TC-TY6624,EQ-TY,1966-09-25T15:00:00Z,39.7223,138.454,16.595947
EQ-iscgem844997__TC-TY6624,EQ-TY,1966-09-25T18:00:00Z,40.0,137.8,16.595947
EQ-iscgem844997__TC-TY6624,EQ-TY,1966-09-25T21:00:00Z,40.1562,137.096,16.595947
EQ-iscgem844997__TC-TY6624,EQ-TY,1966-09-26T00:00:00Z,40.4,136.6,16.595947
EQ-iscgem844997__TC-TY6624,EQ-TY,1966-09-26T03:00:00Z,41.1326,136.819,17.349955
EQ-iscgem844997__TC-TY6624,EQ-TY,1966-09-26T06:00:00Z,42.0,137.3,18.086263
EQ-iscgem844997__TC-TY6624,EQ-TY,1966-09-26T09:00:00Z,42.7023,137.573,17.349955
EQ-iscgem844997__TC-TY6624,EQ-TY,1966-09-26T12:00:00Z,43.3,137.8,16.595947
EQ-iscgem844997__TC-TY6624,EQ-TY,1966-09-26T15:00:00Z,43.7722,137.979,16.595947
EQ-iscgem844997__TC-TY6624,EQ-TY,1966-09-26T18:00:00Z,44.2,138.2,16.595947
EQ-iscgem844997__TC-TY6624,EQ-TY,1966-09-26T21:00:00Z,44.722,138.525,16.595947
EQ-iscgem844997__TC-TY6624,EQ-TY,1966-09-27T00:00:00Z,45.2,139.0,16.595947
EQ-iscgem844997__TC-TY6624,EQ-TY,1966-09-27T03:00:00Z,45.56,139.64,18.086263
EQ-iscgem844997__TC-TY6624,EQ-TY,1966-09-27T06:00:00Z,45.8,140.4,19.511519
EQ-iscgem844997__TC-TY6624,EQ-TY,1966-09-27T09:00:00Z,45.9224,141.194,18.086263
EQ-iscgem844997__TC-TY6624,EQ-TY,1966-09-27T12:00:00Z,46.0,142.0,16.595947
EQ-iscgem844997__TC-TY6624,EQ-TY,1966-09-27T15:00:00Z,46.1644,142.757,18.086263
EQ-iscgem844997__TC-TY6624,EQ-TY,1966-09-27T18:00:00Z,46.3,143.5,19.511519
EQ-iscgem844997__TC-TY6624,EQ-TY,1966-09-27T21:00:00Z,46.3376,144.288,17.349955
EQ-iscgem844997__TC-TY6624,EQ-TY,1966-09-28T00:00:00Z,46.3,145.0,15.027554
EQ-iscgem844997__TC-TY6624,EQ-TY,1966-09-28T03:00:00Z,46.2067,145.538,14.208639
EQ-iscgem844997__TC-TY6624,EQ-TY,1966-09-28T06:00:00Z,46.1,146.0,13.362742
EQ-iscgem844997__TC-TY6624,EQ-TY,1966-09-28T09:00:00Z,46.0357,146.487,11.574055
EQ-iscgem844997__TC-TY6624,EQ-TY,1966-09-28T12:00:00Z,46.0,147.0,9.616676
EQ-iscgem848117__TC-TY6604,EQ-TY,1966-06-20T00:00:00Z,8.7,150.8,7.406657
EQ-iscgem848117__TC-TY6604,EQ-TY,1966-06-20T03:00:00Z,8.79511,150.263,8.551302
EQ-iscgem848117__TC-TY6604,EQ-TY,1966-06-20T06:00:00Z,8.9,149.7,9.616676
EQ-iscgem848117__TC-TY6604,EQ-TY,1966-06-20T09:00:00Z,9.01497,149.1,9.616676
EQ-iscgem848117__TC-TY6604,EQ-TY,1966-06-20T12:00:00Z,9.1,148.5,9.616676
EQ-iscgem848117__TC-TY6604,EQ-TY,1966-06-20T15:00:00Z,9.11492,147.935,9.616676
EQ-iscgem848117__TC-TY6604,EQ-TY,1966-06-20T18:00:00Z,9.1,147.4,9.616676
EQ-iscgem848117__TC-TY6604,EQ-TY,1966-06-20T21:00:00Z,9.09976,146.922,9.616676
EQ-iscgem848117__TC-TY6604,EQ-TY,1966-06-21T00:00:00Z,9.1,146.4,9.616676
EQ-iscgem848117__TC-TY6604,EQ-TY,1966-06-21T03:00:00Z,9.10006,145.722,9.616676
EQ-iscgem848117__TC-TY6604,EQ-TY,1966-06-21T06:00:00Z,9.1,145.0,9.616676
EQ-iscgem848117__TC-TY6604,EQ-TY,1966-06-21T09:00:00Z,9.09976,144.357,9.616676
EQ-iscgem848117__TC-TY6604,EQ-TY,1966-06-21T12:00:00Z,9.1,143.7,9.616676
EQ-iscgem848117__TC-TY6604,EQ-TY,1966-06-21T15:00:00Z,9.09239,142.972,9.616676
EQ-iscgem848117__TC-TY6604,EQ-TY,1966-06-21T18:00:00Z,9.1,142.2,9.616676
EQ-iscgem848117__TC-TY6604,EQ-TY,1966-06-21T21:00:00Z,9.13497,141.393,10.620347
EQ-iscgem848117__TC-TY6604,EQ-TY,1966-06-22T00:00:00Z,9.2,140.6,11.574055
EQ-iscgem848117__TC-TY6604,EQ-TY,1966-06-22T03:00:00Z,9.29985,139.87,11.574055
EQ-iscgem848117__TC-TY6604,EQ-TY,1966-06-22T06:00:00Z,9.4,139.2,11.574055
EQ-iscgem848117__TC-TY6604,EQ-TY,1966-06-22T09:00:00Z,9.44245,138.555,12.486127
EQ-iscgem848117__TC-TY6604,EQ-TY,1966-06-22T12:00:00Z,9.5,138.0,13.362742
EQ-iscgem848117__TC-TY6604,EQ-TY,1966-06-22T15:00:00Z,9.60486,137.562,13.362742
EQ-iscgem848117__TC-TY6604,EQ-TY,1966-06-22T18:00:00Z,9.8,137.2,13.362742
EQ-iscgem848117__TC-TY6604,EQ-TY,1966-06-22T21:00:00Z,10.1425,136.813,13.362742
EQ-iscgem848117__TC-TY6604,EQ-TY,1966-06-23T00:00:00Z,10.5,136.5,13.362742
EQ-iscgem848117__TC-TY6604,EQ-TY,1966-06-23T03:00:00Z,10.7374,136.35,13.362742
EQ-iscgem848117__TC-TY6604,EQ-TY,1966-06-23T06:00:00Z,10.9,136.2,13.362742
EQ-iscgem848117__TC-TY6604,EQ-TY,1966-06-23T09:00:00Z,10.985,135.88,13.362742
EQ-iscgem848117__TC-TY6604,EQ-TY,1966-06-23T12:00:00Z,11.1,135.5,13.362742
EQ-iscgem848117__TC-TY6604,EQ-TY,1966-06-23T15:00:00Z,11.3849,135.173,14.208639
EQ-iscgem848117__TC-TY6604,EQ-TY,1966-06-23T18:00:00Z,11.7,134.8,15.027554
EQ-iscgem848117__TC-TY6604,EQ-TY,1966-06-23T21:00:00Z,11.9151,134.307,15.8225
EQ-iscgem848117__TC-TY6604,EQ-TY,1966-06-24T00:00:00Z,12.1,133.8,16.595947
EQ-iscgem848117__TC-TY6604,EQ-TY,1966-06-24T03:00:00Z,12.2925,133.362,18.806357
EQ-iscgem848117__TC-TY6604,EQ-TY,1966-06-24T06:00:00Z,12.5,133.0,20.881366
EQ-iscgem848117__TC-TY6604,EQ-TY,1966-06-24T09:00:00Z,12.7424,132.727,22.848006
EQ-iscgem848117__TC-TY6604,EQ-TY,1966-06-24T12:00:00Z,13.0,132.5,24.725121
EQ-iscgem848117__TC-TY6604,EQ-TY,1966-06-24T15:00:00Z,13.2275,132.25,25.933752
EQ-iscgem848117__TC-TY6604,EQ-TY,1966-06-24T18:00:00Z,13.5,132.0,27.112007
EQ-iscgem848117__TC-TY6604,EQ-TY,1966-06-24T21:00:00Z,13.855,131.75,29.941627
EQ-iscgem848117__TC-TY6604,EQ-TY,1966-06-25T00:00:00Z,14.3,131.5,32.630386
EQ-iscgem848117__TC-TY6604,EQ-TY,1966-06-25T03:00:00Z,14.82,131.228,35.201765
EQ-iscgem848117__TC-TY6604,EQ-TY,1966-06-25T06:00:00Z,15.4,131.0,37.673179
EQ-iscgem848117__TC-TY6604,EQ-TY,1966-06-25T09:00:00Z,16.015,130.862,42.366734
EQ-iscgem848117__TC-TY6604,EQ-TY,1966-06-25T12:00:00Z,16.6,130.8,46.788457
EQ-iscgem848117__TC-TY6604,EQ-TY,1966-06-25T15:00:00Z,17.0275,130.792,50.165426
EQ-iscgem848117__TC-TY6604,EQ-TY,1966-06-25T18:00:00Z,17.5,130.8,53.020201
EQ-iscgem848117__TC-TY6604,EQ-TY,1966-06-25T21:00:00Z,18.205,130.75,56.182182
EQ-iscgem848117__TC-TY6604,EQ-TY,1966-06-26T00:00:00Z,19.0,130.7,58.870209
EQ-iscgem848117__TC-TY6604,EQ-TY,1966-06-26T03:00:00Z,19.7574,130.655,64.4147
EQ-iscgem848117__TC-TY6604,EQ-TY,1966-06-26T06:00:00Z,20.5,130.7,69.706793
EQ-iscgem848117__TC-TY6604,EQ-TY,1966-06-26T09:00:00Z,21.185,130.898,69.706793
EQ-iscgem848117__TC-TY6604,EQ-TY,1966-06-26T12:00:00Z,21.9,131.2,69.706793
EQ-iscgem848117__TC-TY6604,EQ-TY,1966-06-26T15:00:00Z,22.75,131.535,64.4147
EQ-iscgem848117__TC-TY6604,EQ-TY,1966-06-26T18:00:00Z,23.6,131.9,58.870209
EQ-iscgem848117__TC-TY6604,EQ-TY,1966-06-26T21:00:00Z,24.3074,132.258,56.182182
EQ-iscgem848117__TC-TY6604,EQ-TY,1966-06-27T00:00:00Z,25.0,132.6,53.020201
EQ-iscgem848117__TC-TY6604,EQ-TY,1966-06-27T03:00:00Z,25.7998,132.893,50.165426
EQ-iscgem848117__TC-TY6604,EQ-TY,1966-06-27T06:00:00Z,26.6,133.2,46.788457
EQ-iscgem848117__TC-TY6604,EQ-TY,1966-06-27T09:00:00Z,27.2996,133.549,45.04866
EQ-iscgem848117__TC-TY6604,EQ-TY,1966-06-27T12:00:00Z,28.0,134.0,43.27089
EQ-iscgem848117__TC-TY6604,EQ-TY,1966-06-27T15:00:00Z,28.7849,134.598,42.366734
EQ-iscgem848117__TC-TY6604,EQ-TY,1966-06-27T18:00:00Z,29.6,135.3,40.990101
EQ-iscgem848117__TC-TY6604,EQ-TY,1966-06-27T21:00:00Z,30.3838,135.985,39.587417
EQ-iscgem848117__TC-TY6604,EQ-TY,1966-06-28T00:00:00Z,31.2,136.8,37.673179
EQ-iscgem848117__TC-TY6604,EQ-TY,1966-06-28T03:00:00Z,32.0394,137.814,36.69568
EQ-iscgem848117__TC-TY6604,EQ-TY,1966-06-28T06:00:00Z,33.0,139.0,35.201765
EQ-iscgem848117__TC-TY6604,EQ-TY,1966-06-28T09:00:00Z,34.1023,140.309,34.186077
EQ-iscgem848117__TC-TY6604,EQ-TY,1966-06-28T12:00:00Z,35.4,141.7,32.630386
EQ-iscgem848117__TC-TY6604,EQ-TY,1966-06-28T15:00:00Z,36.9129,143.143,32.102672
EQ-iscgem848117__TC-TY6604,EQ-TY,1966-06-28T18:00:00Z,38.5,144.5,31.570119
EQ-iscgem848117__TC-TY6604,EQ-TY,1966-06-28T21:00:00Z,40.0907,145.655,31.032552
EQ-iscgem848117__TC-TY6604,EQ-TY,1966-06-29T00:00:00Z,41.4,146.6,30.489787
EQ-iscgem848117__TC-TY6604,EQ-TY,1966-06-29T03:00:00Z,42.1105,147.354,30.489787
EQ-iscgem848117__TC-TY6604,EQ-TY,1966-06-29T06:00:00Z,42.6,148.0,30.489787
EQ-iscgem848117__TC-TY6604,EQ-TY,1966-06-29T09:00:00Z,43.3153,148.779,29.387863
EQ-iscgem848117__TC-TY6604,EQ-TY,1966-06-29T12:00:00Z,44.0,149.5,28.262604
EQ-iscgem848117__TC-TY6604,EQ-TY,1966-06-29T15:00:00Z,44.5672,150.113,27.690609
EQ-iscgem848117__TC-TY6604,EQ-TY,1966-06-29T18:00:00Z,45.0,150.5,27.112007
EQ-iscgem848117__TC-TY6604,EQ-TY,1966-06-29T21:00:00Z,45.2871,150.54,27.112007
EQ-iscgem848117__TC-TY6604,EQ-TY,1966-06-30T00:00:00Z,45.5,150.5,27.112007
EQ-iscgem848117__TC-TY6604,EQ-TY,1966-06-30T03:00:00Z,45.7876,150.712,25.933752
EQ-iscgem848117__TC-TY6604,EQ-TY,1966-06-30T06:00:00Z,46.0,151.0,24.725121
EQ-iscgem848117__TC-TY6604,EQ-TY,1966-06-30T09:00:00Z,46.0749,151.25,24.108431
EQ-iscgem848117__TC-TY6604,EQ-TY,1966-06-30T12:00:00Z,46.0,151.5,23.482894
EQ-iscgem848117__TC-TY6604,EQ-TY,1966-06-30T15:00:00Z,45.7491,151.675,23.482894
EQ-iscgem848117__TC-TY6604,EQ-TY,1966-06-30T18:00:00Z,45.5,152.0,23.482894
EQ-iscgem848117__TC-TY6604,EQ-TY,1966-06-30T21:00:00Z,45.4631,152.674,22.203211
EQ-iscgem848117__TC-TY6604,EQ-TY,1966-07-01T00:00:00Z,45.5,153.5,20.881366
EQ-iscgem848117__TC-TY6604,EQ-TY,1966-07-01T03:00:00Z,45.4965,154.138,20.881366
EQ-iscgem848117__TC-TY6604,EQ-TY,1966-07-01T06:00:00Z,45.5,155.0,20.881366
EQ-iscgem848117__TC-TY6604,EQ-TY,1966-07-01T09:00:00Z,45.5017,156.388,20.881366
EQ-iscgem848117__TC-TY6604,EQ-TY,1966-07-01T12:00:00Z,45.5,158.0,20.881366
EQ-iscgem848117__TC-TY6604,EQ-TY,1966-07-01T15:00:00Z,45.5097,159.424,20.881366
EQ-iscgem848117__TC-TY6604,EQ-TY,1966-07-01T18:00:00Z,45.5,161.0,20.881366
EQ-iscgem848117__TC-TY6604,EQ-TY,1966-07-01T21:00:00Z,45.4244,162.963,20.881366
EQ-iscgem848117__TC-TY6604,EQ-TY,1966-07-02T00:00:00Z,45.3,165.0,20.881366
EQ-iscgem848117__TC-TY6604,EQ-TY,1966-07-02T03:00:00Z,45.0789,166.808,20.881366
EQ-iscgem848117__TC-TY6604,EQ-TY,1966-07-02T06:00:00Z,45.0,168.5,20.881366
EQ-iscgem848117__TC-TY6604,EQ-TY,1966-07-02T09:00:00Z,45.2445,170.221,21.547893
EQ-iscgem848117__TC-TY6604,EQ-TY,1966-07-02T12:00:00Z,45.7,171.8,22.203211
EQ-iscgem848117__TC-TY6604,EQ-TY,1966-07-02T15:00:00Z,46.2085,173.098,22.848006
EQ-iscgem848117__TC-TY6604,EQ-TY,1966-07-02T18:00:00Z,46.8,174.3,23.482894
EQ-iscgem848117__TC-TY6604,EQ-TY,1966-07-02T21:00:00Z,47.4101,175.774,24.725121
EQ-iscgem848117__TC-TY6604,EQ-TY,1966-07-03T00:00:00Z,48.0,177.0,25.933752
EQ-iscgem848117__TC-TY6604,EQ-TY,1966-07-03T03:00:00Z,48.5267,177.519,27.112007
EQ-iscgem848117__TC-TY6604,EQ-TY,1966-07-03T06:00:00Z,49.0,177.8,28.262604
EQ-iscgem848117__TC-TY6604,EQ-TY,1966-07-03T09:00:00Z,49.4222,178.348,27.690609
EQ-iscgem848117__TC-TY6604,EQ-TY,1966-07-03T12:00:00Z,49.8,179.0,27.112007
EQ-iscgem848117__TC-TY6604,EQ-TY,1966-07-03T15:00:00Z,50.1561,179.728,27.112007
EQ-iscgem848117__TC-TY6604,EQ-TY,1966-07-03T18:00:00Z,50.5,180.5,27.112007
EQ-iscgem853709__TC-TY6523,Simultaneous,1965-08-31T18:00:00Z,8.6,145.4,7.406657
EQ-iscgem853709__TC-TY6523,Simultaneous,1965-08-31T21:00:00Z,8.71251,145.56,7.406657
EQ-iscgem853709__TC-TY6523,Simultaneous,1965-09-01T00:00:00Z,8.9,145.6,7.406657
EQ-iscgem853709__TC-TY6523,Simultaneous,1965-09-01T03:00:00Z,9.20002,145.445,8.551302
EQ-iscgem853709__TC-TY6523,Simultaneous,1965-09-01T06:00:00Z,9.5,145.2,9.616676
EQ-iscgem853709__TC-TY6523,Simultaneous,1965-09-01T09:00:00Z,9.67246,145.015,8.551302
EQ-iscgem853709__TC-TY6523,Simultaneous,1965-09-01T12:00:00Z,9.8,144.8,7.406657
EQ-iscgem853709__TC-TY6523,Simultaneous,1965-09-01T15:00:00Z,9.94253,144.507,7.406657
EQ-iscgem853709__TC-TY6523,Simultaneous,1965-09-01T18:00:00Z,10.1,144.2,7.406657
EQ-iscgem853709__TC-TY6523,Simultaneous,1965-09-01T21:00:00Z,10.2999,143.957,7.406657
EQ-iscgem853709__TC-TY6523,Simultaneous,1965-09-02T00:00:00Z,10.5,143.7,7.406657
EQ-iscgem853709__TC-TY6523,Simultaneous,1965-09-02T03:00:00Z,10.6575,143.365,7.406657
EQ-iscgem853709__TC-TY6523,Simultaneous,1965-09-02T06:00:00Z,10.8,143.0,7.406657
EQ-iscgem853709__TC-TY6523,Simultaneous,1965-09-02T09:00:00Z,10.9425,142.65,7.406657
EQ-iscgem853709__TC-TY6523,Simultaneous,1965-09-02T12:00:00Z,11.1,142.3,7.406657
EQ-iscgem853709__TC-TY6523,Simultaneous,1965-09-02T15:00:00Z,11.285,141.942,7.406657
EQ-iscgem853709__TC-TY6523,Simultaneous,1965-09-02T18:00:00Z,11.5,141.6,7.406657
EQ-iscgem853709__TC-TY6523,Simultaneous,1965-09-02T21:00:00Z,11.72,141.263,7.406657
EQ-iscgem853709__TC-TY6523,Simultaneous,1965-09-03T00:00:00Z,12.0,141.0,7.406657
EQ-iscgem853709__TC-TY6523,Simultaneous,1965-09-03T03:00:00Z,12.385,140.855,7.406657
EQ-iscgem853709__TC-TY6523,Simultaneous,1965-09-03T06:00:00Z,12.8,140.8,7.406657
EQ-iscgem853709__TC-TY6523,Simultaneous,1965-09-03T09:00:00Z,13.1575,140.785,7.406657
EQ-iscgem853709__TC-TY6523,Simultaneous,1965-09-03T12:00:00Z,13.5,140.8,7.406657
EQ-iscgem853709__TC-TY6523,Simultaneous,1965-09-03T15:00:00Z,13.8425,140.785,8.551302
EQ-iscgem853709__TC-TY6523,Simultaneous,1965-09-03T18:00:00Z,14.2,140.8,9.616676
EQ-iscgem853709__TC-TY6523,Simultaneous,1965-09-03T21:00:00Z,14.5925,140.885,8.551302
EQ-iscgem853709__TC-TY6523,Simultaneous,1965-09-04T00:00:00Z,15.0,141.0,7.406657
EQ-iscgem853709__TC-TY6523,Simultaneous,1965-09-04T03:00:00Z,15.4075,141.085,8.551302
EQ-iscgem853709__TC-TY6523,Simultaneous,1965-09-04T06:00:00Z,15.8,141.2,9.616676
EQ-iscgem853709__TC-TY6523,Simultaneous,1965-09-04T09:00:00Z,16.1575,141.4,9.616676
EQ-iscgem853709__TC-TY6523,Simultaneous,1965-09-04T12:00:00Z,16.5,141.6,9.616676
EQ-iscgem853709__TC-TY6523,Simultaneous,1965-09-04T15:00:00Z,16.8425,141.715,9.616676
EQ-iscgem853709__TC-TY6523,Simultaneous,1965-09-04T18:00:00Z,17.2,141.8,9.616676
EQ-iscgem853709__TC-TY6523,Simultaneous,1965-09-04T21:00:00Z,17.585,141.915,9.616676
EQ-iscgem853709__TC-TY6523,Simultaneous,1965-09-05T00:00:00Z,18.0,142.0,9.616676
EQ-iscgem853709__TC-TY6523,Simultaneous,1965-09-05T03:00:00Z,18.45,142.023,9.616676
EQ-iscgem853709__TC-TY6523,Simultaneous,1965-09-05T06:00:00Z,18.9,142.0,9.616676
EQ-iscgem853709__TC-TY6523,Simultaneous,1965-09-05T09:00:00Z,19.3,141.965,9.616676
EQ-iscgem853709__TC-TY6523,Simultaneous,1965-09-05T12:00:00Z,19.7,141.9,9.616676
EQ-iscgem853709__TC-TY6523,Simultaneous,1965-09-05T15:00:00Z,20.1799,141.83,13.362742
EQ-iscgem853709__TC-TY6523,Simultaneous,1965-09-05T18:00:00Z,20.6,141.7,16.595947
EQ-iscgem853709__TC-TY6523,Simultaneous,1965-09-05T21:00:00Z,20.8451,141.465,18.806357
EQ-iscgem853709__TC-TY6523,Simultaneous,1965-09-06T00:00:00Z,21.0,141.2,20.881366
EQ-iscgem853709__TC-TY6523,Simultaneous,1965-09-06T03:00:00Z,21.1571,141.045,22.848006
EQ-iscgem853709__TC-TY6523,Simultaneous,1965-09-06T06:00:00Z,21.3,140.8,24.108431
EQ-iscgem853709__TC-TY6523,Simultaneous,1965-09-06T09:00:00Z,21.4429,140.288,24.108431
EQ-iscgem853709__TC-TY6523,Simultaneous,1965-09-06T12:00:00Z,21.6,139.7,24.108431
EQ-iscgem853709__TC-TY6523,Simultaneous,1965-09-06T15:00:00Z,21.807,139.265,25.933752
EQ-iscgem853709__TC-TY6523,Simultaneous,1965-09-06T18:00:00Z,22.0,138.8,27.112007
EQ-iscgem853709__TC-TY6523,Simultaneous,1965-09-06T21:00:00Z,22.1075,138.187,29.941627
EQ-iscgem853709__TC-TY6523,Simultaneous,1965-09-07T00:00:00Z,22.2,137.5,32.630386
EQ-iscgem853709__TC-TY6523,Simultaneous,1965-09-07T03:00:00Z,22.3202,136.77,34.186077
EQ-iscgem853709__TC-TY6523,Simultaneous,1965-09-07T06:00:00Z,22.5,136.1,35.201765
EQ-iscgem853709__TC-TY6523,Simultaneous,1965-09-07T09:00:00Z,22.7846,135.598,36.69568
EQ-iscgem853709__TC-TY6523,Simultaneous,1965-09-07T12:00:00Z,23.1,135.2,37.673179
EQ-iscgem853709__TC-TY6523,Simultaneous,1965-09-07T15:00:00Z,23.3648,134.842,37.673179
EQ-iscgem853709__TC-TY6523,Simultaneous,1965-09-07T18:00:00Z,23.6,134.5,37.673179
EQ-iscgem853709__TC-TY6523,Simultaneous,1965-09-07T21:00:00Z,23.7926,134.085,39.113731
EQ-iscgem853709__TC-TY6523,Simultaneous,1965-09-08T00:00:00Z,24.0,133.7,40.05799
EQ-iscgem853709__TC-TY6523,Simultaneous,1965-09-08T03:00:00Z,24.2849,133.42,41.451782
EQ-iscgem853709__TC-TY6523,Simultaneous,1965-09-08T06:00:00Z,24.6,133.2,42.366734
EQ-iscgem853709__TC-TY6523,Simultaneous,1965-09-08T09:00:00Z,24.8923,133.022,42.366734
EQ-iscgem853709__TC-TY6523,Simultaneous,1965-09-08T12:00:00Z,25.2,132.8,42.366734
EQ-iscgem853709__TC-TY6523,Simultaneous,1965-09-08T15:00:00Z,25.5428,132.393,42.366734
EQ-iscgem853709__TC-TY6523,Simultaneous,1965-09-08T18:00:00Z,25.9,132.0,42.366734
EQ-iscgem853709__TC-TY6523,Simultaneous,1965-09-08T21:00:00Z,26.2123,131.805,44.6079
EQ-iscgem853709__TC-TY6523,Simultaneous,1965-09-09T00:00:00Z,26.6,131.7,46.788457
EQ-iscgem853709__TC-TY6523,Simultaneous,1965-09-09T03:00:00Z,27.14,131.556,46.788457
EQ-iscgem853709__TC-TY6523,Simultaneous,1965-09-09T06:00:00Z,27.8,131.5,46.788457
EQ-iscgem853709__TC-TY6523,Simultaneous,1965-09-09T09:00:00Z,28.4749,131.576,46.788457
EQ-iscgem853709__TC-TY6523,Simultaneous,1965-09-09T12:00:00Z,29.3,131.8,46.788457
EQ-iscgem853709__TC-TY6523,Simultaneous,1965-09-09T15:00:00Z,30.3395,132.104,46.788457
EQ-iscgem853709__TC-TY6523,Simultaneous,1965-09-09T18:00:00Z,31.5,132.6,46.788457
EQ-iscgem853709__TC-TY6523,Simultaneous,1965-09-09T21:00:00Z,32.5674,133.307,44.6079
EQ-iscgem853709__TC-TY6523,Simultaneous,1965-09-10T00:00:00Z,33.8,134.2,42.366734
EQ-iscgem853709__TC-TY6523,Simultaneous,1965-09-10T03:00:00Z,35.3442,135.172,39.113731
EQ-iscgem853709__TC-TY6523,Simultaneous,1965-09-10T06:00:00Z,37.1,136.3,35.201765
EQ-iscgem853709__TC-TY6523,Simultaneous,1965-09-10T09:00:00Z,38.9878,137.617,34.186077
EQ-iscgem853709__TC-TY6523,Simultaneous,1965-09-10T12:00:00Z,40.8,139.0,32.630386
EQ-iscgem853709__TC-TY6523,Simultaneous,1965-09-10T15:00:00Z,42.2568,140.248,31.570119
EQ-iscgem853709__TC-TY6523,Simultaneous,1965-09-10T18:00:00Z,43.6,141.5,30.489787
EQ-iscgem853709__TC-TY6523,Simultaneous,1965-09-10T21:00:00Z,45.1152,142.883,29.941627
EQ-iscgem853709__TC-TY6523,Simultaneous,1965-09-11T00:00:00Z,46.5,144.4,29.387863
EQ-iscgem853709__TC-TY6523,Simultaneous,1965-09-11T03:00:00Z,47.5481,146.113,29.387863
EQ-iscgem853709__TC-TY6523,Simultaneous,1965-09-11T06:00:00Z,48.4,147.8,29.387863
EQ-iscgem853709__TC-TY6523,Simultaneous,1965-09-11T09:00:00Z,49.2423,149.28,28.828269
EQ-iscgem853709__TC-TY6523,Simultaneous,1965-09-11T12:00:00Z,50.0,150.6,28.262604
EQ-iscgem853709__TC-TY6523,Simultaneous,1965-09-11T15:00:00Z,50.7079,151.841,27.690609
EQ-iscgem853709__TC-TY6523,Simultaneous,1965-09-11T18:00:00Z,51.3,153.0,27.112007
EQ-iscgem853709__TC-TY6523,Simultaneous,1965-09-11T21:00:00Z,51.7845,154.047,27.112007
EQ-iscgem853709__TC-TY6523,Simultaneous,1965-09-12T00:00:00Z,52.1,155.3,27.112007
EQ-iscgem853709__TC-TY6523,Simultaneous,1965-09-12T03:00:00Z,52.2098,156.934,25.933752
EQ-iscgem853709__TC-TY6523,Simultaneous,1965-09-12T06:00:00Z,52.2,159.1,24.725121
EQ-iscgem853709__TC-TY6523,Simultaneous,1965-09-12T09:00:00Z,52.1752,162.0,24.725121
EQ-iscgem853709__TC-TY6523,Simultaneous,1965-09-12T12:00:00Z,52.1,165.0,24.725121
EQ-iscgem853709__TC-TY6523,Simultaneous,1965-09-12T15:00:00Z,52.041,167.262,25.333421
EQ-iscgem853709__TC-TY6523,Simultaneous,1965-09-12T18:00:00Z,52.0,169.5,25.933752
EQ-iscgem853709__TC-TY6523,Simultaneous,1965-09-12T21:00:00Z,51.9193,172.335,24.725121
EQ-iscgem853709__TC-TY6523,Simultaneous,1965-09-13T00:00:00Z,51.8,175.2,23.482894
EQ-iscgem853709__TC-TY6523,Simultaneous,1965-09-13T03:00:00Z,51.6238,177.597,22.848006
EQ-iscgem853709__TC-TY6523,Simultaneous,1965-09-13T06:00:00Z,51.5,179.9,22.203211
EQ-iscgem853709__TC-TY6523,Simultaneous,1965-09-13T09:00:00Z,51.4829,182.382,22.203211
EQ-iscgem853709__TC-TY6523,Simultaneous,1965-09-13T12:00:00Z,51.5,185.0,22.203211
EQ-iscgem857299__TC-TY6524,EQ-TY,1965-09-07T18:00:00Z,11.0,143.0,7.406657
EQ-iscgem857299__TC-TY6524,EQ-TY,1965-09-07T21:00:00Z,10.9327,142.48,7.406657
EQ-iscgem857299__TC-TY6524,EQ-TY,1965-09-08T00:00:00Z,10.9,142.0,7.406657
EQ-iscgem857299__TC-TY6524,EQ-TY,1965-09-08T03:00:00Z,10.9274,141.585,7.406657
EQ-iscgem857299__TC-TY6524,EQ-TY,1965-09-08T06:00:00Z,11.0,141.2,7.406657
EQ-iscgem857299__TC-TY6524,EQ-TY,1965-09-08T09:00:00Z,11.0849,140.8,7.406657
EQ-iscgem857299__TC-TY6524,EQ-TY,1965-09-08T12:00:00Z,11.2,140.4,7.406657
EQ-iscgem857299__TC-TY6524,EQ-TY,1965-09-08T15:00:00Z,11.32,139.977,7.406657
EQ-iscgem857299__TC-TY6524,EQ-TY,1965-09-08T18:00:00Z,11.5,139.6,7.406657
EQ-iscgem857299__TC-TY6524,EQ-TY,1965-09-08T21:00:00Z,11.755,139.298,7.406657
EQ-iscgem857299__TC-TY6524,EQ-TY,1965-09-09T00:00:00Z,12.1,139.1,7.406657
EQ-iscgem857299__TC-TY6524,EQ-TY,1965-09-09T03:00:00Z,12.52,139.005,9.616676
EQ-iscgem857299__TC-TY6524,EQ-TY,1965-09-09T06:00:00Z,13.0,139.0,11.574055
EQ-iscgem857299__TC-TY6524,EQ-TY,1965-09-09T09:00:00Z,13.5225,139.065,10.620347
EQ-iscgem857299__TC-TY6524,EQ-TY,1965-09-09T12:00:00Z,14.0,139.1,9.616676
EQ-iscgem857299__TC-TY6524,EQ-TY,1965-09-09T15:00:00Z,14.3449,139.01,9.616676
EQ-iscgem857299__TC-TY6524,EQ-TY,1965-09-09T18:00:00Z,14.6,138.8,9.616676
EQ-iscgem857299__TC-TY6524,EQ-TY,1965-09-09T21:00:00Z,14.8077,138.443,9.616676
EQ-iscgem857299__TC-TY6524,EQ-TY,1965-09-10T00:00:00Z,15.0,138.1,9.616676
EQ-iscgem857299__TC-TY6524,EQ-TY,1965-09-10T03:00:00Z,15.2349,137.918,11.574055
EQ-iscgem857299__TC-TY6524,EQ-TY,1965-09-10T06:00:00Z,15.5,137.9,13.362742
EQ-iscgem857299__TC-TY6524,EQ-TY,1965-09-10T09:00:00Z,15.8076,138.107,13.362742
EQ-iscgem857299__TC-TY6524,EQ-TY,1965-09-10T12:00:00Z,16.1,138.3,13.362742
EQ-iscgem857299__TC-TY6524,EQ-TY,1965-09-10T15:00:00Z,16.315,138.21,14.208639
EQ-iscgem857299__TC-TY6524,EQ-TY,1965-09-10T18:00:00Z,16.5,138.0,15.027554
EQ-iscgem857299__TC-TY6524,EQ-TY,1965-09-10T21:00:00Z,16.7224,137.823,16.595947
EQ-iscgem857299__TC-TY6524,EQ-TY,1965-09-11T00:00:00Z,16.9,137.6,17.349955
EQ-iscgem857299__TC-TY6524,EQ-TY,1965-09-11T03:00:00Z,16.9576,137.285,22.848006
EQ-iscgem857299__TC-TY6524,EQ-TY,1965-09-11T06:00:00Z,17.0,137.0,27.112007
EQ-iscgem857299__TC-TY6524,EQ-TY,1965-09-11T09:00:00Z,17.1199,136.848,27.112007
EQ-iscgem857299__TC-TY6524,EQ-TY,1965-09-11T12:00:00Z,17.3,136.8,27.112007
EQ-iscgem857299__TC-TY6524,EQ-TY,1965-09-11T15:00:00Z,17.52,136.85,28.828269
EQ-iscgem857299__TC-TY6524,EQ-TY,1965-09-11T18:00:00Z,17.8,136.9,29.941627
EQ-iscgem857299__TC-TY6524,EQ-TY,1965-09-11T21:00:00Z,18.1274,136.86,31.570119
EQ-iscgem857299__TC-TY6524,EQ-TY,1965-09-12T00:00:00Z,18.5,136.7,32.630386
EQ-iscgem857299__TC-TY6524,EQ-TY,1965-09-12T03:00:00Z,18.9376,136.38,32.630386
EQ-iscgem857299__TC-TY6524,EQ-TY,1965-09-12T06:00:00Z,19.3,136.0,32.630386
EQ-iscgem857299__TC-TY6524,EQ-TY,1965-09-12T09:00:00Z,19.4598,135.707,32.630386
EQ-iscgem857299__TC-TY6524,EQ-TY,1965-09-12T12:00:00Z,19.5,135.4,32.630386
EQ-iscgem857299__TC-TY6524,EQ-TY,1965-09-12T15:00:00Z,19.4775,135.015,32.630386
EQ-iscgem857299__TC-TY6524,EQ-TY,1965-09-12T18:00:00Z,19.5,134.6,32.630386
EQ-iscgem857299__TC-TY6524,EQ-TY,1965-09-12T21:00:00Z,19.6748,134.222,34.186077
EQ-iscgem857299__TC-TY6524,EQ-TY,1965-09-13T00:00:00Z,20.0,133.8,35.201765
EQ-iscgem857299__TC-TY6524,EQ-TY,1965-09-13T03:00:00Z,20.5153,133.236,36.69568
EQ-iscgem857299__TC-TY6524,EQ-TY,1965-09-13T06:00:00Z,21.0,132.7,37.673179
EQ-iscgem857299__TC-TY6524,EQ-TY,1965-09-13T09:00:00Z,21.1797,132.362,37.673179
EQ-iscgem857299__TC-TY6524,EQ-TY,1965-09-13T12:00:00Z,21.3,132.1,37.673179
EQ-iscgem857299__TC-TY6524,EQ-TY,1965-09-13T15:00:00Z,21.5999,131.808,37.673179
EQ-iscgem857299__TC-TY6524,EQ-TY,1965-09-13T18:00:00Z,21.9,131.5,37.673179
EQ-iscgem857299__TC-TY6524,EQ-TY,1965-09-13T21:00:00Z,22.0875,131.15,40.05799
EQ-iscgem857299__TC-TY6524,EQ-TY,1965-09-14T00:00:00Z,22.2,130.8,42.366734
EQ-iscgem857299__TC-TY6524,EQ-TY,1965-09-14T03:00:00Z,22.2574,130.492,42.366734
EQ-iscgem857299__TC-TY6524,EQ-TY,1965-09-14T06:00:00Z,22.3,130.2,42.366734
EQ-iscgem857299__TC-TY6524,EQ-TY,1965-09-14T09:00:00Z,22.3999,129.9,42.366734
EQ-iscgem857299__TC-TY6524,EQ-TY,1965-09-14T12:00:00Z,22.5,129.6,42.366734
EQ-iscgem857299__TC-TY6524,EQ-TY,1965-09-14T15:00:00Z,22.5575,129.292,44.6079
EQ-iscgem857299__TC-TY6524,EQ-TY,1965-09-14T18:00:00Z,22.6,129.0,46.788457
EQ-iscgem857299__TC-TY6524,EQ-TY,1965-09-14T21:00:00Z,22.635,128.727,48.070153
EQ-iscgem857299__TC-TY6524,EQ-TY,1965-09-15T00:00:00Z,22.7,128.5,48.914209
EQ-iscgem857299__TC-TY6524,EQ-TY,1965-09-15T03:00:00Z,22.835,128.29,48.914209
EQ-iscgem857299__TC-TY6524,EQ-TY,1965-09-15T06:00:00Z,23.0,128.2,48.914209
EQ-iscgem857299__TC-TY6524,EQ-TY,1965-09-15T09:00:00Z,23.12,128.29,48.070153
EQ-iscgem857299__TC-TY6524,EQ-TY,1965-09-15T12:00:00Z,23.3,128.5,46.788457
EQ-iscgem857299__TC-TY6524,EQ-TY,1965-09-15T15:00:00Z,23.635,128.735,46.788457
EQ-iscgem857299__TC-TY6524,EQ-TY,1965-09-15T18:00:00Z,24.0,129.0,46.788457
EQ-iscgem857299__TC-TY6524,EQ-TY,1965-09-15T21:00:00Z,24.2273,129.228,45.923113
EQ-iscgem857299__TC-TY6524,EQ-TY,1965-09-16T00:00:00Z,24.5,129.5,44.6079
EQ-iscgem857299__TC-TY6524,EQ-TY,1965-09-16T03:00:00Z,24.9549,129.863,44.6079
EQ-iscgem857299__TC-TY6524,EQ-TY,1965-09-16T06:00:00Z,25.5,130.3,44.6079
EQ-iscgem857299__TC-TY6524,EQ-TY,1965-09-16T09:00:00Z,26.0201,130.793,44.6079
EQ-iscgem857299__TC-TY6524,EQ-TY,1965-09-16T12:00:00Z,26.6,131.3,44.6079
EQ-iscgem857299__TC-TY6524,EQ-TY,1965-09-16T15:00:00Z,27.2472,131.751,44.6079
EQ-iscgem857299__TC-TY6524,EQ-TY,1965-09-16T18:00:00Z,28.0,132.2,44.6079
EQ-iscgem857299__TC-TY6524,EQ-TY,1965-09-16T21:00:00Z,28.8391,132.635,43.719068
EQ-iscgem857299__TC-TY6524,EQ-TY,1965-09-17T00:00:00Z,29.8,133.2,42.366734
EQ-iscgem857299__TC-TY6524,EQ-TY,1965-09-17T03:00:00Z,30.8554,134.033,41.451782
EQ-iscgem857299__TC-TY6524,EQ-TY,1965-09-17T06:00:00Z,32.0,135.0,40.05799
EQ-iscgem857299__TC-TY6524,EQ-TY,1965-09-17T09:00:00Z,33.0636,135.9,40.05799
EQ-iscgem857299__TC-TY6524,EQ-TY,1965-09-17T12:00:00Z,34.4,136.9,40.05799
EQ-iscgem857299__TC-TY6524,EQ-TY,1965-09-17T15:00:00Z,36.3179,138.137,37.186205
EQ-iscgem857299__TC-TY6524,EQ-TY,1965-09-17T18:00:00Z,38.4,139.5,33.671939
EQ-iscgem857299__TC-TY6524,EQ-TY,1965-09-17T21:00:00Z,40.3347,140.82,32.630386
EQ-iscgem857299__TC-TY6524,EQ-TY,1965-09-18T00:00:00Z,41.9,142.2,31.570119
EQ-iscgem857299__TC-TY6524,EQ-TY,1965-09-18T03:00:00Z,42.6803,143.741,30.489787
EQ-iscgem857299__TC-TY6524,EQ-TY,1965-09-18T06:00:00Z,43.4,145.2,28.828269
EQ-iscgem857299__TC-TY6524,EQ-TY,1965-09-18T09:00:00Z,44.876,146.687,28.828269
EQ-iscgem857299__TC-TY6524,EQ-TY,1965-09-18T12:00:00Z,46.5,147.6,28.262604
EQ-iscgem857299__TC-TY6524,EQ-TY,1965-09-18T15:00:00Z,47.9069,147.291,29.387863
EQ-iscgem857299__TC-TY6524,EQ-TY,1965-09-18T18:00:00Z,49.0,146.5,30.489787
EQ-iscgem857299__TC-TY6524,EQ-TY,1965-09-18T21:00:00Z,49.627,146.164,30.489787
EQ-iscgem857299__TC-TY6524,EQ-TY,1965-09-19T00:00:00Z,50.0,146.0,30.489787
EQ-iscgem857299__TC-TY6524,EQ-TY,1965-09-19T03:00:00Z,50.4224,145.954,28.828269
EQ-iscgem857299__TC-TY6524,EQ-TY,1965-09-19T06:00:00Z,50.8,146.0,27.112007
EQ-iscgem857299__TC-TY6524,EQ-TY,1965-09-19T09:00:00Z,51.1575,146.035,27.112007
EQ-iscgem857299__TC-TY6524,EQ-TY,1965-09-19T12:00:00Z,51.5,146.1,27.112007
EQ-iscgem857299__TC-TY6524,EQ-TY,1965-09-19T15:00:00Z,51.8574,146.163,27.112007
EQ-iscgem857299__TC-TY6524,EQ-TY,1965-09-19T18:00:00Z,52.2,146.3,27.112007
EQ-iscgem857299__TC-TY6524,EQ-TY,1965-09-19T21:00:00Z,52.5597,146.531,27.112007
EQ-iscgem857299__TC-TY6524,EQ-TY,1965-09-20T00:00:00Z,52.8,146.9,27.112007
EQ-iscgem857299__TC-TY6524,EQ-TY,1965-09-20T03:00:00Z,52.8478,147.42,27.112007
EQ-iscgem857299__TC-TY6524,EQ-TY,1965-09-20T06:00:00Z,52.7,148.0,27.112007
EQ-iscgem857299__TC-TY6524,EQ-TY,1965-09-20T09:00:00Z,52.3647,148.509,27.112007
EQ-iscgem857299__TC-TY6524,EQ-TY,1965-09-20T12:00:00Z,52.0,149.0,27.112007
EQ-iscgem857299__TC-TY6524,EQ-TY,1965-09-20T15:00:00Z,51.8047,149.492,24.725121
EQ-iscgem857299__TC-TY6524,EQ-TY,1965-09-20T18:00:00Z,51.7,150.0,22.203211
EQ-iscgem857299__TC-TY6524,EQ-TY,1965-09-20T21:00:00Z,51.6496,150.526,21.547893
EQ-iscgem857299__TC-TY6524,EQ-TY,1965-09-21T00:00:00Z,51.6,151.1,20.881366
EQ-iscgem857299__TC-TY6524,EQ-TY,1965-09-21T03:00:00Z,51.465,151.743,20.202862
EQ-iscgem857299__TC-TY6524,EQ-TY,1965-09-21T06:00:00Z,51.3,152.4,19.511519
EQ-iscgem857299__TC-TY6524,EQ-TY,1965-09-21T09:00:00Z,51.1722,153.014,18.806357
EQ-iscgem857299__TC-TY6524,EQ-TY,1965-09-21T12:00:00Z,51.0,153.6,18.086263
EQ-iscgem857299__TC-TY6524,EQ-TY,1965-09-21T15:00:00Z,50.6966,154.022,17.349955
EQ-iscgem857299__TC-TY6524,EQ-TY,1965-09-21T18:00:00Z,50.4,154.7,16.595947
EQ-iscgem857299__TC-TY6524,EQ-TY,1965-09-21T21:00:00Z,50.2352,155.968,15.027554
EQ-iscgem857299__TC-TY6524,EQ-TY,1965-09-22T00:00:00Z,50.1,157.6,13.362742
EQ-iscgem857299__TC-TY6524,EQ-TY,1965-09-22T03:00:00Z,50.006,159.341,12.486127
EQ-iscgem857299__TC-TY6524,EQ-TY,1965-09-22T06:00:00Z,49.7,161.1,11.574055
EQ-iscgem857299__TC-TY6524,EQ-TY,1965-09-22T09:00:00Z,48.9094,162.499,11.574055
EQ-iscgem857299__TC-TY6524,EQ-TY,1965-09-22T12:00:00Z,48.0,164.0,11.574055
EQ-iscgem857299__TC-TY6524,EQ-TY,1965-09-22T15:00:00Z,47.2832,165.88,10.620347
EQ-iscgem857299__TC-TY6524,EQ-TY,1965-09-22T18:00:00Z,46.7,168.2,9.616676
EQ-iscgem857299__TC-TY6524,EQ-TY,1965-09-22T21:00:00Z,46.2448,171.103,9.616676
EQ-iscgem857299__TC-TY6524,EQ-TY,1965-09-23T00:00:00Z,45.8,174.0,8.551302
EQ-iscgem857299__TC-TY6524,EQ-TY,1965-09-23T03:00:00Z,45.2047,176.245,9.616676
EQ-iscgem857299__TC-TY6524,EQ-TY,1965-09-23T06:00:00Z,44.7,178.1,9.616676
EQ-iscgem857299__TC-TY6524,EQ-TY,1965-09-23T09:00:00Z,44.4306,179.746,10.620347
EQ-iscgem857299__TC-TY6524,EQ-TY,1965-09-23T12:00:00Z,44.3,181.3,11.574055
EQ-iscgem857881__TC-TY6506,EQ-TY,1965-05-20T06:00:00Z,9.0,134.0,8.551302
EQ-iscgem857881__TC-TY6506,EQ-TY,1965-05-20T09:00:00Z,9.01772,133.51,8.551302
EQ-iscgem857881__TC-TY6506,EQ-TY,1965-05-20T12:00:00Z,9.1,133.1,7.406657
EQ-iscgem857881__TC-TY6506,EQ-TY,1965-05-20T15:00:00Z,9.28482,132.807,8.551302
EQ-iscgem857881__TC-TY6506,EQ-TY,1965-05-20T18:00:00Z,9.5,132.5,9.616676
EQ-iscgem857881__TC-TY6506,EQ-TY,1965-05-20T21:00:00Z,9.6576,132.015,10.620347
EQ-iscgem857881__TC-TY6506,EQ-TY,1965-05-21T00:00:00Z,9.8,131.5,11.574055
EQ-iscgem857881__TC-TY6506,EQ-TY,1965-05-21T03:00:00Z,9.91994,131.07,12.486127
EQ-iscgem857881__TC-TY6506,EQ-TY,1965-05-21T06:00:00Z,10.1,130.7,13.362742
EQ-iscgem857881__TC-TY6506,EQ-TY,1965-05-21T09:00:00Z,10.4199,130.392,13.362742
EQ-iscgem857881__TC-TY6506,EQ-TY,1965-05-21T12:00:00Z,10.8,130.1,13.362742
EQ-iscgem857881__TC-TY6506,EQ-TY,1965-05-21T15:00:00Z,11.1649,129.772,13.362742
EQ-iscgem857881__TC-TY6506,EQ-TY,1965-05-21T18:00:00Z,11.5,129.4,13.362742
EQ-iscgem857881__TC-TY6506,EQ-TY,1965-05-21T21:00:00Z,11.7801,128.928,12.486127
EQ-iscgem857881__TC-TY6506,EQ-TY,1965-05-22T00:00:00Z,12.0,128.5,11.574055
EQ-iscgem857881__TC-TY6506,EQ-TY,1965-05-22T03:00:00Z,12.1648,128.285,12.486127
EQ-iscgem857881__TC-TY6506,EQ-TY,1965-05-22T06:00:00Z,12.3,128.1,13.362742
EQ-iscgem857881__TC-TY6506,EQ-TY,1965-05-22T09:00:00Z,12.4348,127.817,13.362742
EQ-iscgem857881__TC-TY6506,EQ-TY,1965-05-22T12:00:00Z,12.6,127.4,13.362742
EQ-iscgem857881__TC-TY6506,EQ-TY,1965-05-22T15:00:00Z,12.8504,126.743,13.362742
EQ-iscgem857881__TC-TY6506,EQ-TY,1965-05-22T18:00:00Z,13.1,126.1,13.362742
EQ-iscgem857881__TC-TY6506,EQ-TY,1965-05-22T21:00:00Z,13.2497,125.747,14.208639
EQ-iscgem857881__TC-TY6506,EQ-TY,1965-05-23T00:00:00Z,13.4,125.5,15.027554
EQ-iscgem857881__TC-TY6506,EQ-TY,1965-05-23T03:00:00Z,13.6275,125.185,16.595947
EQ-iscgem857881__TC-TY6506,EQ-TY,1965-05-23T06:00:00Z,13.9,124.9,18.086263
EQ-iscgem857881__TC-TY6506,EQ-TY,1965-05-23T09:00:00Z,14.1849,124.692,18.806357
EQ-iscgem857881__TC-TY6506,EQ-TY,1965-05-23T12:00:00Z,14.5,124.5,19.511519
EQ-iscgem857881__TC-TY6506,EQ-TY,1965-05-23T15:00:00Z,14.8651,124.22,19.511519
EQ-iscgem857881__TC-TY6506,EQ-TY,1965-05-23T18:00:00Z,15.2,124.0,19.511519
EQ-iscgem857881__TC-TY6506,EQ-TY,1965-05-23T21:00:00Z,15.4225,123.962,20.202862
EQ-iscgem857881__TC-TY6506,EQ-TY,1965-05-24T00:00:00Z,15.6,124.0,20.881366
EQ-iscgem857881__TC-TY6506,EQ-TY,1965-05-24T03:00:00Z,15.7925,124.0,20.881366
EQ-iscgem857881__TC-TY6506,EQ-TY,1965-05-24T06:00:00Z,16.0,124.0,20.881366
EQ-iscgem857881__TC-TY6506,EQ-TY,1965-05-24T09:00:00Z,16.2575,124.0,21.547893
EQ-iscgem857881__TC-TY6506,EQ-TY,1965-05-24T12:00:00Z,16.5,124.0,22.203211
EQ-iscgem857881__TC-TY6506,EQ-TY,1965-05-24T15:00:00Z,16.65,123.985,22.848006
EQ-iscgem857881__TC-TY6506,EQ-TY,1965-05-24T18:00:00Z,16.8,124.0,23.482894
EQ-iscgem857881__TC-TY6506,EQ-TY,1965-05-24T21:00:00Z,16.9823,124.033,25.333421
EQ-iscgem857881__TC-TY6506,EQ-TY,1965-05-25T00:00:00Z,17.3,124.2,27.112007
EQ-iscgem857881__TC-TY6506,EQ-TY,1965-05-25T03:00:00Z,17.8175,124.568,27.112007
EQ-iscgem857881__TC-TY6506,EQ-TY,1965-05-25T06:00:00Z,18.5,125.1,27.112007
EQ-iscgem857881__TC-TY6506,EQ-TY,1965-05-25T09:00:00Z,19.27,125.713,27.112007
EQ-iscgem857881__TC-TY6506,EQ-TY,1965-05-25T12:00:00Z,20.1,126.4,27.112007
EQ-iscgem857881__TC-TY6506,EQ-TY,1965-05-25T15:00:00Z,20.9147,127.086,27.112007
EQ-iscgem857881__TC-TY6506,EQ-TY,1965-05-25T18:00:00Z,21.7,127.8,27.112007
EQ-iscgem857881__TC-TY6506,EQ-TY,1965-05-25T21:00:00Z,22.3994,128.522,27.112007
EQ-iscgem857881__TC-TY6506,EQ-TY,1965-05-26T00:00:00Z,23.1,129.3,27.112007
EQ-iscgem857881__TC-TY6506,EQ-TY,1965-05-26T03:00:00Z,23.8474,130.179,27.112007
EQ-iscgem857881__TC-TY6506,EQ-TY,1965-05-26T06:00:00Z,24.7,131.1,27.112007
EQ-iscgem857881__TC-TY6506,EQ-TY,1965-05-26T09:00:00Z,25.6135,131.946,27.112007
EQ-iscgem857881__TC-TY6506,EQ-TY,1965-05-26T12:00:00Z,26.8,132.9,27.112007
EQ-iscgem857881__TC-TY6506,EQ-TY,1965-05-26T15:00:00Z,28.3648,134.106,28.262604
EQ-iscgem857881__TC-TY6506,EQ-TY,1965-05-26T18:00:00Z,30.2,135.5,29.387863
EQ-iscgem857881__TC-TY6506,EQ-TY,1965-05-26T21:00:00Z,32.178,136.976,28.828269
EQ-iscgem857881__TC-TY6506,EQ-TY,1965-05-27T00:00:00Z,34.1,138.6,28.262604
EQ-iscgem857881__TC-TY6506,EQ-TY,1965-05-27T03:00:00Z,35.844,140.526,27.690609
EQ-iscgem857881__TC-TY6506,EQ-TY,1965-05-27T06:00:00Z,37.1,142.2,27.112007
EQ-iscgem857881__TC-TY6506,EQ-TY,1965-05-27T09:00:00Z,37.5695,142.735,24.108431
EQ-iscgem857881__TC-TY6506,EQ-TY,1965-05-27T12:00:00Z,37.8,143.5,20.881366
EQ-iscgem857881__TC-TY6506,EQ-TY,1965-05-27T15:00:00Z,38.3833,145.837,20.881366
EQ-iscgem857881__TC-TY6506,EQ-TY,1965-05-27T18:00:00Z,39.0,148.9,20.881366
EQ-iscgem857881__TC-TY6506,EQ-TY,1965-05-27T21:00:00Z,39.4833,151.841,20.881366
EQ-iscgem857881__TC-TY6506,EQ-TY,1965-05-28T00:00:00Z,40.0,155.0,20.881366
EQ-iscgem857881__TC-TY6506,EQ-TY,1965-05-28T03:00:00Z,40.6169,158.538,20.881366
EQ-iscgem857881__TC-TY6506,EQ-TY,1965-05-28T06:00:00Z,41.3,162.0,20.881366
EQ-iscgem857881__TC-TY6506,EQ-TY,1965-05-28T09:00:00Z,42.0378,164.851,21.547893
EQ-iscgem857881__TC-TY6506,EQ-TY,1965-05-28T12:00:00Z,42.8,167.6,22.203211
EQ-iscgem857881__TC-TY6506,EQ-TY,1965-05-28T15:00:00Z,43.4461,170.919,24.725121
EQ-iscgem857881__TC-TY6506,EQ-TY,1965-05-28T18:00:00Z,44.0,174.0,27.112007
EQ-iscgem857881__TC-TY6506,EQ-TY,1965-05-28T21:00:00Z,44.3503,176.204,27.112007
EQ-iscgem857881__TC-TY6506,EQ-TY,1965-05-29T00:00:00Z,45.0,178.0,27.112007
EQ-iscgem857881__TC-TY6506,EQ-TY,1965-05-29T03:00:00Z,46.3079,179.9,27.690609
EQ-iscgem857881__TC-TY6506,EQ-TY,1965-05-29T06:00:00Z,48.0,182.0,28.262604
EQ-iscgem863099__TC-TY6420,TY-EQ,1964-09-16T18:00:00Z,11.7,149.3,4.739788
EQ-iscgem863099__TC-TY6420,TY-EQ,1964-09-16T21:00:00Z,12.1701,148.89,3.033162
EQ-iscgem863099__TC-TY6420,TY-EQ,1964-09-17T00:00:00Z,12.6,148.5,
EQ-iscgem863099__TC-TY6420,TY-EQ,1964-09-17T03:00:00Z,12.9649,148.142,3.033162
EQ-iscgem863099__TC-TY6420,TY-EQ,1964-09-17T06:00:00Z,13.3,147.8,4.739788
EQ-iscgem863099__TC-TY6420,TY-EQ,1964-09-17T09:00:00Z,13.635,147.427,3.033162
EQ-iscgem863099__TC-TY6420,TY-EQ,1964-09-17T12:00:00Z,14.0,147.1,
EQ-iscgem863099__TC-TY6420,TY-EQ,1964-09-17T15:00:00Z,14.4573,146.9,3.033162
EQ-iscgem863099__TC-TY6420,TY-EQ,1964-09-17T18:00:00Z,14.9,146.7,4.739788
EQ-iscgem863099__TC-TY6420,TY-EQ,1964-09-17T21:00:00Z,15.2299,146.387,4.739788
EQ-iscgem863099__TC-TY6420,TY-EQ,1964-09-18T00:00:00Z,15.5,146.0,4.739788
EQ-iscgem863099__TC-TY6420,TY-EQ,1964-09-18T03:00:00Z,15.7576,145.542,6.154059
EQ-iscgem863099__TC-TY6420,TY-EQ,1964-09-18T06:00:00Z,16.0,145.1,7.406657
EQ-iscgem863099__TC-TY6420,TY-EQ,1964-09-18T09:00:00Z,16.2499,144.762,7.406657
EQ-iscgem863099__TC-TY6420,TY-EQ,1964-09-18T12:00:00Z,16.5,144.5,7.406657
EQ-iscgem863099__TC-TY6420,TY-EQ,1964-09-18T15:00:00Z,16.7425,144.262,7.406657
EQ-iscgem863099__TC-TY6420,TY-EQ,1964-09-18T18:00:00Z,17.0,144.1,7.406657
EQ-iscgem863099__TC-TY6420,TY-EQ,1964-09-18T21:00:00Z,17.2774,144.065,9.616676
EQ-iscgem863099__TC-TY6420,TY-EQ,1964-09-19T00:00:00Z,17.6,144.0,11.574055
EQ-iscgem863099__TC-TY6420,TY-EQ,1964-09-19T03:00:00Z,18.0075,143.753,13.362742
EQ-iscgem863099__TC-TY6420,TY-EQ,1964-09-19T06:00:00Z,18.4,143.4,15.027554
EQ-iscgem863099__TC-TY6420,TY-EQ,1964-09-19T09:00:00Z,18.6727,142.985,18.086263
EQ-iscgem863099__TC-TY6420,TY-EQ,1964-09-19T12:00:00Z,18.9,142.6,20.881366
EQ-iscgem863099__TC-TY6420,TY-EQ,1964-09-19T15:00:00Z,19.1723,142.385,22.848006
EQ-iscgem863099__TC-TY6420,TY-EQ,1964-09-19T18:00:00Z,19.4,142.2,24.108431
EQ-iscgem863099__TC-TY6420,TY-EQ,1964-09-19T21:00:00Z,19.5074,141.93,27.112007
EQ-iscgem863099__TC-TY6420,TY-EQ,1964-09-20T00:00:00Z,19.6,141.6,29.941627
EQ-iscgem863099__TC-TY6420,TY-EQ,1964-09-20T03:00:00Z,19.8076,141.2,34.186077
EQ-iscgem863099__TC-TY6420,TY-EQ,1964-09-20T06:00:00Z,20.0,140.8,37.673179
EQ-iscgem863099__TC-TY6420,TY-EQ,1964-09-20T09:00:00Z,20.0724,140.485,42.366734
EQ-iscgem863099__TC-TY6420,TY-EQ,1964-09-20T12:00:00Z,20.1,140.2,46.788457
EQ-iscgem863099__TC-TY6420,TY-EQ,1964-09-20T15:00:00Z,20.1274,139.915,50.990061
EQ-iscgem863099__TC-TY6420,TY-EQ,1964-09-20T18:00:00Z,20.2,139.6,55.008241
EQ-iscgem863099__TC-TY6420,TY-EQ,1964-09-20T21:00:00Z,20.3625,139.222,58.870209
EQ-iscgem863099__TC-TY6420,TY-EQ,1964-09-21T00:00:00Z,20.6,138.8,62.596849
EQ-iscgem863099__TC-TY6420,TY-EQ,1964-09-21T03:00:00Z,20.8774,138.357,63.691005
EQ-iscgem863099__TC-TY6420,TY-EQ,1964-09-21T06:00:00Z,21.2,137.9,64.4147
EQ-iscgem863099__TC-TY6420,TY-EQ,1964-09-21T09:00:00Z,21.5499,137.45,64.4147
EQ-iscgem863099__TC-TY6420,TY-EQ,1964-09-21T12:00:00Z,21.9,137.0,64.4147
EQ-iscgem863099__TC-TY6420,TY-EQ,1964-09-21T15:00:00Z,22.1848,136.557,64.4147
EQ-iscgem863099__TC-TY6420,TY-EQ,1964-09-21T18:00:00Z,22.5,136.1,64.4147
EQ-iscgem863099__TC-TY6420,TY-EQ,1964-09-21T21:00:00Z,22.9352,135.578,60.001589
EQ-iscgem863099__TC-TY6420,TY-EQ,1964-09-22T00:00:00Z,23.4,135.1,55.008241
EQ-iscgem863099__TC-TY6420,TY-EQ,1964-09-22T03:00:00Z,23.8069,134.807,55.008241
EQ-iscgem863099__TC-TY6420,TY-EQ,1964-09-22T06:00:00Z,24.2,134.5,55.008241
EQ-iscgem863099__TC-TY6420,TY-EQ,1964-09-22T09:00:00Z,24.6228,133.973,55.008241
EQ-iscgem863099__TC-TY6420,TY-EQ,1964-09-22T12:00:00Z,25.0,133.4,55.008241
EQ-iscgem863099__TC-TY6420,TY-EQ,1964-09-22T15:00:00Z,25.2646,132.942,55.008241
EQ-iscgem863099__TC-TY6420,TY-EQ,1964-09-22T18:00:00Z,25.5,132.5,55.008241
EQ-iscgem863099__TC-TY6420,TY-EQ,1964-09-22T21:00:00Z,25.7777,131.97,53.020201
EQ-iscgem863099__TC-TY6420,TY-EQ,1964-09-23T00:00:00Z,26.1,131.5,50.990061
EQ-iscgem863099__TC-TY6420,TY-EQ,1964-09-23T03:00:00Z,26.4923,131.19,50.990061
EQ-iscgem863099__TC-TY6420,TY-EQ,1964-09-23T06:00:00Z,26.9,131.0,50.990061
EQ-iscgem863099__TC-TY6420,TY-EQ,1964-09-23T09:00:00Z,27.2499,130.892,50.990061
EQ-iscgem863099__TC-TY6420,TY-EQ,1964-09-23T12:00:00Z,27.6,130.8,50.990061
EQ-iscgem863099__TC-TY6420,TY-EQ,1964-09-23T15:00:00Z,27.9701,130.608,50.990061
EQ-iscgem863099__TC-TY6420,TY-EQ,1964-09-23T18:00:00Z,28.4,130.4,50.990061
EQ-iscgem863099__TC-TY6420,TY-EQ,1964-09-23T21:00:00Z,28.905,130.213,50.990061
EQ-iscgem863099__TC-TY6420,TY-EQ,1964-09-24T00:00:00Z,29.5,130.1,50.990061
EQ-iscgem863099__TC-TY6420,TY-EQ,1964-09-24T03:00:00Z,30.1919,130.031,48.914209
EQ-iscgem863099__TC-TY6420,TY-EQ,1964-09-24T06:00:00Z,30.9,130.2,46.788457
EQ-iscgem863099__TC-TY6420,TY-EQ,1964-09-24T09:00:00Z,31.4622,130.71,44.6079
EQ-iscgem863099__TC-TY6420,TY-EQ,1964-09-24T12:00:00Z,32.1,131.5,42.366734
EQ-iscgem863099__TC-TY6420,TY-EQ,1964-09-24T15:00:00Z,32.9586,132.384,40.05799
EQ-iscgem863099__TC-TY6420,TY-EQ,1964-09-24T18:00:00Z,34.0,133.5,37.673179
EQ-iscgem863099__TC-TY6420,TY-EQ,1964-09-24T21:00:00Z,35.1402,134.713,32.630386
EQ-iscgem863099__TC-TY6420,TY-EQ,1964-09-25T00:00:00Z,36.4,136.4,27.112007
EQ-iscgem863099__TC-TY6420,TY-EQ,1964-09-25T03:00:00Z,37.64,138.806,27.112007
EQ-iscgem863099__TC-TY6420,TY-EQ,1964-09-25T06:00:00Z,39.0,141.7,27.112007
EQ-iscgem863099__TC-TY6420,TY-EQ,1964-09-25T09:00:00Z,40.5788,144.728,25.933752
EQ-iscgem863099__TC-TY6420,TY-EQ,1964-09-25T12:00:00Z,42.2,148.0,24.725121
EQ-iscgem863099__TC-TY6420,TY-EQ,1964-09-25T15:00:00Z,43.6837,151.454,24.725121
EQ-iscgem863099__TC-TY6420,TY-EQ,1964-09-25T18:00:00Z,45.0,155.0,24.725121
EQ-iscgem863099__TC-TY6420,TY-EQ,1964-09-25T21:00:00Z,46.1176,158.726,26.526496
EQ-iscgem863099__TC-TY6420,TY-EQ,1964-09-26T00:00:00Z,47.0,162.0,28.262604
EQ-iscgem863099__TC-TY6420,TY-EQ,1964-09-26T03:00:00Z,47.6896,164.099,31.032552
EQ-iscgem863099__TC-TY6420,TY-EQ,1964-09-26T06:00:00Z,48.3,166.0,33.671939
EQ-iscgem863099__TC-TY6420,TY-EQ,1964-09-26T09:00:00Z,48.8334,168.897,34.186077
EQ-iscgem863099__TC-TY6420,TY-EQ,1964-09-26T12:00:00Z,49.4,172.0,34.695976
EQ-iscgem863099__TC-TY6420,TY-EQ,1964-09-26T15:00:00Z,50.203,174.855,33.671939
EQ-iscgem863099__TC-TY6420,TY-EQ,1964-09-26T18:00:00Z,51.0,177.5,32.630386
EQ-iscgem863099__TC-TY6420,TY-EQ,1964-09-26T21:00:00Z,51.5781,179.839,32.630386
EQ-iscgem863099__TC-TY6420,TY-EQ,1964-09-27T00:00:00Z,52.0,182.0,32.630386
EQ-iscgem874654__TC-TY6212,EQ-TY,1962-08-12T00:00:00Z,10.5,151.2,
EQ-iscgem874654__TC-TY6212,EQ-TY,1962-08-12T03:00:00Z,10.735,150.972,3.033162
EQ-iscgem874654__TC-TY6212,EQ-TY,1962-08-12T06:00:00Z,11.0,150.7,4.739788
EQ-iscgem874654__TC-TY6212,EQ-TY,1962-08-12T09:00:00Z,11.3075,150.358,4.739788
EQ-iscgem874654__TC-TY6212,EQ-TY,1962-08-12T12:00:00Z,11.6,150.0,4.739788
EQ-iscgem874654__TC-TY6212,EQ-TY,1962-08-12T15:00:00Z,11.7999,149.692,6.154059
EQ-iscgem874654__TC-TY6212,EQ-TY,1962-08-12T18:00:00Z,12.0,149.4,7.406657
EQ-iscgem874654__TC-TY6212,EQ-TY,1962-08-12T21:00:00Z,12.2849,149.107,7.406657
EQ-iscgem874654__TC-TY6212,EQ-TY,1962-08-13T00:00:00Z,12.6,148.8,7.406657
EQ-iscgem874654__TC-TY6212,EQ-TY,1962-08-13T03:00:00Z,12.915,148.45,7.406657
EQ-iscgem874654__TC-TY6212,EQ-TY,1962-08-13T06:00:00Z,13.2,148.1,7.406657
EQ-iscgem874654__TC-TY6212,EQ-TY,1962-08-13T09:00:00Z,13.4149,147.792,8.551302
EQ-iscgem874654__TC-TY6212,EQ-TY,1962-08-13T12:00:00Z,13.6,147.5,8.551302
EQ-iscgem874654__TC-TY6212,EQ-TY,1962-08-13T15:00:00Z,13.785,147.2,9.616676
EQ-iscgem874654__TC-TY6212,EQ-TY,1962-08-13T18:00:00Z,14.0,146.9,9.616676
EQ-iscgem874654__TC-TY6212,EQ-TY,1962-08-13T21:00:00Z,14.2775,146.578,9.616676
EQ-iscgem874654__TC-TY6212,EQ-TY,1962-08-14T00:00:00Z,14.6,146.3,9.616676
EQ-iscgem874654__TC-TY6212,EQ-TY,1962-08-14T03:00:00Z,14.9425,146.105,11.574055
EQ-iscgem874654__TC-TY6212,EQ-TY,1962-08-14T06:00:00Z,15.3,146.0,13.362742
EQ-iscgem874654__TC-TY6212,EQ-TY,1962-08-14T09:00:00Z,15.65,145.977,14.208639
EQ-iscgem874654__TC-TY6212,EQ-TY,1962-08-14T12:00:00Z,16.0,146.0,15.027554
EQ-iscgem874654__TC-TY6212,EQ-TY,1962-08-14T15:00:00Z,16.35,146.0,16.595947
EQ-iscgem874654__TC-TY6212,EQ-TY,1962-08-14T18:00:00Z,16.7,146.0,17.349955
EQ-iscgem874654__TC-TY6212,EQ-TY,1962-08-14T21:00:00Z,17.035,146.0,20.881366
EQ-iscgem874654__TC-TY6212,EQ-TY,1962-08-15T00:00:00Z,17.4,146.0,24.108431
EQ-iscgem874654__TC-TY6212,EQ-TY,1962-08-15T03:00:00Z,17.82,146.015,26.526496
EQ-iscgem874654__TC-TY6212,EQ-TY,1962-08-15T06:00:00Z,18.3,146.0,28.262604
EQ-iscgem874654__TC-TY6212,EQ-TY,1962-08-15T09:00:00Z,18.835,145.9,32.102672
EQ-iscgem874654__TC-TY6212,EQ-TY,1962-08-15T12:00:00Z,19.4,145.8,35.201765
EQ-iscgem874654__TC-TY6212,EQ-TY,1962-08-15T15:00:00Z,19.95,145.8,39.113731
EQ-iscgem874654__TC-TY6212,EQ-TY,1962-08-15T18:00:00Z,20.5,145.8,42.366734
EQ-iscgem874654__TC-TY6212,EQ-TY,1962-08-15T21:00:00Z,21.0725,145.73,48.070153
EQ-iscgem874654__TC-TY6212,EQ-TY,1962-08-16T00:00:00Z,21.6,145.6,53.020201
EQ-iscgem874654__TC-TY6212,EQ-TY,1962-08-16T03:00:00Z,22.0,145.407,55.008241
EQ-iscgem874654__TC-TY6212,EQ-TY,1962-08-16T06:00:00Z,22.4,145.2,56.957325
EQ-iscgem874654__TC-TY6212,EQ-TY,1962-08-16T09:00:00Z,22.9275,145.035,56.957325
EQ-iscgem874654__TC-TY6212,EQ-TY,1962-08-16T12:00:00Z,23.5,144.9,56.957325
EQ-iscgem874654__TC-TY6212,EQ-TY,1962-08-16T15:00:00Z,24.0348,144.829,56.957325
EQ-iscgem874654__TC-TY6212,EQ-TY,1962-08-16T18:00:00Z,24.6,144.7,56.957325
EQ-iscgem874654__TC-TY6212,EQ-TY,1962-08-16T21:00:00Z,25.2352,144.38,56.182182
EQ-iscgem874654__TC-TY6212,EQ-TY,1962-08-17T00:00:00Z,25.9,144.0,55.008241
EQ-iscgem874654__TC-TY6212,EQ-TY,1962-08-17T03:00:00Z,26.5573,143.699,54.217866
EQ-iscgem874654__TC-TY6212,EQ-TY,1962-08-17T06:00:00Z,27.2,143.4,53.020201
EQ-iscgem874654__TC-TY6212,EQ-TY,1962-08-17T09:00:00Z,27.8074,143.065,52.213388
EQ-iscgem874654__TC-TY6212,EQ-TY,1962-08-17T12:00:00Z,28.4,142.7,50.990061
EQ-iscgem874654__TC-TY6212,EQ-TY,1962-08-17T15:00:00Z,29.0301,142.285,48.914209
EQ-iscgem874654__TC-TY6212,EQ-TY,1962-08-17T18:00:00Z,29.6,141.9,46.788457
EQ-iscgem874654__TC-TY6212,EQ-TY,1962-08-17T21:00:00Z,30.0523,141.619,43.719068
EQ-iscgem874654__TC-TY6212,EQ-TY,1962-08-18T00:00:00Z,30.4,141.4,40.05799
EQ-iscgem874654__TC-TY6212,EQ-TY,1962-08-18T03:00:00Z,30.6725,141.185,40.05799
EQ-iscgem874654__TC-TY6212,EQ-TY,1962-08-18T06:00:00Z,30.9,141.0,40.05799
EQ-iscgem874654__TC-TY6212,EQ-TY,1962-08-18T09:00:00Z,31.1575,140.82,40.05799
EQ-iscgem874654__TC-TY6212,EQ-TY,1962-08-18T12:00:00Z,31.4,140.7,40.05799
EQ-iscgem874654__TC-TY6212,EQ-TY,1962-08-18T15:00:00Z,31.5925,140.677,39.113731
EQ-iscgem874654__TC-TY6212,EQ-TY,1962-08-18T18:00:00Z,31.8,140.7,37.673179
EQ-iscgem874654__TC-TY6212,EQ-TY,1962-08-18T21:00:00Z,32.1,140.707,36.69568
EQ-iscgem874654__TC-TY6212,EQ-TY,1962-08-19T00:00:00Z,32.4,140.7,35.201765
EQ-iscgem874654__TC-TY6212,EQ-TY,1962-08-19T03:00:00Z,32.63,140.643,35.201765
EQ-iscgem874654__TC-TY6212,EQ-TY,1962-08-19T06:00:00Z,32.8,140.6,35.201765
EQ-iscgem874654__TC-TY6212,EQ-TY,1962-08-19T09:00:00Z,32.9075,140.635,35.201765
EQ-iscgem874654__TC-TY6212,EQ-TY,1962-08-19T12:00:00Z,33.0,140.7,35.201765
EQ-iscgem874654__TC-TY6212,EQ-TY,1962-08-19T15:00:00Z,33.1424,140.728,35.201765
EQ-iscgem874654__TC-TY6212,EQ-TY,1962-08-19T18:00:00Z,33.3,140.8,35.201765
EQ-iscgem874654__TC-TY6212,EQ-TY,1962-08-19T21:00:00Z,33.42,140.97,36.69568
EQ-iscgem874654__TC-TY6212,EQ-TY,1962-08-20T00:00:00Z,33.6,141.2,37.673179
EQ-iscgem874654__TC-TY6212,EQ-TY,1962-08-20T03:00:00Z,33.9125,141.442,37.673179
EQ-iscgem874654__TC-TY6212,EQ-TY,1962-08-20T06:00:00Z,34.3,141.7,37.673179
EQ-iscgem874654__TC-TY6212,EQ-TY,1962-08-20T09:00:00Z,34.6923,141.928,37.673179
EQ-iscgem874654__TC-TY6212,EQ-TY,1962-08-20T12:00:00Z,35.1,142.2,37.673179
EQ-iscgem874654__TC-TY6212,EQ-TY,1962-08-20T15:00:00Z,35.5151,142.585,37.673179
EQ-iscgem874654__TC-TY6212,EQ-TY,1962-08-20T18:00:00Z,35.9,143.0,37.673179
EQ-iscgem874654__TC-TY6212,EQ-TY,1962-08-20T21:00:00Z,36.2072,143.343,37.673179
EQ-iscgem874654__TC-TY6212,EQ-TY,1962-08-21T00:00:00Z,36.5,143.7,37.673179
EQ-iscgem874654__TC-TY6212,EQ-TY,1962-08-21T03:00:00Z,36.8488,144.061,37.673179
EQ-iscgem874654__TC-TY6212,EQ-TY,1962-08-21T06:00:00Z,37.2,144.6,37.673179
EQ-iscgem874654__TC-TY6212,EQ-TY,1962-08-21T09:00:00Z,37.5005,145.468,37.673179
EQ-iscgem874654__TC-TY6212,EQ-TY,1962-08-21T12:00:00Z,37.8,146.5,37.673179
EQ-iscgem874654__TC-TY6212,EQ-TY,1962-08-21T15:00:00Z,38.1338,147.471,37.673179
EQ-iscgem874654__TC-TY6212,EQ-TY,1962-08-21T18:00:00Z,38.5,148.5,37.673179
EQ-iscgem874654__TC-TY6212,EQ-TY,1962-08-21T21:00:00Z,38.8999,149.643,37.673179
EQ-iscgem874654__TC-TY6212,EQ-TY,1962-08-22T00:00:00Z,39.3,150.8,37.673179
EQ-iscgem874654__TC-TY6212,EQ-TY,1962-08-22T03:00:00Z,39.6521,151.749,37.673179
EQ-iscgem874654__TC-TY6212,EQ-TY,1962-08-22T06:00:00Z,40.0,152.9,37.673179
EQ-iscgem874654__TC-TY6212,EQ-TY,1962-08-22T09:00:00Z,40.3796,154.584,36.69568
EQ-iscgem874654__TC-TY6212,EQ-TY,1962-08-22T12:00:00Z,40.7,156.6,35.201765
EQ-iscgem874654__TC-TY6212,EQ-TY,1962-08-22T15:00:00Z,40.9121,158.78,34.186077
EQ-iscgem874654__TC-TY6212,EQ-TY,1962-08-22T18:00:00Z,41.0,160.9,32.630386
EQ-iscgem874654__TC-TY6212,EQ-TY,1962-08-22T21:00:00Z,40.935,162.593,31.570119
EQ-iscgem874654__TC-TY6212,EQ-TY,1962-08-23T00:00:00Z,40.9,164.2,29.941627
EQ-iscgem874654__TC-TY6212,EQ-TY,1962-08-23T03:00:00Z,41.0184,166.108,27.690609
EQ-iscgem874654__TC-TY6212,EQ-TY,1962-08-23T06:00:00Z,41.3,168.0,24.725121
EQ-iscgem874654__TC-TY6212,EQ-TY,1962-08-23T09:00:00Z,41.7146,169.676,22.848006
EQ-iscgem874654__TC-TY6212,EQ-TY,1962-08-23T12:00:00Z,42.3,171.2,20.881366
EQ-iscgem874654__TC-TY6212,EQ-TY,1962-08-23T15:00:00Z,43.0316,172.616,20.881366
EQ-iscgem874654__TC-TY6212,EQ-TY,1962-08-23T18:00:00Z,43.8,174.0,20.881366
EQ-iscgem874654__TC-TY6212,EQ-TY,1962-08-23T21:00:00Z,44.4169,175.591,20.202862
EQ-iscgem874654__TC-TY6212,EQ-TY,1962-08-24T00:00:00Z,45.0,177.0,19.511519
EQ-iscgem874654__TC-TY6212,EQ-TY,1962-08-24T03:00:00Z,45.5353,177.998,18.806357
EQ-iscgem874654__TC-TY6212,EQ-TY,1962-08-24T06:00:00Z,46.3,178.6,18.086263
EQ-iscgem874654__TC-TY6212,EQ-TY,1962-08-24T09:00:00Z,47.6716,178.921,18.086263
EQ-iscgem874654__TC-TY6212,EQ-TY,1962-08-24T12:00:00Z,49.0,179.0,18.086263
EQ-iscgem874654__TC-TY6212,EQ-TY,1962-08-24T15:00:00Z,49.4022,179.1,18.086263
EQ-iscgem874654__TC-TY6212,EQ-TY,1962-08-24T18:00:00Z,50.0,179.0,18.086263
EQ-iscgem874654__TC-TY6212,EQ-TY,1962-08-24T21:00:00Z,52.0006,178.381,20.881366
EQ-iscgem874654__TC-TY6212,EQ-TY,1962-08-25T00:00:00Z,54.0,178.0,23.482894
EQ-iscgem874654__TC-TY6212,EQ-TY,1962-08-25T03:00:00Z,54.729,178.913,23.482894
EQ-iscgem874654__TC-TY6212,EQ-TY,1962-08-25T06:00:00Z,55.0,180.0,23.482894
EQ-iscgem874654__TC-TY6212,EQ-TY,1962-08-25T09:00:00Z,55.4341,179.874,23.482894
EQ-iscgem874654__TC-TY6212,EQ-TY,1962-08-25T12:00:00Z,56.0,180.0,23.482894
EQ-iscgem874654__TC-TY6212,EQ-TY,1962-08-25T15:00:00Z,56.8363,181.504,23.482894
EQ-iscgem874654__TC-TY6212,EQ-TY,1962-08-25T18:00:00Z,57.8,184.0,23.482894
EQ-iscgem877216__TC-TY6124,EQ-TY,1961-10-02T18:00:00Z,21.6,151.4,4.739788
EQ-iscgem877216__TC-TY6124,EQ-TY,1961-10-02T21:00:00Z,21.9402,151.208,4.739788
EQ-iscgem877216__TC-TY6124,EQ-TY,1961-10-03T00:00:00Z,22.0,151.1,4.739788
EQ-iscgem877216__TC-TY6124,EQ-TY,1961-10-03T03:00:00Z,21.6047,151.103,7.406657
EQ-iscgem877216__TC-TY6124,EQ-TY,1961-10-03T06:00:00Z,21.0,151.0,9.616676
EQ-iscgem877216__TC-TY6124,EQ-TY,1961-10-03T09:00:00Z,20.455,150.589,9.616676
EQ-iscgem877216__TC-TY6124,EQ-TY,1961-10-03T12:00:00Z,20.0,150.0,9.616676
EQ-iscgem877216__TC-TY6124,EQ-TY,1961-10-03T15:00:00Z,19.7474,149.38,9.616676
EQ-iscgem877216__TC-TY6124,EQ-TY,1961-10-03T18:00:00Z,19.6,148.7,9.616676
EQ-iscgem877216__TC-TY6124,EQ-TY,1961-10-03T21:00:00Z,19.4652,147.97,10.620347
EQ-iscgem877216__TC-TY6124,EQ-TY,1961-10-04T00:00:00Z,19.3,147.3,11.574055
EQ-iscgem877216__TC-TY6124,EQ-TY,1961-10-04T03:00:00Z,18.9997,146.79,12.486127
EQ-iscgem877216__TC-TY6124,EQ-TY,1961-10-04T06:00:00Z,18.7,146.4,13.362742
EQ-iscgem877216__TC-TY6124,EQ-TY,1961-10-04T09:00:00Z,18.5499,146.063,13.362742
EQ-iscgem877216__TC-TY6124,EQ-TY,1961-10-04T12:00:00Z,18.4,145.8,13.362742
EQ-iscgem877216__TC-TY6124,EQ-TY,1961-10-04T15:00:00Z,18.1374,145.585,15.027554
EQ-iscgem877216__TC-TY6124,EQ-TY,1961-10-04T18:00:00Z,17.8,145.4,16.595947
EQ-iscgem877216__TC-TY6124,EQ-TY,1961-10-04T21:00:00Z,17.3775,145.2,19.511519
EQ-iscgem877216__TC-TY6124,EQ-TY,1961-10-05T00:00:00Z,17.0,145.0,22.203211
EQ-iscgem877216__TC-TY6124,EQ-TY,1961-10-05T03:00:00Z,16.8199,144.815,24.725121
EQ-iscgem877216__TC-TY6124,EQ-TY,1961-10-05T06:00:00Z,16.7,144.6,27.112007
EQ-iscgem877216__TC-TY6124,EQ-TY,1961-10-05T09:00:00Z,16.4776,144.3,27.112007
EQ-iscgem877216__TC-TY6124,EQ-TY,1961-10-05T12:00:00Z,16.3,144.0,27.112007
EQ-iscgem877216__TC-TY6124,EQ-TY,1961-10-05T15:00:00Z,16.255,143.763,29.941627
EQ-iscgem877216__TC-TY6124,EQ-TY,1961-10-05T18:00:00Z,16.3,143.6,32.630386
EQ-iscgem877216__TC-TY6124,EQ-TY,1961-10-05T21:00:00Z,16.3475,143.542,32.630386
EQ-iscgem877216__TC-TY6124,EQ-TY,1961-10-06T00:00:00Z,16.5,143.5,32.630386
EQ-iscgem877216__TC-TY6124,EQ-TY,1961-10-06T03:00:00Z,16.805,143.387,35.201765
EQ-iscgem877216__TC-TY6124,EQ-TY,1961-10-06T06:00:00Z,17.2,143.2,37.673179
EQ-iscgem877216__TC-TY6124,EQ-TY,1961-10-06T09:00:00Z,17.5925,142.923,44.6079
EQ-iscgem877216__TC-TY6124,EQ-TY,1961-10-06T12:00:00Z,18.0,142.6,50.990061
EQ-iscgem877216__TC-TY6124,EQ-TY,1961-10-06T15:00:00Z,18.4,142.3,55.008241
EQ-iscgem877216__TC-TY6124,EQ-TY,1961-10-06T18:00:00Z,18.8,142.0,58.870209
EQ-iscgem877216__TC-TY6124,EQ-TY,1961-10-06T21:00:00Z,19.2225,141.693,60.74933
EQ-iscgem877216__TC-TY6124,EQ-TY,1961-10-07T00:00:00Z,19.6,141.4,62.596849
EQ-iscgem877216__TC-TY6124,EQ-TY,1961-10-07T03:00:00Z,19.8348,141.164,63.691005
EQ-iscgem877216__TC-TY6124,EQ-TY,1961-10-07T06:00:00Z,20.1,140.9,64.4147
EQ-iscgem877216__TC-TY6124,EQ-TY,1961-10-07T09:00:00Z,20.5701,140.515,64.4147
EQ-iscgem877216__TC-TY6124,EQ-TY,1961-10-07T12:00:00Z,21.1,140.1,64.4147
EQ-iscgem877216__TC-TY6124,EQ-TY,1961-10-07T15:00:00Z,21.5723,139.75,64.4147
EQ-iscgem877216__TC-TY6124,EQ-TY,1961-10-07T18:00:00Z,22.0,139.4,64.4147
EQ-iscgem877216__TC-TY6124,EQ-TY,1961-10-07T21:00:00Z,22.3351,138.992,63.691005
EQ-iscgem877216__TC-TY6124,EQ-TY,1961-10-08T00:00:00Z,22.7,138.6,62.596849
EQ-iscgem877216__TC-TY6124,EQ-TY,1961-10-08T03:00:00Z,23.2123,138.292,60.74933
EQ-iscgem877216__TC-TY6124,EQ-TY,1961-10-08T06:00:00Z,23.8,138.0,58.870209
EQ-iscgem877216__TC-TY6124,EQ-TY,1961-10-08T09:00:00Z,24.3701,137.628,58.109237
EQ-iscgem877216__TC-TY6124,EQ-TY,1961-10-08T12:00:00Z,25.0,137.3,56.957325
EQ-iscgem877216__TC-TY6124,EQ-TY,1961-10-08T15:00:00Z,25.7648,137.134,56.957325
EQ-iscgem877216__TC-TY6124,EQ-TY,1961-10-08T18:00:00Z,26.5,137.0,56.957325
EQ-iscgem877216__TC-TY6124,EQ-TY,1961-10-08T21:00:00Z,26.9626,136.684,54.217866
EQ-iscgem877216__TC-TY6124,EQ-TY,1961-10-09T00:00:00Z,27.5,136.5,50.990061
EQ-iscgem877216__TC-TY6124,EQ-TY,1961-10-09T03:00:00Z,28.4476,136.701,50.990061
EQ-iscgem877216__TC-TY6124,EQ-TY,1961-10-09T06:00:00Z,29.5,137.1,50.990061
EQ-iscgem877216__TC-TY6124,EQ-TY,1961-10-09T09:00:00Z,30.3276,137.501,48.070153
EQ-iscgem877216__TC-TY6124,EQ-TY,1961-10-09T12:00:00Z,31.2,137.9,44.6079
EQ-iscgem877216__TC-TY6124,EQ-TY,1961-10-09T15:00:00Z,32.3031,138.093,44.6079
EQ-iscgem877216__TC-TY6124,EQ-TY,1961-10-09T18:00:00Z,33.5,138.5,44.6079
EQ-iscgem877216__TC-TY6124,EQ-TY,1961-10-09T21:00:00Z,34.6363,139.507,39.113731
EQ-iscgem877216__TC-TY6124,EQ-TY,1961-10-10T00:00:00Z,35.8,140.8,32.630386
EQ-iscgem877216__TC-TY6124,EQ-TY,1961-10-10T03:00:00Z,37.1101,142.07,31.570119
EQ-iscgem877216__TC-TY6124,EQ-TY,1961-10-10T06:00:00Z,38.3,143.3,29.941627
EQ-iscgem877216__TC-TY6124,EQ-TY,1961-10-10T09:00:00Z,39.1613,144.386,25.933752
EQ-iscgem877216__TC-TY6124,EQ-TY,1961-10-10T12:00:00Z,39.8,145.3,20.881366
EQ-iscgem877216__TC-TY6124,EQ-TY,1961-10-10T15:00:00Z,40.3212,146.056,16.595947
EQ-iscgem877216__TC-TY6124,EQ-TY,1961-10-10T18:00:00Z,40.8,146.7,11.574055
EQ-iscgem877216__TC-TY6124,EQ-TY,1961-10-10T21:00:00Z,41.4003,147.416,10.620347
EQ-iscgem877216__TC-TY6124,EQ-TY,1961-10-11T00:00:00Z,42.0,148.0,9.616676
EQ-iscgem877216__TC-TY6124,EQ-TY,1961-10-11T03:00:00Z,42.4618,148.306,8.551302
EQ-iscgem877216__TC-TY6124,EQ-TY,1961-10-11T06:00:00Z,43.0,148.5,7.406657
EQ-iscgem877216__TC-TY6124,EQ-TY,1961-10-11T09:00:00Z,43.8275,148.792,4.739788
EQ-iscgem877216__TC-TY6124,EQ-TY,1961-10-11T12:00:00Z,44.7,149.1,
EQ-iscgem877216__TC-TY6124,EQ-TY,1961-10-11T15:00:00Z,45.4076,149.402,
EQ-iscgem877216__TC-TY6124,EQ-TY,1961-10-11T18:00:00Z,46.0,149.7,
EQ-iscgem877175__TC-TY6118,EQ-TY,1961-09-06T12:00:00Z,7.1,173.0,7.406657
EQ-iscgem877175__TC-TY6118,EQ-TY,1961-09-06T15:00:00Z,7.24797,171.905,7.406657
EQ-iscgem877175__TC-TY6118,EQ-TY,1961-09-06T18:00:00Z,7.4,170.8,7.406657
EQ-iscgem877175__TC-TY6118,EQ-TY,1961-09-06T21:00:00Z,7.55733,169.685,7.406657
EQ-iscgem877175__TC-TY6118,EQ-TY,1961-09-07T00:00:00Z,7.7,168.6,7.406657
EQ-iscgem877175__TC-TY6118,EQ-TY,1961-09-07T03:00:00Z,7.79971,167.577,8.551302
EQ-iscgem877175__TC-TY6118,EQ-TY,1961-09-07T06:00:00Z,7.9,166.6,9.616676
EQ-iscgem877175__TC-TY6118,EQ-TY,1961-09-07T09:00:00Z,8.04992,165.613,10.620347
EQ-iscgem877175__TC-TY6118,EQ-TY,1961-09-07T12:00:00Z,8.2,164.7,11.574055
EQ-iscgem877175__TC-TY6118,EQ-TY,1961-09-07T15:00:00Z,8.29213,163.927,12.486127
EQ-iscgem877175__TC-TY6118,EQ-TY,1961-09-07T18:00:00Z,8.4,163.2,13.362742
EQ-iscgem877175__TC-TY6118,EQ-TY,1961-09-07T21:00:00Z,8.60747,162.393,17.349955
EQ-iscgem877175__TC-TY6118,EQ-TY,1961-09-08T00:00:00Z,8.8,161.6,20.881366
EQ-iscgem877175__TC-TY6118,EQ-TY,1961-09-08T03:00:00Z,8.87215,160.907,24.108431
EQ-iscgem877175__TC-TY6118,EQ-TY,1961-09-08T06:00:00Z,8.9,160.2,27.112007
EQ-iscgem877175__TC-TY6118,EQ-TY,1961-09-08T09:00:00Z,8.94245,159.372,28.828269
EQ-iscgem877175__TC-TY6118,EQ-TY,1961-09-08T12:00:00Z,9.0,158.5,29.941627
EQ-iscgem877175__TC-TY6118,EQ-TY,1961-09-08T15:00:00Z,9.10725,157.658,31.570119
EQ-iscgem877175__TC-TY6118,EQ-TY,1961-09-08T18:00:00Z,9.2,156.8,32.630386
EQ-iscgem877175__TC-TY6118,EQ-TY,1961-09-08T21:00:00Z,9.19244,155.892,34.186077
EQ-iscgem877175__TC-TY6118,EQ-TY,1961-09-09T00:00:00Z,9.2,155.0,35.201765
EQ-iscgem877175__TC-TY6118,EQ-TY,1961-09-09T03:00:00Z,9.33461,154.2,40.05799
EQ-iscgem877175__TC-TY6118,EQ-TY,1961-09-09T06:00:00Z,9.5,153.4,44.6079
EQ-iscgem877175__TC-TY6118,EQ-TY,1961-09-09T09:00:00Z,9.59999,152.5,45.923113
EQ-iscgem877175__TC-TY6118,EQ-TY,1961-09-09T12:00:00Z,9.7,151.6,46.788457
EQ-iscgem877175__TC-TY6118,EQ-TY,1961-09-09T15:00:00Z,9.82709,150.8,48.070153
EQ-iscgem877175__TC-TY6118,EQ-TY,1961-09-09T18:00:00Z,10.0,150.0,48.914209
EQ-iscgem877175__TC-TY6118,EQ-TY,1961-09-09T21:00:00Z,10.2277,149.063,50.165426
EQ-iscgem877175__TC-TY6118,EQ-TY,1961-09-10T00:00:00Z,10.5,148.2,50.990061
EQ-iscgem877175__TC-TY6118,EQ-TY,1961-09-10T03:00:00Z,10.8067,147.65,53.020201
EQ-iscgem877175__TC-TY6118,EQ-TY,1961-09-10T06:00:00Z,11.1,147.1,55.008241
EQ-iscgem877175__TC-TY6118,EQ-TY,1961-09-10T09:00:00Z,11.3078,146.23,55.008241
EQ-iscgem877175__TC-TY6118,EQ-TY,1961-09-10T12:00:00Z,11.5,145.3,55.008241
EQ-iscgem877175__TC-TY6118,EQ-TY,1961-09-10T15:00:00Z,11.7347,144.52,55.008241
EQ-iscgem877175__TC-TY6118,EQ-TY,1961-09-10T18:00:00Z,12.0,143.8,55.008241
EQ-iscgem877175__TC-TY6118,EQ-TY,1961-09-10T21:00:00Z,12.2924,143.07,56.182182
EQ-iscgem877175__TC-TY6118,EQ-TY,1961-09-11T00:00:00Z,12.6,142.4,56.957325
EQ-iscgem877175__TC-TY6118,EQ-TY,1961-09-11T03:00:00Z,12.8847,141.827,60.001589
EQ-iscgem877175__TC-TY6118,EQ-TY,1961-09-11T06:00:00Z,13.2,141.3,62.596849
EQ-iscgem877175__TC-TY6118,EQ-TY,1961-09-11T09:00:00Z,13.5848,140.757,62.596849
EQ-iscgem877175__TC-TY6118,EQ-TY,1961-09-11T12:00:00Z,14.0,140.2,62.596849
EQ-iscgem877175__TC-TY6118,EQ-TY,1961-09-11T15:00:00Z,14.4072,139.63,62.596849
EQ-iscgem877175__TC-TY6118,EQ-TY,1961-09-11T18:00:00Z,14.8,139.0,62.596849
EQ-iscgem877175__TC-TY6118,EQ-TY,1961-09-11T21:00:00Z,15.1576,138.257,64.4147
EQ-iscgem877175__TC-TY6118,EQ-TY,1961-09-12T00:00:00Z,15.5,137.5,66.204621
EQ-iscgem877175__TC-TY6118,EQ-TY,1961-09-12T03:00:00Z,15.8422,136.827,66.204621
EQ-iscgem877175__TC-TY6118,EQ-TY,1961-09-12T06:00:00Z,16.2,136.2,66.204621
EQ-iscgem877175__TC-TY6118,EQ-TY,1961-09-12T09:00:00Z,16.6071,135.607,66.204621
EQ-iscgem877175__TC-TY6118,EQ-TY,1961-09-12T12:00:00Z,17.0,135.0,66.204621
EQ-iscgem877175__TC-TY6118,EQ-TY,1961-09-12T15:00:00Z,17.3076,134.292,66.204621
EQ-iscgem877175__TC-TY6118,EQ-TY,1961-09-12T18:00:00Z,17.6,133.6,66.204621
EQ-iscgem877175__TC-TY6118,EQ-TY,1961-09-12T21:00:00Z,17.9046,133.034,66.204621
EQ-iscgem877175__TC-TY6118,EQ-TY,1961-09-13T00:00:00Z,18.3,132.5,66.204621
EQ-iscgem877175__TC-TY6118,EQ-TY,1961-09-13T03:00:00Z,18.8703,131.856,66.204621
EQ-iscgem877175__TC-TY6118,EQ-TY,1961-09-13T06:00:00Z,19.5,131.3,66.204621
EQ-iscgem877175__TC-TY6118,EQ-TY,1961-09-13T09:00:00Z,20.0345,131.019,66.204621
EQ-iscgem877175__TC-TY6118,EQ-TY,1961-09-13T12:00:00Z,20.6,130.8,66.204621
EQ-iscgem877175__TC-TY6118,EQ-TY,1961-09-13T15:00:00Z,21.2926,130.415,66.204621
EQ-iscgem877175__TC-TY6118,EQ-TY,1961-09-13T18:00:00Z,22.0,130.0,66.204621
EQ-iscgem877175__TC-TY6118,EQ-TY,1961-09-13T21:00:00Z,22.6074,129.627,64.4147
EQ-iscgem877175__TC-TY6118,EQ-TY,1961-09-14T00:00:00Z,23.2,129.3,62.596849
EQ-iscgem877175__TC-TY6118,EQ-TY,1961-09-14T03:00:00Z,23.82,128.998,61.861505
EQ-iscgem877175__TC-TY6118,EQ-TY,1961-09-14T06:00:00Z,24.5,128.8,60.74933
EQ-iscgem877175__TC-TY6118,EQ-TY,1961-09-14T09:00:00Z,25.3074,128.755,60.001589
EQ-iscgem877175__TC-TY6118,EQ-TY,1961-09-14T12:00:00Z,26.1,128.8,58.870209
EQ-iscgem877175__TC-TY6118,EQ-TY,1961-09-14T15:00:00Z,26.7374,128.813,56.957325
EQ-iscgem877175__TC-TY6118,EQ-TY,1961-09-14T18:00:00Z,27.3,128.9,55.008241
EQ-iscgem877175__TC-TY6118,EQ-TY,1961-09-14T21:00:00Z,27.895,129.112,55.008241
EQ-iscgem877175__TC-TY6118,EQ-TY,1961-09-15T00:00:00Z,28.4,129.4,55.008241
EQ-iscgem877175__TC-TY6118,EQ-TY,1961-09-15T03:00:00Z,28.7148,129.671,55.008241
EQ-iscgem877175__TC-TY6118,EQ-TY,1961-09-15T06:00:00Z,29.0,130.0,55.008241
EQ-iscgem877175__TC-TY6118,EQ-TY,1961-09-15T09:00:00Z,29.382,130.384,55.008241
EQ-iscgem877175__TC-TY6118,EQ-TY,1961-09-15T12:00:00Z,29.9,130.9,55.008241
EQ-iscgem877175__TC-TY6118,EQ-TY,1961-09-15T15:00:00Z,30.5828,131.605,55.008241
EQ-iscgem877175__TC-TY6118,EQ-TY,1961-09-15T18:00:00Z,31.4,132.4,55.008241
EQ-iscgem877175__TC-TY6118,EQ-TY,1961-09-15T21:00:00Z,32.2314,133.116,54.217866
EQ-iscgem877175__TC-TY6118,EQ-TY,1961-09-16T00:00:00Z,33.2,133.9,53.020201
EQ-iscgem877175__TC-TY6118,EQ-TY,1961-09-16T03:00:00Z,34.1141,134.798,50.165426
EQ-iscgem877175__TC-TY6118,EQ-TY,1961-09-16T06:00:00Z,35.6,135.9,46.788457
EQ-iscgem877175__TC-TY6118,EQ-TY,1961-09-16T09:00:00Z,38.2984,137.391,40.990101
EQ-iscgem877175__TC-TY6118,EQ-TY,1961-09-16T12:00:00Z,41.2,139.0,34.695976
EQ-iscgem877175__TC-TY6118,EQ-TY,1961-09-16T15:00:00Z,43.2684,140.326,36.201503
EQ-iscgem877175__TC-TY6118,EQ-TY,1961-09-16T18:00:00Z,45.0,141.5,37.673179
EQ-iscgem877175__TC-TY6118,EQ-TY,1961-09-16T21:00:00Z,46.7306,142.679,37.186205
EQ-iscgem877175__TC-TY6118,EQ-TY,1961-09-17T00:00:00Z,48.3,143.8,36.69568
EQ-iscgem877175__TC-TY6118,EQ-TY,1961-09-17T03:00:00Z,49.7441,144.858,36.201503
EQ-iscgem877175__TC-TY6118,EQ-TY,1961-09-17T06:00:00Z,51.0,146.0,35.201765
EQ-iscgem877175__TC-TY6118,EQ-TY,1961-09-17T09:00:00Z,52.0825,147.444,36.201503
EQ-iscgem877175__TC-TY6118,EQ-TY,1961-09-17T12:00:00Z,53.0,149.0,36.69568
EQ-iscgem877175__TC-TY6118,EQ-TY,1961-09-17T15:00:00Z,53.8896,150.553,39.113731
EQ-iscgem877175__TC-TY6118,EQ-TY,1961-09-17T18:00:00Z,54.6,152.0,41.451782
EQ-iscgem877175__TC-TY6118,EQ-TY,1961-09-17T21:00:00Z,55.0702,153.153,40.990101
EQ-iscgem877175__TC-TY6118,EQ-TY,1961-09-18T00:00:00Z,55.4,154.3,40.05799
EQ-iscgem877175__TC-TY6118,EQ-TY,1961-09-18T03:00:00Z,55.6717,155.544,38.636852
EQ-iscgem877175__TC-TY6118,EQ-TY,1961-09-18T06:00:00Z,56.0,157.4,36.69568
EQ-iscgem877175__TC-TY6118,EQ-TY,1961-09-18T09:00:00Z,56.5668,160.604,35.201765
EQ-iscgem877175__TC-TY6118,EQ-TY,1961-09-18T12:00:00Z,57.0,164.0,33.671939
EQ-iscgem877175__TC-TY6118,EQ-TY,1961-09-18T15:00:00Z,57.0298,166.215,33.153424
EQ-iscgem877175__TC-TY6118,EQ-TY,1961-09-18T18:00:00Z,57.0,168.0,32.630386
EQ-iscgem877175__TC-TY6118,EQ-TY,1961-09-18T21:00:00Z,57.1328,170.076,32.102672
EQ-iscgem877175__TC-TY6118,EQ-TY,1961-09-19T00:00:00Z,57.4,172.0,31.570119
EQ-iscgem877175__TC-TY6118,EQ-TY,1961-09-19T03:00:00Z,57.8041,173.72,29.941627
EQ-iscgem877175__TC-TY6118,EQ-TY,1961-09-19T06:00:00Z,58.3,175.0,28.262604
EQ-iscgem877175__TC-TY6118,EQ-TY,1961-09-19T09:00:00Z,58.7715,175.515,27.690609
EQ-iscgem877175__TC-TY6118,EQ-TY,1961-09-19T12:00:00Z,59.3,176.0,27.112007
EQ-iscgem877175__TC-TY6118,EQ-TY,1961-09-19T15:00:00Z,59.9183,177.371,25.333421
EQ-iscgem877175__TC-TY6118,EQ-TY,1961-09-19T18:00:00Z,60.5,179.0,23.482894
EQ-iscgem877175__TC-TY6118,EQ-TY,1961-09-19T21:00:00Z,60.9441,180.393,23.482894
EQ-iscgem877175__TC-TY6118,EQ-TY,1961-09-20T00:00:00Z,61.3,181.6,23.482894
EQ-iscgem882985__TC-TY5915,Simultaneous,1959-09-20T00:00:00Z,11.0,160.0,4.739788
EQ-iscgem882985__TC-TY5915,Simultaneous,1959-09-20T03:00:00Z,10.4262,158.641,7.406657
EQ-iscgem882985__TC-TY5915,Simultaneous,1959-09-20T06:00:00Z,10.0,157.3,8.551302
EQ-iscgem882985__TC-TY5915,Simultaneous,1959-09-20T09:00:00Z,9.84952,155.985,7.406657
EQ-iscgem882985__TC-TY5915,Simultaneous,1959-09-20T12:00:00Z,10.0,154.7,4.739788
EQ-iscgem882985__TC-TY5915,Simultaneous,1959-09-20T15:00:00Z,10.4247,153.421,6.154059
EQ-iscgem882985__TC-TY5915,Simultaneous,1959-09-20T18:00:00Z,11.0,152.2,7.406657
EQ-iscgem882985__TC-TY5915,Simultaneous,1959-09-20T21:00:00Z,11.4555,150.913,7.406657
EQ-iscgem882985__TC-TY5915,Simultaneous,1959-09-21T00:00:00Z,12.0,150.0,7.406657
EQ-iscgem882985__TC-TY5915,Simultaneous,1959-09-21T03:00:00Z,12.7843,149.834,7.406657
EQ-iscgem882985__TC-TY5915,Simultaneous,1959-09-21T06:00:00Z,13.6,150.0,7.406657
EQ-iscgem882985__TC-TY5915,Simultaneous,1959-09-21T09:00:00Z,14.2674,150.045,9.616676
EQ-iscgem882985__TC-TY5915,Simultaneous,1959-09-21T12:00:00Z,14.8,150.0,11.574055
EQ-iscgem882985__TC-TY5915,Simultaneous,1959-09-21T15:00:00Z,15.165,149.767,12.486127
EQ-iscgem882985__TC-TY5915,Simultaneous,1959-09-21T18:00:00Z,15.5,149.4,13.362742
EQ-iscgem882985__TC-TY5915,Simultaneous,1959-09-21T21:00:00Z,16.0218,149.055,15.027554
EQ-iscgem882985__TC-TY5915,Simultaneous,1959-09-22T00:00:00Z,16.5,148.5,16.595947
EQ-iscgem882985__TC-TY5915,Simultaneous,1959-09-22T03:00:00Z,16.7616,147.478,25.333421
EQ-iscgem882985__TC-TY5915,Simultaneous,1959-09-22T06:00:00Z,16.9,146.5,32.630386
EQ-iscgem882985__TC-TY5915,Simultaneous,1959-09-22T09:00:00Z,17.014,146.117,35.201765
EQ-iscgem882985__TC-TY5915,Simultaneous,1959-09-22T12:00:00Z,17.1,145.9,37.673179
EQ-iscgem882985__TC-TY5915,Simultaneous,1959-09-22T15:00:00Z,17.1548,145.502,42.366734
EQ-iscgem882985__TC-TY5915,Simultaneous,1959-09-22T18:00:00Z,17.3,145.0,46.788457
EQ-iscgem882985__TC-TY5915,Simultaneous,1959-09-22T21:00:00Z,17.6479,144.343,54.217866
EQ-iscgem882985__TC-TY5915,Simultaneous,1959-09-23T00:00:00Z,18.1,143.7,60.74933
EQ-iscgem882985__TC-TY5915,Simultaneous,1959-09-23T03:00:00Z,18.5569,143.292,62.596849
EQ-iscgem882985__TC-TY5915,Simultaneous,1959-09-23T06:00:00Z,19.0,142.9,64.4147
EQ-iscgem882985__TC-TY5915,Simultaneous,1959-09-23T09:00:00Z,19.3804,142.293,64.4147
EQ-iscgem882985__TC-TY5915,Simultaneous,1959-09-23T12:00:00Z,19.7,141.7,64.4147
EQ-iscgem882985__TC-TY5915,Simultaneous,1959-09-23T15:00:00Z,19.9645,141.334,64.4147
EQ-iscgem882985__TC-TY5915,Simultaneous,1959-09-23T18:00:00Z,20.2,141.0,64.4147
EQ-iscgem882985__TC-TY5915,Simultaneous,1959-09-23T21:00:00Z,20.4277,140.507,63.691005
EQ-iscgem882985__TC-TY5915,Simultaneous,1959-09-24T00:00:00Z,20.7,140.0,62.596849
EQ-iscgem882985__TC-TY5915,Simultaneous,1959-09-24T03:00:00Z,21.0847,139.592,60.74933
EQ-iscgem882985__TC-TY5915,Simultaneous,1959-09-24T06:00:00Z,21.5,139.2,58.870209
EQ-iscgem882985__TC-TY5915,Simultaneous,1959-09-24T09:00:00Z,21.8498,138.772,58.870209
EQ-iscgem882985__TC-TY5915,Simultaneous,1959-09-24T12:00:00Z,22.2,138.3,58.870209
EQ-iscgem882985__TC-TY5915,Simultaneous,1959-09-24T15:00:00Z,22.57,137.757,58.870209
EQ-iscgem882985__TC-TY5915,Simultaneous,1959-09-24T18:00:00Z,23.0,137.2,58.870209
EQ-iscgem882985__TC-TY5915,Simultaneous,1959-09-24T21:00:00Z,23.5576,136.648,60.74933
EQ-iscgem882985__TC-TY5915,Simultaneous,1959-09-25T00:00:00Z,24.1,136.2,62.596849
EQ-iscgem882985__TC-TY5915,Simultaneous,1959-09-25T03:00:00Z,24.4045,135.998,61.861505
EQ-iscgem882985__TC-TY5915,Simultaneous,1959-09-25T06:00:00Z,24.8,135.8,60.74933
EQ-iscgem882985__TC-TY5915,Simultaneous,1959-09-25T09:00:00Z,25.5907,135.295,60.001589
EQ-iscgem882985__TC-TY5915,Simultaneous,1959-09-25T12:00:00Z,26.5,134.8,58.870209
EQ-iscgem882985__TC-TY5915,Simultaneous,1959-09-25T15:00:00Z,27.2497,134.574,58.870209
EQ-iscgem882985__TC-TY5915,Simultaneous,1959-09-25T18:00:00Z,28.0,134.5,58.870209
EQ-iscgem882985__TC-TY5915,Simultaneous,1959-09-25T21:00:00Z,28.79,134.448,56.957325
EQ-iscgem882985__TC-TY5915,Simultaneous,1959-09-26T00:00:00Z,29.7,134.5,55.008241
EQ-iscgem882985__TC-TY5915,Simultaneous,1959-09-26T03:00:00Z,30.7523,134.613,55.008241
EQ-iscgem882985__TC-TY5915,Simultaneous,1959-09-26T06:00:00Z,32.0,134.9,55.008241
EQ-iscgem882985__TC-TY5915,Simultaneous,1959-09-26T09:00:00Z,33.3783,135.329,50.990061
EQ-iscgem882985__TC-TY5915,Simultaneous,1959-09-26T12:00:00Z,35.0,136.1,46.788457
EQ-iscgem882985__TC-TY5915,Simultaneous,1959-09-26T15:00:00Z,37.0597,137.466,41.451782
EQ-iscgem882985__TC-TY5915,Simultaneous,1959-09-26T18:00:00Z,38.9,138.9,35.201765
EQ-iscgem882985__TC-TY5915,Simultaneous,1959-09-26T21:00:00Z,39.844,139.438,30.489787
EQ-iscgem882985__TC-TY5915,Simultaneous,1959-09-27T00:00:00Z,40.5,140.3,24.725121
EQ-iscgem882985__TC-TY5915,Simultaneous,1959-09-27T03:00:00Z,41.481,142.708,25.333421
EQ-iscgem882985__TC-TY5915,Simultaneous,1959-09-27T06:00:00Z,42.3,145.6,25.933752
EQ-iscgem882985__TC-TY5915,Simultaneous,1959-09-27T09:00:00Z,42.7777,147.904,25.933752
EQ-iscgem882985__TC-TY5915,Simultaneous,1959-09-27T12:00:00Z,43.0,150.0,25.933752
EQ-iscgem882985__TC-TY5915,Simultaneous,1959-09-27T15:00:00Z,43.083,152.002,23.482894
EQ-iscgem882985__TC-TY5915,Simultaneous,1959-09-27T18:00:00Z,43.0,154.0,20.881366
EQ-iscgem882985__TC-TY5915,Simultaneous,1959-09-27T21:00:00Z,42.7956,156.232,20.202862
EQ-iscgem882985__TC-TY5915,Simultaneous,1959-09-28T00:00:00Z,42.5,158.4,19.511519
EQ-iscgem882985__TC-TY5915,Simultaneous,1959-09-28T03:00:00Z,42.2227,160.226,19.511519
EQ-iscgem882985__TC-TY5915,Simultaneous,1959-09-28T06:00:00Z,41.9,162.0,19.511519
EQ-iscgem882985__TC-TY5915,Simultaneous,1959-09-28T09:00:00Z,41.5787,163.78,19.511519
EQ-iscgem882985__TC-TY5915,Simultaneous,1959-09-28T12:00:00Z,41.0,166.0,19.511519
EQ-iscgem882985__TC-TY5915,Simultaneous,1959-09-28T15:00:00Z,39.8893,169.234,20.202862
EQ-iscgem882985__TC-TY5915,Simultaneous,1959-09-28T18:00:00Z,38.5,172.3,20.881366
EQ-iscgem882985__TC-TY5915,Simultaneous,1959-09-28T21:00:00Z,37.0495,174.14,19.511519
EQ-iscgem882985__TC-TY5915,Simultaneous,1959-09-29T00:00:00Z,36.0,175.5,18.086263
EQ-iscgem882985__TC-TY5915,Simultaneous,1959-09-29T03:00:00Z,35.8088,176.817,18.086263
EQ-iscgem882985__TC-TY5915,Simultaneous,1959-09-29T06:00:00Z,36.0,178.5,18.086263
EQ-iscgem882985__TC-TY5915,Simultaneous,1959-09-29T09:00:00Z,36.045,181.003,17.349955
EQ-iscgem882985__TC-TY5915,Simultaneous,1959-09-29T12:00:00Z,35.9,184.0,16.595947
EQ-iscgem882843__TC-TY5914,EQ-TY,1959-09-10T12:00:00Z,13.6,148.3,
EQ-iscgem882843__TC-TY5914,EQ-TY,1959-09-10T15:00:00Z,13.6001,147.86,
EQ-iscgem882843__TC-TY5914,EQ-TY,1959-09-10T18:00:00Z,13.6,147.4,
EQ-iscgem882843__TC-TY5914,EQ-TY,1959-09-10T21:00:00Z,13.5999,146.908,
EQ-iscgem882843__TC-TY5914,EQ-TY,1959-09-11T00:00:00Z,13.6,146.5,4.739788
EQ-iscgem882843__TC-TY5914,EQ-TY,1959-09-11T03:00:00Z,12.7891,145.33,6.154059
EQ-iscgem882843__TC-TY5914,EQ-TY,1959-09-11T06:00:00Z,12.4,144.4,7.406657
EQ-iscgem882843__TC-TY5914,EQ-TY,1959-09-11T09:00:00Z,12.6868,143.854,8.551302
EQ-iscgem882843__TC-TY5914,EQ-TY,1959-09-11T12:00:00Z,13.2,143.5,9.616676
EQ-iscgem882843__TC-TY5914,EQ-TY,1959-09-11T15:00:00Z,13.4098,143.115,11.574055
EQ-iscgem882843__TC-TY5914,EQ-TY,1959-09-11T18:00:00Z,13.5,142.7,13.362742
EQ-iscgem882843__TC-TY5914,EQ-TY,1959-09-11T21:00:00Z,13.5,142.18,15.8225
EQ-iscgem882843__TC-TY5914,EQ-TY,1959-09-12T00:00:00Z,13.5,141.6,17.349955
EQ-iscgem882843__TC-TY5914,EQ-TY,1959-09-12T03:00:00Z,13.5896,141.045,20.881366
EQ-iscgem882843__TC-TY5914,EQ-TY,1959-09-12T06:00:00Z,13.8,140.4,24.108431
EQ-iscgem882843__TC-TY5914,EQ-TY,1959-09-12T09:00:00Z,14.1477,139.573,25.933752
EQ-iscgem882843__TC-TY5914,EQ-TY,1959-09-12T12:00:00Z,14.6,138.7,27.112007
EQ-iscgem882843__TC-TY5914,EQ-TY,1959-09-12T15:00:00Z,15.1071,137.935,28.828269
EQ-iscgem882843__TC-TY5914,EQ-TY,1959-09-12T18:00:00Z,15.6,137.2,29.941627
EQ-iscgem882843__TC-TY5914,EQ-TY,1959-09-12T21:00:00Z,15.9647,136.449,32.630386
EQ-iscgem882843__TC-TY5914,EQ-TY,1959-09-13T00:00:00Z,16.3,135.7,35.201765
EQ-iscgem882843__TC-TY5914,EQ-TY,1959-09-13T03:00:00Z,16.6846,134.965,36.69568
EQ-iscgem882843__TC-TY5914,EQ-TY,1959-09-13T06:00:00Z,17.1,134.2,37.673179
EQ-iscgem882843__TC-TY5914,EQ-TY,1959-09-13T09:00:00Z,17.535,133.35,39.113731
EQ-iscgem882843__TC-TY5914,EQ-TY,1959-09-13T12:00:00Z,18.0,132.5,40.05799
EQ-iscgem882843__TC-TY5914,EQ-TY,1959-09-13T15:00:00Z,18.5148,131.713,41.451782
EQ-iscgem882843__TC-TY5914,EQ-TY,1959-09-13T18:00:00Z,19.0,131.0,42.366734
EQ-iscgem882843__TC-TY5914,EQ-TY,1959-09-13T21:00:00Z,19.3796,130.369,44.6079
EQ-iscgem882843__TC-TY5914,EQ-TY,1959-09-14T00:00:00Z,19.7,129.8,46.788457
EQ-iscgem882843__TC-TY5914,EQ-TY,1959-09-14T03:00:00Z,19.9924,129.227,48.070153
EQ-iscgem882843__TC-TY5914,EQ-TY,1959-09-14T06:00:00Z,20.3,128.7,48.914209
EQ-iscgem882843__TC-TY5914,EQ-TY,1959-09-14T09:00:00Z,20.6998,128.227,52.213388
EQ-iscgem882843__TC-TY5914,EQ-TY,1959-09-14T12:00:00Z,21.1,127.8,55.008241
EQ-iscgem882843__TC-TY5914,EQ-TY,1959-09-14T15:00:00Z,21.37,127.37,55.008241
EQ-iscgem882843__TC-TY5914,EQ-TY,1959-09-14T18:00:00Z,21.7,127.0,55.008241
EQ-iscgem882843__TC-TY5914,EQ-TY,1959-09-14T21:00:00Z,22.2548,126.735,58.109237
EQ-iscgem882843__TC-TY5914,EQ-TY,1959-09-15T00:00:00Z,22.9,126.5,60.74933
EQ-iscgem882843__TC-TY5914,EQ-TY,1959-09-15T03:00:00Z,23.5075,126.207,60.74933
EQ-iscgem882843__TC-TY5914,EQ-TY,1959-09-15T06:00:00Z,24.1,125.9,60.74933
EQ-iscgem882843__TC-TY5914,EQ-TY,1959-09-15T09:00:00Z,24.68,125.578,60.74933
EQ-iscgem882843__TC-TY5914,EQ-TY,1959-09-15T12:00:00Z,25.2,125.3,60.74933
EQ-iscgem882843__TC-TY5914,EQ-TY,1959-09-15T15:00:00Z,25.5849,125.105,60.74933
EQ-iscgem882843__TC-TY5914,EQ-TY,1959-09-15T18:00:00Z,26.0,125.0,60.74933
EQ-iscgem882843__TC-TY5914,EQ-TY,1959-09-15T21:00:00Z,26.62,124.977,60.74933
EQ-iscgem882843__TC-TY5914,EQ-TY,1959-09-16T00:00:00Z,27.3,125.0,60.74933
EQ-iscgem882843__TC-TY5914,EQ-TY,1959-09-16T03:00:00Z,27.8774,124.949,55.008241
EQ-iscgem882843__TC-TY5914,EQ-TY,1959-09-16T06:00:00Z,28.5,125.0,48.914209
EQ-iscgem882843__TC-TY5914,EQ-TY,1959-09-16T09:00:00Z,29.2476,125.282,48.914209
EQ-iscgem882843__TC-TY5914,EQ-TY,1959-09-16T12:00:00Z,30.1,125.7,48.914209
EQ-iscgem882843__TC-TY5914,EQ-TY,1959-09-16T15:00:00Z,31.0196,126.099,48.914209
EQ-iscgem882843__TC-TY5914,EQ-TY,1959-09-16T18:00:00Z,32.0,126.6,48.914209
EQ-iscgem882843__TC-TY5914,EQ-TY,1959-09-16T21:00:00Z,33.007,127.226,46.788457
EQ-iscgem882843__TC-TY5914,EQ-TY,1959-09-17T00:00:00Z,34.0,128.0,44.6079
EQ-iscgem882843__TC-TY5914,EQ-TY,1959-09-17T03:00:00Z,34.8694,128.887,43.719068
EQ-iscgem882843__TC-TY5914,EQ-TY,1959-09-17T06:00:00Z,35.8,129.9,42.366734
EQ-iscgem882843__TC-TY5914,EQ-TY,1959-09-17T09:00:00Z,36.9532,130.971,39.113731
EQ-iscgem882843__TC-TY5914,EQ-TY,1959-09-17T12:00:00Z,38.2,132.2,35.201765
EQ-iscgem882843__TC-TY5914,EQ-TY,1959-09-17T15:00:00Z,39.4332,133.748,34.186077
EQ-iscgem882843__TC-TY5914,EQ-TY,1959-09-17T18:00:00Z,40.6,135.2,32.630386
EQ-iscgem882843__TC-TY5914,EQ-TY,1959-09-17T21:00:00Z,41.6545,136.041,31.570119
EQ-iscgem882843__TC-TY5914,EQ-TY,1959-09-18T00:00:00Z,42.6,136.8,29.941627
EQ-iscgem882843__TC-TY5914,EQ-TY,1959-09-18T03:00:00Z,43.4704,138.097,31.570119
EQ-iscgem882843__TC-TY5914,EQ-TY,1959-09-18T06:00:00Z,44.2,139.4,32.630386
EQ-iscgem882843__TC-TY5914,EQ-TY,1959-09-18T09:00:00Z,44.7551,140.289,31.570119
EQ-iscgem882843__TC-TY5914,EQ-TY,1959-09-18T12:00:00Z,45.3,141.0,30.489787
EQ-iscgem882843__TC-TY5914,EQ-TY,1959-09-18T15:00:00Z,46.0429,141.83,29.941627
EQ-iscgem882843__TC-TY5914,EQ-TY,1959-09-18T18:00:00Z,46.8,142.5,29.387863
EQ-iscgem882843__TC-TY5914,EQ-TY,1959-09-18T21:00:00Z,47.4268,142.684,27.112007
EQ-iscgem882843__TC-TY5914,EQ-TY,1959-09-19T00:00:00Z,48.0,143.0,24.725121
EQ-iscgem882843__TC-TY5914,EQ-TY,1959-09-19T03:00:00Z,48.5491,144.316,24.725121
EQ-iscgem882843__TC-TY5914,EQ-TY,1959-09-19T06:00:00Z,49.1,145.5,24.725121
EQ-iscgem882843__TC-TY5914,EQ-TY,1959-09-19T09:00:00Z,49.8557,145.709,24.725121
EQ-iscgem882843__TC-TY5914,EQ-TY,1959-09-19T12:00:00Z,50.4,145.0,24.725121
EQ-iscgem882843__TC-TY5914,EQ-TY,1959-09-19T15:00:00Z,50.3093,143.238,22.848006
EQ-iscgem882843__TC-TY5914,EQ-TY,1959-09-19T18:00:00Z,50.0,141.5,20.881366
EQ-iscgem882843__TC-TY5914,EQ-TY,1959-09-19T21:00:00Z,49.9652,141.065,18.806357
EQ-iscgem882843__TC-TY5914,EQ-TY,1959-09-20T00:00:00Z,50.0,141.0,16.595947
EQ-iscgem882843__TC-TY5914,EQ-TY,1959-09-20T03:00:00Z,50.0002,140.537,15.8225
EQ-iscgem882843__TC-TY5914,EQ-TY,1959-09-20T06:00:00Z,50.0,140.0,15.027554
EQ-iscgem882843__TC-TY5914,EQ-TY,1959-09-20T09:00:00Z,50.0679,139.426,14.208639
EQ-iscgem882843__TC-TY5914,EQ-TY,1959-09-20T12:00:00Z,50.0,139.0,13.362742
EQ-iscgem882843__TC-TY5914,EQ-TY,1959-09-20T15:00:00Z,49.5848,138.734,12.486127
EQ-iscgem882843__TC-TY5914,EQ-TY,1959-09-20T18:00:00Z,49.1,139.0,11.574055
EQ-iscgem882843__TC-TY5914,EQ-TY,1959-09-20T21:00:00Z,48.7881,140.179,10.620347
EQ-iscgem882843__TC-TY5914,EQ-TY,1959-09-21T00:00:00Z,48.6,141.5,9.616676
EQ-iscgem882843__TC-TY5914,EQ-TY,1959-09-21T03:00:00Z,48.5601,141.848,9.616676
EQ-iscgem882843__TC-TY5914,EQ-TY,1959-09-21T06:00:00Z,48.6,142.5,9.616676
EQ-iscgem882843__TC-TY5914,EQ-TY,1959-09-21T09:00:00Z,48.6033,144.674,8.551302
EQ-iscgem882843__TC-TY5914,EQ-TY,1959-09-21T12:00:00Z,48.5,147.0,7.406657
EQ-iscgem882843__TC-TY5914,EQ-TY,1959-09-21T15:00:00Z,48.2361,148.264,8.551302
EQ-iscgem882843__TC-TY5914,EQ-TY,1959-09-21T18:00:00Z,48.0,149.0,9.616676
EQ-iscgem882843__TC-TY5914,EQ-TY,1959-09-21T21:00:00Z,48.0265,149.266,9.616676
EQ-iscgem882843__TC-TY5914,EQ-TY,1959-09-22T00:00:00Z,48.0,150.0,9.616676
EQ-iscgem882843__TC-TY5914,EQ-TY,1959-09-22T03:00:00Z,47.5206,152.447,9.616676
EQ-iscgem882843__TC-TY5914,EQ-TY,1959-09-22T06:00:00Z,47.0,155.0,9.616676
EQ-iscgem882843__TC-TY5914,EQ-TY,1959-09-22T09:00:00Z,46.9518,156.176,9.616676
EQ-iscgem882843__TC-TY5914,EQ-TY,1959-09-22T12:00:00Z,47.0,157.0,9.616676
EQ-iscgem882843__TC-TY5914,EQ-TY,1959-09-22T15:00:00Z,46.7498,158.217,9.616676
EQ-iscgem882843__TC-TY5914,EQ-TY,1959-09-22T18:00:00Z,46.5,159.5,9.616676
EQ-iscgem882843__TC-TY5914,EQ-TY,1959-09-22T21:00:00Z,46.4633,160.822,8.551302
EQ-iscgem882843__TC-TY5914,EQ-TY,1959-09-23T00:00:00Z,46.5,162.0,7.406657
EQ-iscgem882843__TC-TY5914,EQ-TY,1959-09-23T03:00:00Z,46.4585,162.752,6.154059
EQ-iscgem882843__TC-TY5914,EQ-TY,1959-09-23T06:00:00Z,46.5,163.5,4.739788
EQ-iscgem882843__TC-TY5914,EQ-TY,1959-09-23T09:00:00Z,46.7056,164.62,4.739788
EQ-iscgem882843__TC-TY5914,EQ-TY,1959-09-23T12:00:00Z,47.0,166.0,4.739788
EQ-iscgem888741__TC-TY5615,Simultaneous,1956-09-19T00:00:00Z,15.2,142.3,7.406657
EQ-iscgem888741__TC-TY5615,Simultaneous,1956-09-19T03:00:00Z,15.2325,142.103,8.551302
EQ-iscgem888741__TC-TY5615,Simultaneous,1956-09-19T06:00:00Z,15.2,141.9,9.616676
EQ-iscgem888741__TC-TY5615,Simultaneous,1956-09-19T09:00:00Z,15.065,141.692,9.616676
EQ-iscgem888741__TC-TY5615,Simultaneous,1956-09-19T12:00:00Z,14.9,141.5,9.616676
EQ-iscgem888741__TC-TY5615,Simultaneous,1956-09-19T15:00:00Z,14.7849,141.358,10.620347
EQ-iscgem888741__TC-TY5615,Simultaneous,1956-09-19T18:00:00Z,14.7,141.2,11.574055
EQ-iscgem888741__TC-TY5615,Simultaneous,1956-09-19T21:00:00Z,14.635,140.972,12.486127
EQ-iscgem888741__TC-TY5615,Simultaneous,1956-09-20T00:00:00Z,14.6,140.7,13.362742
EQ-iscgem888741__TC-TY5615,Simultaneous,1956-09-20T03:00:00Z,14.5925,140.408,13.362742
EQ-iscgem888741__TC-TY5615,Simultaneous,1956-09-20T06:00:00Z,14.6,140.1,13.362742
EQ-iscgem888741__TC-TY5615,Simultaneous,1956-09-20T09:00:00Z,14.5999,139.823,13.362742
EQ-iscgem888741__TC-TY5615,Simultaneous,1956-09-20T12:00:00Z,14.6,139.5,13.362742
EQ-iscgem888741__TC-TY5615,Simultaneous,1956-09-20T15:00:00Z,14.6001,139.058,13.362742
EQ-iscgem888741__TC-TY5615,Simultaneous,1956-09-20T18:00:00Z,14.6,138.6,13.362742
EQ-iscgem888741__TC-TY5615,Simultaneous,1956-09-20T21:00:00Z,14.5849,138.22,13.362742
EQ-iscgem888741__TC-TY5615,Simultaneous,1956-09-21T00:00:00Z,14.6,137.9,13.362742
EQ-iscgem888741__TC-TY5615,Simultaneous,1956-09-21T03:00:00Z,14.6698,137.657,13.362742
EQ-iscgem888741__TC-TY5615,Simultaneous,1956-09-21T06:00:00Z,14.8,137.4,13.362742
EQ-iscgem888741__TC-TY5615,Simultaneous,1956-09-21T09:00:00Z,14.9926,137.008,14.208639
EQ-iscgem888741__TC-TY5615,Simultaneous,1956-09-21T12:00:00Z,15.2,136.6,15.027554
EQ-iscgem888741__TC-TY5615,Simultaneous,1956-09-21T15:00:00Z,15.3648,136.3,15.8225
EQ-iscgem888741__TC-TY5615,Simultaneous,1956-09-21T18:00:00Z,15.5,136.0,16.595947
EQ-iscgem888741__TC-TY5615,Simultaneous,1956-09-21T21:00:00Z,15.6,135.622,17.349955
EQ-iscgem888741__TC-TY5615,Simultaneous,1956-09-22T00:00:00Z,15.7,135.2,18.086263
EQ-iscgem888741__TC-TY5615,Simultaneous,1956-09-22T03:00:00Z,15.8576,134.72,18.806357
EQ-iscgem888741__TC-TY5615,Simultaneous,1956-09-22T06:00:00Z,16.0,134.3,19.511519
EQ-iscgem888741__TC-TY5615,Simultaneous,1956-09-22T09:00:00Z,16.0573,134.077,19.511519
EQ-iscgem888741__TC-TY5615,Simultaneous,1956-09-22T12:00:00Z,16.1,133.9,19.511519
EQ-iscgem888741__TC-TY5615,Simultaneous,1956-09-22T15:00:00Z,16.2,133.615,19.511519
EQ-iscgem888741__TC-TY5615,Simultaneous,1956-09-22T18:00:00Z,16.3,133.3,19.511519
EQ-iscgem888741__TC-TY5615,Simultaneous,1956-09-22T21:00:00Z,16.2898,133.037,20.202862
EQ-iscgem888741__TC-TY5615,Simultaneous,1956-09-23T00:00:00Z,16.4,132.7,20.881366
EQ-iscgem888741__TC-TY5615,Simultaneous,1956-09-23T03:00:00Z,16.8251,132.188,22.848006
EQ-iscgem888741__TC-TY5615,Simultaneous,1956-09-23T06:00:00Z,17.4,131.6,24.108431
EQ-iscgem888741__TC-TY5615,Simultaneous,1956-09-23T09:00:00Z,17.965,131.035,24.108431
EQ-iscgem888741__TC-TY5615,Simultaneous,1956-09-23T12:00:00Z,18.5,130.5,24.108431
EQ-iscgem888741__TC-TY5615,Simultaneous,1956-09-23T15:00:00Z,18.9222,130.042,25.333421
EQ-iscgem888741__TC-TY5615,Simultaneous,1956-09-23T18:00:00Z,19.3,129.6,25.933752
EQ-iscgem888741__TC-TY5615,Simultaneous,1956-09-23T21:00:00Z,19.7,129.092,26.526496
EQ-iscgem888741__TC-TY5615,Simultaneous,1956-09-24T00:00:00Z,20.1,128.6,27.112007
EQ-iscgem888741__TC-TY5615,Simultaneous,1956-09-24T03:00:00Z,20.4773,128.185,28.828269
EQ-iscgem888741__TC-TY5615,Simultaneous,1956-09-24T06:00:00Z,20.9,127.8,29.941627
EQ-iscgem888741__TC-TY5615,Simultaneous,1956-09-24T09:00:00Z,21.4426,127.37,31.570119
EQ-iscgem888741__TC-TY5615,Simultaneous,1956-09-24T12:00:00Z,22.0,127.0,32.630386
EQ-iscgem888741__TC-TY5615,Simultaneous,1956-09-24T15:00:00Z,22.4498,126.762,32.630386
EQ-iscgem888741__TC-TY5615,Simultaneous,1956-09-24T18:00:00Z,22.9,126.6,32.630386
EQ-iscgem888741__TC-TY5615,Simultaneous,1956-09-24T21:00:00Z,23.4575,126.405,32.630386
EQ-iscgem888741__TC-TY5615,Simultaneous,1956-09-25T00:00:00Z,24.0,126.3,32.630386
EQ-iscgem888741__TC-TY5615,Simultaneous,1956-09-25T03:00:00Z,24.3924,126.333,35.201765
EQ-iscgem888741__TC-TY5615,Simultaneous,1956-09-25T06:00:00Z,24.8,126.5,37.673179
EQ-iscgem888741__TC-TY5615,Simultaneous,1956-09-25T09:00:00Z,25.4076,126.769,39.587417
EQ-iscgem888741__TC-TY5615,Simultaneous,1956-09-25T12:00:00Z,26.0,127.1,40.990101
EQ-iscgem888741__TC-TY5615,Simultaneous,1956-09-25T15:00:00Z,26.3647,127.371,40.525527
EQ-iscgem888741__TC-TY5615,Simultaneous,1956-09-25T18:00:00Z,26.7,127.7,40.05799
EQ-iscgem888741__TC-TY5615,Simultaneous,1956-09-25T21:00:00Z,27.1544,128.119,40.05799
EQ-iscgem888741__TC-TY5615,Simultaneous,1956-09-26T00:00:00Z,27.7,128.7,40.05799
EQ-iscgem888741__TC-TY5615,Simultaneous,1956-09-26T03:00:00Z,28.3277,129.49,40.05799
EQ-iscgem888741__TC-TY5615,Simultaneous,1956-09-26T06:00:00Z,29.0,130.4,40.05799
EQ-iscgem888741__TC-TY5615,Simultaneous,1956-09-26T09:00:00Z,29.6189,131.265,40.05799
EQ-iscgem888741__TC-TY5615,Simultaneous,1956-09-26T12:00:00Z,30.3,132.2,40.05799
EQ-iscgem888741__TC-TY5615,Simultaneous,1956-09-26T15:00:00Z,31.1195,133.256,39.113731
EQ-iscgem888741__TC-TY5615,Simultaneous,1956-09-26T18:00:00Z,32.0,134.4,37.673179
EQ-iscgem888741__TC-TY5615,Simultaneous,1956-09-26T21:00:00Z,32.8167,135.509,35.703568
EQ-iscgem888741__TC-TY5615,Simultaneous,1956-09-27T00:00:00Z,33.7,136.8,33.671939
EQ-iscgem888741__TC-TY5615,Simultaneous,1956-09-27T03:00:00Z,34.5857,138.323,29.387863
EQ-iscgem888741__TC-TY5615,Simultaneous,1956-09-27T06:00:00Z,35.8,140.3,24.725121
EQ-iscgem888741__TC-TY5615,Simultaneous,1956-09-27T09:00:00Z,37.5712,142.994,25.933752
EQ-iscgem888741__TC-TY5615,Simultaneous,1956-09-27T12:00:00Z,39.6,146.0,27.112007
EQ-iscgem888741__TC-TY5615,Simultaneous,1956-09-27T15:00:00Z,41.4115,148.733,27.112007
EQ-iscgem888741__TC-TY5615,Simultaneous,1956-09-27T18:00:00Z,43.5,151.5,27.112007
EQ-iscgem888741__TC-TY5615,Simultaneous,1956-09-27T21:00:00Z,46.1916,154.539,26.526496
EQ-iscgem888741__TC-TY5615,Simultaneous,1956-09-28T00:00:00Z,49.0,158.0,25.933752
EQ-iscgem888741__TC-TY5615,Simultaneous,1956-09-28T03:00:00Z,51.4563,162.312,25.333421
EQ-iscgem888741__TC-TY5615,Simultaneous,1956-09-28T06:00:00Z,53.5,166.5,24.725121
EQ-iscgem888741__TC-TY5615,Simultaneous,1956-09-28T09:00:00Z,55.2016,169.549,25.933752
EQ-iscgem888741__TC-TY5615,Simultaneous,1956-09-28T12:00:00Z,56.5,171.8,27.112007
EQ-iscgem888741__TC-TY5615,Simultaneous,1956-09-28T15:00:00Z,57.3739,173.53,25.933752
EQ-iscgem888741__TC-TY5615,Simultaneous,1956-09-28T18:00:00Z,58.0,175.5,24.725121
EQ-iscgem888741__TC-TY5615,Simultaneous,1956-09-28T21:00:00Z,58.5573,178.788,24.725121
EQ-iscgem888741__TC-TY5615,Simultaneous,1956-09-29T00:00:00Z,59.0,183.0,24.725121
EQ-iscgem888738__TC-TY5609,TY-EQ,1956-08-10T06:00:00Z,16.0,126.0,11.574055
EQ-iscgem888738__TC-TY5609,TY-EQ,1956-08-10T09:00:00Z,16.6626,126.25,10.620347
EQ-iscgem888738__TC-TY5609,TY-EQ,1956-08-10T12:00:00Z,17.3,126.5,9.616676
EQ-iscgem888738__TC-TY5609,TY-EQ,1956-08-10T15:00:00Z,17.8875,126.75,9.616676
EQ-iscgem888738__TC-TY5609,TY-EQ,1956-08-10T18:00:00Z,18.4,127.0,9.616676
EQ-iscgem888738__TC-TY5609,TY-EQ,1956-08-10T21:00:00Z,18.8225,127.25,10.620347
EQ-iscgem888738__TC-TY5609,TY-EQ,1956-08-11T00:00:00Z,19.2,127.5,11.574055
EQ-iscgem888738__TC-TY5609,TY-EQ,1956-08-11T03:00:00Z,19.6301,127.787,12.486127
EQ-iscgem888738__TC-TY5609,TY-EQ,1956-08-11T06:00:00Z,20.0,128.0,13.362742
EQ-iscgem888738__TC-TY5609,TY-EQ,1956-08-11T09:00:00Z,20.2224,128.038,13.362742
EQ-iscgem888738__TC-TY5609,TY-EQ,1956-08-11T12:00:00Z,20.4,128.0,13.362742
EQ-iscgem888738__TC-TY5609,TY-EQ,1956-08-11T15:00:00Z,20.6724,128.037,13.362742
EQ-iscgem888738__TC-TY5609,TY-EQ,1956-08-11T18:00:00Z,20.9,128.0,13.362742
EQ-iscgem888738__TC-TY5609,TY-EQ,1956-08-11T21:00:00Z,20.9876,127.788,13.362742
EQ-iscgem888738__TC-TY5609,TY-EQ,1956-08-12T00:00:00Z,21.0,127.5,13.362742
EQ-iscgem888738__TC-TY5609,TY-EQ,1956-08-12T03:00:00Z,21.0076,127.212,15.027554
EQ-iscgem888738__TC-TY5609,TY-EQ,1956-08-12T06:00:00Z,21.0,127.0,16.595947
EQ-iscgem888738__TC-TY5609,TY-EQ,1956-08-12T09:00:00Z,20.9924,126.97,17.349955
EQ-iscgem888738__TC-TY5609,TY-EQ,1956-08-12T12:00:00Z,21.0,127.0,18.086263
EQ-iscgem888738__TC-TY5609,TY-EQ,1956-08-12T15:00:00Z,21.0425,126.965,18.086263
EQ-iscgem888738__TC-TY5609,TY-EQ,1956-08-12T18:00:00Z,21.1,126.9,18.086263
EQ-iscgem888738__TC-TY5609,TY-EQ,1956-08-12T21:00:00Z,21.1575,126.8,18.806357
EQ-iscgem888738__TC-TY5609,TY-EQ,1956-08-13T00:00:00Z,21.2,126.7,19.511519
EQ-iscgem888738__TC-TY5609,TY-EQ,1956-08-13T03:00:00Z,21.2,126.642,20.202862
EQ-iscgem888738__TC-TY5609,TY-EQ,1956-08-13T06:00:00Z,21.2,126.6,20.881366
EQ-iscgem888738__TC-TY5609,TY-EQ,1956-08-13T09:00:00Z,21.25,126.558,21.547893
EQ-iscgem888738__TC-TY5609,TY-EQ,1956-08-13T12:00:00Z,21.3,126.5,22.203211
EQ-iscgem888738__TC-TY5609,TY-EQ,1956-08-13T15:00:00Z,21.3,126.415,23.482894
EQ-iscgem888738__TC-TY5609,TY-EQ,1956-08-13T18:00:00Z,21.3,126.3,24.725121
EQ-iscgem888738__TC-TY5609,TY-EQ,1956-08-13T21:00:00Z,21.29,126.128,25.933752
EQ-iscgem888738__TC-TY5609,TY-EQ,1956-08-14T00:00:00Z,21.4,126.0,27.112007
EQ-iscgem888738__TC-TY5609,TY-EQ,1956-08-14T03:00:00Z,21.7324,125.99,27.112007
EQ-iscgem888738__TC-TY5609,TY-EQ,1956-08-14T06:00:00Z,22.2,126.1,27.112007
EQ-iscgem888738__TC-TY5609,TY-EQ,1956-08-14T09:00:00Z,22.7002,126.379,27.112007
EQ-iscgem888738__TC-TY5609,TY-EQ,1956-08-14T12:00:00Z,23.2,126.6,27.112007
EQ-iscgem888738__TC-TY5609,TY-EQ,1956-08-14T15:00:00Z,23.6225,126.511,27.112007
EQ-iscgem888738__TC-TY5609,TY-EQ,1956-08-14T18:00:00Z,24.0,126.3,27.112007
EQ-iscgem888738__TC-TY5609,TY-EQ,1956-08-14T21:00:00Z,24.365,126.128,29.941627
EQ-iscgem888738__TC-TY5609,TY-EQ,1956-08-15T00:00:00Z,24.7,126.0,32.630386
EQ-iscgem888738__TC-TY5609,TY-EQ,1956-08-15T03:00:00Z,24.97,125.977,35.201765
EQ-iscgem888738__TC-TY5609,TY-EQ,1956-08-15T06:00:00Z,25.3,126.0,37.673179
EQ-iscgem888738__TC-TY5609,TY-EQ,1956-08-15T09:00:00Z,25.805,125.985,37.673179
EQ-iscgem888738__TC-TY5609,TY-EQ,1956-08-15T12:00:00Z,26.4,126.0,37.673179
EQ-iscgem888738__TC-TY5609,TY-EQ,1956-08-15T15:00:00Z,26.9772,126.026,36.69568
EQ-iscgem888738__TC-TY5609,TY-EQ,1956-08-15T18:00:00Z,27.6,126.2,35.201765
EQ-iscgem888738__TC-TY5609,TY-EQ,1956-08-15T21:00:00Z,28.2707,126.676,35.201765
EQ-iscgem888738__TC-TY5609,TY-EQ,1956-08-16T00:00:00Z,29.0,127.2,35.201765
EQ-iscgem888738__TC-TY5609,TY-EQ,1956-08-16T03:00:00Z,29.7997,127.503,35.201765
EQ-iscgem888738__TC-TY5609,TY-EQ,1956-08-16T06:00:00Z,30.6,127.7,35.201765
EQ-iscgem888738__TC-TY5609,TY-EQ,1956-08-16T09:00:00Z,31.3296,127.814,35.201765
EQ-iscgem888738__TC-TY5609,TY-EQ,1956-08-16T12:00:00Z,32.0,128.0,35.201765
EQ-iscgem888738__TC-TY5609,TY-EQ,1956-08-16T15:00:00Z,32.5839,128.367,35.201765
EQ-iscgem888738__TC-TY5609,TY-EQ,1956-08-16T18:00:00Z,33.2,129.0,35.201765
EQ-iscgem888738__TC-TY5609,TY-EQ,1956-08-16T21:00:00Z,33.9716,129.996,35.201765
EQ-iscgem888738__TC-TY5609,TY-EQ,1956-08-17T00:00:00Z,34.8,131.1,35.201765
EQ-iscgem888738__TC-TY5609,TY-EQ,1956-08-17T03:00:00Z,35.6207,131.96,35.201765
EQ-iscgem888738__TC-TY5609,TY-EQ,1956-08-17T06:00:00Z,36.4,132.8,35.201765
EQ-iscgem888738__TC-TY5609,TY-EQ,1956-08-17T09:00:00Z,37.117,133.77,34.186077
EQ-iscgem888738__TC-TY5609,TY-EQ,1956-08-17T12:00:00Z,37.7,134.8,32.630386
EQ-iscgem888738__TC-TY5609,TY-EQ,1956-08-17T15:00:00Z,38.0575,135.876,31.570119
EQ-iscgem888738__TC-TY5609,TY-EQ,1956-08-17T18:00:00Z,38.4,136.9,29.941627
EQ-iscgem888738__TC-TY5609,TY-EQ,1956-08-17T21:00:00Z,38.9619,137.817,29.941627
EQ-iscgem888738__TC-TY5609,TY-EQ,1956-08-18T00:00:00Z,39.6,138.6,29.941627
EQ-iscgem888738__TC-TY5609,TY-EQ,1956-08-18T03:00:00Z,40.1998,139.312,27.112007
EQ-iscgem888738__TC-TY5609,TY-EQ,1956-08-18T06:00:00Z,40.8,139.8,24.108431
EQ-iscgem888738__TC-TY5609,TY-EQ,1956-08-18T09:00:00Z,41.4144,139.992,21.547893
EQ-iscgem888738__TC-TY5609,TY-EQ,1956-08-18T12:00:00Z,42.0,140.0,18.086263
EQ-iscgem888738__TC-TY5609,TY-EQ,1956-08-18T15:00:00Z,42.59,140.015,16.595947
EQ-iscgem888738__TC-TY5609,TY-EQ,1956-08-18T18:00:00Z,43.0,140.0,15.027554
EQ-iscgem888738__TC-TY5609,TY-EQ,1956-08-18T21:00:00Z,43.075,140.0,15.027554
EQ-iscgem888738__TC-TY5609,TY-EQ,1956-08-19T00:00:00Z,43.0,140.0,14.208639
EQ-iscgem888738__TC-TY5609,TY-EQ,1956-08-19T03:00:00Z,43.0,140.0,13.362742
EQ-iscgem888738__TC-TY5609,TY-EQ,1956-08-19T06:00:00Z,43.0,140.0,11.574055
EQ-iscgem888738__TC-TY5609,TY-EQ,1956-08-19T09:00:00Z,43.0,140.0,10.620347
EQ-iscgem888738__TC-TY5609,TY-EQ,1956-08-19T12:00:00Z,43.0,140.0,9.616676
EQ-iscgem888738__TC-TY5609,TY-EQ,1956-08-19T15:00:00Z,43.0,140.0,10.620347
EQ-iscgem888738__TC-TY5609,TY-EQ,1956-08-19T18:00:00Z,43.0,140.0,11.574055
EQ-iscgem887953__TC-TY5526,TY-EQ,1955-10-15T12:00:00Z,18.8,128.0,
EQ-iscgem887953__TC-TY5526,TY-EQ,1955-10-15T15:00:00Z,18.8994,127.904,
EQ-iscgem887953__TC-TY5526,TY-EQ,1955-10-15T18:00:00Z,19.0,127.0,4.739788
EQ-iscgem887953__TC-TY5526,TY-EQ,1955-10-15T21:00:00Z,19.3077,127.37,3.033162
EQ-iscgem887953__TC-TY5526,TY-EQ,1955-10-16T00:00:00Z,19.6,127.7,
EQ-iscgem887953__TC-TY5526,TY-EQ,1955-10-16T03:00:00Z,19.8649,127.94,3.033162
EQ-iscgem887953__TC-TY5526,TY-EQ,1955-10-16T06:00:00Z,20.1,128.0,4.739788
EQ-iscgem887953__TC-TY5526,TY-EQ,1955-10-16T09:00:00Z,20.3298,127.848,4.739788
EQ-iscgem887953__TC-TY5526,TY-EQ,1955-10-16T12:00:00Z,20.5,127.5,4.739788
EQ-iscgem887953__TC-TY5526,TY-EQ,1955-10-16T15:00:00Z,20.5652,127.022,6.154059
EQ-iscgem887953__TC-TY5526,TY-EQ,1955-10-16T18:00:00Z,20.6,126.5,7.406657
EQ-iscgem887953__TC-TY5526,TY-EQ,1955-10-16T21:00:00Z,20.6399,126.07,8.551302
EQ-iscgem887953__TC-TY5526,TY-EQ,1955-10-17T00:00:00Z,20.8,125.7,8.551302
EQ-iscgem887953__TC-TY5526,TY-EQ,1955-10-17T03:00:00Z,21.2125,125.348,11.574055
EQ-iscgem887953__TC-TY5526,TY-EQ,1955-10-17T06:00:00Z,21.7,125.1,13.362742
EQ-iscgem887953__TC-TY5526,TY-EQ,1955-10-17T09:00:00Z,22.0724,125.012,14.208639
EQ-iscgem887953__TC-TY5526,TY-EQ,1955-10-17T12:00:00Z,22.4,125.0,15.027554
EQ-iscgem887953__TC-TY5526,TY-EQ,1955-10-17T15:00:00Z,22.7,124.943,16.595947
EQ-iscgem887953__TC-TY5526,TY-EQ,1955-10-17T18:00:00Z,23.0,124.9,17.349955
EQ-iscgem887953__TC-TY5526,TY-EQ,1955-10-17T21:00:00Z,23.3799,124.855,17.349955
EQ-iscgem887953__TC-TY5526,TY-EQ,1955-10-18T00:00:00Z,23.7,124.9,17.349955
EQ-iscgem887953__TC-TY5526,TY-EQ,1955-10-18T03:00:00Z,23.8224,125.09,20.881366
EQ-iscgem887953__TC-TY5526,TY-EQ,1955-10-18T06:00:00Z,23.9,125.4,24.108431
EQ-iscgem887953__TC-TY5526,TY-EQ,1955-10-18T09:00:00Z,24.0549,125.763,24.108431
EQ-iscgem887953__TC-TY5526,TY-EQ,1955-10-18T12:00:00Z,24.3,126.2,24.108431
EQ-iscgem887953__TC-TY5526,TY-EQ,1955-10-18T15:00:00Z,24.6696,126.655,24.108431
EQ-iscgem887953__TC-TY5526,TY-EQ,1955-10-18T18:00:00Z,25.1,127.2,24.108431
EQ-iscgem887953__TC-TY5526,TY-EQ,1955-10-18T21:00:00Z,25.4631,127.915,25.333421
EQ-iscgem887953__TC-TY5526,TY-EQ,1955-10-19T00:00:00Z,25.9,128.6,25.933752
EQ-iscgem887953__TC-TY5526,TY-EQ,1955-10-19T03:00:00Z,26.4813,128.987,25.333421
EQ-iscgem887953__TC-TY5526,TY-EQ,1955-10-19T06:00:00Z,27.2,129.4,24.108431
EQ-iscgem887953__TC-TY5526,TY-EQ,1955-10-19T09:00:00Z,28.0202,130.125,22.848006
EQ-iscgem887953__TC-TY5526,TY-EQ,1955-10-19T12:00:00Z,28.9,131.0,20.881366
EQ-iscgem887953__TC-TY5526,TY-EQ,1955-10-19T15:00:00Z,29.7127,131.909,19.511519
EQ-iscgem887953__TC-TY5526,TY-EQ,1955-10-19T18:00:00Z,30.6,132.8,17.349955
EQ-iscgem887953__TC-TY5526,TY-EQ,1955-10-19T21:00:00Z,31.607,133.475,20.881366
EQ-iscgem887953__TC-TY5526,TY-EQ,1955-10-20T00:00:00Z,32.8,134.3,24.108431
EQ-iscgem887953__TC-TY5526,TY-EQ,1955-10-20T03:00:00Z,34.2074,135.494,22.848006
EQ-iscgem887953__TC-TY5526,TY-EQ,1955-10-20T06:00:00Z,35.7,137.2,20.881366
EQ-iscgem887953__TC-TY5526,TY-EQ,1955-10-20T09:00:00Z,37.0754,139.665,18.806357
EQ-iscgem887953__TC-TY5526,TY-EQ,1955-10-20T12:00:00Z,38.4,142.2,16.595947
EQ-iscgem887953__TC-TY5526,TY-EQ,1955-10-20T15:00:00Z,39.7594,143.904,18.086263
EQ-iscgem887953__TC-TY5526,TY-EQ,1955-10-20T18:00:00Z,41.1,145.5,19.511519
EQ-iscgem887953__TC-TY5526,TY-EQ,1955-10-20T21:00:00Z,42.3903,147.658,18.806357
EQ-iscgem887953__TC-TY5526,TY-EQ,1955-10-21T00:00:00Z,43.5,150.0,18.086263
EQ-iscgem887953__TC-TY5526,TY-EQ,1955-10-21T03:00:00Z,44.3997,152.341,18.806357
EQ-iscgem887953__TC-TY5526,TY-EQ,1955-10-21T06:00:00Z,45.0,154.5,19.511519
EQ-iscgem887953__TC-TY5526,TY-EQ,1955-10-21T09:00:00Z,45.2955,156.405,18.806357
EQ-iscgem887953__TC-TY5526,TY-EQ,1955-10-21T12:00:00Z,45.4,157.8,18.086263
EQ-iscgem887953__TC-TY5526,TY-EQ,1955-10-21T15:00:00Z,45.502,158.5,18.806357
EQ-iscgem887953__TC-TY5526,TY-EQ,1955-10-21T18:00:00Z,45.6,159.0,19.511519
EQ-iscgem887953__TC-TY5526,TY-EQ,1955-10-21T21:00:00Z,45.7366,159.985,18.806357
EQ-iscgem887953__TC-TY5526,TY-EQ,1955-10-22T00:00:00Z,45.9,161.0,18.086263
EQ-iscgem887953__TC-TY5526,TY-EQ,1955-10-22T03:00:00Z,46.0665,161.658,18.086263
EQ-iscgem887953__TC-TY5526,TY-EQ,1955-10-22T06:00:00Z,46.3,162.4,18.086263
EQ-iscgem887953__TC-TY5526,TY-EQ,1955-10-22T09:00:00Z,46.6575,163.577,18.086263
EQ-iscgem887953__TC-TY5526,TY-EQ,1955-10-22T12:00:00Z,47.0,165.0,18.086263
EQ-iscgem887953__TC-TY5526,TY-EQ,1955-10-22T15:00:00Z,47.1459,166.402,16.595947
EQ-iscgem887953__TC-TY5526,TY-EQ,1955-10-22T18:00:00Z,47.3,168.0,15.027554
EQ-iscgem887953__TC-TY5526,TY-EQ,1955-10-22T21:00:00Z,47.6633,169.77,14.208639
EQ-iscgem887953__TC-TY5526,TY-EQ,1955-10-23T00:00:00Z,48.0,172.0,13.362742
EQ-iscgem887953__TC-TY5526,TY-EQ,1955-10-23T03:00:00Z,48.0653,175.007,13.362742
EQ-iscgem887953__TC-TY5526,TY-EQ,1955-10-23T06:00:00Z,48.0,178.0,13.362742
EQ-iscgem887953__TC-TY5526,TY-EQ,1955-10-23T09:00:00Z,47.976,180.244,13.362742
EQ-iscgem887953__TC-TY5526,TY-EQ,1955-10-23T12:00:00Z,48.0,182.0,13.362742
EQ-iscgem889790__TC-TY5522,EQ-TY,1955-09-20T00:00:00Z,13.0,150.0,7.406657
EQ-iscgem889790__TC-TY5522,EQ-TY,1955-09-20T03:00:00Z,13.0776,149.66,8.551302
EQ-iscgem889790__TC-TY5522,EQ-TY,1955-09-20T06:00:00Z,13.2,149.3,9.616676
EQ-iscgem889790__TC-TY5522,EQ-TY,1955-09-20T09:00:00Z,13.3925,148.908,9.616676
EQ-iscgem889790__TC-TY5522,EQ-TY,1955-09-20T12:00:00Z,13.6,148.5,9.616676
EQ-iscgem889790__TC-TY5522,EQ-TY,1955-09-20T15:00:00Z,13.7574,148.1,10.620347
EQ-iscgem889790__TC-TY5522,EQ-TY,1955-09-20T18:00:00Z,13.9,147.7,11.574055
EQ-iscgem889790__TC-TY5522,EQ-TY,1955-09-20T21:00:00Z,14.0275,147.292,11.574055
EQ-iscgem889790__TC-TY5522,EQ-TY,1955-09-21T00:00:00Z,14.2,146.9,11.574055
EQ-iscgem889790__TC-TY5522,EQ-TY,1955-09-21T03:00:00Z,14.4926,146.49,12.486127
EQ-iscgem889790__TC-TY5522,EQ-TY,1955-09-21T06:00:00Z,14.8,146.2,12.486127
EQ-iscgem889790__TC-TY5522,EQ-TY,1955-09-21T09:00:00Z,15.0299,146.147,12.486127
EQ-iscgem889790__TC-TY5522,EQ-TY,1955-09-21T12:00:00Z,15.2,146.2,12.486127
EQ-iscgem889790__TC-TY5522,EQ-TY,1955-09-21T15:00:00Z,15.3,146.2,12.486127
EQ-iscgem889790__TC-TY5522,EQ-TY,1955-09-21T18:00:00Z,15.4,146.2,12.486127
EQ-iscgem889790__TC-TY5522,EQ-TY,1955-09-21T21:00:00Z,15.57,146.215,13.362742
EQ-iscgem889790__TC-TY5522,EQ-TY,1955-09-22T00:00:00Z,15.8,146.2,13.362742
EQ-iscgem889790__TC-TY5522,EQ-TY,1955-09-22T03:00:00Z,16.1075,146.1,15.8225
EQ-iscgem889790__TC-TY5522,EQ-TY,1955-09-22T06:00:00Z,16.4,146.0,17.349955
EQ-iscgem889790__TC-TY5522,EQ-TY,1955-09-22T09:00:00Z,16.5575,145.963,17.349955
EQ-iscgem889790__TC-TY5522,EQ-TY,1955-09-22T12:00:00Z,16.7,146.0,17.349955
EQ-iscgem889790__TC-TY5522,EQ-TY,1955-09-22T15:00:00Z,16.9276,146.15,17.349955
EQ-iscgem889790__TC-TY5522,EQ-TY,1955-09-22T18:00:00Z,17.2,146.3,17.349955
EQ-iscgem889790__TC-TY5522,EQ-TY,1955-09-22T21:00:00Z,17.4999,146.36,17.349955
EQ-iscgem889790__TC-TY5522,EQ-TY,1955-09-23T00:00:00Z,17.8,146.3,17.349955
EQ-iscgem889790__TC-TY5522,EQ-TY,1955-09-23T03:00:00Z,18.0351,146.073,17.349955
EQ-iscgem889790__TC-TY5522,EQ-TY,1955-09-23T06:00:00Z,18.3,145.8,17.349955
EQ-iscgem889790__TC-TY5522,EQ-TY,1955-09-23T09:00:00Z,18.6699,145.642,20.881366
EQ-iscgem889790__TC-TY5522,EQ-TY,1955-09-23T12:00:00Z,19.1,145.5,24.108431
EQ-iscgem889790__TC-TY5522,EQ-TY,1955-09-23T15:00:00Z,19.535,145.307,27.112007
EQ-iscgem889790__TC-TY5522,EQ-TY,1955-09-23T18:00:00Z,20.0,145.1,29.941627
EQ-iscgem889790__TC-TY5522,EQ-TY,1955-09-23T21:00:00Z,20.4925,144.907,32.630386
EQ-iscgem889790__TC-TY5522,EQ-TY,1955-09-24T00:00:00Z,21.0,144.7,35.201765
EQ-iscgem889790__TC-TY5522,EQ-TY,1955-09-24T03:00:00Z,21.4998,144.487,37.673179
EQ-iscgem889790__TC-TY5522,EQ-TY,1955-09-24T06:00:00Z,22.0,144.2,40.05799
EQ-iscgem889790__TC-TY5522,EQ-TY,1955-09-24T09:00:00Z,22.5076,143.78,42.366734
EQ-iscgem889790__TC-TY5522,EQ-TY,1955-09-24T12:00:00Z,23.0,143.3,44.6079
EQ-iscgem889790__TC-TY5522,EQ-TY,1955-09-24T15:00:00Z,23.5027,142.79,48.070153
EQ-iscgem889790__TC-TY5522,EQ-TY,1955-09-24T18:00:00Z,23.9,142.4,50.990061
EQ-iscgem889790__TC-TY5522,EQ-TY,1955-09-24T21:00:00Z,24.1097,142.327,50.990061
EQ-iscgem889790__TC-TY5522,EQ-TY,1955-09-25T00:00:00Z,24.2,142.3,50.990061
EQ-iscgem889790__TC-TY5522,EQ-TY,1955-09-25T03:00:00Z,24.2199,142.067,50.990061
EQ-iscgem889790__TC-TY5522,EQ-TY,1955-09-25T06:00:00Z,24.3,141.7,50.990061
EQ-iscgem889790__TC-TY5522,EQ-TY,1955-09-25T09:00:00Z,24.6498,141.253,50.165426
EQ-iscgem889790__TC-TY5522,EQ-TY,1955-09-25T12:00:00Z,25.0,140.7,48.914209
EQ-iscgem889790__TC-TY5522,EQ-TY,1955-09-25T15:00:00Z,25.1027,140.057,48.914209
EQ-iscgem889790__TC-TY5522,EQ-TY,1955-09-25T18:00:00Z,25.1,139.4,48.914209
EQ-iscgem889790__TC-TY5522,EQ-TY,1955-09-25T21:00:00Z,25.0849,138.805,48.070153
EQ-iscgem889790__TC-TY5522,EQ-TY,1955-09-26T00:00:00Z,25.1,138.3,46.788457
EQ-iscgem889790__TC-TY5522,EQ-TY,1955-09-26T03:00:00Z,25.2195,137.942,46.788457
EQ-iscgem889790__TC-TY5522,EQ-TY,1955-09-26T06:00:00Z,25.4,137.6,46.788457
EQ-iscgem889790__TC-TY5522,EQ-TY,1955-09-26T09:00:00Z,25.5924,137.137,46.788457
EQ-iscgem889790__TC-TY5522,EQ-TY,1955-09-26T12:00:00Z,25.8,136.6,46.788457
EQ-iscgem889790__TC-TY5522,EQ-TY,1955-09-26T15:00:00Z,26.0149,136.015,46.788457
EQ-iscgem889790__TC-TY5522,EQ-TY,1955-09-26T18:00:00Z,26.2,135.4,46.788457
EQ-iscgem889790__TC-TY5522,EQ-TY,1955-09-26T21:00:00Z,26.3605,134.71,48.070153
EQ-iscgem889790__TC-TY5522,EQ-TY,1955-09-27T00:00:00Z,26.4,134.2,48.914209
EQ-iscgem889790__TC-TY5522,EQ-TY,1955-09-27T03:00:00Z,26.1621,134.103,48.914209
EQ-iscgem889790__TC-TY5522,EQ-TY,1955-09-27T06:00:00Z,26.0,134.2,48.914209
EQ-iscgem889790__TC-TY5522,EQ-TY,1955-09-27T09:00:00Z,26.3049,134.302,45.923113
EQ-iscgem889790__TC-TY5522,EQ-TY,1955-09-27T12:00:00Z,26.7,134.3,42.366734
EQ-iscgem889790__TC-TY5522,EQ-TY,1955-09-27T15:00:00Z,26.8225,134.025,43.719068
EQ-iscgem889790__TC-TY5522,EQ-TY,1955-09-27T18:00:00Z,26.9,133.6,44.6079
EQ-iscgem889790__TC-TY5522,EQ-TY,1955-09-27T21:00:00Z,27.0999,133.173,44.6079
EQ-iscgem889790__TC-TY5522,EQ-TY,1955-09-28T00:00:00Z,27.3,132.7,44.6079
EQ-iscgem889790__TC-TY5522,EQ-TY,1955-09-28T03:00:00Z,27.3926,132.185,45.923113
EQ-iscgem889790__TC-TY5522,EQ-TY,1955-09-28T06:00:00Z,27.5,131.7,46.788457
EQ-iscgem889790__TC-TY5522,EQ-TY,1955-09-28T09:00:00Z,27.7274,131.283,48.070153
EQ-iscgem889790__TC-TY5522,EQ-TY,1955-09-28T12:00:00Z,28.0,131.0,48.914209
EQ-iscgem889790__TC-TY5522,EQ-TY,1955-09-28T15:00:00Z,28.2498,130.92,48.070153
EQ-iscgem889790__TC-TY5522,EQ-TY,1955-09-28T18:00:00Z,28.5,130.9,46.788457
EQ-iscgem889790__TC-TY5522,EQ-TY,1955-09-28T21:00:00Z,28.7275,130.758,46.788457
EQ-iscgem889790__TC-TY5522,EQ-TY,1955-09-29T00:00:00Z,29.0,130.6,46.788457
EQ-iscgem889790__TC-TY5522,EQ-TY,1955-09-29T03:00:00Z,29.3625,130.47,46.788457
EQ-iscgem889790__TC-TY5522,EQ-TY,1955-09-29T06:00:00Z,29.8,130.4,46.788457
EQ-iscgem889790__TC-TY5522,EQ-TY,1955-09-29T09:00:00Z,30.2025,130.413,46.788457
EQ-iscgem889790__TC-TY5522,EQ-TY,1955-09-29T12:00:00Z,30.8,130.5,46.788457
EQ-iscgem889790__TC-TY5522,EQ-TY,1955-09-29T15:00:00Z,31.7901,130.649,43.719068
EQ-iscgem889790__TC-TY5522,EQ-TY,1955-09-29T18:00:00Z,32.9,130.8,40.05799
EQ-iscgem889790__TC-TY5522,EQ-TY,1955-09-29T21:00:00Z,33.8069,130.779,35.201765
EQ-iscgem889790__TC-TY5522,EQ-TY,1955-09-30T00:00:00Z,34.7,130.9,29.941627
EQ-iscgem889790__TC-TY5522,EQ-TY,1955-09-30T03:00:00Z,35.6686,131.365,28.828269
EQ-iscgem889790__TC-TY5522,EQ-TY,1955-09-30T06:00:00Z,36.7,132.2,27.112007
EQ-iscgem889790__TC-TY5522,EQ-TY,1955-09-30T09:00:00Z,37.7525,133.304,27.112007
EQ-iscgem889790__TC-TY5522,EQ-TY,1955-09-30T12:00:00Z,38.9,134.8,27.112007
EQ-iscgem889790__TC-TY5522,EQ-TY,1955-09-30T15:00:00Z,40.2362,136.639,25.933752
EQ-iscgem889790__TC-TY5522,EQ-TY,1955-09-30T18:00:00Z,41.5,138.8,24.108431
EQ-iscgem889790__TC-TY5522,EQ-TY,1955-09-30T21:00:00Z,42.2669,140.932,22.848006
EQ-iscgem889790__TC-TY5522,EQ-TY,1955-10-01T00:00:00Z,43.2,143.5,20.881366
EQ-iscgem889790__TC-TY5522,EQ-TY,1955-10-01T03:00:00Z,44.8507,147.16,20.202862
EQ-iscgem889790__TC-TY5522,EQ-TY,1955-10-01T06:00:00Z,46.7,151.0,19.511519
EQ-iscgem889790__TC-TY5522,EQ-TY,1955-10-01T09:00:00Z,48.2828,153.81,20.881366
EQ-iscgem889790__TC-TY5522,EQ-TY,1955-10-01T12:00:00Z,50.0,156.5,21.547893
EQ-iscgem889790__TC-TY5522,EQ-TY,1955-10-01T15:00:00Z,51.7156,160.024,22.203211
EQ-iscgem889790__TC-TY5522,EQ-TY,1955-10-01T18:00:00Z,54.0,164.0,22.203211
EQ-iscgem889790__TC-TY5522,EQ-TY,1955-10-01T21:00:00Z,57.8253,168.821,24.108431
EQ-iscgem889790__TC-TY5522,EQ-TY,1955-10-02T00:00:00Z,61.0,174.0,25.933752
EQ-iscgem889790__TC-TY5522,EQ-TY,1955-10-02T03:00:00Z,61.4858,177.582,29.387863
EQ-iscgem889790__TC-TY5522,EQ-TY,1955-10-02T06:00:00Z,61.0,180.0,32.630386
EQ-iscgem889790__TC-TY5522,EQ-TY,1955-10-02T09:00:00Z,60.8494,182.408,35.201765
EQ-iscgem889790__TC-TY5522,EQ-TY,1955-10-02T12:00:00Z,61.0,185.0,37.673179
EQ-iscgem889783__TC-TY5525,EQ-TY,1955-10-04T06:00:00Z,15.8,133.8,
EQ-iscgem889783__TC-TY5525,EQ-TY,1955-10-04T09:00:00Z,15.82,133.417,
EQ-iscgem889783__TC-TY5525,EQ-TY,1955-10-04T12:00:00Z,15.9,133.0,
EQ-iscgem889783__TC-TY5525,EQ-TY,1955-10-04T15:00:00Z,16.0776,132.535,
EQ-iscgem889783__TC-TY5525,EQ-TY,1955-10-04T18:00:00Z,16.3,132.1,
EQ-iscgem889783__TC-TY5525,EQ-TY,1955-10-04T21:00:00Z,16.4699,131.762,
EQ-iscgem889783__TC-TY5525,EQ-TY,1955-10-05T00:00:00Z,16.7,131.5,
EQ-iscgem889783__TC-TY5525,EQ-TY,1955-10-05T03:00:00Z,17.0925,131.263,
EQ-iscgem889783__TC-TY5525,EQ-TY,1955-10-05T06:00:00Z,17.5,131.1,
EQ-iscgem889783__TC-TY5525,EQ-TY,1955-10-05T09:00:00Z,17.765,131.035,
EQ-iscgem889783__TC-TY5525,EQ-TY,1955-10-05T12:00:00Z,18.0,131.0,
EQ-iscgem889783__TC-TY5525,EQ-TY,1955-10-05T15:00:00Z,18.3524,130.93,
EQ-iscgem889783__TC-TY5525,EQ-TY,1955-10-05T18:00:00Z,18.6,130.8,
EQ-iscgem889783__TC-TY5525,EQ-TY,1955-10-05T21:00:00Z,18.5901,130.52,
EQ-iscgem889783__TC-TY5525,EQ-TY,1955-10-06T00:00:00Z,18.4,130.3,
EQ-iscgem889783__TC-TY5525,EQ-TY,1955-10-06T03:00:00Z,18.0697,130.288,
EQ-iscgem889783__TC-TY5525,EQ-TY,1955-10-06T06:00:00Z,17.8,130.5,
EQ-iscgem889783__TC-TY5525,EQ-TY,1955-10-06T09:00:00Z,17.81,130.918,
EQ-iscgem889783__TC-TY5525,EQ-TY,1955-10-06T12:00:00Z,18.0,131.5,
EQ-iscgem889783__TC-TY5525,EQ-TY,1955-10-06T15:00:00Z,18.2851,132.142,
EQ-iscgem889783__TC-TY5525,EQ-TY,1955-10-06T18:00:00Z,18.6,132.8,
EQ-iscgem889783__TC-TY5525,EQ-TY,1955-10-06T21:00:00Z,18.8074,133.395,
EQ-iscgem889783__TC-TY5525,EQ-TY,1955-10-07T00:00:00Z,19.2,134.1,13.362742
EQ-iscgem889783__TC-TY5525,EQ-TY,1955-10-07T03:00:00Z,19.4051,134.347,15.8225
EQ-iscgem889783__TC-TY5525,EQ-TY,1955-10-07T06:00:00Z,19.6,134.6,17.349955
EQ-iscgem889783__TC-TY5525,EQ-TY,1955-10-07T09:00:00Z,19.785,134.858,17.349955
EQ-iscgem889783__TC-TY5525,EQ-TY,1955-10-07T12:00:00Z,20.0,135.1,17.349955
EQ-iscgem889783__TC-TY5525,EQ-TY,1955-10-07T15:00:00Z,20.285,135.33,19.511519
EQ-iscgem889783__TC-TY5525,EQ-TY,1955-10-07T18:00:00Z,20.6,135.5,20.881366
EQ-iscgem889783__TC-TY5525,EQ-TY,1955-10-07T21:00:00Z,20.9225,135.588,22.848006
EQ-iscgem889783__TC-TY5525,EQ-TY,1955-10-08T00:00:00Z,21.2,135.6,24.108431
EQ-iscgem889783__TC-TY5525,EQ-TY,1955-10-08T03:00:00Z,21.35,135.558,24.108431
EQ-iscgem889783__TC-TY5525,EQ-TY,1955-10-08T06:00:00Z,21.5,135.5,24.108431
EQ-iscgem889783__TC-TY5525,EQ-TY,1955-10-08T09:00:00Z,21.7625,135.485,24.108431
EQ-iscgem889783__TC-TY5525,EQ-TY,1955-10-08T12:00:00Z,22.1,135.5,24.108431
EQ-iscgem889783__TC-TY5525,EQ-TY,1955-10-08T15:00:00Z,22.47,135.52,24.108431
EQ-iscgem889783__TC-TY5525,EQ-TY,1955-10-08T18:00:00Z,22.9,135.6,24.108431
EQ-iscgem889783__TC-TY5525,EQ-TY,1955-10-08T21:00:00Z,23.3926,135.814,24.108431
EQ-iscgem889783__TC-TY5525,EQ-TY,1955-10-09T00:00:00Z,23.9,136.0,24.108431
EQ-iscgem889783__TC-TY5525,EQ-TY,1955-10-09T03:00:00Z,24.3725,135.958,25.933752
EQ-iscgem889783__TC-TY5525,EQ-TY,1955-10-09T06:00:00Z,24.8,135.9,27.112007
EQ-iscgem889783__TC-TY5525,EQ-TY,1955-10-09T09:00:00Z,25.1426,136.035,27.112007
EQ-iscgem889783__TC-TY5525,EQ-TY,1955-10-09T12:00:00Z,25.5,136.2,27.112007
EQ-iscgem889783__TC-TY5525,EQ-TY,1955-10-09T15:00:00Z,25.9775,136.295,28.828269
EQ-iscgem889783__TC-TY5525,EQ-TY,1955-10-09T18:00:00Z,26.5,136.3,29.941627
EQ-iscgem889783__TC-TY5525,EQ-TY,1955-10-09T21:00:00Z,27.0001,136.128,29.941627
EQ-iscgem889783__TC-TY5525,EQ-TY,1955-10-10T00:00:00Z,27.5,136.0,29.941627
EQ-iscgem889783__TC-TY5525,EQ-TY,1955-10-10T03:00:00Z,27.9625,136.133,29.941627
EQ-iscgem889783__TC-TY5525,EQ-TY,1955-10-10T06:00:00Z,28.5,136.4,29.941627
EQ-iscgem889783__TC-TY5525,EQ-TY,1955-10-10T09:00:00Z,29.22,136.685,31.570119
EQ-iscgem889783__TC-TY5525,EQ-TY,1955-10-10T12:00:00Z,30.0,137.0,32.630386
EQ-iscgem889783__TC-TY5525,EQ-TY,1955-10-10T15:00:00Z,30.6846,137.264,32.630386
EQ-iscgem889783__TC-TY5525,EQ-TY,1955-10-10T18:00:00Z,31.4,137.6,32.630386
EQ-iscgem889783__TC-TY5525,EQ-TY,1955-10-10T21:00:00Z,32.1877,137.99,31.570119
EQ-iscgem889783__TC-TY5525,EQ-TY,1955-10-11T00:00:00Z,33.1,138.7,29.941627
EQ-iscgem889783__TC-TY5525,EQ-TY,1955-10-11T03:00:00Z,34.083,139.996,29.941627
EQ-iscgem889783__TC-TY5525,EQ-TY,1955-10-11T06:00:00Z,35.3,141.5,29.941627
EQ-iscgem889783__TC-TY5525,EQ-TY,1955-10-11T09:00:00Z,36.8424,142.749,31.570119
EQ-iscgem889783__TC-TY5525,EQ-TY,1955-10-11T12:00:00Z,38.6,144.0,32.630386
EQ-iscgem889783__TC-TY5525,EQ-TY,1955-10-11T15:00:00Z,40.3177,145.28,32.630386
EQ-iscgem889783__TC-TY5525,EQ-TY,1955-10-11T18:00:00Z,42.2,146.9,32.630386
EQ-iscgem889783__TC-TY5525,EQ-TY,1955-10-11T21:00:00Z,44.4432,149.373,32.630386
EQ-iscgem889783__TC-TY5525,EQ-TY,1955-10-12T00:00:00Z,46.5,152.0,32.630386
EQ-iscgem889783__TC-TY5525,EQ-TY,1955-10-12T03:00:00Z,47.9368,153.683,34.186077
EQ-iscgem889783__TC-TY5525,EQ-TY,1955-10-12T06:00:00Z,49.0,155.5,35.201765
EQ-iscgem889783__TC-TY5525,EQ-TY,1955-10-12T09:00:00Z,49.8827,158.708,35.201765
EQ-iscgem889783__TC-TY5525,EQ-TY,1955-10-12T12:00:00Z,50.5,162.0,35.201765
EQ-iscgem889783__TC-TY5525,EQ-TY,1955-10-12T15:00:00Z,51.0591,164.198,35.201765
EQ-iscgem889783__TC-TY5525,EQ-TY,1955-10-12T18:00:00Z,51.5,166.0,35.201765
EQ-iscgem889783__TC-TY5525,EQ-TY,1955-10-12T21:00:00Z,51.7616,168.01,36.69568
EQ-iscgem889783__TC-TY5525,EQ-TY,1955-10-13T00:00:00Z,52.0,170.0,37.673179
EQ-iscgem889783__TC-TY5525,EQ-TY,1955-10-13T03:00:00Z,52.3798,171.963,39.113731
EQ-iscgem889783__TC-TY5525,EQ-TY,1955-10-13T06:00:00Z,52.8,174.0,40.05799
EQ-iscgem889783__TC-TY5525,EQ-TY,1955-10-13T09:00:00Z,53.1509,176.144,40.05799
EQ-iscgem889783__TC-TY5525,EQ-TY,1955-10-13T12:00:00Z,53.5,178.5,40.05799
EQ-iscgem889783__TC-TY5525,EQ-TY,1955-10-13T15:00:00Z,53.863,181.151,40.05799
EQ-iscgem889783__TC-TY5525,EQ-TY,1955-10-13T18:00:00Z,54.2,184.0,40.05799
EQ-iscgemsup891109__TC-TY5415,Simultaneous,1954-09-17T18:00:00Z,10.6,150.0,9.616676
EQ-iscgemsup891109__TC-TY5415,Simultaneous,1954-09-17T21:00:00Z,10.6981,149.2,9.616676
EQ-iscgemsup891109__TC-TY5415,Simultaneous,1954-09-18T00:00:00Z,10.8,148.5,9.616676
EQ-iscgemsup891109__TC-TY5415,Simultaneous,1954-09-18T03:00:00Z,10.9072,147.962,9.616676
EQ-iscgemsup891109__TC-TY5415,Simultaneous,1954-09-18T06:00:00Z,11.0,147.5,9.616676
EQ-iscgemsup891109__TC-TY5415,Simultaneous,1954-09-18T09:00:00Z,11.0574,147.0,9.616676
EQ-iscgemsup891109__TC-TY5415,Simultaneous,1954-09-18T12:00:00Z,11.1,146.5,9.616676
EQ-iscgemsup891109__TC-TY5415,Simultaneous,1954-09-18T15:00:00Z,11.1498,146.015,9.616676
EQ-iscgemsup891109__TC-TY5415,Simultaneous,1954-09-18T18:00:00Z,11.2,145.5,9.616676
EQ-iscgemsup891109__TC-TY5415,Simultaneous,1954-09-18T21:00:00Z,11.2276,144.885,9.616676
EQ-iscgemsup891109__TC-TY5415,Simultaneous,1954-09-19T00:00:00Z,11.3,144.3,9.616676
EQ-iscgemsup891109__TC-TY5415,Simultaneous,1954-09-19T03:00:00Z,11.4773,143.878,10.620347
EQ-iscgemsup891109__TC-TY5415,Simultaneous,1954-09-19T06:00:00Z,11.7,143.5,11.574055
EQ-iscgemsup891109__TC-TY5415,Simultaneous,1954-09-19T09:00:00Z,11.9,143.057,11.574055
EQ-iscgemsup891109__TC-TY5415,Simultaneous,1954-09-19T12:00:00Z,12.1,142.6,11.574055
EQ-iscgemsup891109__TC-TY5415,Simultaneous,1954-09-19T15:00:00Z,12.285,142.135,11.574055
EQ-iscgemsup891109__TC-TY5415,Simultaneous,1954-09-19T18:00:00Z,12.5,141.7,11.574055
EQ-iscgemsup891109__TC-TY5415,Simultaneous,1954-09-19T21:00:00Z,12.8372,141.365,11.574055
EQ-iscgemsup891109__TC-TY5415,Simultaneous,1954-09-20T00:00:00Z,13.1,141.0,11.574055
EQ-iscgemsup891109__TC-TY5415,Simultaneous,1954-09-20T03:00:00Z,13.0951,140.472,13.362742
EQ-iscgemsup891109__TC-TY5415,Simultaneous,1954-09-20T06:00:00Z,13.0,139.9,15.027554
EQ-iscgemsup891109__TC-TY5415,Simultaneous,1954-09-20T09:00:00Z,12.9923,139.4,15.027554
EQ-iscgemsup891109__TC-TY5415,Simultaneous,1954-09-20T12:00:00Z,13.0,138.9,15.027554
EQ-iscgemsup891109__TC-TY5415,Simultaneous,1954-09-20T15:00:00Z,12.9924,138.365,15.027554
EQ-iscgemsup891109__TC-TY5415,Simultaneous,1954-09-20T18:00:00Z,13.0,137.8,15.027554
EQ-iscgemsup891109__TC-TY5415,Simultaneous,1954-09-20T21:00:00Z,13.0051,137.185,14.208639
EQ-iscgemsup891109__TC-TY5415,Simultaneous,1954-09-21T00:00:00Z,13.1,136.6,13.362742
EQ-iscgemsup891109__TC-TY5415,Simultaneous,1954-09-21T03:00:00Z,13.4073,136.128,13.362742
EQ-iscgemsup891109__TC-TY5415,Simultaneous,1954-09-21T06:00:00Z,13.7,135.7,13.362742
EQ-iscgemsup891109__TC-TY5415,Simultaneous,1954-09-21T09:00:00Z,13.7374,135.257,13.362742
EQ-iscgemsup891109__TC-TY5415,Simultaneous,1954-09-21T12:00:00Z,13.7,134.8,13.362742
EQ-iscgemsup891109__TC-TY5415,Simultaneous,1954-09-21T15:00:00Z,13.7425,134.293,13.362742
EQ-iscgemsup891109__TC-TY5415,Simultaneous,1954-09-21T18:00:00Z,13.8,133.8,13.362742
EQ-iscgemsup891109__TC-TY5415,Simultaneous,1954-09-21T21:00:00Z,13.7895,133.444,13.362742
EQ-iscgemsup891109__TC-TY5415,Simultaneous,1954-09-22T00:00:00Z,13.9,133.0,13.362742
EQ-iscgemsup891109__TC-TY5415,Simultaneous,1954-09-22T03:00:00Z,14.3282,132.201,13.362742
EQ-iscgemsup891109__TC-TY5415,Simultaneous,1954-09-22T06:00:00Z,14.8,131.4,13.362742
EQ-iscgemsup891109__TC-TY5415,Simultaneous,1954-09-22T09:00:00Z,15.022,130.947,13.362742
EQ-iscgemsup891109__TC-TY5415,Simultaneous,1954-09-22T12:00:00Z,15.2,130.6,13.362742
EQ-iscgemsup891109__TC-TY5415,Simultaneous,1954-09-22T15:00:00Z,15.4924,130.172,13.362742
EQ-iscgemsup891109__TC-TY5415,Simultaneous,1954-09-22T18:00:00Z,15.8,129.7,13.362742
EQ-iscgemsup891109__TC-TY5415,Simultaneous,1954-09-22T21:00:00Z,16.0425,129.157,16.595947
EQ-iscgemsup891109__TC-TY5415,Simultaneous,1954-09-23T00:00:00Z,16.3,128.6,19.511519
EQ-iscgemsup891109__TC-TY5415,Simultaneous,1954-09-23T03:00:00Z,16.6274,128.085,20.202862
EQ-iscgemsup891109__TC-TY5415,Simultaneous,1954-09-23T06:00:00Z,17.0,127.6,20.881366
EQ-iscgemsup891109__TC-TY5415,Simultaneous,1954-09-23T09:00:00Z,17.4071,127.172,20.881366
EQ-iscgemsup891109__TC-TY5415,Simultaneous,1954-09-23T12:00:00Z,17.8,126.7,20.881366
EQ-iscgemsup891109__TC-TY5415,Simultaneous,1954-09-23T15:00:00Z,18.0853,126.057,20.881366
EQ-iscgemsup891109__TC-TY5415,Simultaneous,1954-09-23T18:00:00Z,18.4,125.4,20.881366
EQ-iscgemsup891109__TC-TY5415,Simultaneous,1954-09-23T21:00:00Z,18.8848,124.863,20.881366
EQ-iscgemsup891109__TC-TY5415,Simultaneous,1954-09-24T00:00:00Z,19.4,124.4,20.881366
EQ-iscgemsup891109__TC-TY5415,Simultaneous,1954-09-24T03:00:00Z,19.7399,123.969,20.881366
EQ-iscgemsup891109__TC-TY5415,Simultaneous,1954-09-24T06:00:00Z,20.2,123.6,20.881366
EQ-iscgemsup891109__TC-TY5415,Simultaneous,1954-09-24T09:00:00Z,21.0551,123.219,24.108431
EQ-iscgemsup891109__TC-TY5415,Simultaneous,1954-09-24T12:00:00Z,22.0,123.0,27.112007
EQ-iscgemsup891109__TC-TY5415,Simultaneous,1954-09-24T15:00:00Z,22.7298,123.052,28.828269
EQ-iscgemsup891109__TC-TY5415,Simultaneous,1954-09-24T18:00:00Z,23.4,123.3,29.941627
EQ-iscgemsup891109__TC-TY5415,Simultaneous,1954-09-24T21:00:00Z,24.0693,123.547,29.941627
EQ-iscgemsup891109__TC-TY5415,Simultaneous,1954-09-25T00:00:00Z,24.8,124.0,29.941627
EQ-iscgemsup891109__TC-TY5415,Simultaneous,1954-09-25T03:00:00Z,25.6318,124.71,29.941627
EQ-iscgemsup891109__TC-TY5415,Simultaneous,1954-09-25T06:00:00Z,26.6,125.7,29.941627
EQ-iscgemsup891109__TC-TY5415,Simultaneous,1954-09-25T09:00:00Z,27.653,126.928,31.570119
EQ-iscgemsup891109__TC-TY5415,Simultaneous,1954-09-25T12:00:00Z,28.9,128.3,32.630386
EQ-iscgemsup891109__TC-TY5415,Simultaneous,1954-09-25T15:00:00Z,30.2827,129.594,33.671939
EQ-iscgemsup891109__TC-TY5415,Simultaneous,1954-09-25T18:00:00Z,32.0,131.0,34.695976
EQ-iscgemsup891109__TC-TY5415,Simultaneous,1954-09-25T21:00:00Z,34.1358,132.637,35.201765
EQ-iscgemsup891109__TC-TY5415,Simultaneous,1954-09-26T00:00:00Z,36.5,134.5,35.703568
EQ-iscgemsup891109__TC-TY5415,Simultaneous,1954-09-26T03:00:00Z,39.01,136.802,36.69568
EQ-iscgemsup891109__TC-TY5415,Simultaneous,1954-09-26T06:00:00Z,41.1,138.8,37.673179
EQ-iscgemsup891109__TC-TY5415,Simultaneous,1954-09-26T09:00:00Z,42.1778,139.552,38.636852
EQ-iscgemsup891109__TC-TY5415,Simultaneous,1954-09-26T12:00:00Z,42.9,139.9,39.587417
EQ-iscgemsup891109__TC-TY5415,Simultaneous,1954-09-26T15:00:00Z,43.7838,140.765,39.113731
EQ-iscgemsup891109__TC-TY5415,Simultaneous,1954-09-26T18:00:00Z,45.0,141.9,38.636852
EQ-iscgemsup891109__TC-TY5415,Simultaneous,1954-09-26T21:00:00Z,47.0021,143.217,38.156697
EQ-iscgemsup891109__TC-TY5415,Simultaneous,1954-09-27T00:00:00Z,49.0,145.0,37.673179
EQ-iscgemsup891109__TC-TY5415,Simultaneous,1954-09-27T03:00:00Z,50.2349,147.507,36.69568
EQ-iscgemsup891109__TC-TY5415,Simultaneous,1954-09-27T06:00:00Z,51.0,150.0,35.201765
EQ-iscgemsup891109__TC-TY5415,Simultaneous,1954-09-27T09:00:00Z,51.64,151.653,35.201765
EQ-iscgemsup891109__TC-TY5415,Simultaneous,1954-09-27T12:00:00Z,52.0,153.0,35.201765
EQ-iscgemsup891109__TC-TY5415,Simultaneous,1954-09-27T15:00:00Z,51.992,154.427,34.186077
EQ-iscgemsup891109__TC-TY5415,Simultaneous,1954-09-27T18:00:00Z,52.0,156.1,32.630386
EQ-iscgemsup891109__TC-TY5415,Simultaneous,1954-09-27T21:00:00Z,52.4893,158.316,29.941627
EQ-iscgemsup891109__TC-TY5415,Simultaneous,1954-09-28T00:00:00Z,53.0,161.0,27.112007
EQ-iscgemsup891109__TC-TY5415,Simultaneous,1954-09-28T03:00:00Z,53.1408,164.084,24.725121
EQ-iscgemsup891109__TC-TY5415,Simultaneous,1954-09-28T06:00:00Z,53.1,167.0,22.203211
EQ-iscgemsup891109__TC-TY5415,Simultaneous,1954-09-28T09:00:00Z,53.0416,169.042,22.203211
EQ-iscgemsup891109__TC-TY5415,Simultaneous,1954-09-28T12:00:00Z,53.0,170.9,22.203211
EQ-iscgemsup891109__TC-TY5415,Simultaneous,1954-09-28T15:00:00Z,52.9937,173.269,22.848006
EQ-iscgemsup891109__TC-TY5415,Simultaneous,1954-09-28T18:00:00Z,53.0,175.7,23.482894
EQ-iscgemsup891109__TC-TY5415,Simultaneous,1954-09-28T21:00:00Z,53.1402,177.811,22.848006
EQ-iscgemsup891109__TC-TY5415,Simultaneous,1954-09-29T00:00:00Z,53.0,180.0,22.203211
EQ-iscgemsup891109__TC-TY5415,Simultaneous,1954-09-29T03:00:00Z,52.2149,182.464,20.202862
EQ-iscgemsup891109__TC-TY5415,Simultaneous,1954-09-29T06:00:00Z,51.0,185.0,18.086263
EQ-iscgem892869__TC-TY5202,EQ-TY,1952-06-19T00:00:00Z,12.0,129.5,7.406657
EQ-iscgem892869__TC-TY5202,EQ-TY,1952-06-19T03:00:00Z,11.8697,129.079,8.551302
EQ-iscgem892869__TC-TY5202,EQ-TY,1952-06-19T06:00:00Z,12.0,128.5,9.616676
EQ-iscgem892869__TC-TY5202,EQ-TY,1952-06-19T09:00:00Z,12.5404,127.674,10.620347
EQ-iscgem892869__TC-TY5202,EQ-TY,1952-06-19T12:00:00Z,13.2,126.8,10.620347
EQ-iscgem892869__TC-TY5202,EQ-TY,1952-06-19T15:00:00Z,13.6148,126.089,11.574055
EQ-iscgem892869__TC-TY5202,EQ-TY,1952-06-19T18:00:00Z,14.0,125.5,11.574055
EQ-iscgem892869__TC-TY5202,EQ-TY,1952-06-19T21:00:00Z,14.4849,124.99,12.486127
EQ-iscgem892869__TC-TY5202,EQ-TY,1952-06-20T00:00:00Z,15.0,124.6,13.362742
EQ-iscgem892869__TC-TY5202,EQ-TY,1952-06-20T03:00:00Z,15.4999,124.297,15.8225
EQ-iscgem892869__TC-TY5202,EQ-TY,1952-06-20T06:00:00Z,16.0,124.1,17.349955
EQ-iscgem892869__TC-TY5202,EQ-TY,1952-06-20T09:00:00Z,16.4248,124.029,17.349955
EQ-iscgem892869__TC-TY5202,EQ-TY,1952-06-20T12:00:00Z,17.0,123.9,17.349955
EQ-iscgem892869__TC-TY5202,EQ-TY,1952-06-20T15:00:00Z,18.0004,123.467,20.881366
EQ-iscgem892869__TC-TY5202,EQ-TY,1952-06-20T18:00:00Z,19.0,123.0,24.108431
EQ-iscgem892869__TC-TY5202,EQ-TY,1952-06-20T21:00:00Z,19.5973,122.724,25.333421
EQ-iscgem892869__TC-TY5202,EQ-TY,1952-06-21T00:00:00Z,20.0,122.6,25.933752
EQ-iscgem892869__TC-TY5202,EQ-TY,1952-06-21T03:00:00Z,20.3649,122.597,26.526496
EQ-iscgem892869__TC-TY5202,EQ-TY,1952-06-21T06:00:00Z,20.7,122.7,27.112007
EQ-iscgem892869__TC-TY5202,EQ-TY,1952-06-21T09:00:00Z,21.0775,122.82,28.828269
EQ-iscgem892869__TC-TY5202,EQ-TY,1952-06-21T12:00:00Z,21.5,123.0,29.941627
EQ-iscgem892869__TC-TY5202,EQ-TY,1952-06-21T15:00:00Z,21.9924,123.22,29.941627
EQ-iscgem892869__TC-TY5202,EQ-TY,1952-06-21T18:00:00Z,22.5,123.5,29.941627
EQ-iscgem892869__TC-TY5202,EQ-TY,1952-06-21T21:00:00Z,22.9575,123.828,31.570119
EQ-iscgem892869__TC-TY5202,EQ-TY,1952-06-22T00:00:00Z,23.4,124.2,32.630386
EQ-iscgem892869__TC-TY5202,EQ-TY,1952-06-22T03:00:00Z,23.8121,124.556,33.153424
EQ-iscgem892869__TC-TY5202,EQ-TY,1952-06-22T06:00:00Z,24.3,125.0,33.671939
EQ-iscgem892869__TC-TY5202,EQ-TY,1952-06-22T09:00:00Z,24.9323,125.583,35.703568
EQ-iscgem892869__TC-TY5202,EQ-TY,1952-06-22T12:00:00Z,25.7,126.3,37.673179
EQ-iscgem892869__TC-TY5202,EQ-TY,1952-06-22T15:00:00Z,26.5398,127.106,37.673179
EQ-iscgem892869__TC-TY5202,EQ-TY,1952-06-22T18:00:00Z,27.5,128.0,37.673179
EQ-iscgem892869__TC-TY5202,EQ-TY,1952-06-22T21:00:00Z,28.5672,128.842,35.201765
EQ-iscgem892869__TC-TY5202,EQ-TY,1952-06-23T00:00:00Z,29.7,129.9,32.630386
EQ-iscgem892869__TC-TY5202,EQ-TY,1952-06-23T03:00:00Z,30.8239,131.409,31.570119
EQ-iscgem892869__TC-TY5202,EQ-TY,1952-06-23T06:00:00Z,31.9,133.1,30.489787
EQ-iscgem892869__TC-TY5202,EQ-TY,1952-06-23T09:00:00Z,32.8611,134.619,31.570119
EQ-iscgem892869__TC-TY5202,EQ-TY,1952-06-23T12:00:00Z,33.8,136.2,32.630386
EQ-iscgem892869__TC-TY5202,EQ-TY,1952-06-23T15:00:00Z,34.8535,138.047,28.828269
EQ-iscgem892869__TC-TY5202,EQ-TY,1952-06-23T18:00:00Z,35.8,139.9,24.725121
EQ-iscgem892869__TC-TY5202,EQ-TY,1952-06-23T21:00:00Z,36.5037,141.396,25.333421
EQ-iscgem892869__TC-TY5202,EQ-TY,1952-06-24T00:00:00Z,37.0,143.0,25.933752
EQ-iscgem892869__TC-TY5202,EQ-TY,1952-06-24T03:00:00Z,37.3396,145.124,24.108431
EQ-iscgem892869__TC-TY5202,EQ-TY,1952-06-24T06:00:00Z,37.5,147.5,22.203211
EQ-iscgem892869__TC-TY5202,EQ-TY,1952-06-24T09:00:00Z,37.5194,149.89,21.547893
EQ-iscgem892869__TC-TY5202,EQ-TY,1952-06-24T12:00:00Z,37.5,152.3,20.881366
EQ-iscgem892869__TC-TY5202,EQ-TY,1952-06-24T15:00:00Z,37.6608,154.626,20.881366
EQ-iscgem892869__TC-TY5202,EQ-TY,1952-06-24T18:00:00Z,37.7,157.0,20.881366
EQ-iscgem892869__TC-TY5202,EQ-TY,1952-06-24T21:00:00Z,37.2208,159.449,20.881366
EQ-iscgem892869__TC-TY5202,EQ-TY,1952-06-25T00:00:00Z,36.8,162.0,20.881366
EQ-iscgem892869__TC-TY5202,EQ-TY,1952-06-25T03:00:00Z,36.858,164.843,20.202862
EQ-iscgem892869__TC-TY5202,EQ-TY,1952-06-25T06:00:00Z,37.3,167.6,19.511519
EQ-iscgem892869__TC-TY5202,EQ-TY,1952-06-25T09:00:00Z,38.0331,169.99,22.203211
EQ-iscgem892869__TC-TY5202,EQ-TY,1952-06-25T12:00:00Z,39.0,172.0,24.108431
EQ-iscgem892869__TC-TY5202,EQ-TY,1952-06-25T15:00:00Z,40.0352,173.781,24.108431
EQ-iscgem892869__TC-TY5202,EQ-TY,1952-06-25T18:00:00Z,41.0,175.0,24.108431
EQ-iscgem892869__TC-TY5202,EQ-TY,1952-06-25T21:00:00Z,41.6038,175.489,25.333421
EQ-iscgem892869__TC-TY5202,EQ-TY,1952-06-26T00:00:00Z,42.2,175.6,25.933752
EQ-iscgem892869__TC-TY5202,EQ-TY,1952-06-26T03:00:00Z,43.0445,175.852,25.933752
EQ-iscgem892869__TC-TY5202,EQ-TY,1952-06-26T06:00:00Z,44.1,176.2,25.933752
EQ-iscgem892869__TC-TY5202,EQ-TY,1952-06-26T09:00:00Z,45.2627,176.514,25.933752
EQ-iscgem892869__TC-TY5202,EQ-TY,1952-06-26T12:00:00Z,46.7,177.5,25.933752
EQ-iscgem892869__TC-TY5202,EQ-TY,1952-06-26T15:00:00Z,48.4446,179.776,25.333421
EQ-iscgem892869__TC-TY5202,EQ-TY,1952-06-26T18:00:00Z,50.3,183.0,24.108431
EQ-iscgem894882__TC-TY5115,TY-EQ,1951-10-07T12:00:00Z,10.8,146.85,
EQ-iscgem894882__TC-TY5115,TY-EQ,1951-10-07T15:00:00Z,11.2908,146.021,
EQ-iscgem894882__TC-TY5115,TY-EQ,1951-10-07T18:00:00Z,11.7682,145.216,
EQ-iscgem894882__TC-TY5115,TY-EQ,1951-10-07T21:00:00Z,12.2164,144.464,
EQ-iscgem894882__TC-TY5115,TY-EQ,1951-10-08T00:00:00Z,11.7,144.4,11.574055
EQ-iscgem894882__TC-TY5115,TY-EQ,1951-10-08T03:00:00Z,12.2451,144.013,12.486127
EQ-iscgem894882__TC-TY5115,TY-EQ,1951-10-08T06:00:00Z,12.7,143.6,13.362742
EQ-iscgem894882__TC-TY5115,TY-EQ,1951-10-08T09:00:00Z,13.0023,143.137,14.208639
EQ-iscgem894882__TC-TY5115,TY-EQ,1951-10-08T12:00:00Z,13.2,142.6,15.027554
EQ-iscgem894882__TC-TY5115,TY-EQ,1951-10-08T15:00:00Z,13.3349,141.987,15.8225
EQ-iscgem894882__TC-TY5115,TY-EQ,1951-10-08T18:00:00Z,13.5,141.3,16.595947
EQ-iscgem894882__TC-TY5115,TY-EQ,1951-10-08T21:00:00Z,13.8127,140.535,18.086263
EQ-iscgem894882__TC-TY5115,TY-EQ,1951-10-09T00:00:00Z,14.2,139.8,18.806357
EQ-iscgem894882__TC-TY5115,TY-EQ,1951-10-09T03:00:00Z,14.5998,139.197,20.202862
EQ-iscgem894882__TC-TY5115,TY-EQ,1951-10-09T06:00:00Z,15.0,138.7,20.881366
EQ-iscgem894882__TC-TY5115,TY-EQ,1951-10-09T09:00:00Z,15.3797,138.3,21.547893
EQ-iscgem894882__TC-TY5115,TY-EQ,1951-10-09T12:00:00Z,15.7,137.9,22.203211
EQ-iscgem894882__TC-TY5115,TY-EQ,1951-10-09T15:00:00Z,15.9375,137.372,24.108431
EQ-iscgem894882__TC-TY5115,TY-EQ,1951-10-09T18:00:00Z,16.1,136.8,25.333421
EQ-iscgem894882__TC-TY5115,TY-EQ,1951-10-09T21:00:00Z,16.2147,136.272,27.112007
EQ-iscgem894882__TC-TY5115,TY-EQ,1951-10-10T00:00:00Z,16.3,135.7,28.262604
EQ-iscgem894882__TC-TY5115,TY-EQ,1951-10-10T03:00:00Z,16.3704,134.977,30.489787
EQ-iscgem894882__TC-TY5115,TY-EQ,1951-10-10T06:00:00Z,16.5,134.3,32.102672
EQ-iscgem894882__TC-TY5115,TY-EQ,1951-10-10T09:00:00Z,16.7621,133.862,33.671939
EQ-iscgem894882__TC-TY5115,TY-EQ,1951-10-10T12:00:00Z,17.1,133.5,35.201765
EQ-iscgem894882__TC-TY5115,TY-EQ,1951-10-10T15:00:00Z,17.4649,133.058,36.69568
EQ-iscgem894882__TC-TY5115,TY-EQ,1951-10-10T18:00:00Z,17.8,132.6,38.156697
EQ-iscgem894882__TC-TY5115,TY-EQ,1951-10-10T21:00:00Z,18.022,132.195,39.587417
EQ-iscgem894882__TC-TY5115,TY-EQ,1951-10-11T00:00:00Z,18.2,131.7,40.990101
EQ-iscgem894882__TC-TY5115,TY-EQ,1951-10-11T03:00:00Z,18.4008,130.928,42.366734
EQ-iscgem894882__TC-TY5115,TY-EQ,1951-10-11T06:00:00Z,18.6,130.2,43.27089
EQ-iscgem894882__TC-TY5115,TY-EQ,1951-10-11T09:00:00Z,18.807,129.825,45.04866
EQ-iscgem894882__TC-TY5115,TY-EQ,1951-10-11T12:00:00Z,19.0,129.6,46.788457
EQ-iscgem894882__TC-TY5115,TY-EQ,1951-10-11T15:00:00Z,19.1574,129.35,48.493196
EQ-iscgem894882__TC-TY5115,TY-EQ,1951-10-11T18:00:00Z,19.3,129.1,49.750289
EQ-iscgem894882__TC-TY5115,TY-EQ,1951-10-11T21:00:00Z,19.4421,128.86,50.990061
EQ-iscgem894882__TC-TY5115,TY-EQ,1951-10-12T00:00:00Z,19.6,128.5,51.807389
EQ-iscgem894882__TC-TY5115,TY-EQ,1951-10-12T03:00:00Z,19.7781,127.858,52.617649
EQ-iscgem894882__TC-TY5115,TY-EQ,1951-10-12T06:00:00Z,20.0,127.2,53.020201
EQ-iscgem894882__TC-TY5115,TY-EQ,1951-10-12T09:00:00Z,20.2622,126.79,53.42107
EQ-iscgem894882__TC-TY5115,TY-EQ,1951-10-12T12:00:00Z,20.6,126.5,53.42107
EQ-iscgem894882__TC-TY5115,TY-EQ,1951-10-12T15:00:00Z,21.035,126.19,53.42107
EQ-iscgem894882__TC-TY5115,TY-EQ,1951-10-12T18:00:00Z,21.5,126.0,53.42107
EQ-iscgem894882__TC-TY5115,TY-EQ,1951-10-12T21:00:00Z,21.8774,125.99,53.42107
EQ-iscgem894882__TC-TY5115,TY-EQ,1951-10-13T00:00:00Z,22.3,126.1,53.42107
EQ-iscgem894882__TC-TY5115,TY-EQ,1951-10-13T03:00:00Z,22.8851,126.264,53.42107
EQ-iscgem894882__TC-TY5115,TY-EQ,1951-10-13T06:00:00Z,23.5,126.4,53.020201
EQ-iscgem894882__TC-TY5115,TY-EQ,1951-10-13T09:00:00Z,23.97,126.343,53.020201
EQ-iscgem894882__TC-TY5115,TY-EQ,1951-10-13T12:00:00Z,24.5,126.3,52.617649
EQ-iscgem894882__TC-TY5115,TY-EQ,1951-10-13T15:00:00Z,25.2399,126.425,52.617649
EQ-iscgem894882__TC-TY5115,TY-EQ,1951-10-13T18:00:00Z,26.1,126.7,52.213388
EQ-iscgem894882__TC-TY5115,TY-EQ,1951-10-13T21:00:00Z,26.9621,127.062,51.807389
EQ-iscgem894882__TC-TY5115,TY-EQ,1951-10-14T00:00:00Z,27.9,127.6,51.399623
EQ-iscgem894882__TC-TY5115,TY-EQ,1951-10-14T03:00:00Z,28.8829,128.348,51.807389
EQ-iscgem894882__TC-TY5115,TY-EQ,1951-10-14T06:00:00Z,30.0,129.2,52.213388
EQ-iscgem894882__TC-TY5115,TY-EQ,1951-10-14T09:00:00Z,31.2962,129.959,47.217823
EQ-iscgem894882__TC-TY5115,TY-EQ,1951-10-14T12:00:00Z,32.7,130.8,41.451782
EQ-iscgem894882__TC-TY5115,TY-EQ,1951-10-14T15:00:00Z,34.1869,131.758,37.673179
EQ-iscgem894882__TC-TY5115,TY-EQ,1951-10-14T18:00:00Z,35.5,133.0,33.153424
EQ-iscgem894882__TC-TY5115,TY-EQ,1951-10-14T21:00:00Z,36.3806,134.707,32.630386
EQ-iscgem894882__TC-TY5115,TY-EQ,1951-10-15T00:00:00Z,37.0,136.5,31.570119
EQ-iscgem894882__TC-TY5115,TY-EQ,1951-10-15T03:00:00Z,37.581,137.744,29.941627
EQ-iscgem894882__TC-TY5115,TY-EQ,1951-10-15T06:00:00Z,38.1,139.3,28.262604
EQ-iscgem894882__TC-TY5115,TY-EQ,1951-10-15T09:00:00Z,38.4817,141.852,28.262604
EQ-iscgem894882__TC-TY5115,TY-EQ,1951-10-15T12:00:00Z,39.0,145.0,28.262604
EQ-iscgem894882__TC-TY5115,TY-EQ,1951-10-15T15:00:00Z,39.9224,148.47,27.690609
EQ-iscgem894882__TC-TY5115,TY-EQ,1951-10-15T18:00:00Z,41.0,152.0,27.112007
EQ-iscgem894882__TC-TY5115,TY-EQ,1951-10-15T21:00:00Z,41.9859,155.086,28.828269
EQ-iscgem894882__TC-TY5115,TY-EQ,1951-10-16T00:00:00Z,43.0,158.0,30.489787
EQ-iscgem894882__TC-TY5115,TY-EQ,1951-10-16T03:00:00Z,44.0721,161.07,31.570119
EQ-iscgem894882__TC-TY5115,TY-EQ,1951-10-16T06:00:00Z,45.0,164.0,32.630386
EQ-iscgem894882__TC-TY5115,TY-EQ,1951-10-16T09:00:00Z,45.5915,166.86,34.186077
EQ-iscgem894882__TC-TY5115,TY-EQ,1951-10-16T12:00:00Z,46.0,169.0,35.703568
EQ-iscgem894882__TC-TY5115,TY-EQ,1951-10-16T15:00:00Z,46.4011,169.781,38.156697
EQ-iscgem894882__TC-TY5115,TY-EQ,1951-10-16T18:00:00Z,46.8,170.3,40.525527
EQ-iscgem894882__TC-TY5115,TY-EQ,1951-10-16T21:00:00Z,47.2363,171.92,41.451782
EQ-iscgem894882__TC-TY5115,TY-EQ,1951-10-17T00:00:00Z,47.6,173.7,42.366734
EQ-iscgem894882__TC-TY5115,TY-EQ,1951-10-17T03:00:00Z,47.7815,174.962,42.366734
EQ-iscgem894882__TC-TY5115,TY-EQ,1951-10-17T06:00:00Z,48.0,176.0,42.366734
EQ-iscgem894882__TC-TY5115,TY-EQ,1951-10-17T09:00:00Z,48.4626,177.095,42.366734
EQ-iscgem894882__TC-TY5115,TY-EQ,1951-10-17T12:00:00Z,49.0,178.0,42.366734
EQ-iscgem894882__TC-TY5115,TY-EQ,1951-10-17T15:00:00Z,49.464,178.68,42.366734
EQ-iscgem894882__TC-TY5115,TY-EQ,1951-10-17T18:00:00Z,49.9,179.0,42.366734
EQ-iscgem894882__TC-TY5115,TY-EQ,1951-10-17T21:00:00Z,50.3222,178.93,42.366734
EQ-iscgem894882__TC-TY5115,TY-EQ,1951-10-18T00:00:00Z,50.7,178.6,42.366734
EQ-iscgem894882__TC-TY5115,TY-EQ,1951-10-18T03:00:00Z,51.0294,178.324,42.366734
EQ-iscgem894882__TC-TY5115,TY-EQ,1951-10-18T06:00:00Z,51.3,177.9,42.366734
EQ-iscgem894882__TC-TY5115,TY-EQ,1951-10-18T09:00:00Z,51.4844,177.295,42.366734
EQ-iscgem894882__TC-TY5115,TY-EQ,1951-10-18T12:00:00Z,51.7,176.5,42.366734
EQ-iscgem894882__TC-TY5115,TY-EQ,1951-10-18T15:00:00Z,52.0907,175.613,40.05799
EQ-iscgem894882__TC-TY5115,TY-EQ,1951-10-18T18:00:00Z,52.5,174.5,37.673179
EQ-iscgem894882__TC-TY5115,TY-EQ,1951-10-18T21:00:00Z,52.8368,172.986,36.201503
EQ-iscgem894882__TC-TY5115,TY-EQ,1951-10-19T00:00:00Z,53.0,171.6,34.695976
EQ-iscgem894882__TC-TY5115,TY-EQ,1951-10-19T03:00:00Z,52.899,170.927,34.695976
EQ-iscgem894882__TC-TY5115,TY-EQ,1951-10-19T06:00:00Z,52.7,170.5,34.695976
EQ-iscgem894882__TC-TY5115,TY-EQ,1951-10-19T09:00:00Z,52.6002,169.843,33.153424
EQ-iscgem894882__TC-TY5115,TY-EQ,1951-10-19T12:00:00Z,52.5,169.2,31.570119
EQ-iscgem894882__TC-TY5115,TY-EQ,1951-10-19T15:00:00Z,52.3493,168.693,31.032552
EQ-iscgem894882__TC-TY5115,TY-EQ,1951-10-19T18:00:00Z,52.2,168.2,30.489787
EQ-iscgem894882__TC-TY5115,TY-EQ,1951-10-19T21:00:00Z,52.0776,167.6,29.387863
EQ-iscgem894882__TC-TY5115,TY-EQ,1951-10-20T00:00:00Z,52.0,167.0,28.262604
EQ-iscgem894882__TC-TY5115,TY-EQ,1951-10-20T03:00:00Z,51.9826,166.475,28.828269
EQ-iscgem894882__TC-TY5115,TY-EQ,1951-10-20T06:00:00Z,52.0,166.0,29.387863
